claim_id,source_key
TL:AFG:event:329bce:alexander-the-great-conquers-bactria,AFG:worldhistory-bactria
TL:AFG:event:329bce:alexander-the-great-conquers-bactria,AFG:britannica-afghanistan
TL:AFG:event:256bce:the-greco-bactrian-kingdom,AFG:worldhistory-bactria
TL:AFG:event:256bce:the-greco-bactrian-kingdom,AFG:ebsco-grecobactria
TL:AFG:event:127:the-kushan-empire-and-gandhara-art,AFG:britannica-kushan
TL:AFG:event:127:the-kushan-empire-and-gandhara-art,AFG:idp-kushan
TL:AFG:event:550:the-bamiyan-buddhas-carved,AFG:unesco-bamiyan
TL:AFG:event:550:the-bamiyan-buddhas-carved,AFG:britannica-bamiyan
TL:AFG:event:642:arab-conquest-and-the-coming-of-islam,AFG:britannica-muslimdynasties
TL:AFG:event:642:arab-conquest-and-the-coming-of-islam,AFG:loc-afghanistan
TL:AFG:event:998:mahmud-of-ghazni-and-the-ghaznavid-empire,AFG:britannica-ghaznavid
TL:AFG:event:998:mahmud-of-ghazni-and-the-ghaznavid-empire,AFG:britannica-mahmud
TL:AFG:event:1150:the-ghurids-sack-ghazni,AFG:britannica-ghaznavid
TL:AFG:event:1150:the-ghurids-sack-ghazni,AFG:britannica-ghazni
TL:AFG:event:1405:herat-capital-of-the-timurid-renaissance,AFG:britannica-herat
TL:AFG:event:1405:herat-capital-of-the-timurid-renaissance,AFG:loc-afghanistan
TL:AFG:event:1747:ahmad-shah-durrani-founds-the-afghan-state,AFG:britannica-durrani
TL:AFG:event:1747:ahmad-shah-durrani-founds-the-afghan-state,AFG:loc-afghanistan
TL:AFG:event:1839:first-anglo-afghan-war,AFG:britannica-angloafghanwars
TL:AFG:event:1878:second-anglo-afghan-war-and-the-treaty-of,AFG:britannica-angloafghanwars
TL:AFG:event:1893:the-durand-line-drawn,AFG:loc-afghanistan
TL:AFG:event:1893:the-durand-line-drawn,AFG:britannica-afghanistan
TL:AFG:event:1919:independence-and-the-treaty-of-rawalpindi,AFG:britannica-angloafghanwars
TL:AFG:event:1919:independence-and-the-treaty-of-rawalpindi,AFG:nam-thirdafghanwar
TL:AFG:event:1929:amanullah-s-reforms-collapse,AFG:britannica-amanullah
TL:AFG:event:1929:amanullah-s-reforms-collapse,AFG:loc-afghanistan
TL:AFG:event:1964:the-long-reign-of-zahir-shah,AFG:britannica-zahirshah
TL:AFG:event:1964:the-long-reign-of-zahir-shah,AFG:loc-afghanistan
TL:AFG:event:1973:daoud-khan-founds-the-republic,AFG:loc-afghanistan
TL:AFG:event:1973:daoud-khan-founds-the-republic,AFG:britannica-afghanistan
TL:AFG:event:1978:the-saur-revolution,AFG:statedept-sovietinvasion
TL:AFG:event:1978:the-saur-revolution,AFG:loc-afghanistan
TL:AFG:event:1979:the-soviet-invasion,AFG:statedept-sovietinvasion
TL:AFG:event:1979:the-soviet-invasion,AFG:britannica-sovietinvasion
TL:AFG:event:1989:soviet-withdrawal,AFG:britannica-sovietinvasion
TL:AFG:event:1989:soviet-withdrawal,AFG:statedept-sovietinvasion
TL:AFG:event:1992:collapse-of-the-communist-government-and-civil,AFG:loc-afghanistan
TL:AFG:event:1992:collapse-of-the-communist-government-and-civil,AFG:britannica-mullahomar
TL:AFG:event:1996:the-taliban-capture-kabul,AFG:britannica-mullahomar
TL:AFG:event:1996:the-taliban-capture-kabul,AFG:statedept-humanrights1996
TL:AFG:event:2001:destruction-of-the-bamiyan-buddhas,AFG:unesco-bamiyan
TL:AFG:event:2001:destruction-of-the-bamiyan-buddhas,AFG:britannica-bamiyan
TL:AFG:event:2001:us-led-intervention-topples-the-taliban,AFG:statedept-usafghanrelations
TL:AFG:event:2001:us-led-intervention-topples-the-taliban,AFG:britannica-mullahomar
TL:AFG:event:2021:taliban-return-to-power,AFG:statedept-dohaagreement
TL:AFG:event:2021:taliban-return-to-power,AFG:statedept-usafghanrelations
TL:AGO:event:1483:portuguese-reach-the-kingdom-of-kongo,AGO:britannica-angola
TL:AGO:event:1483:portuguese-reach-the-kingdom-of-kongo,AGO:worldhistory-angola
TL:AGO:event:1483:portuguese-reach-the-kingdom-of-kongo,AGO:wiki-kongo
TL:AGO:event:1491:kongo-adopts-christianity,AGO:wiki-kongo
TL:AGO:event:1491:kongo-adopts-christianity,AGO:britannica-angola
TL:AGO:event:1500:rise-of-ndongo-under-the-ngola,AGO:wiki-ndongo
TL:AGO:event:1500:rise-of-ndongo-under-the-ngola,AGO:britannica-mbundu
TL:AGO:event:1500:rise-of-ndongo-under-the-ngola,AGO:britannica-angola
TL:AGO:event:1550:ovimbundu-and-lunda-states-take-shape,AGO:britannica-angola
TL:AGO:event:1550:ovimbundu-and-lunda-states-take-shape,AGO:countrystudies-ovimbundu
TL:AGO:event:1576:portuguese-found-luanda,AGO:blackpast-luanda
TL:AGO:event:1576:portuguese-found-luanda,AGO:wiki-portuguese-angola
TL:AGO:event:1576:portuguese-found-luanda,AGO:worldhistory-angola
TL:AGO:event:1617:founding-of-benguela,AGO:wiki-portuguese-angola
TL:AGO:event:1617:founding-of-benguela,AGO:wiki-slavery-angola
TL:AGO:event:1624:njinga-becomes-queen-of-ndongo,AGO:wiki-nzinga
TL:AGO:event:1624:njinga-becomes-queen-of-ndongo,AGO:oxford-njinga
TL:AGO:event:1624:njinga-becomes-queen-of-ndongo,AGO:britannica-angola
TL:AGO:event:1631:njinga-rules-from-matamba,AGO:wiki-nzinga
TL:AGO:event:1631:njinga-rules-from-matamba,AGO:oxford-njinga
TL:AGO:event:1641:atlantic-slave-trade-at-its-height,AGO:slavevoyages
TL:AGO:event:1641:atlantic-slave-trade-at-its-height,AGO:blackpast-luanda
TL:AGO:event:1641:atlantic-slave-trade-at-its-height,AGO:wiki-slavery-angola
TL:AGO:event:1836:portugal-abolishes-the-slave-trade,AGO:wiki-slavery-angola
TL:AGO:event:1836:portugal-abolishes-the-slave-trade,AGO:wiki-portuguese-angola
TL:AGO:event:1885:berlin-conference-and-the-scramble,AGO:wiki-portuguese-angola
TL:AGO:event:1885:berlin-conference-and-the-scramble,AGO:britannica-angola
TL:AGO:event:1890:conquest-of-the-ovimbundu-kingdoms,AGO:countrystudies-ovimbundu
TL:AGO:event:1890:conquest-of-the-ovimbundu-kingdoms,AGO:britannica-angola
TL:AGO:event:1904:battle-of-the-cunene,AGO:wiki-history-angola
TL:AGO:event:1904:battle-of-the-cunene,AGO:britannica-angola
TL:AGO:event:1920:effective-occupation-completed,AGO:wiki-history-angola
TL:AGO:event:1920:effective-occupation-completed,AGO:britannica-angola
TL:AGO:event:1961:revolt-breaks-out,AGO:wiki-history-angola
TL:AGO:event:1961:revolt-breaks-out,AGO:britannica-angola
TL:AGO:event:1961:revolt-breaks-out,AGO:museu-cassanje
TL:AGO:event:1966:founding-of-unita,AGO:wiki-unita
TL:AGO:event:1966:founding-of-unita,AGO:britannica-mpla
TL:AGO:event:1974:carnation-revolution-in-portugal,AGO:statedept-angola-crisis
TL:AGO:event:1974:carnation-revolution-in-portugal,AGO:britannica-angola
TL:AGO:event:1975:alvor-agreement,AGO:statedept-angola-crisis
TL:AGO:event:1975:alvor-agreement,AGO:britannica-angola
TL:AGO:event:1975:independence-proclaimed,AGO:statedept-angola-crisis
TL:AGO:event:1975:independence-proclaimed,AGO:aaregistry-independence
TL:AGO:event:1975:independence-proclaimed,AGO:britannica-angola
TL:AGO:event:1975:cold-war-intervention,AGO:statedept-angola-crisis
TL:AGO:event:1975:cold-war-intervention,AGO:wiki-civil-war
TL:AGO:event:1975:cold-war-intervention,AGO:blackpast-civil-war
TL:AGO:event:1987:battle-of-cuito-cuanavale,AGO:wiki-civil-war
TL:AGO:event:1987:battle-of-cuito-cuanavale,AGO:blackpast-civil-war
TL:AGO:event:1991:bicesse-accords,AGO:wiki-civil-war
TL:AGO:event:1991:bicesse-accords,AGO:sahistory-civil-war
TL:AGO:event:1992:disputed-elections-and-renewed-war,AGO:blackpast-civil-war
TL:AGO:event:1992:disputed-elections-and-renewed-war,AGO:wiki-civil-war
TL:AGO:event:2002:death-of-savimbi-ends-the-war,AGO:blackpast-civil-war
TL:AGO:event:2002:death-of-savimbi-ends-the-war,AGO:wiki-civil-war
TL:AGO:event:2002:death-of-savimbi-ends-the-war,AGO:sahistory-civil-war
TL:AGO:event:2002:reconstruction-and-the-oil-boom,AGO:britannica-angola
TL:AGO:event:2002:reconstruction-and-the-oil-boom,AGO:wiki-history-angola
TL:AGO:event:2007:angola-joins-opec,AGO:wiki-history-angola
TL:AGO:event:2007:angola-joins-opec,AGO:globalist-dos-santos
TL:AGO:event:2017:lourenco-succeeds-dos-santos,AGO:globalist-dos-santos
TL:AGO:event:2017:lourenco-succeeds-dos-santos,AGO:britannica-dos-santos
TL:ALB:event:800bce:illyrian-and-greek-butrint,ALB:butrint-unesco
TL:ALB:event:800bce:illyrian-and-greek-butrint,ALB:albania-medieval-britannica
TL:ALB:event:167bce:roman-conquest-of-illyria,ALB:albania-medieval-britannica
TL:ALB:event:167bce:roman-conquest-of-illyria,ALB:butrint-unesco
TL:ALB:event:395:byzantine-rule-begins,ALB:albania-medieval-britannica
TL:ALB:event:395:byzantine-rule-begins,ALB:albania-britannica
TL:ALB:event:550:early-christian-butrint,ALB:butrint-unesco
TL:ALB:event:1388:ottoman-invasion-of-albania,ALB:history-of-albania-britannica
TL:ALB:event:1388:ottoman-invasion-of-albania,ALB:albania-medieval-britannica
TL:ALB:event:1443:skanderbeg-s-revolt-and-the-return-to-kruje,ALB:skanderbeg-britannica
TL:ALB:event:1443:skanderbeg-s-revolt-and-the-return-to-kruje,ALB:history-of-albania-britannica
TL:ALB:event:1444:league-of-lezhe,ALB:skanderbeg-britannica
TL:ALB:event:1450:the-sieges-of-kruje,ALB:skanderbeg-britannica
TL:ALB:event:1450:the-sieges-of-kruje,ALB:history-of-albania-britannica
TL:ALB:event:1468:death-of-skanderbeg,ALB:skanderbeg-britannica
TL:ALB:event:1468:death-of-skanderbeg,ALB:history-of-albania-britannica
TL:ALB:event:1479:albania-within-the-ottoman-empire,ALB:history-of-albania-britannica
TL:ALB:event:1479:albania-within-the-ottoman-empire,ALB:albania-britannica
TL:ALB:event:1812:ottoman-towns-of-berat-and-gjirokastra,ALB:berat-gjirokastra-unesco
TL:ALB:event:1844:the-rilindja-national-awakening,ALB:albanian-nationalism-britannica
TL:ALB:event:1844:the-rilindja-national-awakening,ALB:naim-frasheri-britannica
TL:ALB:event:1878:league-of-prizren,ALB:albanian-league-britannica
TL:ALB:event:1878:league-of-prizren,ALB:albanian-nationalism-britannica
TL:ALB:event:1912:declaration-of-independence-at-vlore,ALB:vlore-proclamation-britannica
TL:ALB:event:1912:declaration-of-independence-at-vlore,ALB:qemali-rtsh
TL:ALB:event:1912:declaration-of-independence-at-vlore,ALB:history-of-albania-britannica
TL:ALB:event:1913:conference-of-london-and-the-borders,ALB:treaties-of-london-britannica
TL:ALB:event:1913:conference-of-london-and-the-borders,ALB:qemali-rtsh
TL:ALB:event:1913:conference-of-london-and-the-borders,ALB:history-of-albania-britannica
TL:ALB:event:1925:the-rise-of-zog,ALB:history-of-albania-britannica
TL:ALB:event:1925:the-rise-of-zog,ALB:albania-britannica
TL:ALB:event:1939:italian-invasion-of-albania,ALB:history-of-albania-britannica
TL:ALB:event:1939:italian-invasion-of-albania,ALB:albania-britannica
TL:ALB:event:1939:italian-invasion-of-albania,ALB:albania-us-relations
TL:ALB:event:1944:communist-victory-and-hoxha-in-power,ALB:enver-hoxha-britannica
TL:ALB:event:1944:communist-victory-and-hoxha-in-power,ALB:history-of-albania-britannica
TL:ALB:event:1948:breaks-with-yugoslavia-and-the-ussr,ALB:enver-hoxha-britannica
TL:ALB:event:1967:albania-declared-an-atheist-state,ALB:enver-hoxha-britannica
TL:ALB:event:1967:albania-declared-an-atheist-state,ALB:history-of-albania-britannica
TL:ALB:event:1978:rupture-with-china-and-total-isolation,ALB:enver-hoxha-britannica
TL:ALB:event:1985:death-of-enver-hoxha,ALB:enver-hoxha-britannica
TL:ALB:event:1991:end-of-one-party-rule,ALB:history-of-albania-britannica
TL:ALB:event:1991:end-of-one-party-rule,ALB:albania-britannica
TL:ALB:event:1991:us-albania-relations-resumed,ALB:albania-us-relations
TL:ALB:event:1997:pyramid-scheme-collapse-and-unrest,ALB:history-of-albania-britannica
TL:ALB:event:1997:pyramid-scheme-collapse-and-unrest,ALB:albania-britannica
TL:ALB:event:2008:kosovo-declares-independence,ALB:kosovo-state-history
TL:ALB:event:2008:kosovo-declares-independence,ALB:kosovo-britannica
TL:ALB:event:2009:albania-joins-nato,ALB:nato-albania-accession
TL:ALB:event:2009:albania-joins-nato,ALB:nato-enlargement-crs
TL:ALB:event:2014:eu-candidate-status,ALB:eu-albania-enlargement
TL:AND:event:790:the-charlemagne-tradition-and-the-marca,AND:anthem-andorra
TL:AND:event:790:the-charlemagne-tradition-and-the-marca,AND:andorra-britannica
TL:AND:event:805:christianity-and-carolingian-order,AND:andorra-britannica
TL:AND:event:1133:lordship-of-the-bishop-of-urgell,AND:andorra-britannica
TL:AND:event:1133:lordship-of-the-bishop-of-urgell,AND:statedept-andorra
TL:AND:event:1278:the-first-pareage,AND:andorra-britannica
TL:AND:event:1278:the-first-pareage,AND:summary-britannica
TL:AND:event:1278:the-first-pareage,AND:statedept-andorra
TL:AND:event:1288:the-second-pareage,AND:andorra-britannica
TL:AND:event:1288:the-second-pareage,AND:statedept-andorra
TL:AND:event:1289:the-questia-tribute-and-neutrality,AND:andorra-britannica
TL:AND:event:1289:the-questia-tribute-and-neutrality,AND:coe-andorra
TL:AND:event:1396:self-government-within-divided-lordship,AND:andorra-britannica
TL:AND:event:1396:self-government-within-divided-lordship,AND:casadelavall-andorra
TL:AND:event:1419:founding-of-the-consell-de-la-terra,AND:casadelavall-andorra
TL:AND:event:1419:founding-of-the-consell-de-la-terra,AND:andorra-britannica
TL:AND:event:1607:the-french-crown-becomes-co-prince,AND:statedept-andorra
TL:AND:event:1607:the-french-crown-becomes-co-prince,AND:andorra-britannica
TL:AND:event:1702:the-casa-de-la-vall,AND:casadelavall-andorra
TL:AND:event:1789:neutrality-through-revolution-and-war,AND:andorra-britannica
TL:AND:event:1789:neutrality-through-revolution-and-war,AND:coe-andorra
TL:AND:event:1866:the-new-reform,AND:casadelavall-andorra
TL:AND:event:1866:the-new-reform,AND:andorra-britannica
TL:AND:event:1914:neutral-through-the-first-world-war,AND:andorra-britannica
TL:AND:event:1914:neutral-through-the-first-world-war,AND:coe-andorra
TL:AND:event:1934:boris-skossyreff-king-boris-i,AND:andorra-britannica
TL:AND:event:1934:boris-skossyreff-king-boris-i,AND:statedept-andorra
TL:AND:event:1939:neutral-in-the-second-world-war,AND:andorra-britannica
TL:AND:event:1939:neutral-in-the-second-world-war,AND:coe-andorra
TL:AND:event:1993:the-first-written-constitution,AND:constitute-andorra
TL:AND:event:1993:the-first-written-constitution,AND:andorra-britannica
TL:AND:event:1993:the-first-written-constitution,AND:statedept-andorra
TL:AND:event:1993:admission-to-the-united-nations,AND:un-members
TL:AND:event:1993:admission-to-the-united-nations,AND:coe-andorra
TL:AND:event:1994:member-of-the-council-of-europe,AND:coe-andorra
TL:AND:event:2004:madriu-perafita-claror-valley-inscribed-by,AND:unesco-madriu
TL:AND:event:2011:monetary-agreement-and-the-euro,AND:ecb-andorra
TL:AND:event:2011:monetary-agreement-and-the-euro,AND:eurlex-monetary
TL:AND:event:2024:association-agreement-with-the-eu,AND:eu-association
TL:AND:event:2024:association-agreement-with-the-eu,AND:ep-association
TL:ARE:event:3000bce:hafit-period-tombs-near-jebel-hafit,ARE:unesco-alain
TL:ARE:event:3000bce:hafit-period-tombs-near-jebel-hafit,ARE:unesco-news774
TL:ARE:event:2500bce:the-umm-an-nar-culture-flourishes,ARE:abudhabi-hili
TL:ARE:event:2500bce:the-umm-an-nar-culture-flourishes,ARE:unesco-alain
TL:ARE:event:1000bce:the-aflaj-irrigation-system-at-hili,ARE:unesco-alain
TL:ARE:event:1000bce:the-aflaj-irrigation-system-at-hili,ARE:unesco-news774
TL:ARE:event:630:islam-reaches-the-lower-gulf-coast,ARE:uae-embassy-history
TL:ARE:event:630:islam-reaches-the-lower-gulf-coast,ARE:uae-mofa-history
TL:ARE:event:632:the-battle-of-dibba-in-the-ridda-wars,ARE:uae-embassy-history
TL:ARE:event:1500:portuguese-seize-control-of-the-coast,ARE:uae-mofa-history
TL:ARE:event:1500:portuguese-seize-control-of-the-coast,ARE:loc-gulf-study
TL:ARE:event:1819:britain-breaks-the-qasimi-sea-power,ARE:britannica-qasimi
TL:ARE:event:1819:britain-breaks-the-qasimi-sea-power,ARE:britannica-uae-history
TL:ARE:event:1820:the-general-treaty-of-peace,ARE:britannica-uae-history
TL:ARE:event:1820:the-general-treaty-of-peace,ARE:britannica-qasimi
TL:ARE:event:1853:the-perpetual-maritime-truce,ARE:britannica-perpetual-truce
TL:ARE:event:1853:the-perpetual-maritime-truce,ARE:britannica-uae-history
TL:ARE:event:1892:the-exclusive-agreement-with-britain,ARE:britannica-exclusive
TL:ARE:event:1892:the-exclusive-agreement-with-britain,ARE:britannica-uae-history
TL:ARE:event:1930:collapse-of-the-pearl-trade,ARE:uae-embassy-history
TL:ARE:event:1930:collapse-of-the-pearl-trade,ARE:uae-mofa-history
TL:ARE:event:1962:abu-dhabi-exports-its-first-oil,ARE:uae-embassy-history
TL:ARE:event:1962:abu-dhabi-exports-its-first-oil,ARE:britannica-uae-history
TL:ARE:event:1966:sheikh-zayed-becomes-ruler-of-abu-dhabi,ARE:britannica-zayed
TL:ARE:event:1966:sheikh-zayed-becomes-ruler-of-abu-dhabi,ARE:uae-embassy-history
TL:ARE:event:1968:britain-announces-withdrawal-from-the-gulf,ARE:britannica-uae-history
TL:ARE:event:1968:britain-announces-withdrawal-from-the-gulf,ARE:britannica-rashid
TL:ARE:event:1971:the-united-arab-emirates-is-founded,ARE:uae-portal-history
TL:ARE:event:1971:the-united-arab-emirates-is-founded,ARE:britannica-uae-history
TL:ARE:event:1971:the-united-arab-emirates-is-founded,ARE:britannica-zayed
TL:ARE:event:1972:ras-al-khaimah-joins-the-federation,ARE:uae-mofa-history
TL:ARE:event:1972:ras-al-khaimah-joins-the-federation,ARE:britannica-rasalkhaimah
TL:ARE:event:1973:a-common-currency-and-federal-integration,ARE:britannica-zayed
TL:ARE:event:1973:a-common-currency-and-federal-integration,ARE:britannica-uae-history
TL:ARE:event:2010:the-burj-khalifa-opens-in-dubai,ARE:britannica-uae-history
TL:ARE:event:2010:the-burj-khalifa-opens-in-dubai,ARE:uae-portal-history
TL:ARE:event:2021:the-hope-probe-reaches-mars,ARE:uae-portal-history
TL:ARE:event:2021:the-hope-probe-reaches-mars,ARE:britannica-mbz
TL:ARE:event:2022:mohamed-bin-zayed-elected-president,ARE:britannica-mbz
TL:ARG:event:10000bce:ancient-peopling-of-the-land,ARG:unesco-cueva-manos
TL:ARG:event:10000bce:ancient-peopling-of-the-land,ARG:britannica-argentina
TL:ARG:event:1:diaguita-and-guarani-societies,ARG:britannica-argentina
TL:ARG:event:1516:spanish-reach-the-rio-de-la-plata,ARG:britannica-argentina
TL:ARG:event:1536:first-founding-of-buenos-aires,ARG:britannica-mendoza
TL:ARG:event:1536:first-founding-of-buenos-aires,ARG:britannica-buenos-aires
TL:ARG:event:1580:refounding-of-buenos-aires,ARG:britannica-buenos-aires
TL:ARG:event:1609:jesuit-missions-among-the-guarani,ARG:unesco-jesuit-missions
TL:ARG:event:1609:jesuit-missions-among-the-guarani,ARG:britannica-argentina
TL:ARG:event:1776:viceroyalty-of-the-rio-de-la-plata-created,ARG:britannica-viceroyalty-rdlp
TL:ARG:event:1776:viceroyalty-of-the-rio-de-la-plata-created,ARG:britannica-argentina
TL:ARG:event:1778:free-trade-reforms,ARG:britannica-viceroyalty-rdlp
TL:ARG:event:1806:british-invasions-repelled,ARG:britannica-argentina
TL:ARG:event:1810:the-may-revolution,ARG:britannica-may-revolution
TL:ARG:event:1810:the-may-revolution,ARG:britannica-argentina
TL:ARG:event:1812:belgrano-raises-the-flag,ARG:casarosada-flag
TL:ARG:event:1812:belgrano-raises-the-flag,ARG:britannica-belgrano
TL:ARG:event:1816:declaration-of-independence-at-tucuman,ARG:britannica-congress-tucuman
TL:ARG:event:1816:declaration-of-independence-at-tucuman,ARG:argentine-declaration
TL:ARG:event:1817:san-martin-crosses-the-andes,ARG:britannica-san-martin
TL:ARG:event:1817:san-martin-crosses-the-andes,ARG:britannica-argentina
TL:ARG:event:1820:collapse-of-central-authority,ARG:britannica-argentina
TL:ARG:event:1829:the-rule-of-rosas,ARG:britannica-rosas
TL:ARG:event:1829:the-rule-of-rosas,ARG:britannica-argentina
TL:ARG:event:1852:battle-of-caseros,ARG:britannica-urquiza
TL:ARG:event:1852:battle-of-caseros,ARG:britannica-argentina
TL:ARG:event:1853:the-national-constitution,ARG:britannica-urquiza
TL:ARG:event:1853:the-national-constitution,ARG:britannica-argentina
TL:ARG:event:1878:the-conquest-of-the-desert,ARG:britannica-argentina
TL:ARG:event:1880:mass-european-immigration,ARG:britannica-argentina
TL:ARG:event:1880:mass-european-immigration,ARG:great-immigration-wave
TL:ARG:event:1916:first-election-under-universal-male-suffrage,ARG:britannica-argentina
TL:ARG:event:1930:the-first-military-coup,ARG:britannica-argentina
TL:ARG:event:1946:peron-elected-president,ARG:britannica-juan-peron
TL:ARG:event:1946:peron-elected-president,ARG:britannica-argentina
TL:ARG:event:1955:peron-overthrown,ARG:britannica-juan-peron
TL:ARG:event:1973:peron-s-return-and-death,ARG:britannica-juan-peron
TL:ARG:event:1973:peron-s-return-and-death,ARG:britannica-argentina
TL:ARG:event:1976:military-coup-and-the-dirty-war,ARG:britannica-dirty-war
TL:ARG:event:1976:military-coup-and-the-dirty-war,ARG:britannica-desaparecidos
TL:ARG:event:1982:the-falklands-malvinas-war,ARG:britannica-falklands-war
TL:ARG:event:1982:the-falklands-malvinas-war,ARG:britannica-argentina
TL:ARG:event:1983:return-to-democracy,ARG:britannica-alfonsin
TL:ARG:event:1983:return-to-democracy,ARG:britannica-argentina
TL:ARG:event:1985:nunca-mas-and-the-trial-of-the-juntas,ARG:conadep-nunca-mas
TL:ARG:event:1985:nunca-mas-and-the-trial-of-the-juntas,ARG:britannica-dirty-war
TL:ARG:event:2001:economic-and-political-crisis,ARG:britannica-argentina
TL:ARM:event:782bce:founding-of-erebuni,ARM:britannica-urartu
TL:ARM:event:782bce:founding-of-erebuni,ARM:britannica-yerevan
TL:ARM:event:714bce:urartu-at-its-height,ARM:britannica-urartu
TL:ARM:event:95bce:reign-of-tigranes-the-great,ARM:britannica-tigranes
TL:ARM:event:95bce:reign-of-tigranes-the-great,ARM:whe-tigranes
TL:ARM:event:428:end-of-the-armenian-monarchy,ARM:britannica-armenia-modern
TL:ARM:event:301:armenia-adopts-christianity,ARM:whe-christianization
TL:ARM:event:301:armenia-adopts-christianity,ARM:unesco-echmiatsin
TL:ARM:event:301:armenia-adopts-christianity,ARM:britannica-tiridates
TL:ARM:event:303:mother-cathedral-of-echmiatsin,ARM:unesco-echmiatsin
TL:ARM:event:405:mesrop-mashtots-creates-the-armenian-alphabet,ARM:britannica-alphabet
TL:ARM:event:405:mesrop-mashtots-creates-the-armenian-alphabet,ARM:whe-mashtots
TL:ARM:event:885:bagratid-kingdom-restored,ARM:britannica-bagratid
TL:ARM:event:885:bagratid-kingdom-restored,ARM:britannica-ani
TL:ARM:event:961:ani-becomes-the-bagratid-capital,ARM:britannica-ani
TL:ARM:event:961:ani-becomes-the-bagratid-capital,ARM:unesco-haghpat
TL:ARM:event:1198:kingdom-of-cilician-armenia,ARM:britannica-little-armenia
TL:ARM:event:1375:fall-of-cilician-armenia,ARM:britannica-little-armenia
TL:ARM:event:1828:russia-annexes-eastern-armenia,ARM:britannica-armenia-modern
TL:ARM:event:1915:the-armenian-genocide,ARM:ushmm-armenian
TL:ARM:event:1915:the-armenian-genocide,ARM:britannica-genocide
TL:ARM:event:1918:first-republic-of-armenia,ARM:britannica-armenia-modern
TL:ARM:event:1920:sovietisation-of-armenia,ARM:britannica-armenia-modern
TL:ARM:event:1936:armenian-ssr-established,ARM:britannica-armenia-modern
TL:ARM:event:1988:nagorno-karabakh-dispute-erupts,ARM:britannica-nagorno-karabakh
TL:ARM:event:1988:spitak-earthquake,ARM:britannica-armenia-modern
TL:ARM:event:1991:independence-from-the-soviet-union,ARM:history-state-armenia
TL:ARM:event:1991:independence-from-the-soviet-union,ARM:britannica-armenia-modern
TL:ARM:event:1994:first-nagorno-karabakh-war-ceasefire,ARM:britannica-nagorno-karabakh
TL:ARM:event:2018:the-velvet-revolution,ARM:britannica-armenia-modern
TL:ARM:event:2020:second-nagorno-karabakh-war,ARM:britannica-nagorno-karabakh
TL:ARM:event:2023:azerbaijani-offensive-and-the-karabakh-exodus,ARM:britannica-nagorno-karabakh
TL:AUS:event:65000bce:aboriginal-peoples-settle-the-continent,AUS:brit-aboriginal
TL:AUS:event:65000bce:aboriginal-peoples-settle-the-continent,AUS:nma-aboriginal
TL:AUS:event:50000bce:settlement-across-the-whole-continent,AUS:brit-aboriginal
TL:AUS:event:1500bce:hundreds-of-nations-and-languages,AUS:brit-aboriginal
TL:AUS:event:1500bce:hundreds-of-nations-and-languages,AUS:nma-aboriginal
TL:AUS:event:1770:cook-charts-and-claims-the-east-coast,AUS:nma-cook
TL:AUS:event:1770:cook-charts-and-claims-the-east-coast,AUS:brit-australia
TL:AUS:event:1788:the-first-fleet-founds-the-penal-colony,AUS:nma-first-fleet
TL:AUS:event:1788:the-first-fleet-founds-the-penal-colony,AUS:brit-australia
TL:AUS:event:1789:smallpox-devastates-aboriginal-peoples,AUS:brit-australia
TL:AUS:event:1789:smallpox-devastates-aboriginal-peoples,AUS:nma-aboriginal
TL:AUS:event:1824:the-frontier-wars,AUS:brit-australia
TL:AUS:event:1824:the-frontier-wars,AUS:nma-aboriginal
TL:AUS:event:1851:gold-rushes-begin,AUS:brit-gold-rushes
TL:AUS:event:1851:gold-rushes-begin,AUS:nma-eureka
TL:AUS:event:1854:eureka-stockade,AUS:nma-eureka
TL:AUS:event:1854:eureka-stockade,AUS:brit-gold-rushes
TL:AUS:event:1901:federation-creates-the-commonwealth-of-australia,AUS:nma-federation
TL:AUS:event:1901:federation-creates-the-commonwealth-of-australia,AUS:naa-federation
TL:AUS:event:1901:federation-creates-the-commonwealth-of-australia,AUS:brit-australia
TL:AUS:event:1901:immigration-restriction-act-and-white-australia,AUS:naa-immigration-restriction
TL:AUS:event:1901:immigration-restriction-act-and-white-australia,AUS:brit-australia
TL:AUS:event:1902:women-win-the-federal-vote,AUS:brit-australia
TL:AUS:event:1902:women-win-the-federal-vote,AUS:nma-federation
TL:AUS:event:1915:gallipoli-landing-and-the-anzac-legend,AUS:awm-immigration-restriction
TL:AUS:event:1915:gallipoli-landing-and-the-anzac-legend,AUS:brit-australia
TL:AUS:event:1910:the-stolen-generations,AUS:nma-apology
TL:AUS:event:1910:the-stolen-generations,AUS:brit-australia
TL:AUS:event:1942:bombing-of-darwin,AUS:brit-australia
TL:AUS:event:1945:post-war-mass-immigration,AUS:naa-immigration-restriction
TL:AUS:event:1945:post-war-mass-immigration,AUS:brit-australia
TL:AUS:event:1967:the-1967-referendum,AUS:moadoph-1967
TL:AUS:event:1967:the-1967-referendum,AUS:brit-australia
TL:AUS:event:1986:australia-act-and-full-legal-independence,AUS:brit-australia
TL:AUS:event:1992:mabo-decision-overturns-terra-nullius,AUS:aiatsis-mabo
TL:AUS:event:1992:mabo-decision-overturns-terra-nullius,AUS:brit-australia
TL:AUS:event:2008:national-apology-to-the-stolen-generations,AUS:nma-apology
TL:AUS:event:2008:national-apology-to-the-stolen-generations,AUS:brit-australia
TL:AUS:event:2023:voice-to-parliament-referendum,AUS:brit-australia
TL:AUT:event:976:the-eastern-march-granted-to-the-babenbergs,AUT:habsburg-ostarrichi
TL:AUT:event:996:first-mention-of-ostarrichi,AUT:habsburg-ostarrichi
TL:AUT:event:1156:the-privilegium-minus-raises-austria-to-a-duchy,AUT:habsburg-ostarrichi
TL:AUT:event:1246:end-of-the-babenberg-line,AUT:habsburg-ostarrichi
TL:AUT:event:1278:battle-of-the-marchfeld,AUT:habsburg-takeover
TL:AUT:event:1529:first-ottoman-siege-of-vienna,AUT:siege-1529
TL:AUT:event:1683:second-ottoman-siege-and-the-relief-of-vienna,AUT:siege-1683
TL:AUT:event:1699:prince-eugene-and-the-conquest-of-hungary,AUT:prince-eugene
TL:AUT:event:1740:reign-of-maria-theresa,AUT:maria-theresa
TL:AUT:event:1804:the-empire-of-austria-proclaimed,AUT:empire-1804
TL:AUT:event:1806:dissolution-of-the-holy-roman-empire,AUT:empire-1804
TL:AUT:event:1848:revolution-and-the-accession-of-franz-joseph,AUT:franz-joseph
TL:AUT:event:1867:the-austro-hungarian-compromise,AUT:compromise-1867
TL:AUT:event:1867:the-austro-hungarian-compromise,AUT:franz-joseph
TL:AUT:event:1914:assassination-at-sarajevo,AUT:sarajevo
TL:AUT:event:1914:austria-hungary-declares-war-on-serbia,AUT:sarajevo
TL:AUT:event:1918:collapse-of-austria-hungary-and-the-first,AUT:end-monarchy-1918
TL:AUT:event:1919:treaty-of-saint-germain,AUT:saint-germain
TL:AUT:event:1919:south-tyrol-ceded-to-italy,AUT:saint-germain
TL:AUT:event:1919:south-tyrol-ceded-to-italy,AUT:degasperi-gruber
TL:AUT:event:1934:dollfuss-and-the-corporate-state,AUT:anschluss-ushmm
TL:AUT:event:1938:the-anschluss,AUT:anschluss-ushmm
TL:AUT:event:1955:the-austrian-state-treaty,AUT:state-treaty-ebsco
TL:AUT:event:1955:declaration-of-permanent-neutrality,AUT:state-treaty-ebsco
TL:AUT:event:1946:gruber-de-gasperi-agreement-on-south-tyrol,AUT:degasperi-gruber
TL:AUT:event:1972:south-tyrol-s-second-autonomy-statute,AUT:southtyrol-package
TL:AUT:event:1995:accession-to-the-european-union,AUT:austria-eu
TL:AZE:event:38000bce:the-rock-art-of-gobustan,AZE:unesco-gobustan
TL:AZE:event:100bce:the-kingdom-of-caucasian-albania,AZE:loc-azerbaijan
TL:AZE:event:100bce:the-kingdom-of-caucasian-albania,AZE:unesco-baku
TL:AZE:event:313:caucasian-albania-adopts-christianity,AZE:loc-azerbaijan
TL:AZE:event:642:arab-conquest-and-the-coming-of-islam,AZE:loc-azerbaijan
TL:AZE:event:642:arab-conquest-and-the-coming-of-islam,AZE:britannica-baku
TL:AZE:event:642:arab-conquest-and-the-coming-of-islam,AZE:britannica-history-azerbaijan
TL:AZE:event:1066:seljuk-invasions-and-turkic-settlement,AZE:britannica-baku
TL:AZE:event:1100:the-shirvanshahs-make-baku-their-capital,AZE:britannica-baku
TL:AZE:event:1100:the-shirvanshahs-make-baku-their-capital,AZE:britannica-icheri
TL:AZE:event:1100:the-shirvanshahs-make-baku-their-capital,AZE:unesco-baku
TL:AZE:event:1411:the-palace-of-the-shirvanshahs,AZE:unesco-baku
TL:AZE:event:1411:the-palace-of-the-shirvanshahs,AZE:britannica-baku
TL:AZE:event:1501:ismail-i-and-the-safavid-empire,AZE:britannica-safavid
TL:AZE:event:1501:ismail-i-and-the-safavid-empire,AZE:britannica-ismail
TL:AZE:event:1813:treaty-of-gulistan,AZE:britannica-gulistan
TL:AZE:event:1813:treaty-of-gulistan,AZE:britannica-russian-suzerainty
TL:AZE:event:1828:treaty-of-turkmenchay,AZE:britannica-turkmenchay
TL:AZE:event:1828:treaty-of-turkmenchay,AZE:britannica-russian-suzerainty
TL:AZE:event:1872:the-baku-oil-boom-begins,AZE:britannica-baku
TL:AZE:event:1872:the-baku-oil-boom-begins,AZE:britannica-abseron
TL:AZE:event:1918:azerbaijan-democratic-republic-declared,AZE:britannica-russian-suzerainty
TL:AZE:event:1918:azerbaijan-democratic-republic-declared,AZE:loc-azerbaijan
TL:AZE:event:1920:soviet-annexation,AZE:britannica-russian-suzerainty
TL:AZE:event:1920:azerbaijan-ssr-established,AZE:britannica-russian-suzerainty
TL:AZE:event:1920:azerbaijan-ssr-established,AZE:loc-azerbaijan
TL:AZE:event:1923:nagorno-karabakh-autonomous-oblast-created,AZE:britannica-nagorno-karabakh
TL:AZE:event:1923:nagorno-karabakh-autonomous-oblast-created,AZE:loc-azerbaijan
TL:AZE:event:1988:karabakh-dispute-reignites,AZE:britannica-nagorno-karabakh
TL:AZE:event:1989:azerbaijan-declares-sovereignty,AZE:britannica-russian-suzerainty
TL:AZE:event:1991:independence-restored,AZE:britannica-russian-suzerainty
TL:AZE:event:1991:independence-restored,AZE:history-state-azerbaijan
TL:AZE:event:1994:first-karabakh-war-ends-in-ceasefire,AZE:britannica-nagorno-karabakh
TL:AZE:event:1994:first-karabakh-war-ends-in-ceasefire,AZE:britannica-aliyev-heydar
TL:AZE:event:2003:ilham-aliyev-succeeds-his-father,AZE:britannica-aliyev-ilham
TL:AZE:event:2003:ilham-aliyev-succeeds-his-father,AZE:britannica-aliyev-heydar
TL:AZE:event:2020:second-nagorno-karabakh-war,AZE:britannica-nagorno-karabakh
TL:AZE:event:2020:second-nagorno-karabakh-war,AZE:britannica-aliyev-ilham
TL:AZE:event:2023:azerbaijan-takes-full-control-of-nagorno,AZE:britannica-nagorno-karabakh
TL:AZE:event:2023:azerbaijan-takes-full-control-of-nagorno,AZE:britannica-aliyev-ilham
TL:BDI:event:1680:foundation-under-ntare-rushatsi,BDI:kingdom-wiki
TL:BDI:event:1680:foundation-under-ntare-rushatsi,BDI:history-wiki
TL:BDI:event:1680:foundation-under-ntare-rushatsi,BDI:britannica-history
TL:BDI:event:1796:expansion-under-ntare-iv-rugamba,BDI:history-wiki
TL:BDI:event:1796:expansion-under-ntare-iv-rugamba,BDI:kingdom-wiki
TL:BDI:event:1856:first-european-contact,BDI:history-wiki
TL:BDI:event:1856:first-european-contact,BDI:kingdom-wiki
TL:BDI:event:1890:burundi-assigned-to-german-east-africa,BDI:kingdom-wiki
TL:BDI:event:1890:burundi-assigned-to-german-east-africa,BDI:history-wiki
TL:BDI:event:1916:belgian-conquest-of-urundi,BDI:ruanda-urundi-wiki
TL:BDI:event:1916:belgian-conquest-of-urundi,BDI:history-wiki
TL:BDI:event:1922:league-of-nations-mandate-of-ruanda-urundi,BDI:ruanda-urundi-wiki
TL:BDI:event:1922:league-of-nations-mandate-of-ruanda-urundi,BDI:britannica-history
TL:BDI:event:1961:assassination-of-prince-louis-rwagasore,BDI:rwagasore-wiki
TL:BDI:event:1961:assassination-of-prince-louis-rwagasore,BDI:blackpast-rwagasore
TL:BDI:event:1961:assassination-of-prince-louis-rwagasore,BDI:history-wiki
TL:BDI:event:1962:independence-under-the-monarchy,BDI:history-wiki
TL:BDI:event:1962:independence-under-the-monarchy,BDI:britannica-history
TL:BDI:event:1962:independence-under-the-monarchy,BDI:mwambutsa-wiki
TL:BDI:event:1965:assassination-of-pm-pierre-ngendandumwe,BDI:history-wiki
TL:BDI:event:1965:assassination-of-pm-pierre-ngendandumwe,BDI:britannica-history
TL:BDI:event:1965:failed-hutu-coup-and-reprisals,BDI:history-wiki
TL:BDI:event:1965:failed-hutu-coup-and-reprisals,BDI:britannica-history
TL:BDI:event:1966:monarchy-abolished-republic-declared,BDI:history-wiki
TL:BDI:event:1966:monarchy-abolished-republic-declared,BDI:britannica-history
TL:BDI:event:1966:monarchy-abolished-republic-declared,BDI:mwambutsa-wiki
TL:BDI:event:1966:micombero-s-military-republic,BDI:history-wiki
TL:BDI:event:1966:micombero-s-military-republic,BDI:ikiza-ebsco
TL:BDI:event:1972:insurrection-and-the-killing-of-ntare-v,BDI:ikiza-ebsco
TL:BDI:event:1972:insurrection-and-the-killing-of-ntare-v,BDI:history-wiki
TL:BDI:event:1972:insurrection-and-the-killing-of-ntare-v,BDI:sciencespo-1972
TL:BDI:event:1972:the-ikiza-mass-killings,BDI:ikiza-ebsco
TL:BDI:event:1972:the-ikiza-mass-killings,BDI:sciencespo-1972
TL:BDI:event:1972:the-ikiza-mass-killings,BDI:history-wiki
TL:BDI:event:1976:bagaza-seizes-power,BDI:history-wiki
TL:BDI:event:1976:bagaza-seizes-power,BDI:britannica-history
TL:BDI:event:1987:buyoya-takes-power,BDI:history-wiki
TL:BDI:event:1987:buyoya-takes-power,BDI:britannica-history
TL:BDI:event:1988:ntega-and-marangara-killings,BDI:history-wiki
TL:BDI:event:1988:ntega-and-marangara-killings,BDI:britannica-history
TL:BDI:event:1992:multiparty-constitution,BDI:history-wiki
TL:BDI:event:1992:multiparty-constitution,BDI:britannica-history
TL:BDI:event:1993:ndadaye-elected-first-hutu-president,BDI:ndadaye-wiki
TL:BDI:event:1993:ndadaye-elected-first-hutu-president,BDI:history-wiki
TL:BDI:event:1993:assassination-of-ndadaye-civil-war-begins,BDI:ndadaye-wiki
TL:BDI:event:1993:assassination-of-ndadaye-civil-war-begins,BDI:history-wiki
TL:BDI:event:1993:assassination-of-ndadaye-civil-war-begins,BDI:icg-siege
TL:BDI:event:2000:arusha-peace-agreement,BDI:arusha-wiki
TL:BDI:event:2000:arusha-peace-agreement,BDI:africacenter-arusha
TL:BDI:event:2003:cndd-fdd-joins-the-peace-process,BDI:history-wiki
TL:BDI:event:2003:cndd-fdd-joins-the-peace-process,BDI:africacenter-arusha
TL:BDI:event:2005:cndd-fdd-wins-power-nkurunziza-president,BDI:nkurunziza-britannica
TL:BDI:event:2005:cndd-fdd-wins-power-nkurunziza-president,BDI:history-wiki
TL:BDI:event:2015:third-term-crisis,BDI:amnesty-2015
TL:BDI:event:2015:third-term-crisis,BDI:unrest-wiki
TL:BDI:event:2015:third-term-crisis,BDI:nkurunziza-britannica
TL:BDI:event:2018:constitutional-referendum,BDI:hrw-2018
TL:BDI:event:2018:constitutional-referendum,BDI:unrest-wiki
TL:BDI:event:2020:succession-to-ndayishimiye,BDI:ndayishimiye-wiki
TL:BDI:event:2020:succession-to-ndayishimiye,BDI:nkurunziza-britannica
TL:BEL:event:1302:battle-of-the-golden-spurs,BEL:golden-spurs-britannica
TL:BEL:event:1302:battle-of-the-golden-spurs,BEL:belgium-history-britannica
TL:BEL:event:1200:the-flemish-cloth-boom,BEL:flemish-cloth-discovering
TL:BEL:event:1200:the-flemish-cloth-boom,BEL:belgium-history-britannica
TL:BEL:event:1245:foundation-of-the-beguinages,BEL:beguinages-unesco
TL:BEL:event:1384:flanders-passes-to-burgundy,BEL:belgium-history-britannica
TL:BEL:event:1477:the-habsburg-inheritance,BEL:belgium-history-britannica
TL:BEL:event:1555:abdication-of-charles-v-in-brussels,BEL:belgium-history-britannica
TL:BEL:event:1579:union-of-arras-and-the-split-of-the-low,BEL:belgium-history-britannica
TL:BEL:event:1585:fall-of-antwerp,BEL:antwerp-britannica
TL:BEL:event:1713:from-spanish-to-austrian-netherlands,BEL:belgium-history-britannica
TL:BEL:event:1795:french-annexation-of-the-southern-netherlands,BEL:belgium-history-britannica
TL:BEL:event:1815:union-with-the-netherlands,BEL:belgium-history-britannica
TL:BEL:event:1815:union-with-the-netherlands,BEL:treaty-london-fww
TL:BEL:event:1830:the-belgian-revolution,BEL:belgium-history-britannica
TL:BEL:event:1831:leopold-i-first-king-of-the-belgians,BEL:leopold1-britannica
TL:BEL:event:1831:leopold-i-first-king-of-the-belgians,BEL:belgium-history-britannica
TL:BEL:event:1839:treaty-of-london-guarantees-belgian-neutrality,BEL:treaty-london-fww
TL:BEL:event:1839:treaty-of-london-guarantees-belgian-neutrality,BEL:belgium-history-britannica
TL:BEL:event:1865:accession-of-leopold-ii,BEL:leopold2-britannica
TL:BEL:event:1885:foundation-of-the-congo-free-state,BEL:congo-free-state-britannica
TL:BEL:event:1885:foundation-of-the-congo-free-state,BEL:leopold2-britannica
TL:BEL:event:1908:annexation-of-the-congo-by-belgium,BEL:belgian-congo-britannica
TL:BEL:event:1908:annexation-of-the-congo-by-belgium,BEL:congo-free-state-britannica
TL:BEL:event:1816:neutral-moresnet,BEL:moresnet-vrt
TL:BEL:event:1816:neutral-moresnet,BEL:eupen-malmedy-1418online
TL:BEL:event:1198:the-baarle-enclaves-take-shape,BEL:baarle-discovering
TL:BEL:event:1914:germany-invades-neutral-belgium,BEL:treaty-london-fww
TL:BEL:event:1914:germany-invades-neutral-belgium,BEL:belgium-history-britannica
TL:BEL:event:1914:the-battle-of-the-yser,BEL:belgium-history-britannica
TL:BEL:event:1919:versailles-eupen-malmedy-and-the-end-of-moresnet,BEL:eupen-malmedy-1418online
TL:BEL:event:1919:versailles-eupen-malmedy-and-the-end-of-moresnet,BEL:moresnet-vrt
TL:BEL:event:1919:versailles-eupen-malmedy-and-the-end-of-moresnet,BEL:eupen-malmedy-britannica
TL:BEL:event:1940:second-german-invasion,BEL:ushmm-1940
TL:BEL:event:1940:second-german-invasion,BEL:belgium-history-britannica
TL:BEL:event:1940:surrender-of-king-leopold-iii,BEL:ushmm-1940
TL:BEL:event:1940:surrender-of-king-leopold-iii,BEL:belgium-history-britannica
TL:BEL:event:1949:founding-member-of-nato,BEL:nato-belgium-gov
TL:BEL:event:1949:founding-member-of-nato,BEL:nato-focus-belgium
TL:BEL:event:1957:founding-the-european-community,BEL:eu-history-europa
TL:BEL:event:1957:founding-the-european-community,BEL:nato-focus-belgium
TL:BEL:event:1960:independence-of-the-congo,BEL:belgian-congo-britannica
TL:BEL:event:1962:the-linguistic-frontier-fixed,BEL:belgium-history-britannica
TL:BEL:event:1993:belgium-becomes-a-federal-state,BEL:belgium-history-britannica
TL:BEL:event:1993:belgium-becomes-a-federal-state,BEL:eupen-malmedy-britannica
TL:BEN:event:1100:aja-migrations-from-tado,BEN:britannica-benin
TL:BEN:event:1100:aja-migrations-from-tado,BEN:wiki-porto-novo
TL:BEN:event:1100:aja-migrations-from-tado,BEN:wiki-dahomey-history
TL:BEN:event:1500:rise-of-the-kingdom-of-allada,BEN:britannica-benin
TL:BEN:event:1500:rise-of-the-kingdom-of-allada,BEN:wiki-dahomey-history
TL:BEN:event:1600:founding-of-porto-novo,BEN:wiki-porto-novo
TL:BEN:event:1600:founding-of-porto-novo,BEN:britannica-benin
TL:BEN:event:1620:foundation-of-dahomey-at-abomey,BEN:britannica-dahomey
TL:BEN:event:1620:foundation-of-dahomey-at-abomey,BEN:wiki-dahomey-history
TL:BEN:event:1620:foundation-of-dahomey-at-abomey,BEN:unesco-abomey
TL:BEN:event:1724:dahomey-conquers-allada,BEN:britannica-dahomey
TL:BEN:event:1724:dahomey-conquers-allada,BEN:wiki-dahomey-history
TL:BEN:event:1727:conquest-of-ouidah-whydah,BEN:britannica-dahomey
TL:BEN:event:1727:conquest-of-ouidah-whydah,BEN:cambridge-ouidah
TL:BEN:event:1727:conquest-of-ouidah-whydah,BEN:wiki-ouidah
TL:BEN:event:1730:tributary-to-the-oyo-empire,BEN:wiki-dahomey-history
TL:BEN:event:1730:tributary-to-the-oyo-empire,BEN:britannica-dahomey
TL:BEN:event:1625:the-royal-palaces-of-abomey,BEN:unesco-abomey
TL:BEN:event:1625:the-royal-palaces-of-abomey,BEN:unesco-japan-abomey
TL:BEN:event:1670:ouidah-and-the-atlantic-slave-trade,BEN:cambridge-ouidah
TL:BEN:event:1670:ouidah-and-the-atlantic-slave-trade,BEN:wiki-ouidah
TL:BEN:event:1670:ouidah-and-the-atlantic-slave-trade,BEN:slavevoyages
TL:BEN:event:1818:ghezo-seizes-the-throne,BEN:wiki-ghezo
TL:BEN:event:1818:ghezo-seizes-the-throne,BEN:blackpast-dahomey-women
TL:BEN:event:1823:dahomey-breaks-free-of-oyo,BEN:wiki-ghezo
TL:BEN:event:1823:dahomey-breaks-free-of-oyo,BEN:britannica-dahomey
TL:BEN:event:1851:british-blockade-of-dahomey-s-ports,BEN:cambridge-palm-oil
TL:BEN:event:1851:british-blockade-of-dahomey-s-ports,BEN:wiki-ghezo
TL:BEN:event:1729:first-written-record-of-the-women-warriors,BEN:britannica-dahomey-women
TL:BEN:event:1729:first-written-record-of-the-women-warriors,BEN:blackpast-dahomey-women
TL:BEN:event:1890:first-franco-dahomean-war,BEN:britannica-behanzin
TL:BEN:event:1890:first-franco-dahomean-war,BEN:wiki-behanzin
TL:BEN:event:1890:first-franco-dahomean-war,BEN:shd-conquest
TL:BEN:event:1892:french-conquest-of-dahomey,BEN:britannica-behanzin
TL:BEN:event:1892:french-conquest-of-dahomey,BEN:wiki-behanzin
TL:BEN:event:1892:french-conquest-of-dahomey,BEN:shd-conquest
TL:BEN:event:1894:behanzin-deposed-and-exiled,BEN:britannica-behanzin
TL:BEN:event:1894:behanzin-deposed-and-exiled,BEN:wiki-behanzin
TL:BEN:event:1899:colony-of-french-dahomey,BEN:wiki-french-dahomey
TL:BEN:event:1899:colony-of-french-dahomey,BEN:britannica-benin
TL:BEN:event:1960:independence-as-the-republic-of-dahomey,BEN:britannica-benin
TL:BEN:event:1960:independence-as-the-republic-of-dahomey,BEN:blackpast-maga
TL:BEN:event:1963:the-cycle-of-coups-begins,BEN:britannica-benin-coups
TL:BEN:event:1963:the-cycle-of-coups-begins,BEN:wiki-1972-coup
TL:BEN:event:1972:kerekou-seizes-power,BEN:wiki-1972-coup
TL:BEN:event:1972:kerekou-seizes-power,BEN:britannica-benin-coups
TL:BEN:event:1974:adoption-of-marxism-leninism,BEN:wiki-people-republic
TL:BEN:event:1974:adoption-of-marxism-leninism,BEN:encyclopedia-kerekou
TL:BEN:event:1975:dahomey-renamed-benin,BEN:wiki-people-republic
TL:BEN:event:1975:dahomey-renamed-benin,BEN:britannica-benin
TL:BEN:event:1989:collapse-of-the-marxist-state,BEN:wiki-people-republic
TL:BEN:event:1989:collapse-of-the-marxist-state,BEN:encyclopedia-kerekou
TL:BEN:event:1990:the-national-conference,BEN:ifra-national-conference
TL:BEN:event:1990:the-national-conference,BEN:freedomhouse-benin
TL:BEN:event:1990:the-national-conference,BEN:wiki-people-republic
TL:BEN:event:1990:multiparty-constitution-adopted,BEN:wiki-constitution-benin
TL:BEN:event:1990:multiparty-constitution-adopted,BEN:freedomhouse-benin
TL:BEN:event:1991:soglo-defeats-kerekou-at-the-polls,BEN:wiki-soglo
TL:BEN:event:1991:soglo-defeats-kerekou-at-the-polls,BEN:freedomhouse-benin
TL:BEN:event:1996:kerekou-returns-by-election,BEN:encyclopedia-kerekou
TL:BEN:event:1996:kerekou-returns-by-election,BEN:wiki-kerekou
TL:BEN:event:2021:france-returns-the-abomey-treasures,BEN:france24-restitution
TL:BEN:event:2021:france-returns-the-abomey-treasures,BEN:voa-restitution
TL:BFA:event:1450:foundation-of-the-mossi-states,BFA:britannica-mossi-states
TL:BFA:event:1450:foundation-of-the-mossi-states,BFA:wiki-mossi-kingdoms
TL:BFA:event:1450:foundation-of-the-mossi-states,BFA:ebsco-mossi
TL:BFA:event:1498:songhai-campaigns-against-the-mossi,BFA:britannica-askia
TL:BFA:event:1498:songhai-campaigns-against-the-mossi,BFA:ebsco-askia
TL:BFA:event:1498:songhai-campaigns-against-the-mossi,BFA:wiki-mossi-kingdoms
TL:BFA:event:1700:yatenga-becomes-independent-of-ouagadougou,BFA:britannica-wagadugu
TL:BFA:event:1700:yatenga-becomes-independent-of-ouagadougou,BFA:wiki-mossi-kingdoms
TL:BFA:event:1400:loropeni-s-gold-trade-fortresses-flourish,BFA:unesco-loropeni
TL:BFA:event:1400:loropeni-s-gold-trade-fortresses-flourish,BFA:wiki-loropeni
TL:BFA:event:1820:loropeni-settlement-abandoned,BFA:unesco-loropeni
TL:BFA:event:1820:loropeni-settlement-abandoned,BFA:wiki-loropeni
TL:BFA:event:2009:loropeni-inscribed-by-unesco,BFA:unesco-loropeni
TL:BFA:event:2009:loropeni-inscribed-by-unesco,BFA:whc-news-536
TL:BFA:event:1896:french-conquest-of-the-mossi,BFA:wiki-french-upper-volta
TL:BFA:event:1896:french-conquest-of-the-mossi,BFA:wiki-mossi-kingdoms
TL:BFA:event:1919:colony-of-upper-volta-created,BFA:wiki-french-upper-volta
TL:BFA:event:1919:colony-of-upper-volta-created,BFA:state-bgn-burkina
TL:BFA:event:1932:upper-volta-partitioned,BFA:wiki-french-upper-volta
TL:BFA:event:1932:upper-volta-partitioned,BFA:state-bgn-burkina
TL:BFA:event:1947:upper-volta-reconstituted,BFA:wiki-french-upper-volta
TL:BFA:event:1947:upper-volta-reconstituted,BFA:state-bgn-burkina
TL:BFA:event:1960:independence-of-upper-volta,BFA:state-bgn-burkina
TL:BFA:event:1960:independence-of-upper-volta,BFA:wiki-yameogo
TL:BFA:event:1960:independence-of-upper-volta,BFA:wiki-heads-of-state
TL:BFA:event:1966:fall-of-yameogo-lamizana-takes-power,BFA:wiki-yameogo
TL:BFA:event:1966:fall-of-yameogo-lamizana-takes-power,BFA:state-bgn-burkina
TL:BFA:event:1966:fall-of-yameogo-lamizana-takes-power,BFA:ebsco-upper-volta-coup
TL:BFA:event:1980:coup-brings-saye-zerbo-to-power,BFA:wiki-heads-of-state
TL:BFA:event:1980:coup-brings-saye-zerbo-to-power,BFA:state-bgn-burkina
TL:BFA:event:1982:jean-baptiste-ouedraogo-takes-over,BFA:wiki-heads-of-state
TL:BFA:event:1982:jean-baptiste-ouedraogo-takes-over,BFA:wiki-sankara
TL:BFA:event:1983:sankara-seizes-power,BFA:wiki-sankara
TL:BFA:event:1983:sankara-seizes-power,BFA:britannica-history-burkina
TL:BFA:event:1984:upper-volta-renamed-burkina-faso,BFA:wiki-sankara
TL:BFA:event:1984:upper-volta-renamed-burkina-faso,BFA:britannica-history-burkina
TL:BFA:event:1985:agacher-strip-war-with-mali,BFA:wiki-sankara
TL:BFA:event:1987:assassination-of-thomas-sankara,BFA:wiki-sankara
TL:BFA:event:1987:assassination-of-thomas-sankara,BFA:wiki-1987-coup
TL:BFA:event:1987:assassination-of-thomas-sankara,BFA:britannica-compaore
TL:BFA:event:1998:murder-of-norbert-zongo,BFA:wiki-norbert-zongo
TL:BFA:event:1998:murder-of-norbert-zongo,BFA:wiki-compaore
TL:BFA:event:2014:popular-uprising-ousts-compaore,BFA:wiki-2014-uprising
TL:BFA:event:2014:popular-uprising-ousts-compaore,BFA:wiki-compaore
TL:BFA:event:2015:jihadist-insurgency-spreads-to-burkina-faso,BFA:wiki-islamist-insurgency-bf
TL:BFA:event:2015:jihadist-insurgency-spreads-to-burkina-faso,BFA:africacenter-sahel
TL:BFA:event:2022:coup-ousts-president-kabore,BFA:wiki-islamist-insurgency-bf
TL:BFA:event:2022:coup-ousts-president-kabore,BFA:oecd-sahel-coups
TL:BFA:event:2022:second-2022-coup-brings-ibrahim-traore-to-power,BFA:wiki-islamist-insurgency-bf
TL:BFA:event:2022:second-2022-coup-brings-ibrahim-traore-to-power,BFA:oecd-sahel-coups
TL:BGD:event:750:gopala-founds-the-pala-dynasty,BGD:britannica-pala
TL:BGD:event:800:somapura-mahavihara-built-at-paharpur,BGD:unesco-paharpur
TL:BGD:event:800:somapura-mahavihara-built-at-paharpur,BGD:britannica-pala
TL:BGD:event:1204:turkish-conquest-ends-sena-rule,BGD:banglapedia-islam
TL:BGD:event:1204:turkish-conquest-ends-sena-rule,BGD:britannica-historybd
TL:BGD:event:1342:iliyas-shah-founds-the-bengal-sultanate,BGD:banglapedia-iliyas
TL:BGD:event:1494:reign-of-husain-shah,BGD:britannica-husainshah
TL:BGD:event:1576:mughal-conquest-of-bengal,BGD:britannica-historybd
TL:BGD:event:1576:mughal-conquest-of-bengal,BGD:banglapedia-islam
TL:BGD:event:1610:dhaka-becomes-the-mughal-capital-of-bengal,BGD:britannica-historybd
TL:BGD:event:1700:dhaka-muslin-and-the-wealth-of-bengal,BGD:britannica-historybd
TL:BGD:event:1717:the-nawabs-of-bengal-become-autonomous,BGD:britannica-historybd
TL:BGD:event:1757:battle-of-plassey,BGD:britannica-plassey
TL:BGD:event:1757:battle-of-plassey,BGD:britannica-siraj
TL:BGD:event:1770:the-great-bengal-famine,BGD:britannica-historybd
TL:BGD:event:1905:first-partition-of-bengal,BGD:britannica-partition1905
TL:BGD:event:1947:partition-creates-east-pakistan,BGD:britannica-historybd
TL:BGD:event:1952:the-bengali-language-movement,BGD:banglapedia-language
TL:BGD:event:1952:the-bengali-language-movement,BGD:unesco-motherlanguage
TL:BGD:event:1966:the-awami-league-s-six-point-demand,BGD:britannica-mujib
TL:BGD:event:1966:the-awami-league-s-six-point-demand,BGD:britannica-awami
TL:BGD:event:1970:awami-league-wins-the-election,BGD:britannica-mujib
TL:BGD:event:1970:awami-league-wins-the-election,BGD:britannica-awami
TL:BGD:event:1971:declaration-of-independence,BGD:britannica-liberation
TL:BGD:event:1971:declaration-of-independence,BGD:britannica-mujib
TL:BGD:event:1971:victory-and-the-birth-of-bangladesh,BGD:britannica-liberation
TL:BGD:event:1975:assassination-of-mujib-and-military-rule,BGD:britannica-mujib
TL:BGD:event:1975:assassination-of-mujib-and-military-rule,BGD:britannica-ziaur
TL:BGD:event:2024:the-2024-uprising-and-hasina-s-fall,BGD:britannica-hasina
TL:BGR:event:400bce:thracian-royal-tombs-of-kazanlak-and-sveshtari,BGR:unesco-kazanlak
TL:BGR:event:400bce:thracian-royal-tombs-of-kazanlak-and-sveshtari,BGR:unesco-sveshtari
TL:BGR:event:681:foundation-of-the-first-bulgarian-empire,BGR:bulgaria-first-empire-britannica
TL:BGR:event:681:foundation-of-the-first-bulgarian-empire,BGR:mfa-history
TL:BGR:event:681:foundation-of-the-first-bulgarian-empire,BGR:govbg-history
TL:BGR:event:864:christianization-under-boris-i,BGR:boris-britannica
TL:BGR:event:864:christianization-under-boris-i,BGR:mfa-history
TL:BGR:event:886:cyrillic-and-the-preslav-and-ohrid-schools,BGR:boris-britannica
TL:BGR:event:886:cyrillic-and-the-preslav-and-ohrid-schools,BGR:mfa-history
TL:BGR:event:893:the-golden-age-of-simeon-the-great,BGR:simeon-britannica
TL:BGR:event:893:the-golden-age-of-simeon-the-great,BGR:mfa-history
TL:BGR:event:1018:byzantine-conquest-of-the-first-empire,BGR:simeon-britannica
TL:BGR:event:1018:byzantine-conquest-of-the-first-empire,BGR:govbg-history
TL:BGR:event:1185:revolt-of-asen-and-peter-restores-the-state,BGR:mfa-history
TL:BGR:event:1185:revolt-of-asen-and-peter-restores-the-state,BGR:govbg-history
TL:BGR:event:1218:ivan-asen-ii-and-the-second-empire-s-apogee,BGR:mfa-history
TL:BGR:event:1259:the-frescoes-of-the-boyana-church,BGR:unesco-boyana
TL:BGR:event:1393:fall-of-tarnovo-to-the-ottomans,BGR:mfa-history
TL:BGR:event:1393:fall-of-tarnovo-to-the-ottomans,BGR:bulgaria-19th-century-britannica
TL:BGR:event:1396:ottoman-conquest-completed,BGR:govbg-history
TL:BGR:event:1396:ottoman-conquest-completed,BGR:mfa-history
TL:BGR:event:1396:ottoman-conquest-completed,BGR:bulgaria-19th-century-britannica
TL:BGR:event:1396:nearly-five-centuries-of-ottoman-rule,BGR:bulgaria-19th-century-britannica
TL:BGR:event:1396:nearly-five-centuries-of-ottoman-rule,BGR:mfa-history
TL:BGR:event:1762:paisius-of-hilendar-and-the-national-revival,BGR:bulgaria-19th-century-britannica
TL:BGR:event:1762:paisius-of-hilendar-and-the-national-revival,BGR:ebsco-revolt
TL:BGR:event:1870:creation-of-the-bulgarian-exarchate,BGR:bulgaria-19th-century-britannica
TL:BGR:event:1876:the-april-uprising-and-the-bulgarian-horrors,BGR:ebsco-revolt
TL:BGR:event:1876:the-april-uprising-and-the-bulgarian-horrors,BGR:sanstefano-britannica
TL:BGR:event:1878:russo-turkish-war-and-liberation,BGR:sanstefano-britannica
TL:BGR:event:1878:russo-turkish-war-and-liberation,BGR:sanstefano-encyclopedia
TL:BGR:event:1878:russo-turkish-war-and-liberation,BGR:mfa-history
TL:BGR:event:1878:treaty-of-san-stefano-creates-greater-bulgaria,BGR:sanstefano-britannica
TL:BGR:event:1878:treaty-of-san-stefano-creates-greater-bulgaria,BGR:sanstefano-encyclopedia
TL:BGR:event:1878:treaty-of-san-stefano-creates-greater-bulgaria,BGR:bulgaria-treaties-britannica
TL:BGR:event:1878:treaty-of-berlin-dismembers-the-state,BGR:bulgaria-treaties-britannica
TL:BGR:event:1878:treaty-of-berlin-dismembers-the-state,BGR:sanstefano-encyclopedia
TL:BGR:event:1885:unification-with-eastern-rumelia,BGR:bulgaria-treaties-britannica
TL:BGR:event:1885:unification-with-eastern-rumelia,BGR:bulgaria-19th-century-britannica
TL:BGR:event:1903:diplomatic-relations-with-the-united-states,BGR:stategov-bulgaria
TL:BGR:event:1908:proclamation-of-independence,BGR:govbg-history
TL:BGR:event:1908:proclamation-of-independence,BGR:stategov-bulgaria
TL:BGR:event:1912:first-balkan-war,BGR:balkan-wars-britannica
TL:BGR:event:1913:second-balkan-war-and-the-loss-of-macedonia,BGR:second-balkan-war-britannica
TL:BGR:event:1913:second-balkan-war-and-the-loss-of-macedonia,BGR:balkan-wars-britannica
TL:BGR:event:1940:treaty-of-craiova-returns-southern-dobruja,BGR:craiova-britannica
TL:BGR:event:1940:treaty-of-craiova-returns-southern-dobruja,BGR:bnr-craiova
TL:BGR:event:1941:bulgaria-joins-the-axis,BGR:bulgaria-wwii-britannica
TL:BGR:event:1941:bulgaria-joins-the-axis,BGR:ushmm-bulgaria
TL:BGR:event:1943:deportations-and-the-rescue-of-bulgaria-s-jews,BGR:ushmm-bulgaria
TL:BGR:event:1943:deportations-and-the-rescue-of-bulgaria-s-jews,BGR:bulgaria-wwii-britannica
TL:BGR:event:1944:communist-seizure-of-power,BGR:bulgaria-communist-britannica
TL:BGR:event:1944:communist-seizure-of-power,BGR:govbg-history
TL:BGR:event:1946:people-s-republic-proclaimed,BGR:bulgaria-communist-britannica
TL:BGR:event:1989:fall-of-todor-zhivkov,BGR:bulgaria-communist-britannica
TL:BGR:event:1989:fall-of-todor-zhivkov,BGR:govbg-history
TL:BGR:event:2004:accession-to-nato,BGR:nato-enlargement
TL:BGR:event:2004:accession-to-nato,BGR:govbg-history
TL:BGR:event:2007:accession-to-the-european-union,BGR:eu-bulgaria
TL:BGR:event:2007:accession-to-the-european-union,BGR:govbg-history
TL:BHS:event:700:lucayan-settlement-of-the-islands,BHS:smithsonian-lucayans
TL:BHS:event:700:lucayan-settlement-of-the-islands,BHS:loc-bahamas
TL:BHS:event:700:lucayan-settlement-of-the-islands,BHS:britannica-history
TL:BHS:event:1492:columbus-s-first-landfall-at-guanahani,BHS:natgeo-landfall
TL:BHS:event:1492:columbus-s-first-landfall-at-guanahani,BHS:britannica-history
TL:BHS:event:1492:columbus-s-first-landfall-at-guanahani,BHS:loc-bahamas
TL:BHS:event:1509:spanish-enslavement-of-the-lucayans,BHS:smithsonian-lucayans
TL:BHS:event:1509:spanish-enslavement-of-the-lucayans,BHS:britannica-history
TL:BHS:event:1520:depopulation-of-the-bahamas,BHS:smithsonian-lucayans
TL:BHS:event:1520:depopulation-of-the-bahamas,BHS:loc-bahamas
TL:BHS:event:1520:depopulation-of-the-bahamas,BHS:britannica-history
TL:BHS:event:1648:the-eleutheran-adventurers-settle-eleuthera,BHS:loc-bahamas
TL:BHS:event:1648:the-eleutheran-adventurers-settle-eleuthera,BHS:britannica-history
TL:BHS:event:1670:grant-to-the-lords-proprietors-of-carolina,BHS:loc-bahamas
TL:BHS:event:1670:grant-to-the-lords-proprietors-of-carolina,BHS:britannica-history
TL:BHS:event:1706:nassau-becomes-a-pirate-haven,BHS:britannica-history
TL:BHS:event:1706:nassau-becomes-a-pirate-haven,BHS:loc-bahamas
TL:BHS:event:1718:woodes-rogers-ends-the-pirate-republic,BHS:britannica-history
TL:BHS:event:1718:woodes-rogers-ends-the-pirate-republic,BHS:loc-bahamas
TL:BHS:event:1783:spain-cedes-the-bahamas-to-britain,BHS:britannica-history
TL:BHS:event:1783:spain-cedes-the-bahamas-to-britain,BHS:loc-bahamas
TL:BHS:event:1784:american-loyalists-and-enslaved-africans-arrive,BHS:britannica-history
TL:BHS:event:1784:american-loyalists-and-enslaved-africans-arrive,BHS:loc-bahamas
TL:BHS:event:1790:the-failed-cotton-plantations,BHS:britannica-history
TL:BHS:event:1834:slavery-abolition-act-takes-effect,BHS:loc-bahamas
TL:BHS:event:1834:slavery-abolition-act-takes-effect,BHS:britannica-history
TL:BHS:event:1850:an-economy-of-wrecking-and-sponging,BHS:loc-bahamas
TL:BHS:event:1850:an-economy-of-wrecking-and-sponging,BHS:britannica-history
TL:BHS:event:1861:civil-war-blockade-running-boom,BHS:historytoday-blockade
TL:BHS:event:1861:civil-war-blockade-running-boom,BHS:britannica-history
TL:BHS:event:1865:collapse-of-the-blockade-boom,BHS:historytoday-blockade
TL:BHS:event:1865:collapse-of-the-blockade-boom,BHS:britannica-history
TL:BHS:event:1920:prohibition-era-rum-running,BHS:britannica-history
TL:BHS:event:1920:prohibition-era-rum-running,BHS:loc-bahamas
TL:BHS:event:1953:founding-of-the-progressive-liberal-party,BHS:britannica-independence
TL:BHS:event:1953:founding-of-the-progressive-liberal-party,BHS:statedept-bgn
TL:BHS:event:1953:founding-of-the-progressive-liberal-party,BHS:blackpast-pindling
TL:BHS:event:1964:internal-self-government,BHS:statedept-bgn
TL:BHS:event:1964:internal-self-government,BHS:britannica-independence
TL:BHS:event:1967:majority-rule-the-quiet-revolution,BHS:britannica-pindling
TL:BHS:event:1967:majority-rule-the-quiet-revolution,BHS:blackpast-pindling
TL:BHS:event:1967:majority-rule-the-quiet-revolution,BHS:statedept-bgn
TL:BHS:event:1973:independence-of-the-bahamas,BHS:britannica-independence
TL:BHS:event:1973:independence-of-the-bahamas,BHS:britannica-pindling
TL:BHS:event:1973:independence-of-the-bahamas,BHS:statedept-bgn
TL:BHS:event:1992:first-peaceful-change-of-government,BHS:britannica-independence
TL:BHS:event:1992:first-peaceful-change-of-government,BHS:statedept-bgn
TL:BHS:event:2019:hurricane-dorian-devastates-abaco-and-grand,BHS:idb-dorian
TL:BHS:event:2019:hurricane-dorian-devastates-abaco-and-grand,BHS:cnn-dorian
TL:BHS:event:2021:philip-davis-and-the-plp-return-to-power,BHS:bahamasgov-davis
TL:BIH:event:1189:charter-of-ban-kulin,BIH:kulin-charter-reference
TL:BIH:event:1189:charter-of-ban-kulin,BIH:bih-history-britannica
TL:BIH:event:1322:stjepan-kotromanic-expands-bosnia,BIH:kotromanic-britannica
TL:BIH:event:1322:stjepan-kotromanic-expands-bosnia,BIH:bih-history-britannica
TL:BIH:event:1377:coronation-of-tvrtko-i,BIH:kotromanic-britannica
TL:BIH:event:1377:coronation-of-tvrtko-i,BIH:bih-history-britannica
TL:BIH:event:1450:the-stecci-tombstones,BIH:stecci-unesco-reference
TL:BIH:event:1463:ottoman-conquest-of-bosnia,BIH:bih-history-britannica
TL:BIH:event:1463:ottoman-conquest-of-bosnia,BIH:ottoman-bosnia-britannica
TL:BIH:event:1463:bosnia-incorporated-into-the-ottoman-empire,BIH:ottoman-bosnia-britannica
TL:BIH:event:1463:bosnia-incorporated-into-the-ottoman-empire,BIH:bih-history-britannica
TL:BIH:event:1550:islamization-and-a-multi-confessional-society,BIH:ottoman-bosnia-britannica
TL:BIH:event:1566:the-mehmed-pasa-sokolovic-bridge-visegrad,BIH:visegrad-bridge-reference
TL:BIH:event:1566:the-old-bridge-at-mostar-stari-most,BIH:mostar-unesco-reference
TL:BIH:event:1875:herzegovinian-uprising-and-the-eastern-crisis,BIH:bih-history-britannica
TL:BIH:event:1875:herzegovinian-uprising-and-the-eastern-crisis,BIH:ottoman-bosnia-britannica
TL:BIH:event:1878:austro-hungarian-occupation,BIH:bih-history-britannica
TL:BIH:event:1878:austro-hungarian-occupation,BIH:ottoman-bosnia-britannica
TL:BIH:event:1908:annexation-by-austria-hungary,BIH:bih-history-britannica
TL:BIH:event:1908:annexation-by-austria-hungary,BIH:franz-ferdinand-reference
TL:BIH:event:1914:assassination-of-archduke-franz-ferdinand,BIH:franz-ferdinand-reference
TL:BIH:event:1914:assassination-of-archduke-franz-ferdinand,BIH:loc-franz-ferdinand-reference
TL:BIH:event:1918:bosnia-joins-the-yugoslav-kingdom,BIH:bih-history-britannica
TL:BIH:event:1941:axis-invasion-and-the-ndh,BIH:zavnobih-parliament-gov
TL:BIH:event:1941:axis-invasion-and-the-ndh,BIH:bih-history-britannica
TL:BIH:event:1943:first-session-of-zavnobih,BIH:zavnobih-parliament-gov
TL:BIH:event:1945:bosnia-a-republic-of-socialist-yugoslavia,BIH:bih-history-britannica
TL:BIH:event:1984:sarajevo-winter-olympics,BIH:bih-history-britannica
TL:BIH:event:1992:independence-referendum,BIH:statedept-yugoslavia-gov
TL:BIH:event:1992:independence-referendum,BIH:siege-sarajevo-britannica
TL:BIH:event:1992:siege-of-sarajevo-begins,BIH:siege-sarajevo-britannica
TL:BIH:event:1992:ethnic-cleansing-and-the-bosnian-war,BIH:statedept-yugoslavia-gov
TL:BIH:event:1992:ethnic-cleansing-and-the-bosnian-war,BIH:icty-srebrenica-gov
TL:BIH:event:1995:the-srebrenica-genocide,BIH:un-srebrenica-gov
TL:BIH:event:1995:the-srebrenica-genocide,BIH:icj-genocide-case-gov
TL:BIH:event:1995:the-srebrenica-genocide,BIH:icty-srebrenica-gov
TL:BIH:event:2007:icj-genocide-judgment-bosnia-v-serbia,BIH:icj-genocide-judgment-gov
TL:BIH:event:2007:icj-genocide-judgment-bosnia-v-serbia,BIH:icj-genocide-case-gov
TL:BIH:event:1995:dayton-agreement-initialled,BIH:dayton-ohr-gov
TL:BIH:event:1995:dayton-agreement-initialled,BIH:dayton-accords-britannica
TL:BIH:event:1995:dayton-agreement-signed-in-paris,BIH:dayton-ohr-gov
TL:BIH:event:1995:dayton-agreement-signed-in-paris,BIH:dayton-accords-britannica
TL:BIH:event:1999:brcko-district-established,BIH:brcko-ohr-gov
TL:BIH:event:2022:eu-candidate-status-granted,BIH:eu-candidate-reference
TL:BLR:event:850:rise-of-the-principality-of-polotsk,BLR:belarus-britannica
TL:BLR:event:850:rise-of-the-principality-of-polotsk,BLR:history-belarus-britannica
TL:BLR:event:988:christianization-of-the-rus-lands,BLR:history-belarus-britannica
TL:BLR:event:1068:vseslav-of-polotsk-seizes-kiev,BLR:history-belarus-britannica
TL:BLR:event:1240:the-mongol-invasion-of-rus,BLR:history-belarus-britannica
TL:BLR:event:1240:the-mongol-invasion-of-rus,BLR:gdl-britannica
TL:BLR:event:1392:belarusian-lands-within-the-grand-duchy,BLR:gdl-britannica
TL:BLR:event:1392:belarusian-lands-within-the-grand-duchy,BLR:history-belarus-britannica
TL:BLR:event:1517:skaryna-prints-the-first-east-slavic-book,BLR:skaryna-ldk
TL:BLR:event:1517:skaryna-prints-the-first-east-slavic-book,BLR:history-belarus-britannica
TL:BLR:event:1522:a-printing-press-in-vilnius,BLR:skaryna-ldk
TL:BLR:event:1520:mir-castle-and-the-radziwill-magnates,BLR:mir-unesco
TL:BLR:event:1520:mir-castle-and-the-radziwill-magnates,BLR:nesvizh-unesco
TL:BLR:event:1569:union-of-lublin-and-the-commonwealth,BLR:commonwealth-britannica
TL:BLR:event:1569:union-of-lublin-and-the-commonwealth,BLR:history-belarus-britannica
TL:BLR:event:1772:partitions-of-poland-and-russian-annexation,BLR:history-belarus-britannica
TL:BLR:event:1772:partitions-of-poland-and-russian-annexation,BLR:belarus-britannica
TL:BLR:event:1839:suppression-of-the-uniate-church-and,BLR:history-belarus-britannica
TL:BLR:event:1816:the-struve-geodetic-arc,BLR:struve-unesco
TL:BLR:event:1906:nasha-niva-and-the-national-awakening,BLR:kupala-britannica
TL:BLR:event:1906:nasha-niva-and-the-national-awakening,BLR:history-belarus-britannica
TL:BLR:event:1918:belarusian-people-s-republic-proclaimed,BLR:bssr-britannica
TL:BLR:event:1918:belarusian-people-s-republic-proclaimed,BLR:history-belarus-britannica
TL:BLR:event:1919:founding-of-the-byelorussian-ssr,BLR:bssr-britannica
TL:BLR:event:1921:treaty-of-riga-partitions-belarus,BLR:bssr-britannica
TL:BLR:event:1937:stalinist-terror-and-kurapaty,BLR:kurapaty-sciencespo
TL:BLR:event:1939:reunification-of-western-belarus,BLR:bssr-britannica
TL:BLR:event:1939:reunification-of-western-belarus,BLR:history-belarus-britannica
TL:BLR:event:1941:nazi-occupation-and-mass-death,BLR:archives-war
TL:BLR:event:1941:nazi-occupation-and-mass-death,BLR:history-belarus-britannica
TL:BLR:event:1943:the-khatyn-massacre,BLR:archives-war
TL:BLR:event:1945:founding-member-of-the-united-nations,BLR:un-belarus
TL:BLR:event:1945:founding-member-of-the-united-nations,BLR:bssr-britannica
TL:BLR:event:1986:the-chernobyl-disaster,BLR:chernobyl-un
TL:BLR:event:1986:the-chernobyl-disaster,BLR:belarus-britannica
TL:BLR:event:1991:independence-of-belarus,BLR:sovereignty-icl
TL:BLR:event:1991:independence-of-belarus,BLR:bssr-britannica
TL:BLR:event:1991:belavezha-accords-dissolve-the-ussr,BLR:belavezha-eu
TL:BLR:event:1991:belavezha-accords-dissolve-the-ussr,BLR:bialowieza-unesco
TL:BLR:event:1991:belavezha-accords-dissolve-the-ussr,BLR:bssr-britannica
TL:BLR:event:1994:lukashenka-elected-president,BLR:lukashenko-britannica
TL:BLR:event:1999:treaty-on-the-union-state-with-russia,BLR:union-state-britannica
TL:BLR:event:1999:treaty-on-the-union-state-with-russia,BLR:lukashenko-britannica
TL:BLR:event:2020:disputed-election-and-mass-protests,BLR:eu-belarus-2020
TL:BLR:event:2020:disputed-election-and-mass-protests,BLR:lukashenko-britannica
TL:BLZ:event:1500bce:maya-settlement-of-the-lowlands,BLZ:britannica-history-belize
TL:BLZ:event:1500bce:maya-settlement-of-the-lowlands,BLZ:loc-guyana-belize
TL:BLZ:event:1500bce:maya-settlement-of-the-lowlands,BLZ:mfa-belize-history
TL:BLZ:event:562:caracol-defeats-tikal,BLZ:caracol-project
TL:BLZ:event:562:caracol-defeats-tikal,BLZ:britannica-history-belize
TL:BLZ:event:700:height-of-the-classic-maya-cities,BLZ:caracol-project
TL:BLZ:event:700:height-of-the-classic-maya-cities,BLZ:britannica-history-belize
TL:BLZ:event:700:height-of-the-classic-maya-cities,BLZ:mfa-belize-history
TL:BLZ:event:900:the-classic-maya-collapse,BLZ:britannica-history-belize
TL:BLZ:event:900:the-classic-maya-collapse,BLZ:loc-guyana-belize
TL:BLZ:event:1638:british-woodcutters-settle-the-coast,BLZ:britannica-history-belize
TL:BLZ:event:1638:british-woodcutters-settle-the-coast,BLZ:loc-guyana-belize
TL:BLZ:event:1638:british-woodcutters-settle-the-coast,BLZ:officialhistorian-belize
TL:BLZ:event:1724:enslaved-africans-imported-for-the-timber-trade,BLZ:britannica-history-belize
TL:BLZ:event:1724:enslaved-africans-imported-for-the-timber-trade,BLZ:loc-guyana-belize
TL:BLZ:event:1763:spain-concedes-cutting-rights,BLZ:britannica-history-belize
TL:BLZ:event:1763:spain-concedes-cutting-rights,BLZ:mfa-belize-history
TL:BLZ:event:1763:spain-concedes-cutting-rights,BLZ:loc-guyana-belize
TL:BLZ:event:1798:battle-of-st-george-s-caye,BLZ:britannica-history-belize
TL:BLZ:event:1798:battle-of-st-george-s-caye,BLZ:mfa-belize-history
TL:BLZ:event:1798:battle-of-st-george-s-caye,BLZ:officialhistorian-belize
TL:BLZ:event:1802:the-garifuna-reach-the-southern-coast,BLZ:loc-guyana-belize
TL:BLZ:event:1802:the-garifuna-reach-the-southern-coast,BLZ:britannica-history-belize
TL:BLZ:event:1838:emancipation-completed,BLZ:britannica-history-belize
TL:BLZ:event:1838:emancipation-completed,BLZ:loc-guyana-belize
TL:BLZ:event:1847:caste-war-refugees-swell-the-population,BLZ:britannica-history-belize
TL:BLZ:event:1847:caste-war-refugees-swell-the-population,BLZ:loc-guyana-belize
TL:BLZ:event:1859:the-anglo-guatemalan-boundary-treaty,BLZ:oas-belize-guatemala
TL:BLZ:event:1859:the-anglo-guatemalan-boundary-treaty,BLZ:icj-belize-guatemala
TL:BLZ:event:1859:the-anglo-guatemalan-boundary-treaty,BLZ:mfa-belize-history
TL:BLZ:event:1862:the-colony-of-british-honduras,BLZ:britannica-history-belize
TL:BLZ:event:1862:the-colony-of-british-honduras,BLZ:officialhistorian-belize
TL:BLZ:event:1862:the-colony-of-british-honduras,BLZ:loc-guyana-belize
TL:BLZ:event:1950:the-people-s-united-party-founded,BLZ:britannica-history-belize
TL:BLZ:event:1950:the-people-s-united-party-founded,BLZ:britannica-price
TL:BLZ:event:1950:the-people-s-united-party-founded,BLZ:mfa-belize-history
TL:BLZ:event:1954:universal-adult-suffrage,BLZ:britannica-history-belize
TL:BLZ:event:1954:universal-adult-suffrage,BLZ:mfa-belize-history
TL:BLZ:event:1964:internal-self-government,BLZ:britannica-history-belize
TL:BLZ:event:1964:internal-self-government,BLZ:britannica-price
TL:BLZ:event:1964:internal-self-government,BLZ:mfa-belize-history
TL:BLZ:event:1973:british-honduras-renamed-belize,BLZ:officialhistorian-belize
TL:BLZ:event:1973:british-honduras-renamed-belize,BLZ:britannica-history-belize
TL:BLZ:event:1973:british-honduras-renamed-belize,BLZ:loc-guyana-belize
TL:BLZ:event:1981:independence-as-belize,BLZ:officialhistorian-belize
TL:BLZ:event:1981:independence-as-belize,BLZ:britannica-history-belize
TL:BLZ:event:1981:independence-as-belize,BLZ:mfa-belize-history
TL:BLZ:event:1981:recognition-and-an-embassy,BLZ:officialhistorian-belize
TL:BLZ:event:1996:barrier-reef-made-a-world-heritage-site,BLZ:unesco-barrier-reef
TL:BLZ:event:1996:barrier-reef-made-a-world-heritage-site,BLZ:britannica-belize
TL:BLZ:event:2008:special-agreement-on-the-dispute,BLZ:oas-belize-guatemala
TL:BLZ:event:2008:special-agreement-on-the-dispute,BLZ:icj-belize-guatemala
TL:BLZ:event:2019:belize-votes-to-go-to-the-icj,BLZ:icj-belize-guatemala
TL:BLZ:event:2019:belize-votes-to-go-to-the-icj,BLZ:oas-belize-guatemala
TL:BLZ:event:2019:belize-votes-to-go-to-the-icj,BLZ:belize-referendum
TL:BLZ:event:2020:pleadings-before-the-world-court,BLZ:icj-belize-guatemala
TL:BLZ:event:2026:a-nation-of-419-000,BLZ:sib-belize
TL:BOL:event:500:tiwanaku-reaches-its-apogee,BOL:unesco-tiwanaku
TL:BOL:event:500:tiwanaku-reaches-its-apogee,BOL:britannica-bolivia-early
TL:BOL:event:1200:the-aymara-lordships,BOL:britannica-bolivia-early
TL:BOL:event:1450:inca-conquest-of-the-highlands,BOL:britannica-bolivia-early
TL:BOL:event:1538:spanish-conquest-of-charcas,BOL:britannica-bolivia-early
TL:BOL:event:1538:spanish-conquest-of-charcas,BOL:loc-bolivia-study
TL:BOL:event:1545:silver-discovered-at-cerro-rico,BOL:unesco-potosi
TL:BOL:event:1545:silver-discovered-at-cerro-rico,BOL:britannica-bolivia-early
TL:BOL:event:1573:toledo-systematises-the-mita,BOL:britannica-bolivia-early
TL:BOL:event:1573:toledo-systematises-the-mita,BOL:unesco-potosi
TL:BOL:event:1545:potosi-feeds-the-spanish-empire,BOL:unesco-potosi
TL:BOL:event:1545:potosi-feeds-the-spanish-empire,BOL:britannica-bolivia-early
TL:BOL:event:1781:tupac-katari-besieges-la-paz,BOL:britannica-tupac-amaru-ii
TL:BOL:event:1781:tupac-katari-besieges-la-paz,BOL:loc-bolivia-study
TL:BOL:event:1809:uprisings-at-chuquisaca-and-la-paz,BOL:britannica-bolivia-early
TL:BOL:event:1809:uprisings-at-chuquisaca-and-la-paz,BOL:loc-bolivia-study
TL:BOL:event:1824:battle-of-ayacucho,BOL:britannica-sucre
TL:BOL:event:1824:battle-of-ayacucho,BOL:britannica-bolivar-bolivia
TL:BOL:event:1825:republic-of-bolivia-proclaimed,BOL:britannica-bolivar-bolivia
TL:BOL:event:1825:republic-of-bolivia-proclaimed,BOL:britannica-sucre
TL:BOL:event:1879:war-of-the-pacific,BOL:britannica-war-pacific
TL:BOL:event:1879:war-of-the-pacific,BOL:loc-bolivia-study
TL:BOL:event:1904:treaty-confirms-the-loss-of-the-coast,BOL:britannica-war-pacific
TL:BOL:event:1904:treaty-confirms-the-loss-of-the-coast,BOL:britannica-bolivia
TL:BOL:event:1904:treaty-confirms-the-loss-of-the-coast,BOL:loc-bolivia-study
TL:BOL:event:1900:the-age-of-the-tin-barons,BOL:loc-bolivia-study
TL:BOL:event:1900:the-age-of-the-tin-barons,BOL:britannica-bolivia-early
TL:BOL:event:1932:the-chaco-war-with-paraguay,BOL:britannica-chaco-war
TL:BOL:event:1932:the-chaco-war-with-paraguay,BOL:loc-bolivia-study
TL:BOL:event:1952:the-national-revolution,BOL:britannica-paz-estenssoro
TL:BOL:event:1952:the-national-revolution,BOL:loc-bolivia-study
TL:BOL:event:1952:tin-nationalised-suffrage-and-land-reform,BOL:britannica-paz-estenssoro
TL:BOL:event:1952:tin-nationalised-suffrage-and-land-reform,BOL:loc-bolivia-study
TL:BOL:event:1964:military-coup-ends-the-revolution,BOL:loc-bolivia-study
TL:BOL:event:1964:military-coup-ends-the-revolution,BOL:britannica-paz-estenssoro
TL:BOL:event:1967:death-of-che-guevara,BOL:loc-bolivia-study
TL:BOL:event:1982:return-to-democracy,BOL:loc-bolivia-study
TL:BOL:event:1982:return-to-democracy,BOL:statedept-bolivia
TL:BOL:event:1985:hyperinflation-and-stabilisation,BOL:britannica-paz-estenssoro
TL:BOL:event:1985:hyperinflation-and-stabilisation,BOL:loc-bolivia-study
TL:BOL:event:2006:evo-morales-takes-office,BOL:britannica-morales
TL:BOL:event:2006:evo-morales-takes-office,BOL:statedept-bolivia
TL:BOL:event:2009:plurinational-constitution,BOL:britannica-morales
TL:BOL:event:2019:disputed-election-and-morales-s-resignation,BOL:britannica-morales
TL:BOL:event:2019:disputed-election-and-morales-s-resignation,BOL:britannica-arce
TL:BOL:event:2020:return-of-the-mas-under-arce,BOL:britannica-arce
TL:BOL:event:2025:turn-to-the-centre-right,BOL:britannica-arce
TL:BRA:event:10000bce:ancient-settlement-of-the-land,BRA:britannica-brazil
TL:BRA:event:10000bce:ancient-settlement-of-the-land,BRA:ibge-indigenous
TL:BRA:event:1:tupi-guarani-expansion,BRA:britannica-brazil
TL:BRA:event:1000:complex-amazonian-societies,BRA:britannica-brazil
TL:BRA:event:1500:some-thousand-nations-at-contact,BRA:britannica-brazil
TL:BRA:event:1500:some-thousand-nations-at-contact,BRA:ibge-indigenous
TL:BRA:event:1500:cabral-claims-brazil-for-portugal,BRA:britannica-cabral
TL:BRA:event:1500:cabral-claims-brazil-for-portugal,BRA:britannica-brazil
TL:BRA:event:1530:the-sugar-economy,BRA:britannica-brazil
TL:BRA:event:1538:transatlantic-slave-trade,BRA:slavevoyages
TL:BRA:event:1538:transatlantic-slave-trade,BRA:britannica-brazil
TL:BRA:event:1695:gold-rush-in-minas-gerais,BRA:unesco-ouro-preto
TL:BRA:event:1695:gold-rush-in-minas-gerais,BRA:britannica-brazil
TL:BRA:event:1808:the-court-moves-to-rio,BRA:britannica-brazil
TL:BRA:event:1808:the-court-moves-to-rio,BRA:britannica-pedro-i
TL:BRA:event:1822:independence-and-the-empire,BRA:britannica-pedro-i
TL:BRA:event:1822:independence-and-the-empire,BRA:britannica-brazil
TL:BRA:event:1840:reign-of-pedro-ii-begins,BRA:britannica-pedro-ii
TL:BRA:event:1840:reign-of-pedro-ii-begins,BRA:britannica-brazil
TL:BRA:event:1864:war-of-the-triple-alliance,BRA:britannica-brazil
TL:BRA:event:1888:abolition-of-slavery,BRA:britannica-brazil
TL:BRA:event:1889:proclamation-of-the-republic,BRA:britannica-deodoro
TL:BRA:event:1889:proclamation-of-the-republic,BRA:britannica-brazil
TL:BRA:event:1891:first-republican-constitution,BRA:britannica-brazil
TL:BRA:event:1896:war-of-canudos,BRA:britannica-brazil
TL:BRA:event:1888:mass-immigration,BRA:britannica-brazil
TL:BRA:event:1930:revolution-of-1930,BRA:britannica-vargas
TL:BRA:event:1930:revolution-of-1930,BRA:britannica-brazil
TL:BRA:event:1937:the-estado-novo,BRA:britannica-vargas
TL:BRA:event:1937:the-estado-novo,BRA:britannica-estado-novo
TL:BRA:event:1960:inauguration-of-brasilia,BRA:unesco-brasilia
TL:BRA:event:1964:military-coup,BRA:britannica-brazil
TL:BRA:event:1968:institutional-act-number-five,BRA:britannica-brazil
TL:BRA:event:1985:return-to-civilian-rule,BRA:britannica-brazil
TL:BRA:event:1988:the-citizen-constitution,BRA:constitutionnet-brazil
TL:BRA:event:1988:the-citizen-constitution,BRA:britannica-brazil
TL:BRA:event:1994:plano-real-ends-hyperinflation,BRA:britannica-brazil
TL:BRA:event:2003:lula-and-social-inclusion,BRA:britannica-lula
TL:BRA:event:2016:impeachment-amid-lava-jato,BRA:britannica-brazil
TL:BRA:event:2023:brasilia-attacked-democracy-holds,BRA:britannica-lula
TL:BRA:event:2023:brasilia-attacked-democracy-holds,BRA:britannica-brazil
TL:BRN:event:518:brunei-trades-with-china-as-po-ni,BRN:britannica-history-brunei
TL:BRN:event:518:brunei-trades-with-china-as-po-ni,BRN:britannica-brunei
TL:BRN:event:1225:boni-described-as-a-wealthy-maritime-kingdom,BRN:britannica-history-brunei
TL:BRN:event:1293:tributary-ties-to-majapahit,BRN:britannica-history-brunei
TL:BRN:event:1293:tributary-ties-to-majapahit,BRN:britannica-majapahit
TL:BRN:event:1363:conversion-to-islam-and-the-first-sultan,BRN:britannica-history-brunei
TL:BRN:event:1363:conversion-to-islam-and-the-first-sultan,BRN:britannica-brunei
TL:BRN:event:1368:founding-of-the-ruling-dynasty,BRN:britannica-history-brunei
TL:BRN:event:1368:founding-of-the-ruling-dynasty,BRN:un-brunei-facts
TL:BRN:event:1485:accession-of-sultan-bolkiah,BRN:britannica-history-brunei
TL:BRN:event:1500:empire-at-its-zenith,BRN:britannica-history-brunei
TL:BRN:event:1500:empire-at-its-zenith,BRN:un-brunei-facts
TL:BRN:event:1521:magellan-s-expedition-reaches-brunei,BRN:britannica-history-brunei
TL:BRN:event:1521:magellan-s-expedition-reaches-brunei,BRN:britannica-magellan
TL:BRN:event:1578:spanish-attack-on-the-capital,BRN:britannica-history-brunei
TL:BRN:event:1841:cession-of-sarawak-to-james-brooke,BRN:britannica-history-brunei
TL:BRN:event:1841:cession-of-sarawak-to-james-brooke,BRN:britannica-james-brooke
TL:BRN:event:1841:cession-of-sarawak-to-james-brooke,BRN:britannica-sarawak
TL:BRN:event:1846:labuan-ceded-to-britain,BRN:britannica-history-brunei
TL:BRN:event:1846:labuan-ceded-to-britain,BRN:britannica-james-brooke
TL:BRN:event:1888:brunei-becomes-a-british-protectorate,BRN:britannica-history-brunei
TL:BRN:event:1888:brunei-becomes-a-british-protectorate,BRN:un-brunei-facts
TL:BRN:event:1906:british-residency-system-imposed,BRN:britannica-history-brunei
TL:BRN:event:1906:british-residency-system-imposed,BRN:un-brunei-facts
TL:BRN:event:1929:oil-struck-at-seria,BRN:britannica-history-brunei
TL:BRN:event:1929:oil-struck-at-seria,BRN:britannica-brunei
TL:BRN:event:1941:japanese-occupation-begins,BRN:britannica-history-brunei
TL:BRN:event:1945:allied-liberation,BRN:britannica-history-brunei
TL:BRN:event:1945:allied-liberation,BRN:britannica-bandar-seri-begawan
TL:BRN:event:1959:constitution-grants-self-government,BRN:britannica-history-brunei
TL:BRN:event:1959:constitution-grants-self-government,BRN:britannica-omar-ali-saifuddin
TL:BRN:event:1959:constitution-grants-self-government,BRN:un-brunei-facts
TL:BRN:event:1962:the-brunei-revolt,BRN:britannica-history-brunei
TL:BRN:event:1963:brunei-stays-out-of-malaysia,BRN:britannica-history-brunei
TL:BRN:event:1967:accession-of-hassanal-bolkiah,BRN:britannica-hassanal-bolkiah
TL:BRN:event:1967:accession-of-hassanal-bolkiah,BRN:britannica-history-brunei
TL:BRN:event:1967:accession-of-hassanal-bolkiah,BRN:britannica-brunei
TL:BRN:event:1984:full-independence-and-malay-islamic-monarchy,BRN:history-state-brunei
TL:BRN:event:1984:full-independence-and-malay-islamic-monarchy,BRN:un-brunei-facts
TL:BRN:event:2014:sharia-penal-code-phased-in,BRN:britannica-brunei
TL:BTN:event:700:first-buddhist-temples-founded,BTN:loc-nepalbhutan
TL:BTN:event:700:first-buddhist-temples-founded,BTN:britannica-bhutan-history
TL:BTN:event:747:guru-rinpoche-brings-buddhism-to-bhutan,BTN:britannica-padmasambhava
TL:BTN:event:747:guru-rinpoche-brings-buddhism-to-bhutan,BTN:loc-nepalbhutan
TL:BTN:event:1200:drukpa-kagyu-tradition-takes-root,BTN:loc-nepalbhutan
TL:BTN:event:1200:drukpa-kagyu-tradition-takes-root,BTN:britannica-bhutan-history
TL:BTN:event:1616:zhabdrung-ngawang-namgyal-arrives-in-bhutan,BTN:britannica-bhutan-history
TL:BTN:event:1616:zhabdrung-ngawang-namgyal-arrives-in-bhutan,BTN:loc-nepalbhutan
TL:BTN:event:1637:punakha-dzong-founded,BTN:unesco-bhutan-dzongs
TL:BTN:event:1637:punakha-dzong-founded,BTN:loc-nepalbhutan
TL:BTN:event:1651:dual-system-of-government-established,BTN:britannica-bhutan-history
TL:BTN:event:1651:dual-system-of-government-established,BTN:loc-nepalbhutan
TL:BTN:event:1720:a-chinese-imperial-army-enters-bhutan,BTN:bbc-bhutan
TL:BTN:event:1772:the-first-british-intervention,BTN:bbc-bhutan
TL:BTN:event:1864:the-duar-war-with-british-india,BTN:britannica-bhutan-history
TL:BTN:event:1864:the-duar-war-with-british-india,BTN:loc-nepalbhutan
TL:BTN:event:1865:treaty-of-sinchula,BTN:britannica-bhutan-history
TL:BTN:event:1865:treaty-of-sinchula,BTN:loc-nepalbhutan
TL:BTN:event:1910:treaty-of-punakha,BTN:cambridge-punakha-1910
TL:BTN:event:1910:treaty-of-punakha,BTN:loc-nepalbhutan
TL:BTN:event:1907:ugyen-wangchuck-crowned-first-king,BTN:britannica-bhutan-history
TL:BTN:event:1907:ugyen-wangchuck-crowned-first-king,BTN:loc-nepalbhutan
TL:BTN:event:1926:accession-of-the-second-king,BTN:loc-nepalbhutan
TL:BTN:event:1926:accession-of-the-second-king,BTN:britannica-bhutan-history
TL:BTN:event:1949:the-treaty-with-independent-india,BTN:bbc-bhutan
TL:BTN:event:1953:national-assembly-established,BTN:britannica-jigme-dorji
TL:BTN:event:1953:national-assembly-established,BTN:loc-nepalbhutan
TL:BTN:event:1971:bhutan-joins-the-united-nations,BTN:un-bhutan-admission
TL:BTN:event:1971:bhutan-joins-the-united-nations,BTN:mfa-bhutan-un
TL:BTN:event:1972:gross-national-happiness-proclaimed,BTN:mfa-bhutan-gnh
TL:BTN:event:1972:gross-national-happiness-proclaimed,BTN:ophi-gnh
TL:BTN:event:1958:slavery-abolished,BTN:bbc-bhutan
TL:BTN:event:1974:the-first-foreign-tourists,BTN:bbc-bhutan
TL:BTN:event:1988:the-census-and-the-citizenship-rules,BTN:bbc-bhutan
TL:BTN:event:1988:the-census-and-the-citizenship-rules,BTN:unhcr-bhutanese
TL:BTN:event:1991:exodus-of-the-lhotshampa,BTN:unhcr-bhutanese
TL:BTN:event:1991:exodus-of-the-lhotshampa,BTN:loc-nepalbhutan
TL:BTN:event:2007:resettlement-of-bhutanese-refugees,BTN:iom-bhutanese-resettlement
TL:BTN:event:2007:resettlement-of-bhutanese-refugees,BTN:unhcr-bhutanese
TL:BTN:event:1999:television-and-the-internet-arrive,BTN:bbc-bhutan
TL:BTN:event:2007:the-treaty-with-india-revised,BTN:bbc-bhutan
TL:BTN:event:2008:constitution-and-democratic-monarchy,BTN:britannica-bhutan-history
TL:BTN:event:2008:constitution-and-democratic-monarchy,BTN:state-us-bhutan
TL:BTN:event:2008:coronation-of-the-fifth-king,BTN:britannica-bhutan-history
TL:BTN:event:2008:coronation-of-the-fifth-king,BTN:state-us-bhutan
TL:BTN:event:2013:a-prime-minister-questions-gross-national,BTN:bbc-bhutan
TL:BWA:event:24000bce:rock-art-at-tsodilo-hills,BWA:unesco-tsodilo
TL:BWA:event:24000bce:rock-art-at-tsodilo-hills,BWA:wiki-tsodilo
TL:BWA:event:24000bce:rock-art-at-tsodilo-hills,BWA:britmuseum-tsodilo
TL:BWA:event:1:herders-and-farmers-arrive,BWA:wiki-history-bw
TL:BWA:event:1:herders-and-farmers-arrive,BWA:britannica-botswana
TL:BWA:event:200:early-bantu-settlement,BWA:wiki-history-bw
TL:BWA:event:1750:rise-of-the-tswana-merafe,BWA:wiki-history-bw
TL:BWA:event:1750:rise-of-the-tswana-merafe,BWA:britannica-botswana
TL:BWA:event:1810:the-difaqane-convulses-the-region,BWA:wiki-history-bw
TL:BWA:event:1810:the-difaqane-convulses-the-region,BWA:sahistory-matabele
TL:BWA:event:1826:sebego-expels-the-kololo,BWA:wiki-history-bw
TL:BWA:event:1837:ndebele-raids-under-mzilikazi,BWA:sahistory-matabele
TL:BWA:event:1837:ndebele-raids-under-mzilikazi,BWA:worldhistory-matabele
TL:BWA:event:1816:london-missionary-society-arrives,BWA:wiki-history-bw
TL:BWA:event:1816:london-missionary-society-arrives,BWA:britannica-botswana
TL:BWA:event:1845:livingstone-founds-kolobeng,BWA:wiki-history-bw
TL:BWA:event:1852:boer-attack-on-the-bakwena,BWA:wiki-history-bw
TL:BWA:event:1875:khama-iii-becomes-kgosi-of-the-bangwato,BWA:encyaf-khama
TL:BWA:event:1875:khama-iii-becomes-kgosi-of-the-bangwato,BWA:wiki-history-bw
TL:BWA:event:1885:bechuanaland-protectorate-declared,BWA:wiki-bechuanaland
TL:BWA:event:1885:bechuanaland-protectorate-declared,BWA:britannica-botswana
TL:BWA:event:1895:the-three-kings-mission-to-britain,BWA:wiki-bechuanaland
TL:BWA:event:1895:the-three-kings-mission-to-britain,BWA:encyaf-khama
TL:BWA:event:1895:the-three-kings-mission-to-britain,BWA:wiki-bathoen
TL:BWA:event:1895:the-three-kings-mission-to-britain,BWA:makingafrican-willoughby
TL:BWA:event:1895:capital-moved-to-mafeking,BWA:wiki-bechuanaland
TL:BWA:event:1895:capital-moved-to-mafeking,BWA:britannica-botswana
TL:BWA:event:1948:seretse-khama-marries-ruth-williams,BWA:britannica-seretse
TL:BWA:event:1948:seretse-khama-marries-ruth-williams,BWA:wiki-seretse
TL:BWA:event:1950:exile-and-return-of-seretse-khama,BWA:britannica-seretse
TL:BWA:event:1950:exile-and-return-of-seretse-khama,BWA:wiki-seretse
TL:BWA:event:1965:bdp-wins-the-first-general-election,BWA:wiki-history-bw
TL:BWA:event:1965:bdp-wins-the-first-general-election,BWA:britannica-seretse
TL:BWA:event:1966:independence-of-botswana,BWA:wiki-history-bw
TL:BWA:event:1966:independence-of-botswana,BWA:britannica-seretse
TL:BWA:event:1966:independence-of-botswana,BWA:wiki-bechuanaland
TL:BWA:event:1967:diamonds-discovered-at-orapa,BWA:wiki-orapa
TL:BWA:event:1967:diamonds-discovered-at-orapa,BWA:theboar-botswana
TL:BWA:event:1969:debswana-partnership-formed,BWA:wiki-orapa
TL:BWA:event:1969:debswana-partnership-formed,BWA:theboar-botswana
TL:BWA:event:1980:death-of-seretse-khama,BWA:britannica-seretse
TL:BWA:event:1980:death-of-seretse-khama,BWA:wiki-seretse
TL:CAF:event:3500bce:the-megaliths-of-bouar-are-raised,CAF:britannica-car-history
TL:CAF:event:3500bce:the-megaliths-of-bouar-are-raised,CAF:kiddle-car-history
TL:CAF:event:3500bce:the-megaliths-of-bouar-are-raised,CAF:wiki-bouar
TL:CAF:event:1000bce:ironworking-and-migration,CAF:kiddle-car-history
TL:CAF:event:1000bce:ironworking-and-migration,CAF:britannica-car-history
TL:CAF:event:1700:zande-and-bandia-kingdoms-expand,CAF:wiki-azande
TL:CAF:event:1700:zande-and-bandia-kingdoms-expand,CAF:wiki-bangassou-nzakara
TL:CAF:event:1700:zande-and-bandia-kingdoms-expand,CAF:britannica-car-history
TL:CAF:event:1830:dar-al-kuti-founded-under-wadai,CAF:wiki-dar-al-kuti
TL:CAF:event:1830:dar-al-kuti-founded-under-wadai,CAF:britannica-car-history
TL:CAF:event:1890:al-zubayr-installs-al-sanusi-at-dar-al-kuti,CAF:wiki-dar-al-kuti
TL:CAF:event:1890:al-zubayr-installs-al-sanusi-at-dar-al-kuti,CAF:wiki-rabih
TL:CAF:event:1890:al-zubayr-installs-al-sanusi-at-dar-al-kuti,CAF:britannica-car-history
TL:CAF:event:1889:france-founds-bangui,CAF:kiddle-car-history
TL:CAF:event:1889:france-founds-bangui,CAF:britannica-car-history
TL:CAF:event:1899:concessionary-companies-take-over,CAF:wiki-french-equatorial-africa
TL:CAF:event:1899:concessionary-companies-take-over,CAF:wiki-upper-ubangi-company
TL:CAF:event:1899:concessionary-companies-take-over,CAF:yawboadu-car-economy
TL:CAF:event:1911:death-of-al-sanusi-of-dar-al-kuti,CAF:wiki-dar-al-kuti
TL:CAF:event:1928:kongo-wara-rebellion,CAF:wiki-kongo-wara
TL:CAF:event:1928:kongo-wara-rebellion,CAF:britannica-car-history
TL:CAF:event:1949:boganda-founds-mesan,CAF:britannica-boganda
TL:CAF:event:1949:boganda-founds-mesan,CAF:newworld-boganda
TL:CAF:event:1949:boganda-founds-mesan,CAF:wiki-mesan
TL:CAF:event:1959:death-of-boganda,CAF:britannica-boganda
TL:CAF:event:1959:death-of-boganda,CAF:newworld-boganda
TL:CAF:event:1959:death-of-boganda,CAF:face2face-boganda
TL:CAF:event:1960:independence-from-france,CAF:britannica-car-independence
TL:CAF:event:1960:independence-from-france,CAF:wiki-dacko
TL:CAF:event:1960:independence-from-france,CAF:factbook-car
TL:CAF:event:1910:ubangi-shari-joins-french-equatorial-africa,CAF:bbc-caf
TL:CAF:event:1946:an-assembly-and-a-seat-in-paris,CAF:bbc-caf
TL:CAF:event:1946:an-assembly-and-a-seat-in-paris,CAF:britannica-boganda
TL:CAF:event:1958:self-government-under-boganda,CAF:bbc-caf
TL:CAF:event:1958:self-government-under-boganda,CAF:britannica-boganda
TL:CAF:event:1966:bokassa-seizes-power,CAF:wiki-bokassa
TL:CAF:event:1966:bokassa-seizes-power,CAF:britannica-car-history
TL:CAF:event:1977:coronation-of-emperor-bokassa-i,CAF:wiki-bokassa
TL:CAF:event:1977:coronation-of-emperor-bokassa-i,CAF:britannica-bokassa
TL:CAF:event:1979:killing-of-schoolchildren,CAF:wiki-bokassa
TL:CAF:event:1979:killing-of-schoolchildren,CAF:britannica-bokassa
TL:CAF:event:1979:france-overthrows-bokassa,CAF:wiki-bokassa
TL:CAF:event:1979:france-overthrows-bokassa,CAF:britannica-bokassa
TL:CAF:event:2003:bozize-seizes-power,CAF:kiddle-car-history
TL:CAF:event:2003:bozize-seizes-power,CAF:britannica-car-history
TL:CAF:event:1993:patasse-ends-twelve-years-of-military-rule,CAF:bbc-caf
TL:CAF:event:2013:seleka-captures-bangui,CAF:wiki-car-civil-war
TL:CAF:event:2013:seleka-captures-bangui,CAF:britannica-car-history
TL:CAF:event:2013:sectarian-civil-war-erupts,CAF:wiki-car-civil-war
TL:CAF:event:2013:sectarian-civil-war-erupts,CAF:britannica-car-history
TL:CAF:event:2014:un-establishes-minusca,CAF:wiki-car-civil-war
TL:CAF:event:2014:un-establishes-minusca,CAF:un-minusca
TL:CAF:event:2019:khartoum-peace-agreement,CAF:wiki-car-civil-war
TL:CAF:event:2020:cpc-offensive-and-wagner,CAF:wiki-car-civil-war
TL:CAF:event:2020:cpc-offensive-and-wagner,CAF:factbook-car
TL:CAN:event:15000bce:peopling-of-the-continent,CAN:cdn-enc-indigenous
TL:CAN:event:15000bce:peopling-of-the-continent,CAN:brit-canada
TL:CAN:event:1000:norse-arrival-at-l-anse-aux-meadows,CAN:unesco-lanse
TL:CAN:event:1000:norse-arrival-at-l-anse-aux-meadows,CAN:brit-lanse
TL:CAN:event:1497:john-cabot-reaches-the-atlantic-coast,CAN:brit-canada
TL:CAN:event:1497:john-cabot-reaches-the-atlantic-coast,CAN:cdn-enc-indigenous
TL:CAN:event:1534:jacques-cartier-explores-the-st-lawrence,CAN:brit-canada
TL:CAN:event:1534:jacques-cartier-explores-the-st-lawrence,CAN:cdn-enc-champlain
TL:CAN:event:1608:champlain-founds-quebec,CAN:cdn-enc-champlain
TL:CAN:event:1608:champlain-founds-quebec,CAN:vmnf-champlain
TL:CAN:event:1642:founding-of-montreal,CAN:brit-canada
TL:CAN:event:1759:battle-of-the-plains-of-abraham,CAN:brit-canada
TL:CAN:event:1759:battle-of-the-plains-of-abraham,CAN:cdn-enc-quebec-act
TL:CAN:event:1763:treaty-of-paris-cedes-new-france-to-britain,CAN:brit-bna-act
TL:CAN:event:1763:treaty-of-paris-cedes-new-france-to-britain,CAN:cdn-enc-quebec-act
TL:CAN:event:1774:quebec-act,CAN:cdn-enc-quebec-act
TL:CAN:event:1774:quebec-act,CAN:ukparl-quebec-act
TL:CAN:event:1791:constitutional-act-divides-the-canadas,CAN:brit-canada
TL:CAN:event:1837:rebellions-in-upper-and-lower-canada,CAN:brit-canada
TL:CAN:event:1867:confederation-the-dominion-of-canada,CAN:brit-bna-act
TL:CAN:event:1867:confederation-the-dominion-of-canada,CAN:cdn-enc-confederation
TL:CAN:event:1867:confederation-the-dominion-of-canada,CAN:cmh-bna-act
TL:CAN:event:1869:red-river-resistance-and-manitoba,CAN:brit-canada
TL:CAN:event:1869:red-river-resistance-and-manitoba,CAN:cdn-enc-confederation
TL:CAN:event:1876:the-indian-act,CAN:cdn-enc-indigenous
TL:CAN:event:1876:the-indian-act,CAN:nctr-reports
TL:CAN:event:1885:canadian-pacific-railway-completed,CAN:brit-canada
TL:CAN:event:1885:canadian-pacific-railway-completed,CAN:cdn-enc-confederation
TL:CAN:event:1885:north-west-resistance-and-the-execution-of-riel,CAN:brit-canada
TL:CAN:event:1914:canada-in-the-first-world-war,CAN:vac-vimy
TL:CAN:event:1914:canada-in-the-first-world-war,CAN:brit-canada
TL:CAN:event:1917:conscription-crisis,CAN:brit-canada
TL:CAN:event:1931:statute-of-westminster,CAN:cdn-enc-westminster
TL:CAN:event:1931:statute-of-westminster,CAN:brit-canada
TL:CAN:event:1939:canada-in-the-second-world-war,CAN:brit-canada
TL:CAN:event:1965:a-new-national-flag-and-a-maturing-identity,CAN:brit-canada
TL:CAN:event:1971:official-multiculturalism-policy,CAN:pier21-multiculturalism
TL:CAN:event:1971:official-multiculturalism-policy,CAN:cdn-enc-multiculturalism
TL:CAN:event:1982:patriation-of-the-constitution,CAN:cdn-enc-constitution-1982
TL:CAN:event:1982:patriation-of-the-constitution,CAN:brit-canada
TL:CAN:event:1995:quebec-sovereignty-referendum,CAN:brit-canada
TL:CAN:event:2015:truth-and-reconciliation-commission-reports,CAN:nctr-reports
TL:CAN:event:2015:truth-and-reconciliation-commission-reports,CAN:cmhr-residential-schools
TL:CHE:event:1291:the-federal-charter-of-the-forest-cantons,CHE:aboutch-history
TL:CHE:event:1291:the-federal-charter-of-the-forest-cantons,CHE:britannica-late-middle-ages
TL:CHE:event:1315:battle-of-morgarten,CHE:britannica-morgarten
TL:CHE:event:1386:battle-of-sempach,CHE:britannica-morgarten
TL:CHE:event:1386:battle-of-sempach,CHE:britannica-late-middle-ages
TL:CHE:event:1476:the-burgundian-wars,CHE:britannica-late-middle-ages
TL:CHE:event:1476:the-burgundian-wars,CHE:nationalmuseum-borders
TL:CHE:event:1513:the-confederacy-of-thirteen-cantons,CHE:britannica-history
TL:CHE:event:1513:the-confederacy-of-thirteen-cantons,CHE:britannica-late-middle-ages
TL:CHE:event:1515:battle-of-marignano,CHE:aboutch-neutrality
TL:CHE:event:1515:battle-of-marignano,CHE:britannica-history
TL:CHE:event:1519:zwingli-s-reformation-in-zurich,CHE:britannica-zwingli
TL:CHE:event:1536:calvin-and-the-reformation-in-geneva,CHE:britannica-calvin
TL:CHE:event:1648:peace-of-westphalia-independence-from-the-empire,CHE:britannica-westphalia
TL:CHE:event:1648:peace-of-westphalia-independence-from-the-empire,CHE:aboutch-history
TL:CHE:event:1798:french-invasion-and-the-helvetic-republic,CHE:britannica-helvetic
TL:CHE:event:1798:french-invasion-and-the-helvetic-republic,CHE:aboutch-history
TL:CHE:event:1803:napoleon-s-act-of-mediation,CHE:britannica-helvetic
TL:CHE:event:1815:congress-of-vienna-recognises-permanent,CHE:aboutch-neutrality
TL:CHE:event:1815:congress-of-vienna-recognises-permanent,CHE:history-vienna-neutrality
TL:CHE:event:1815:the-borders-of-modern-switzerland-fixed,CHE:nationalmuseum-borders
TL:CHE:event:1815:the-borders-of-modern-switzerland-fixed,CHE:history-vienna-neutrality
TL:CHE:event:1847:the-sonderbund-war,CHE:britannica-sonderbund
TL:CHE:event:1847:the-sonderbund-war,CHE:britannica-dufour
TL:CHE:event:1848:the-federal-constitution,CHE:aboutch-history
TL:CHE:event:1848:the-federal-constitution,CHE:britannica-history
TL:CHE:event:1859:dunant-at-the-battle-of-solferino,CHE:icrc-founding
TL:CHE:event:1859:dunant-at-the-battle-of-solferino,CHE:aboutch-geneva-conventions
TL:CHE:event:1863:founding-of-the-red-cross-icrc,CHE:icrc-founding
TL:CHE:event:1864:the-first-geneva-convention,CHE:icrc-founding
TL:CHE:event:1864:the-first-geneva-convention,CHE:aboutch-geneva-conventions
TL:CHE:event:1920:joining-the-league-of-nations,CHE:aboutch-history
TL:CHE:event:1920:joining-the-league-of-nations,CHE:aboutch-neutrality
TL:CHE:event:1940:armed-neutrality-in-the-second-world-war,CHE:britannica-guisan
TL:CHE:event:1940:armed-neutrality-in-the-second-world-war,CHE:aboutch-neutrality
TL:CHE:event:1971:women-win-the-federal-vote,CHE:swissinfo-suffrage
TL:CHE:event:2002:switzerland-joins-the-united-nations,CHE:swissinfo-un
TL:CHE:event:2002:switzerland-joins-the-united-nations,CHE:aboutch-history
TL:CHE:event:2020:a-neutral-federal-republic-in-the-heart-of,CHE:nationalmuseum-borders
TL:CHE:event:2020:a-neutral-federal-republic-in-the-heart-of,CHE:aboutch-neutrality
TL:CHL:event:10000bce:ancient-peopling-of-the-land,CHL:britannica-history-chile
TL:CHL:event:10000bce:ancient-peopling-of-the-land,CHL:britannica-mapuche
TL:CHL:event:1000:the-moai-of-rapa-nui,CHL:unesco-rapa-nui
TL:CHL:event:1470:inca-expansion-reaches-the-maule,CHL:britannica-history-chile
TL:CHL:event:1470:inca-expansion-reaches-the-maule,CHL:britannica-araucanian-wars
TL:CHL:event:1536:almagro-s-expedition-turns-back,CHL:britannica-almagro
TL:CHL:event:1536:almagro-s-expedition-turns-back,CHL:britannica-history-chile
TL:CHL:event:1541:founding-of-santiago,CHL:britannica-valdivia
TL:CHL:event:1541:founding-of-santiago,CHL:britannica-santiago
TL:CHL:event:1550:conquest-reaches-the-biobio,CHL:britannica-valdivia
TL:CHL:event:1550:conquest-reaches-the-biobio,CHL:britannica-araucanian-wars
TL:CHL:event:1553:mapuche-defeat-and-kill-valdivia,CHL:britannica-lautaro
TL:CHL:event:1553:mapuche-defeat-and-kill-valdivia,CHL:britannica-araucanian-wars
TL:CHL:event:1600:the-frontier-captaincy-general,CHL:britannica-history-chile
TL:CHL:event:1600:the-frontier-captaincy-general,CHL:britannica-araucanian-wars
TL:CHL:event:1810:first-national-junta,CHL:britannica-history-chile
TL:CHL:event:1817:crossing-the-andes-and-chacabuco,CHL:britannica-san-martin
TL:CHL:event:1817:crossing-the-andes-and-chacabuco,CHL:britannica-ohiggins
TL:CHL:event:1818:the-battle-of-maipu,CHL:britannica-maipu
TL:CHL:event:1818:the-battle-of-maipu,CHL:britannica-ohiggins
TL:CHL:event:1833:the-constitution-of-1833,CHL:britannica-history-chile
TL:CHL:event:1879:the-war-of-the-pacific,CHL:britannica-war-of-the-pacific
TL:CHL:event:1879:the-war-of-the-pacific,CHL:britannica-history-chile
TL:CHL:event:1881:pacification-of-araucania,CHL:britannica-history-chile
TL:CHL:event:1881:pacification-of-araucania,CHL:britannica-araucanian-wars
TL:CHL:event:1971:neruda-wins-the-nobel-prize,CHL:britannica-neruda
TL:CHL:event:1970:election-of-salvador-allende,CHL:britannica-allende
TL:CHL:event:1970:election-of-salvador-allende,CHL:ofhistorian-allende
TL:CHL:event:1973:the-military-coup,CHL:britannica-coup-1973
TL:CHL:event:1973:the-military-coup,CHL:britannica-allende
TL:CHL:event:1973:the-military-coup,CHL:ofhistorian-allende
TL:CHL:event:1974:the-pinochet-dictatorship,CHL:britannica-pinochet
TL:CHL:event:1974:the-pinochet-dictatorship,CHL:rettig-report
TL:CHL:event:1974:the-pinochet-dictatorship,CHL:valech-report
TL:CHL:event:1980:the-1980-constitution,CHL:britannica-pinochet
TL:CHL:event:1980:the-1980-constitution,CHL:britannica-history-chile
TL:CHL:event:1988:the-no-plebiscite,CHL:britannica-pinochet
TL:CHL:event:1988:the-no-plebiscite,CHL:britannica-history-chile
TL:CHL:event:1990:return-to-democracy,CHL:britannica-history-chile
TL:CHL:event:1990:return-to-democracy,CHL:rettig-report
TL:CHL:event:1998:pinochet-arrested-in-london,CHL:britannica-pinochet
TL:CHL:event:2019:the-estallido-social-protests,CHL:britannica-history-chile
TL:CHL:event:2022:new-constitution-rejected,CHL:britannica-boric
TL:CHL:event:2022:new-constitution-rejected,CHL:britannica-history-chile
TL:CHN:event:1600bce:shang-dynasty-rules-the-yellow-river-valley,CHN:britannica-china
TL:CHN:event:1600bce:shang-dynasty-rules-the-yellow-river-valley,CHN:si-zhou
TL:CHN:event:1600bce:shang-dynasty-rules-the-yellow-river-valley,CHN:metmuseum-han
TL:CHN:event:1200bce:oracle-bone-divination-records,CHN:britannica-china
TL:CHN:event:1046bce:zhou-conquest-and-the-mandate-of-heaven,CHN:si-zhou
TL:CHN:event:1046bce:zhou-conquest-and-the-mandate-of-heaven,CHN:worldhistory-zhou
TL:CHN:event:771bce:western-zhou-collapses-eastern-zhou-begins,CHN:si-zhou
TL:CHN:event:771bce:western-zhou-collapses-eastern-zhou-begins,CHN:worldhistory-zhou
TL:CHN:event:551bce:lifetime-of-confucius,CHN:si-zhou
TL:CHN:event:551bce:lifetime-of-confucius,CHN:britannica-china
TL:CHN:event:221bce:qin-unifies-china-the-first-emperor-is,CHN:britannica-qin-shi-huang
TL:CHN:event:221bce:qin-unifies-china-the-first-emperor-is,CHN:britannica-china
TL:CHN:event:214bce:frontier-walls-joined-into-the-great-wall,CHN:unesco-great-wall
TL:CHN:event:214bce:frontier-walls-joined-into-the-great-wall,CHN:britannica-qin-shi-huang
TL:CHN:event:210bce:death-of-the-first-emperor-and-the-terracotta,CHN:unesco-qin-mausoleum
TL:CHN:event:210bce:death-of-the-first-emperor-and-the-terracotta,CHN:britannica-qin-shi-huang
TL:CHN:event:206bce:han-dynasty-consolidates-the-empire,CHN:si-han
TL:CHN:event:206bce:han-dynasty-consolidates-the-empire,CHN:metmuseum-han
TL:CHN:event:206bce:han-dynasty-consolidates-the-empire,CHN:britannica-china
TL:CHN:event:138bce:silk-road-trade-routes-open-under-emperor-wu,CHN:si-han
TL:CHN:event:138bce:silk-road-trade-routes-open-under-emperor-wu,CHN:metmuseum-han
TL:CHN:event:220:collapse-of-the-han-and-centuries-of-division,CHN:britannica-china
TL:CHN:event:589:sui-dynasty-reunifies-china,CHN:britannica-china
TL:CHN:event:618:tang-dynasty-and-a-cosmopolitan-golden-age,CHN:si-tang
TL:CHN:event:618:tang-dynasty-and-a-cosmopolitan-golden-age,CHN:afe-columbia
TL:CHN:event:960:song-dynasty-and-a-commercial-revolution,CHN:afe-columbia
TL:CHN:event:960:song-dynasty-and-a-commercial-revolution,CHN:britannica-china
TL:CHN:event:1271:kublai-khan-founds-the-mongol-yuan-dynasty,CHN:britannica-yuan
TL:CHN:event:1271:kublai-khan-founds-the-mongol-yuan-dynasty,CHN:worldhistory-yuan
TL:CHN:event:1368:ming-dynasty-restores-han-rule,CHN:britannica-china
TL:CHN:event:1368:ming-dynasty-restores-han-rule,CHN:worldhistory-yuan
TL:CHN:event:1405:zheng-he-s-maritime-voyages,CHN:britannica-china
TL:CHN:event:1644:manchus-establish-the-qing-dynasty,CHN:britannica-china
TL:CHN:event:1644:manchus-establish-the-qing-dynasty,CHN:worldhistory-yuan
TL:CHN:event:1839:first-opium-war-and-the-unequal-treaties,CHN:britannica-china
TL:CHN:event:1911:xinhai-revolution-erupts,CHN:britannica-china
TL:CHN:event:1912:republic-of-china-founded-last-emperor-abdicates,CHN:britannica-china
TL:CHN:event:1916:warlord-era-of-political-fragmentation,CHN:britannica-china
TL:CHN:event:1937:second-sino-japanese-war-and-the-nanjing,CHN:britannica-sino-japanese
TL:CHN:event:1937:second-sino-japanese-war-and-the-nanjing,CHN:britannica-china
TL:CHN:event:1946:chinese-civil-war-resumes-communist-victory,CHN:britannica-china
TL:CHN:event:1949:people-s-republic-of-china-proclaimed,CHN:britannica-china
TL:CHN:event:1949:people-s-republic-of-china-proclaimed,CHN:ebsco-prc-founding
TL:CHN:event:1958:great-leap-forward-and-the-great-famine,CHN:britannica-great-leap
TL:CHN:event:1958:great-leap-forward-and-the-great-famine,CHN:ebsco-great-leap
TL:CHN:event:1966:cultural-revolution,CHN:britannica-china
TL:CHN:event:1966:cultural-revolution,CHN:nationalarchives-cultural-rev
TL:CHN:event:1978:deng-xiaoping-launches-reform-and-opening,CHN:britannica-china
TL:CHN:event:1978:deng-xiaoping-launches-reform-and-opening,CHN:cfr-mao-deng
TL:CHN:event:1989:tiananmen-square-crackdown,CHN:britannica-china
TL:CIV:event:1100:the-savannas-join-the-trans-saharan-trade,CIV:britannica-civ-history
TL:CIV:event:1100:the-savannas-join-the-trans-saharan-trade,CIV:wiki-civ-history
TL:CIV:event:1100:the-savannas-join-the-trans-saharan-trade,CIV:state-bgn-civ
TL:CIV:event:1300:dyula-merchants-found-northern-trading-towns,CIV:wiki-civ-history
TL:CIV:event:1300:dyula-merchants-found-northern-trading-towns,CIV:wiki-kong-empire
TL:CIV:event:1300:dyula-merchants-found-northern-trading-towns,CIV:britannica-korhogo
TL:CIV:event:1710:seku-watara-founds-the-empire-of-kong,CIV:wiki-kong-empire
TL:CIV:event:1710:seku-watara-founds-the-empire-of-kong,CIV:wiki-civ-history
TL:CIV:event:1737:kong-expands-northward,CIV:wiki-kong-empire
TL:CIV:event:1690:akan-states-form-on-the-eastern-frontier,CIV:wiki-civ-history
TL:CIV:event:1690:akan-states-form-on-the-eastern-frontier,CIV:britannica-civ-history
TL:CIV:event:1750:the-baoule-migrate-under-queen-abla-pokou,CIV:wiki-queen-pokou
TL:CIV:event:1750:the-baoule-migrate-under-queen-abla-pokou,CIV:wiki-baoule
TL:CIV:event:1750:the-baoule-migrate-under-queen-abla-pokou,CIV:wiki-civ-history
TL:CIV:event:1750:the-agni-kingdoms-of-indenie-and-sanwi,CIV:wiki-civ-history
TL:CIV:event:1750:the-agni-kingdoms-of-indenie-and-sanwi,CIV:britannica-civ-history
TL:CIV:event:1483:earliest-recorded-french-voyage-to-the-coast,CIV:wiki-civ-history
TL:CIV:event:1483:earliest-recorded-french-voyage-to-the-coast,CIV:britannica-civ-history
TL:CIV:event:1843:france-signs-treaties-on-the-lagoon-coast,CIV:wiki-civ-history
TL:CIV:event:1843:france-signs-treaties-on-the-lagoon-coast,CIV:britannica-civ-history
TL:CIV:event:1893:france-constitutes-the-colony-of-cote-d-ivoire,CIV:wiki-civ-history
TL:CIV:event:1893:france-constitutes-the-colony-of-cote-d-ivoire,CIV:britannica-civ-history
TL:CIV:event:1898:capture-of-samori-toure-ends-northern-resistance,CIV:blackpast-samori
TL:CIV:event:1898:capture-of-samori-toure-ends-northern-resistance,CIV:britannica-samory
TL:CIV:event:1898:capture-of-samori-toure-ends-northern-resistance,CIV:wiki-civ-history
TL:CIV:event:1904:cote-d-ivoire-joins-french-west-africa,CIV:wiki-civ-history
TL:CIV:event:1904:cote-d-ivoire-joins-french-west-africa,CIV:state-bgn-civ
TL:CIV:event:1900:head-tax-and-forced-labour,CIV:wiki-civ-history
TL:CIV:event:1900:head-tax-and-forced-labour,CIV:britannica-civ-history
TL:CIV:event:1944:houphouet-boigny-founds-the-african,CIV:britannica-civ-history
TL:CIV:event:1944:houphouet-boigny-founds-the-african,CIV:wiki-houphouet
TL:CIV:event:1944:houphouet-boigny-founds-the-african,CIV:encafricana-houphouet
TL:CIV:event:1946:forced-labour-abolished,CIV:britannica-civ-history
TL:CIV:event:1946:forced-labour-abolished,CIV:wiki-houphouet
TL:CIV:event:1946:forced-labour-abolished,CIV:encafricana-houphouet
TL:CIV:event:1960:independence-under-houphouet-boigny,CIV:sahistory-civ-independence
TL:CIV:event:1960:independence-under-houphouet-boigny,CIV:britannica-civ-history
TL:CIV:event:1960:independence-under-houphouet-boigny,CIV:wiki-civ-history
TL:CIV:event:1960:the-ivorian-miracle,CIV:britannica-civ-history
TL:CIV:event:1960:the-ivorian-miracle,CIV:wiki-civ-1960-99
TL:CIV:event:1960:the-ivorian-miracle,CIV:state-bgn-civ
TL:CIV:event:1980:commodity-slump-ends-the-boom,CIV:wiki-civ-1960-99
TL:CIV:event:1980:commodity-slump-ends-the-boom,CIV:britannica-civ-history
TL:CIV:event:1983:capital-moved-to-yamoussoukro,CIV:wiki-civ-history
TL:CIV:event:1983:capital-moved-to-yamoussoukro,CIV:britannica-basilica
TL:CIV:event:1990:basilica-of-our-lady-of-peace-consecrated,CIV:britannica-basilica
TL:CIV:event:1990:basilica-of-our-lady-of-peace-consecrated,CIV:blackpast-basilica
TL:CIV:event:1990:first-multiparty-election,CIV:wiki-civ-1960-99
TL:CIV:event:1990:first-multiparty-election,CIV:britannica-civ-history
TL:CIV:event:1993:death-of-houphouet-boigny,CIV:wiki-houphouet
TL:CIV:event:1993:death-of-houphouet-boigny,CIV:britannica-houphouet
TL:CIV:event:1993:death-of-houphouet-boigny,CIV:qiraat-houphouet
TL:CIV:event:1995:the-politics-of-ivoirite,CIV:wiki-civ-history
TL:CIV:event:1995:the-politics-of-ivoirite,CIV:everycrs-civ
TL:CIV:event:1995:the-politics-of-ivoirite,CIV:eisa-civ-crisis
TL:CIV:event:1999:the-first-coup-d-etat,CIV:wiki-civ-history
TL:CIV:event:1999:the-first-coup-d-etat,CIV:everycrs-civ
TL:CIV:event:2002:civil-war-divides-the-country,CIV:wiki-civ-history
TL:CIV:event:2002:civil-war-divides-the-country,CIV:everycrs-civ
TL:CIV:event:2002:civil-war-divides-the-country,CIV:wiki-2010-11-crisis
TL:CIV:event:2007:ouagadougou-political-agreement,CIV:everycrs-civ
TL:CIV:event:2007:ouagadougou-political-agreement,CIV:wiki-civ-history
TL:CIV:event:2010:post-election-crisis,CIV:wiki-2010-11-crisis
TL:CIV:event:2010:post-election-crisis,CIV:everycrs-civ
TL:CIV:event:2010:post-election-crisis,CIV:eisa-civ-crisis
TL:CIV:event:2011:recovery-under-ouattara,CIV:wiki-civ-history
TL:CIV:event:2011:recovery-under-ouattara,CIV:everycrs-civ
TL:CMR:event:600bce:rise-of-the-sao-culture,CMR:sao-wiki
TL:CMR:event:600bce:rise-of-the-sao-culture,CMR:britannica-cameroon
TL:CMR:event:1000bce:the-bantu-expansion-begins,CMR:history-cameroon-wiki
TL:CMR:event:1000bce:the-bantu-expansion-begins,CMR:britannica-cameroon
TL:CMR:event:1100:height-of-the-sao-city-states,CMR:sao-wiki
TL:CMR:event:1100:height-of-the-sao-city-states,CMR:history-cameroon-wiki
TL:CMR:event:1472:portuguese-name-the-river-of-prawns,CMR:britannica-wouri
TL:CMR:event:1472:portuguese-name-the-river-of-prawns,CMR:history-cameroon-wiki
TL:CMR:event:1394:founding-of-the-bamum-kingdom,CMR:bamum-kingdom-wiki
TL:CMR:event:1394:founding-of-the-bamum-kingdom,CMR:britannica-bamum
TL:CMR:event:1809:modibo-adama-founds-the-adamawa-emirate,CMR:modibo-adama-wiki
TL:CMR:event:1809:modibo-adama-founds-the-adamawa-emirate,CMR:britannica-adamawa
TL:CMR:event:1895:king-njoya-devises-the-bamum-script,CMR:loc-bamum-njoya
TL:CMR:event:1895:king-njoya-devises-the-bamum-script,CMR:britannica-bamum
TL:CMR:event:1884:douala-treaty-and-german-protectorate,CMR:history-cameroon-wiki
TL:CMR:event:1884:douala-treaty-and-german-protectorate,CMR:britannica-cameroon
TL:CMR:event:1884:douala-treaty-and-german-protectorate,CMR:statedept-cameroon
TL:CMR:event:1911:france-cedes-neukamerun,CMR:kamerun-wiki
TL:CMR:event:1911:france-cedes-neukamerun,CMR:history-cameroon-wiki
TL:CMR:event:1914:the-kamerun-campaign,CMR:kamerun-campaign-wiki
TL:CMR:event:1914:the-kamerun-campaign,CMR:britannica-cameroon
TL:CMR:event:1919:partition-into-french-and-british-mandates,CMR:britannica-cameroon
TL:CMR:event:1919:partition-into-french-and-british-mandates,CMR:statedept-cameroon
TL:CMR:event:1919:partition-into-french-and-british-mandates,CMR:history-cameroon-wiki
TL:CMR:event:1948:founding-of-the-upc,CMR:blackpast-umnyobe
TL:CMR:event:1948:founding-of-the-upc,CMR:britannica-cameroon
TL:CMR:event:1955:the-upc-is-banned,CMR:cameroon-war-wiki
TL:CMR:event:1955:the-upc-is-banned,CMR:blackpast-umnyobe
TL:CMR:event:1958:killing-of-ruben-um-nyobe,CMR:blackpast-umnyobe
TL:CMR:event:1958:killing-of-ruben-um-nyobe,CMR:cameroon-war-wiki
TL:CMR:event:1960:independence-of-french-cameroun,CMR:statedept-cameroon
TL:CMR:event:1960:independence-of-french-cameroun,CMR:britannica-ahidjo
TL:CMR:event:1960:independence-of-french-cameroun,CMR:britannica-cameroon
TL:CMR:event:1961:the-british-cameroons-plebiscite,CMR:britcam-referendum-wiki
TL:CMR:event:1961:the-british-cameroons-plebiscite,CMR:britannica-cameroon
TL:CMR:event:1961:reunification-and-federation,CMR:britcam-referendum-wiki
TL:CMR:event:1961:reunification-and-federation,CMR:britannica-cameroon
TL:CMR:event:1961:reunification-and-federation,CMR:statedept-cameroon
TL:CMR:event:1972:from-federation-to-unitary-state,CMR:britannica-cameroon
TL:CMR:event:1972:from-federation-to-unitary-state,CMR:britannica-ahidjo
TL:CMR:event:1982:ahidjo-resigns-biya-succeeds,CMR:britannica-ahidjo
TL:CMR:event:1982:ahidjo-resigns-biya-succeeds,CMR:britannica-biya
TL:CMR:event:1984:failed-coup-against-biya,CMR:britannica-biya
TL:CMR:event:1984:failed-coup-against-biya,CMR:britannica-cameroon
TL:CMR:event:1992:return-to-multiparty-politics,CMR:britannica-biya
TL:CMR:event:1992:return-to-multiparty-politics,CMR:britannica-cameroon
TL:CMR:event:2016:anglophone-protests-begin,CMR:crisisgroup-cameroon
TL:CMR:event:2016:anglophone-protests-begin,CMR:globalr2p-cameroon
TL:CMR:event:2017:escalation-into-armed-conflict,CMR:globalr2p-cameroon
TL:CMR:event:2017:escalation-into-armed-conflict,CMR:crisisgroup-cameroon
TL:CMR:event:2025:biya-re-elected-at-92,CMR:britannica-biya
TL:CMR:event:2025:biya-re-elected-at-92,CMR:crisisgroup-cameroon
TL:COD:event:1390:kingdom-of-kongo-founded,COD:eb-kongo
TL:COD:event:1390:kingdom-of-kongo-founded,COD:wiki-kongo
TL:COD:event:1491:kongo-s-king-baptised-as-joao-i,COD:wiki-kongo
TL:COD:event:1491:kongo-s-king-baptised-as-joao-i,COD:eb-afonso
TL:COD:event:1526:afonso-i-protests-the-slave-trade,COD:eb-afonso
TL:COD:event:1526:afonso-i-protests-the-slave-trade,COD:wiki-kongo
TL:COD:event:1526:afonso-i-protests-the-slave-trade,COD:metmuseum-savanna
TL:COD:event:1625:kuba-kingdom-unified-by-shyaam,COD:wiki-kuba
TL:COD:event:1625:kuba-kingdom-unified-by-shyaam,COD:metmuseum-savanna
TL:COD:event:1665:battle-of-mbwila-breaks-kongo,COD:wiki-kongo
TL:COD:event:1665:battle-of-mbwila-breaks-kongo,COD:eb-kongo
TL:COD:event:1700:atlantic-slave-trade-at-its-height,COD:wiki-kongo
TL:COD:event:1700:atlantic-slave-trade-at-its-height,COD:blackpast-cfs
TL:COD:event:1869:tippu-tip-s-eastern-slaving-state,COD:eb-tippu
TL:COD:event:1869:tippu-tip-s-eastern-slaving-state,COD:wiki-tippu
TL:COD:event:1877:stanley-descends-the-congo-river,COD:blackpast-cfs
TL:COD:event:1877:stanley-descends-the-congo-river,COD:wiki-cfs
TL:COD:event:1879:leopold-hires-stanley-for-the-congo,COD:wiki-cfs
TL:COD:event:1879:leopold-hires-stanley-for-the-congo,COD:blackpast-cfs
TL:COD:event:1885:congo-free-state-proclaimed,COD:wiki-cfs
TL:COD:event:1885:congo-free-state-proclaimed,COD:blackpast-cfs
TL:COD:event:1885:congo-free-state-proclaimed,COD:eb-leopold
TL:COD:event:1891:the-rubber-regime-and-the-force-publique,COD:wiki-cfs
TL:COD:event:1891:the-rubber-regime-and-the-force-publique,COD:blackpast-cfs
TL:COD:event:1904:the-casement-report,COD:wiki-casement
TL:COD:event:1904:the-casement-report,COD:wiki-cfs
TL:COD:event:1908:belgium-annexes-the-belgian-congo,COD:wiki-cfs
TL:COD:event:1908:belgium-annexes-the-belgian-congo,COD:blackpast-cfs
TL:COD:event:1908:belgian-congo-established,COD:wiki-cfs
TL:COD:event:1908:belgian-congo-established,COD:factbook-drc
TL:COD:event:1960:independence-from-belgium,COD:wiki-lumumba
TL:COD:event:1960:independence-from-belgium,COD:factbook-drc
TL:COD:event:1960:katanga-secedes-the-congo-crisis,COD:wiki-lumumba
TL:COD:event:1961:assassination-of-lumumba,COD:wiki-lumumba
TL:COD:event:1965:mobutu-seizes-power,COD:eb-mobutu
TL:COD:event:1965:mobutu-seizes-power,COD:wiki-mobutu
TL:COD:event:1971:congo-renamed-zaire,COD:eb-mobutu
TL:COD:event:1971:congo-renamed-zaire,COD:wiki-mobutu
TL:COD:event:1994:rwandan-refugee-crisis-in-the-kivus,COD:wiki-second-congo
TL:COD:event:1994:rwandan-refugee-crisis-in-the-kivus,COD:eb-mobutu
TL:COD:event:1996:first-congo-war,COD:blackpast-kabila
TL:COD:event:1996:first-congo-war,COD:wiki-mobutu
TL:COD:event:1997:mobutu-falls-kabila-takes-power,COD:blackpast-kabila
TL:COD:event:1997:mobutu-falls-kabila-takes-power,COD:eb-mobutu
TL:COD:event:1997:mobutu-falls-kabila-takes-power,COD:wiki-mobutu
TL:COD:event:1998:second-congo-war-begins,COD:wiki-second-congo
TL:COD:event:2001:laurent-kabila-assassinated,COD:wiki-second-congo
TL:COD:event:2001:laurent-kabila-assassinated,COD:blackpast-kabila
TL:COD:event:2003:peace-agreements-end-the-war,COD:wiki-second-congo
TL:COD:event:2012:m23-rebellion-seizes-goma,COD:crisisgroup-m23
TL:COD:event:2012:m23-rebellion-seizes-goma,COD:wiki-second-congo
TL:COD:event:2025:m23-retakes-goma,COD:crisisgroup-m23
TL:COG:event:500:bantu-peoples-settle-the-region,COG:globalsecurity-cog-early
TL:COG:event:500:bantu-peoples-settle-the-region,COG:britannica-rep-congo
TL:COG:event:500:bantu-peoples-settle-the-region,COG:history-rep-congo-wiki
TL:COG:event:1550:rise-of-the-kingdom-of-loango,COG:loango-wiki
TL:COG:event:1550:rise-of-the-kingdom-of-loango,COG:britannica-loango
TL:COG:event:1550:rise-of-the-kingdom-of-loango,COG:africanhistoryextra-loango
TL:COG:event:1500:the-teke-anziku-kingdom-inland,COG:globalsecurity-cog-early
TL:COG:event:1500:the-teke-anziku-kingdom-inland,COG:history-rep-congo-wiki
TL:COG:event:1500:the-teke-anziku-kingdom-inland,COG:iloo-wiki
TL:COG:event:1650:loango-becomes-a-hub-of-the-atlantic-trade,COG:britannica-loango
TL:COG:event:1650:loango-becomes-a-hub-of-the-atlantic-trade,COG:loango-wiki
TL:COG:event:1650:loango-becomes-a-hub-of-the-atlantic-trade,COG:vili-wiki
TL:COG:event:1700:peak-of-the-slave-trade-through-loango,COG:britannica-loango
TL:COG:event:1700:peak-of-the-slave-trade-through-loango,COG:loango-wiki
TL:COG:event:1700:peak-of-the-slave-trade-through-loango,COG:vili-wiki
TL:COG:event:1787:succession-crisis-weakens-loango,COG:loango-wiki
TL:COG:event:1787:succession-crisis-weakens-loango,COG:africanhistoryextra-loango
TL:COG:event:1850:decline-as-the-slave-trade-is-suppressed,COG:britannica-loango
TL:COG:event:1850:decline-as-the-slave-trade-is-suppressed,COG:loango-wiki
TL:COG:event:1850:decline-as-the-slave-trade-is-suppressed,COG:globalsecurity-cog-early
TL:COG:event:1880:brazza-s-treaty-with-makoko,COG:brazza-wiki
TL:COG:event:1880:brazza-s-treaty-with-makoko,COG:globalsecurity-brazza
TL:COG:event:1880:brazza-s-treaty-with-makoko,COG:iloo-wiki
TL:COG:event:1880:founding-of-brazzaville-at-nkuna,COG:brazzaville-wiki
TL:COG:event:1880:founding-of-brazzaville-at-nkuna,COG:blackpast-brazzaville
TL:COG:event:1880:founding-of-brazzaville-at-nkuna,COG:malamine-wiki
TL:COG:event:1885:berlin-conference-divides-the-two-congos,COG:britannica-rep-congo
TL:COG:event:1885:berlin-conference-divides-the-two-congos,COG:history-rep-congo-wiki
TL:COG:event:1910:middle-congo-joins-french-equatorial-africa,COG:fea-wiki
TL:COG:event:1910:middle-congo-joins-french-equatorial-africa,COG:britannica-rep-congo
TL:COG:event:1910:middle-congo-joins-french-equatorial-africa,COG:globalsecurity-moyen-congo
TL:COG:event:1921:building-the-congo-ocean-railway,COG:congo-ocean-wiki
TL:COG:event:1921:building-the-congo-ocean-railway,COG:stanford-congo-ocean
TL:COG:event:1921:building-the-congo-ocean-railway,COG:cambridge-forced-labour
TL:COG:event:1934:railway-completed-pointe-noire-opens-as-port,COG:congo-ocean-wiki
TL:COG:event:1934:railway-completed-pointe-noire-opens-as-port,COG:pointe-noire-station-wiki
TL:COG:event:1940:brazzaville-capital-of-free-france,COG:fea-wiki
TL:COG:event:1940:brazzaville-capital-of-free-france,COG:brazzaville-conference-blackpast
TL:COG:event:1940:brazzaville-capital-of-free-france,COG:britannica-rep-congo
TL:COG:event:1944:the-brazzaville-conference,COG:brazzaville-conference-wiki
TL:COG:event:1944:the-brazzaville-conference,COG:brazzaville-conference-blackpast
TL:COG:event:1958:autonomy-within-the-french-community,COG:britannica-rep-congo
TL:COG:event:1958:autonomy-within-the-french-community,COG:history-rep-congo-wiki
TL:COG:event:1960:independence-under-fulbert-youlou,COG:youlou-wiki
TL:COG:event:1960:independence-under-fulbert-youlou,COG:britannica-rep-congo
TL:COG:event:1960:independence-under-fulbert-youlou,COG:aaregistry-congo-independence
TL:COG:event:1963:the-trois-glorieuses-topple-youlou,COG:youlou-wiki
TL:COG:event:1963:the-trois-glorieuses-topple-youlou,COG:britannica-rep-congo
TL:COG:event:1963:the-trois-glorieuses-topple-youlou,COG:uca-congo-1960
TL:COG:event:1969:people-s-republic-of-the-congo-proclaimed,COG:ngouabi-britannica
TL:COG:event:1969:people-s-republic-of-the-congo-proclaimed,COG:britannica-rep-congo
TL:COG:event:1969:people-s-republic-of-the-congo-proclaimed,COG:uca-congo-1960
TL:COG:event:1977:assassination-of-marien-ngouabi,COG:ngouabi-wiki
TL:COG:event:1977:assassination-of-marien-ngouabi,COG:ngouabi-britannica
TL:COG:event:1977:assassination-of-marien-ngouabi,COG:sassou-wiki
TL:COG:event:1979:sassou-nguesso-takes-power,COG:sassou-wiki
TL:COG:event:1979:sassou-nguesso-takes-power,COG:sassou-britannica
TL:COG:event:1979:sassou-nguesso-takes-power,COG:britannica-rep-congo
TL:COG:event:1991:national-conference-opens-democracy,COG:britannica-rep-congo
TL:COG:event:1991:national-conference-opens-democracy,COG:sassou-wiki
TL:COG:event:1991:national-conference-opens-democracy,COG:uca-congo-1960
TL:COG:event:1992:lissouba-wins-multiparty-election,COG:lissouba-wiki
TL:COG:event:1992:lissouba-wins-multiparty-election,COG:britannica-rep-congo
TL:COG:event:1992:lissouba-wins-multiparty-election,COG:uca-congo-1960
TL:COG:event:1993:militia-clashes-over-disputed-elections,COG:congo-civilwar-1993-wiki
TL:COG:event:1993:militia-clashes-over-disputed-elections,COG:uca-congo-1960
TL:COG:event:1997:civil-war-returns-sassou-nguesso-to-power,COG:sassou-wiki
TL:COG:event:1997:civil-war-returns-sassou-nguesso-to-power,COG:sassou-britannica
TL:COG:event:1997:civil-war-returns-sassou-nguesso-to-power,COG:state-1997-congo
TL:COG:event:2002:new-constitution-sassou-nguesso-elected,COG:sassou-wiki
TL:COG:event:2002:new-constitution-sassou-nguesso-elected,COG:sassou-britannica
TL:COG:event:2015:referendum-removes-term-limits,COG:referendum-2015-wiki
TL:COG:event:2015:referendum-removes-term-limits,COG:loc-congo-referendum
TL:COG:event:2015:referendum-removes-term-limits,COG:sassou-wiki
TL:COL:event:1bce:san-agustin-megaliths,COL:unesco-san-agustin
TL:COL:event:600:tierradentro-tombs,COL:unesco-tierradentro
TL:COL:event:800:rise-of-the-muisca,COL:britannica-colombia
TL:COL:event:800:rise-of-the-muisca,COL:banrep-museo-oro
TL:COL:event:1500:the-el-dorado-tradition,COL:banrep-museo-oro
TL:COL:event:1500:the-el-dorado-tradition,COL:britannica-colombia
TL:COL:event:1538:founding-of-bogota,COL:britannica-colombia
TL:COL:event:1538:founding-of-bogota,COL:britannica-bogota
TL:COL:event:1549:audiencia-of-bogota,COL:britannica-colombia
TL:COL:event:1610:cartagena-fortified,COL:unesco-cartagena
TL:COL:event:1739:viceroyalty-of-new-granada,COL:britannica-new-granada
TL:COL:event:1781:the-comunero-revolt,COL:britannica-colombia
TL:COL:event:1781:the-comunero-revolt,COL:loc-colombia
TL:COL:event:1810:cry-of-independence,COL:britannica-colombia
TL:COL:event:1819:battle-of-boyaca,COL:britannica-boyaca
TL:COL:event:1819:battle-of-boyaca,COL:britannica-bolivar
TL:COL:event:1821:congress-of-cucuta,COL:britannica-gran-colombia
TL:COL:event:1830:breakup-of-gran-colombia,COL:britannica-gran-colombia
TL:COL:event:1830:breakup-of-gran-colombia,COL:britannica-bolivar
TL:COL:event:1863:united-states-of-colombia,COL:britannica-colombia
TL:COL:event:1863:united-states-of-colombia,COL:loc-colombia
TL:COL:event:1886:the-constitution-of-1886,COL:britannica-colombia
TL:COL:event:1899:war-of-a-thousand-days,COL:britannica-thousand-days
TL:COL:event:1903:separation-of-panama,COL:history-state-panama
TL:COL:event:1903:separation-of-panama,COL:britannica-thousand-days
TL:COL:event:1948:assassination-of-gaitan-and-the-bogotazo,COL:britannica-colombia
TL:COL:event:1948:assassination-of-gaitan-and-the-bogotazo,COL:loc-colombia
TL:COL:event:1948:la-violencia,COL:britannica-colombia
TL:COL:event:1948:la-violencia,COL:loc-colombia
TL:COL:event:1958:the-national-front,COL:britannica-colombia
TL:COL:event:1958:garcia-marquez-and-macondo,COL:britannica-garcia-marquez
TL:COL:event:1966:farc-formally-established,COL:britannica-farc
TL:COL:event:1966:farc-formally-established,COL:britannica-colombia
TL:COL:event:1980:cartels-and-paramilitaries,COL:britannica-colombia
TL:COL:event:2016:peace-accord-with-the-farc,COL:nobel-santos
TL:COL:event:2016:peace-accord-with-the-farc,COL:britannica-colombia
TL:COL:event:2022:truth-commission-report,COL:truth-commission
TL:COL:event:2022:election-of-gustavo-petro,COL:britannica-colombia
TL:COM:event:700:earliest-settlement-of-the-islands,COM:wikipedia-history-comoros
TL:COM:event:700:earliest-settlement-of-the-islands,COM:wikipedia-comoros
TL:COM:event:700:earliest-settlement-of-the-islands,COM:africanhistory-ngazidja
TL:COM:event:900:dembeni-phase-and-indian-ocean-trade,COM:wikipedia-dembeni
TL:COM:event:900:dembeni-phase-and-indian-ocean-trade,COM:jia-rockcrystal
TL:COM:event:900:dembeni-phase-and-indian-ocean-trade,COM:wikipedia-history-comoros
TL:COM:event:1100:islam-takes-root,COM:wikipedia-history-comoros
TL:COM:event:1100:islam-takes-root,COM:britannica-comoros
TL:COM:event:1500:rise-of-the-island-sultanates,COM:wikipedia-history-comoros
TL:COM:event:1500:rise-of-the-island-sultanates,COM:britannica-comoros
TL:COM:event:1500:rise-of-the-island-sultanates,COM:africanhistory-ngazidja
TL:COM:event:1505:portuguese-and-european-contact,COM:wikipedia-history-comoros
TL:COM:event:1505:portuguese-and-european-contact,COM:britannica-comoros
TL:COM:event:1785:malagasy-slaving-raids,COM:wikipedia-slavery-comoros
TL:COM:event:1785:malagasy-slaving-raids,COM:britannica-comoros
TL:COM:event:1860:slave-society-on-the-islands,COM:wikipedia-slavery-comoros
TL:COM:event:1860:slave-society-on-the-islands,COM:britannica-comoros
TL:COM:event:1841:mayotte-ceded-to-france,COM:wikipedia-history-comoros
TL:COM:event:1841:mayotte-ceded-to-france,COM:britannica-comoros
TL:COM:event:1886:protectorates-over-the-three-islands,COM:wikipedia-history-comoros
TL:COM:event:1886:protectorates-over-the-three-islands,COM:wikipedia-saidali
TL:COM:event:1886:protectorates-over-the-three-islands,COM:britannica-comoros
TL:COM:event:1908:annexation-and-administration-via-madagascar,COM:wikipedia-history-comoros
TL:COM:event:1908:annexation-and-administration-via-madagascar,COM:britannica-comoros
TL:COM:event:1908:annexation-and-administration-via-madagascar,COM:wikipedia-saidali
TL:COM:event:1900:plantation-economy,COM:wikipedia-economy-comoros
TL:COM:event:1900:plantation-economy,COM:britannica-comoros
TL:COM:event:1946:separate-overseas-territory,COM:wikipedia-history-comoros
TL:COM:event:1946:separate-overseas-territory,COM:britannica-comoros
TL:COM:event:1947:overseas-territory-with-representation,COM:britannica-comoros
TL:COM:event:1947:overseas-territory-with-representation,COM:wikipedia-history-comoros
TL:COM:event:1961:internal-autonomy-granted,COM:britannica-comoros
TL:COM:event:1961:internal-autonomy-granted,COM:wikipedia-history-comoros
TL:COM:event:1974:independence-referendum,COM:wikipedia-1974referendum
TL:COM:event:1974:independence-referendum,COM:britannica-comoros
TL:COM:event:1975:unilateral-declaration-of-independence,COM:wikipedia-state-comoros
TL:COM:event:1975:unilateral-declaration-of-independence,COM:britannica-comoros
TL:COM:event:1975:unilateral-declaration-of-independence,COM:sahistory-comoros
TL:COM:event:1975:admitted-to-the-united-nations,COM:euacademic-mayotte
TL:COM:event:1975:admitted-to-the-united-nations,COM:wikipedia-state-comoros
TL:COM:event:1975:abdallah-overthrown,COM:wikipedia-state-comoros
TL:COM:event:1975:abdallah-overthrown,COM:wikipedia-bobdenard
TL:COM:event:1975:abdallah-overthrown,COM:britannica-comoros
TL:COM:event:1976:ali-soilih-s-revolution,COM:wikipedia-state-comoros
TL:COM:event:1976:ali-soilih-s-revolution,COM:britannica-comoros
TL:COM:event:1978:denard-restores-abdallah,COM:wikipedia-state-comoros
TL:COM:event:1978:denard-restores-abdallah,COM:wikipedia-bobdenard
TL:COM:event:1978:denard-restores-abdallah,COM:wikipedia-1978coup
TL:COM:event:1989:assassination-of-ahmed-abdallah,COM:wikipedia-bobdenard
TL:COM:event:1989:assassination-of-ahmed-abdallah,COM:wikipedia-abdallah
TL:COM:event:1995:operation-kaskari-and-french-intervention,COM:wikipedia-bobdenard
TL:COM:event:1995:operation-kaskari-and-french-intervention,COM:britannica-comoros
TL:COM:event:1997:anjouan-and-moheli-secede,COM:britannica-comoros
TL:COM:event:1997:anjouan-and-moheli-secede,COM:encyclopedia-union-comoros
TL:COM:event:1999:azali-assoumani-seizes-power,COM:britannica-comoros
TL:COM:event:1999:azali-assoumani-seizes-power,COM:encyclopedia-union-comoros
TL:COM:event:2001:union-constitution-and-rotating-presidency,COM:encyclopedia-union-comoros
TL:COM:event:2001:union-constitution-and-rotating-presidency,COM:britannica-comoros
TL:COM:event:2009:mayotte-votes-to-become-a-french-department,COM:wikipedia-2009referendum
TL:COM:event:2009:mayotte-votes-to-become-a-french-department,COM:britannica-mayotte
TL:COM:event:1976:un-affirms-comorian-sovereignty-over-mayotte,COM:euacademic-mayotte
TL:COM:event:1976:un-affirms-comorian-sovereignty-over-mayotte,COM:unga-mayotte-resolution
TL:COM:event:2026:the-medinas-of-the-sultanates-inscribed,COM:unesco-comoros-medinas
TL:CPV:event:1456:portuguese-reach-the-uninhabited-islands,CPV:britannica-cv
TL:CPV:event:1456:portuguese-reach-the-uninhabited-islands,CPV:history-cv-wiki
TL:CPV:event:1456:portuguese-reach-the-uninhabited-islands,CPV:worldhistory-cv
TL:CPV:event:1462:ribeira-grande-founded-on-santiago,CPV:unesco-cidadevelha
TL:CPV:event:1462:ribeira-grande-founded-on-santiago,CPV:cidadevelha-wiki
TL:CPV:event:1462:ribeira-grande-founded-on-santiago,CPV:history-cv-wiki
TL:CPV:event:1466:trading-privileges-over-the-guinea-coast,CPV:history-cv-wiki
TL:CPV:event:1466:trading-privileges-over-the-guinea-coast,CPV:worldhistory-cv
TL:CPV:event:1495:the-nossa-senhora-do-rosario-church,CPV:cidadevelha-wiki
TL:CPV:event:1495:the-nossa-senhora-do-rosario-church,CPV:unesco-cidadevelha
TL:CPV:event:1550:a-sorting-house-of-the-slave-trade,CPV:britannica-cv
TL:CPV:event:1550:a-sorting-house-of-the-slave-trade,CPV:worldhistory-cv
TL:CPV:event:1550:a-sorting-house-of-the-slave-trade,CPV:history-cv-wiki
TL:CPV:event:1550:a-sorting-house-of-the-slave-trade,CPV:npr-cv-slavery
TL:CPV:event:1585:drake-sacks-ribeira-grande,CPV:history-cv-wiki
TL:CPV:event:1585:drake-sacks-ribeira-grande,CPV:cidadevelha-wiki
TL:CPV:event:1712:cassard-s-french-raid-destroys-the-city,CPV:cassard-wiki
TL:CPV:event:1712:cassard-s-french-raid-destroys-the-city,CPV:cidadevelha-wiki
TL:CPV:event:1712:cassard-s-french-raid-destroys-the-city,CPV:history-cv-wiki
TL:CPV:event:1770:capital-moves-to-praia,CPV:history-cv-wiki
TL:CPV:event:1770:capital-moves-to-praia,CPV:cidadevelha-wiki
TL:CPV:event:1839:mindelo-becomes-an-atlantic-coaling-station,CPV:history-cv-wiki
TL:CPV:event:1839:mindelo-becomes-an-atlantic-coaling-station,CPV:britannica-cv
TL:CPV:event:1869:slavery-abolished,CPV:history-cv-wiki
TL:CPV:event:1869:slavery-abolished,CPV:britannica-cv
TL:CPV:event:1900:famines-kill-at-least-100-000,CPV:famine-cv-wiki
TL:CPV:event:1900:famines-kill-at-least-100-000,CPV:history-cv-wiki
TL:CPV:event:1947:the-twentieth-century-famines,CPV:famine-cv-wiki
TL:CPV:event:1947:the-twentieth-century-famines,CPV:history-cv-wiki
TL:CPV:event:1947:the-twentieth-century-famines,CPV:britannica-cv
TL:CPV:event:1932:the-morna-and-creole-letters,CPV:tavares-wiki
TL:CPV:event:1932:the-morna-and-creole-letters,CPV:morna-aljazeera
TL:CPV:event:1932:the-morna-and-creole-letters,CPV:morna-unesco
TL:CPV:event:1956:cabral-founds-the-paigc,CPV:cabral-blackpast
TL:CPV:event:1956:cabral-founds-the-paigc,CPV:cabral-wiki
TL:CPV:event:1956:cabral-founds-the-paigc,CPV:britannica-cv
TL:CPV:event:1963:armed-struggle-begins-on-the-mainland,CPV:cabral-blackpast
TL:CPV:event:1963:armed-struggle-begins-on-the-mainland,CPV:cabral-wiki
TL:CPV:event:1963:armed-struggle-begins-on-the-mainland,CPV:history-cv-wiki
TL:CPV:event:1973:cabral-assassinated-in-conakry,CPV:cabral-blackpast
TL:CPV:event:1973:cabral-assassinated-in-conakry,CPV:cabral-wiki
TL:CPV:event:1974:the-carnation-revolution,CPV:history-cv-wiki
TL:CPV:event:1974:the-carnation-revolution,CPV:britannica-cv
TL:CPV:event:1974:the-carnation-revolution,CPV:statedept-cv
TL:CPV:event:1975:independence-of-cape-verde,CPV:statedept-cv
TL:CPV:event:1975:independence-of-cape-verde,CPV:history-cv-wiki
TL:CPV:event:1975:independence-of-cape-verde,CPV:britannica-cv
TL:CPV:event:1980:bissau-coup-ends-the-union,CPV:history-cv-wiki
TL:CPV:event:1980:bissau-coup-ends-the-union,CPV:1980coup-wiki
TL:CPV:event:1980:bissau-coup-ends-the-union,CPV:britannica-cv
TL:CPV:event:1981:the-paicv-and-a-one-party-state,CPV:history-cv-wiki
TL:CPV:event:1981:the-paicv-and-a-one-party-state,CPV:britannica-cv
TL:CPV:event:1990:end-of-one-party-rule,CPV:statedept-cv-bgn
TL:CPV:event:1990:end-of-one-party-rule,CPV:history-cv-wiki
TL:CPV:event:1991:first-multiparty-elections,CPV:1991election-wiki
TL:CPV:event:1991:first-multiparty-elections,CPV:statedept-cv-bgn
TL:CPV:event:1991:first-multiparty-elections,CPV:history-cv-wiki
TL:CPV:event:2001:peaceful-alternation-of-power,CPV:statedept-cv-bgn
TL:CPV:event:2001:peaceful-alternation-of-power,CPV:history-cv-wiki
TL:CPV:event:2004:cesaria-evora-and-morna-go-global,CPV:evora-wiki
TL:CPV:event:2004:cesaria-evora-and-morna-go-global,CPV:morna-aljazeera
TL:CPV:event:2007:graduation-from-least-developed-status,CPV:history-cv-wiki
TL:CPV:event:2007:graduation-from-least-developed-status,CPV:worldbank-cv
TL:CPV:event:2009:cidade-velha-named-a-world-heritage-site,CPV:unesco-cidadevelha
TL:CPV:event:2009:cidade-velha-named-a-world-heritage-site,CPV:cidadevelha-wiki
TL:CPV:event:2019:morna-inscribed-as-intangible-heritage,CPV:morna-unesco
TL:CPV:event:2019:morna-inscribed-as-intangible-heritage,CPV:morna-aljazeera
TL:CRI:event:500:diquis-chiefdoms-and-the-stone-spheres,CRI:unesco-diquis
TL:CRI:event:500:diquis-chiefdoms-and-the-stone-spheres,CRI:met-sphere
TL:CRI:event:2014:unesco-world-heritage-inscription,CRI:unesco-diquis
TL:CRI:event:1502:columbus-reaches-the-rich-coast,CRI:britannica-history-cr
TL:CRI:event:1563:founding-of-cartago,CRI:britannica-history-cr
TL:CRI:event:1563:founding-of-cartago,CRI:britannica-cartago
TL:CRI:event:1821:independence-from-spain,CRI:britannica-history-cr
TL:CRI:event:1821:independence-from-spain,CRI:britannica-independence-cr
TL:CRI:event:1808:coffee-arrives-from-cuba,CRI:bbc-costarica
TL:CRI:event:1824:juan-mora-fernandez-first-head-of-state,CRI:encyclopedia-mora
TL:CRI:event:1838:withdrawal-from-the-federation,CRI:britannica-history-cr
TL:CRI:event:1838:withdrawal-from-the-federation,CRI:britannica-independence-cr
TL:CRI:event:1848:costa-rica-declares-itself-sovereign,CRI:statedept-costarica
TL:CRI:event:1849:us-recognition-on-paper,CRI:statedept-costarica
TL:CRI:event:1851:diplomatic-relations-established,CRI:statedept-costarica
TL:CRI:event:1856:national-war-against-william-walker,CRI:britannica-walker
TL:CRI:event:1856:national-war-against-william-walker,CRI:britannica-santamaria
TL:CRI:event:1872:minor-keith-and-the-banana-railways,CRI:britannica-keith
TL:CRI:event:1890:first-free-election-in-central-america,CRI:britannica-history-cr
TL:CRI:event:1948:disputed-election-sparks-civil-war,CRI:britannica-figueres
TL:CRI:event:1948:disputed-election-sparks-civil-war,CRI:britannica-ulate
TL:CRI:event:1948:figueres-leads-the-civil-war,CRI:britannica-figueres
TL:CRI:event:1949:constitution-abolishes-the-army,CRI:britannica-figueres
TL:CRI:event:1949:constitution-abolishes-the-army,CRI:britannica-ulate
TL:CRI:event:1970:national-park-system-created,CRI:britannica-21st-century
TL:CRI:event:1987:oscar-arias-wins-the-nobel-peace-prize,CRI:britannica-arias
TL:CRI:event:1985:a-country-without-an-army-raises-a-force,CRI:bbc-costarica
TL:CRI:event:2000:san-juan-navigation-dispute-settled,CRI:bbc-costarica
TL:CRI:event:2007:recognition-switches-from-taipei-to-beijing,CRI:bbc-costarica
TL:CRI:event:2010:laura-chinchilla-first-woman-president,CRI:bbc-costarica
TL:CRI:event:2014:diquis-spheres-named-world-heritage,CRI:unesco-diquis
TL:CRI:event:2015:the-hague-settles-isla-portillos,CRI:bbc-costarica
TL:CUB:event:1492:columbus-reaches-cuba,CUB:britannica-taino
TL:CUB:event:1492:columbus-reaches-cuba,CUB:loc-cuba-study
TL:CUB:event:1511:spanish-conquest-begins,CUB:loc-cuba-study
TL:CUB:event:1511:spanish-conquest-begins,CUB:britannica-cuba
TL:CUB:event:1520:collapse-of-the-taino,CUB:britannica-taino
TL:CUB:event:1519:founding-of-havana,CUB:unesco-havana
TL:CUB:event:1558:the-fortifications-of-havana,CUB:unesco-havana
TL:CUB:event:1820:sugar-and-slavery-boom,CUB:britannica-sugar-slavery
TL:CUB:event:1868:grito-de-yara,CUB:britannica-cespedes
TL:CUB:event:1868:grito-de-yara,CUB:britannica-cuba
TL:CUB:event:1895:marti-s-war-of-independence,CUB:britannica-marti
TL:CUB:event:1895:marti-s-war-of-independence,CUB:loc-marti
TL:CUB:event:1898:sinking-of-the-uss-maine,CUB:statedept-spanamwar
TL:CUB:event:1898:spanish-american-war-ends-spanish-rule,CUB:statedept-spanamwar
TL:CUB:event:1898:spanish-american-war-ends-spanish-rule,CUB:archives-platt
TL:CUB:event:1901:the-platt-amendment,CUB:archives-platt
TL:CUB:event:1901:the-platt-amendment,CUB:britannica-platt
TL:CUB:event:1902:republic-of-cuba-proclaimed,CUB:statedept-cuba
TL:CUB:event:1902:republic-of-cuba-proclaimed,CUB:britannica-estrada-palma
TL:CUB:event:1933:fall-of-machado,CUB:britannica-cuban-revolution
TL:CUB:event:1933:fall-of-machado,CUB:britannica-republic-1902
TL:CUB:event:1952:batista-s-coup,CUB:britannica-26-july
TL:CUB:event:1952:batista-s-coup,CUB:britannica-republic-1902
TL:CUB:event:1959:triumph-of-the-revolution,CUB:britannica-cuban-revolution
TL:CUB:event:1959:triumph-of-the-revolution,CUB:britannica-26-july
TL:CUB:event:1961:bay-of-pigs-invasion,CUB:statedept-bayofpigs
TL:CUB:event:1961:bay-of-pigs-invasion,CUB:britannica-bay-of-pigs
TL:CUB:event:1962:u-s-embargo-made-comprehensive,CUB:statedept-bayofpigs
TL:CUB:event:1962:cuban-missile-crisis,CUB:statedept-missilecrisis
TL:CUB:event:1962:cuban-missile-crisis,CUB:britannica-missile-crisis
TL:CUB:event:1991:the-special-period-begins,CUB:britannica-cuba-1991
TL:CUB:event:2008:raul-castro-assumes-the-presidency,CUB:britannica-cuba-1991
TL:CUB:event:2014:thaw-with-the-united-states,CUB:statedept-relations-2015
TL:CUB:event:2014:thaw-with-the-united-states,CUB:britannica-cuba-1991
TL:CUB:event:2018:leadership-beyond-the-castros,CUB:britannica-diaz-canel
TL:CYN:event:1571:ottoman-conquest-of-cyprus,CYN:britannica-cyprus-ottoman
TL:CYN:event:1571:ottoman-conquest-of-cyprus,CYN:loc-cyprus-study
TL:CYN:event:1573:emergence-of-the-turkish-cypriot-community,CYN:britannica-cyprus-ottoman
TL:CYN:event:1573:emergence-of-the-turkish-cypriot-community,CYN:loc-cyprus-study
TL:CYN:event:1878:british-administration-of-cyprus-begins,CYN:britannica-cyprus-history
TL:CYN:event:1878:british-administration-of-cyprus-begins,CYN:loc-cyprus-study
TL:CYN:event:1955:eoka-campaign-for-enosis,CYN:britannica-cyprus-history
TL:CYN:event:1955:eoka-campaign-for-enosis,CYN:britannica-makarios
TL:CYN:event:1959:zurich-and-london-agreements,CYN:britannica-cyprus-history
TL:CYN:event:1959:zurich-and-london-agreements,CYN:loc-cyprus-study
TL:CYN:event:1914:britain-annexes-cyprus,CYN:bbc-cyprus
TL:CYN:event:1914:britain-annexes-cyprus,CYN:britannica-cyprus-history
TL:CYN:event:1960:independence-of-the-republic-of-cyprus,CYN:britannica-cyprus-history
TL:CYN:event:1960:independence-of-the-republic-of-cyprus,CYN:loc-cyprus-study
TL:CYN:event:1963:breakdown-of-power-sharing-and-intercommunal,CYN:britannica-cyprus-history
TL:CYN:event:1963:breakdown-of-power-sharing-and-intercommunal,CYN:loc-cyprus-breakdown
TL:CYN:event:1964:un-peacekeeping-force-unficyp-established,CYN:un-unficyp-mandate
TL:CYN:event:1964:un-peacekeeping-force-unficyp-established,CYN:unscr-186
TL:CYN:event:1974:coup-against-makarios,CYN:britannica-cyprus-history
TL:CYN:event:1974:coup-against-makarios,CYN:usoh-cyprus-coup-1974
TL:CYN:event:1974:turkish-military-intervention,CYN:britannica-cyprus-history
TL:CYN:event:1974:turkish-military-intervention,CYN:usoh-cyprus-coup-1974
TL:CYN:event:1975:turkish-federated-state-of-cyprus-proclaimed,CYN:britannica-cyprus-history
TL:CYN:event:1975:turkish-federated-state-of-cyprus-proclaimed,CYN:loc-cyprus-study
TL:CYN:event:1974:security-council-resolution-353,CYN:unscr-353
TL:CYN:event:1983:declaration-of-the-turkish-republic-of-northern,CYN:britannica-cyprus-history
TL:CYN:event:1983:declaration-of-the-turkish-republic-of-northern,CYN:unscr-541
TL:CYN:event:1983:un-security-council-resolution-541,CYN:unscr-541
TL:CYN:event:1983:un-security-council-resolution-541,CYN:un-digital-541
TL:CYN:event:1984:un-security-council-resolution-550,CYN:unscr-550
TL:CYN:event:1981:the-committee-on-missing-persons-is-established,CYN:cmp-cyprus
TL:CYN:event:2003:crossing-points-open-along-the-green-line,CYN:britannica-cyprus-history
TL:CYN:event:2003:crossing-points-open-along-the-green-line,CYN:un-unficyp-mandate
TL:CYN:event:2004:annan-plan-referendums-fail,CYN:britannica-cyprus-history
TL:CYN:event:2004:republic-of-cyprus-joins-the-european-union,CYN:britannica-cyprus-history
TL:CYN:event:2017:crans-montana-talks-collapse,CYN:britannica-cyprus-history
TL:CYN:event:2017:crans-montana-talks-collapse,CYN:un-unficyp-mandate
TL:CYN:event:2001:the-peacekeeping-mandate-rolls-on,CYN:bbc-cyprus
TL:CYN:event:2001:the-peacekeeping-mandate-rolls-on,CYN:un-unficyp-mandate
TL:CYN:event:2008:ledra-street-reopens,CYN:bbc-cyprus
TL:CYN:event:2013:the-eurozone-crisis-reaches-the-island,CYN:bbc-cyprus
TL:CYN:event:2018:new-crossings-at-deryneia-and-lefke,CYN:bbc-cyprus
TL:CYP:event:7000bce:the-neolithic-settlement-of-choirokoitia,CYP:choirokoitia-unesco
TL:CYP:event:7000bce:the-neolithic-settlement-of-choirokoitia,CYP:cyprus-history-britannica
TL:CYP:event:1200bce:greek-settlement-and-the-city-kingdoms,CYP:cyprus-history-britannica
TL:CYP:event:1200bce:greek-settlement-and-the-city-kingdoms,CYP:paphos-unesco
TL:CYP:event:1200bce:the-sanctuary-of-aphrodite-at-paphos,CYP:paphos-unesco
TL:CYP:event:1200bce:the-sanctuary-of-aphrodite-at-paphos,CYP:paphos-britannica
TL:CYP:event:709bce:assyrian-egyptian-and-persian-overlordship,CYP:cyprus-history-britannica
TL:CYP:event:294bce:ptolemaic-rule,CYP:cyprus-history-britannica
TL:CYP:event:58bce:rome-annexes-cyprus,CYP:cyprus-history-britannica
TL:CYP:event:58bce:rome-annexes-cyprus,CYP:paphos-unesco
TL:CYP:event:45:paul-and-barnabas-convert-the-proconsul,CYP:cyprus-history-britannica
TL:CYP:event:431:an-autocephalous-church,CYP:cyprus-history-britannica
TL:CYP:event:649:arab-raids-and-a-contested-frontier,CYP:cyprus-history-britannica
TL:CYP:event:1100:the-painted-churches-of-the-troodos,CYP:troodos-unesco
TL:CYP:event:1191:richard-the-lionheart-seizes-cyprus,CYP:cyprus-history-britannica
TL:CYP:event:1192:the-lusignan-kingdom-of-cyprus,CYP:cyprus-history-britannica
TL:CYP:event:1489:cyprus-ceded-to-venice,CYP:cyprus-history-britannica
TL:CYP:event:1570:ottoman-conquest-of-cyprus,CYP:cyprus-ottoman-britannica
TL:CYP:event:1570:ottoman-conquest-of-cyprus,CYP:cyprus-history-britannica
TL:CYP:event:1572:two-communities-take-shape,CYP:cyprus-ottoman-britannica
TL:CYP:event:1878:britain-takes-over-cyprus,CYP:cyprus-ottoman-britannica
TL:CYP:event:1878:britain-takes-over-cyprus,CYP:statedept-cyprus
TL:CYP:event:1914:british-annexation,CYP:cyprus-ottoman-britannica
TL:CYP:event:1914:british-annexation,CYP:bbc-timeline
TL:CYP:event:1925:cyprus-made-a-crown-colony,CYP:cyprus-ottoman-britannica
TL:CYP:event:1925:cyprus-made-a-crown-colony,CYP:bbc-timeline
TL:CYP:event:1950:the-enosis-plebiscite,CYP:eoka-britannica
TL:CYP:event:1950:the-enosis-plebiscite,CYP:cyprus-history-britannica
TL:CYP:event:1955:eoka-launches-its-armed-campaign,CYP:eoka-britannica
TL:CYP:event:1959:the-zurich-london-agreements,CYP:eoka-britannica
TL:CYP:event:1959:the-zurich-london-agreements,CYP:cyprus-history-britannica
TL:CYP:event:1960:independence-and-the-treaty-of-guarantee,CYP:treaty-guarantee-un
TL:CYP:event:1960:independence-and-the-treaty-of-guarantee,CYP:statedept-cyprus
TL:CYP:event:1963:breakdown-and-the-green-line,CYP:unficyp-establishment
TL:CYP:event:1963:breakdown-and-the-green-line,CYP:bbc-timeline
TL:CYP:event:1964:un-security-council-resolution-186-establishes,CYP:unficyp-establishment
TL:CYP:event:1964:un-security-council-resolution-186-establishes,CYP:unficyp-peacekeeping
TL:CYP:event:1964:un-security-council-resolution-186-establishes,CYP:cyprusun-unficyp
TL:CYP:event:1964:a-un-mediator-for-the-cyprus-question,CYP:unficyp-establishment
TL:CYP:event:1964:a-un-mediator-for-the-cyprus-question,CYP:cyprusun-unficyp
TL:CYP:event:1974:the-greek-junta-backed-coup,CYP:cyprus-history-britannica
TL:CYP:event:1974:the-greek-junta-backed-coup,CYP:bbc-timeline
TL:CYP:event:1974:turkish-military-intervention,CYP:cyprus-history-britannica
TL:CYP:event:1974:turkish-military-intervention,CYP:treaty-guarantee-un
TL:CYP:event:1974:turkish-military-intervention,CYP:unficyp-peacekeeping
TL:CYP:event:1974:turkish-military-intervention,CYP:bbc-timeline
TL:CYP:event:1983:declaration-of-the-trnc-and-un-resolution-541,CYP:unficyp-peacekeeping
TL:CYP:event:1983:declaration-of-the-trnc-and-un-resolution-541,CYP:cyprusun-unficyp
TL:CYP:event:1983:declaration-of-the-trnc-and-un-resolution-541,CYP:statedept-cyprus
TL:CYP:event:1983:declaration-of-the-trnc-and-un-resolution-541,CYP:bbc-timeline
TL:CYP:event:2004:the-annan-plan-referendums,CYP:bbc-timeline
TL:CYP:event:2004:the-annan-plan-referendums,CYP:cyprus-eu
TL:CYP:event:2004:accession-to-the-european-union,CYP:cyprus-eu
TL:CZE:event:863:mission-of-cyril-and-methodius-to-great-moravia,CZE:cyril-methodius-britannica
TL:CZE:event:863:mission-of-cyril-and-methodius-to-great-moravia,CZE:great-moravia-britannica
TL:CZE:event:907:fall-of-great-moravia,CZE:great-moravia-britannica
TL:CZE:event:929:martyrdom-of-saint-wenceslas,CZE:wenceslas-britannica
TL:CZE:event:1212:golden-bull-of-sicily-and-the-kingdom-of-bohemia,CZE:otakar-britannica
TL:CZE:event:1306:end-of-the-premyslid-dynasty,CZE:czechoslovak-history-britannica
TL:CZE:event:1348:foundation-of-charles-university,CZE:charles-university-britannica
TL:CZE:event:1348:foundation-of-charles-university,CZE:prague-unesco
TL:CZE:event:1355:charles-iv-crowned-holy-roman-emperor,CZE:charles-iv-britannica
TL:CZE:event:1357:building-of-charles-bridge-and-gothic-prague,CZE:prague-unesco
TL:CZE:event:1357:building-of-charles-bridge-and-gothic-prague,CZE:charles-iv-britannica
TL:CZE:event:1402:jan-hus-preaches-at-the-bethlehem-chapel,CZE:jan-hus-britannica
TL:CZE:event:1415:jan-hus-burned-at-the-council-of-constance,CZE:jan-hus-britannica
TL:CZE:event:1415:jan-hus-burned-at-the-council-of-constance,CZE:hussite-britannica
TL:CZE:event:1419:the-hussite-wars,CZE:hussite-britannica
TL:CZE:event:1419:the-hussite-wars,CZE:czechoslovak-history-britannica
TL:CZE:event:1436:compact-of-iglau,CZE:hussite-britannica
TL:CZE:event:1526:bohemia-under-the-habsburgs,CZE:czechoslovak-history-britannica
TL:CZE:event:1618:defenestration-of-prague,CZE:defenestration-britannica
TL:CZE:event:1620:battle-of-white-mountain,CZE:defenestration-britannica
TL:CZE:event:1620:battle-of-white-mountain,CZE:czechoslovak-history-britannica
TL:CZE:event:1848:the-czech-national-revival,CZE:palacky-britannica
TL:CZE:event:1848:the-czech-national-revival,CZE:czechoslovak-history-national-awakening
TL:CZE:event:1918:foundation-of-czechoslovakia,CZE:masaryk-britannica
TL:CZE:event:1918:foundation-of-czechoslovakia,CZE:foundation-national-museum
TL:CZE:event:1938:the-munich-agreement,CZE:munich-britannica
TL:CZE:event:1938:the-munich-agreement,CZE:munich-ushmm
TL:CZE:event:1938:german-annexation-of-the-sudetenland,CZE:munich-ushmm
TL:CZE:event:1938:german-annexation-of-the-sudetenland,CZE:sudetenland-britannica
TL:CZE:event:1939:occupation-and-the-protectorate-of-bohemia-and,CZE:czechoslovakia-ushmm
TL:CZE:event:1939:occupation-and-the-protectorate-of-bohemia-and,CZE:munich-ushmm
TL:CZE:event:1945:expulsion-of-the-sudeten-germans,CZE:benes-britannica
TL:CZE:event:1945:expulsion-of-the-sudeten-germans,CZE:sudetenland-britannica
TL:CZE:event:1945:expulsion-of-the-sudeten-germans,CZE:potsdam-britannica
TL:CZE:event:1948:communist-coup,CZE:czechoslovak-history-britannica
TL:CZE:event:1948:communist-coup,CZE:havel-britannica
TL:CZE:event:1968:prague-spring-crushed-by-warsaw-pact,CZE:prague-spring-britannica
TL:CZE:event:1968:prague-spring-crushed-by-warsaw-pact,CZE:warsaw-pact-britannica
TL:CZE:event:1989:the-velvet-revolution,CZE:velvet-revolution-britannica
TL:CZE:event:1989:the-velvet-revolution,CZE:havel-britannica
TL:CZE:event:1993:the-velvet-divorce-and-birth-of-the-czech,CZE:velvet-divorce-britannica
TL:CZE:event:1993:the-velvet-divorce-and-birth-of-the-czech,CZE:nato-membership
TL:CZE:event:1993:the-velvet-divorce-and-birth-of-the-czech,CZE:eu-enlargement-commission
TL:DEU:event:9:battle-of-the-teutoburg-forest,DEU:teutoburg-britannica
TL:DEU:event:800:coronation-of-charlemagne,DEU:charlemagne-britannica
TL:DEU:event:843:treaty-of-verdun,DEU:verdun-britannica
TL:DEU:event:962:otto-i-crowned-emperor,DEU:otto-britannica
TL:DEU:event:1517:luther-s-ninety-five-theses,DEU:theses-britannica
TL:DEU:event:1555:peace-of-augsburg,DEU:augsburg-britannica
TL:DEU:event:1618:the-thirty-years-war-and-the-peace-of-westphalia,DEU:westphalia-britannica
TL:DEU:event:1806:dissolution-of-the-holy-roman-empire,DEU:francis-britannica
TL:DEU:event:1815:congress-of-vienna-and-the-german-confederation,DEU:germany-britannica
TL:DEU:event:1848:the-revolutions-of-1848,DEU:germany-britannica
TL:DEU:event:1871:proclamation-of-the-german-empire,DEU:versailles-chateau
TL:DEU:event:1871:proclamation-of-the-german-empire,DEU:germany-britannica
TL:DEU:event:1871:the-bismarckian-empire-and-industrial-rise,DEU:germany-britannica
TL:DEU:event:1884:german-colonial-expansion,DEU:germany-britannica
TL:DEU:event:1914:the-first-world-war,DEU:germany-britannica
TL:DEU:event:1918:abdication-of-wilhelm-ii,DEU:germany-britannica
TL:DEU:event:1919:the-weimar-republic-and-its-constitution,DEU:weimar-bundestag
TL:DEU:event:1933:hitler-appointed-chancellor,DEU:ushmm-keydates
TL:DEU:event:1939:invasion-of-poland,DEU:ushmm-keydates
TL:DEU:event:1941:the-holocaust,DEU:ushmm-keydates
TL:DEU:event:1945:unconditional-surrender,DEU:ushmm-keydates
TL:DEU:event:1949:founding-of-the-two-german-states,DEU:germany-britannica
TL:DEU:event:1961:construction-of-the-berlin-wall,DEU:germany-britannica
TL:DEU:event:1989:fall-of-the-berlin-wall,DEU:germany-britannica
TL:DEU:event:1989:fall-of-the-berlin-wall,DEU:unity-deutschland
TL:DEU:event:1990:german-reunification,DEU:unity-deutschland
TL:DEU:event:1990:german-reunification,DEU:germany-britannica
TL:DJI:event:1000bce:coast-woven-into-horn-of-africa-trade,DJI:britannica-djibouti
TL:DJI:event:1000bce:coast-woven-into-horn-of-africa-trade,DJI:wikipedia-history-djibouti
TL:DJI:event:650:islam-reaches-the-red-sea-coast,DJI:britannica-djibouti
TL:DJI:event:650:islam-reaches-the-red-sea-coast,DJI:wikipedia-history-djibouti
TL:DJI:event:900:zeila-a-centre-of-islam-and-trade,DJI:wikipedia-history-djibouti
TL:DJI:event:900:zeila-a-centre-of-islam-and-trade,DJI:newworld-djibouti
TL:DJI:event:1285:sultanate-of-ifat-dominant-on-the-routes,DJI:wikipedia-history-djibouti
TL:DJI:event:1285:sultanate-of-ifat-dominant-on-the-routes,DJI:britannica-djibouti
TL:DJI:event:1332:ifat-broken-by-ethiopia-rise-of-adal,DJI:wikipedia-history-djibouti
TL:DJI:event:1332:ifat-broken-by-ethiopia-rise-of-adal,DJI:britannica-djibouti
TL:DJI:event:1529:adal-s-invasion-of-the-highlands,DJI:britannica-djibouti
TL:DJI:event:1529:adal-s-invasion-of-the-highlands,DJI:newworld-djibouti
TL:DJI:event:1700:local-afar-and-issa-polities,DJI:wikipedia-history-djibouti
TL:DJI:event:1700:local-afar-and-issa-polities,DJI:britannica-djibouti
TL:DJI:event:1862:france-buys-the-anchorage-of-obock,DJI:britannica-djibouti
TL:DJI:event:1862:france-buys-the-anchorage-of-obock,DJI:wikipedia-history-djibouti
TL:DJI:event:1862:france-buys-the-anchorage-of-obock,DJI:france-diplomatie-djibouti
TL:DJI:event:1884:lagarde-extends-french-control,DJI:wikipedia-lagarde
TL:DJI:event:1884:lagarde-extends-french-control,DJI:britannica-djibouti
TL:DJI:event:1888:founding-of-djibouti-city,DJI:wikipedia-lagarde
TL:DJI:event:1888:founding-of-djibouti-city,DJI:wikipedia-history-djibouti
TL:DJI:event:1888:founding-of-djibouti-city,DJI:britannica-djibouti
TL:DJI:event:1896:colony-of-french-somaliland-created,DJI:britannica-djibouti
TL:DJI:event:1896:colony-of-french-somaliland-created,DJI:wikipedia-history-djibouti
TL:DJI:event:1897:franco-ethiopian-railway-begun,DJI:wikipedia-railway
TL:DJI:event:1897:franco-ethiopian-railway-begun,DJI:britannica-djibouti
TL:DJI:event:1917:railway-reaches-addis-ababa,DJI:wikipedia-railway
TL:DJI:event:1917:railway-reaches-addis-ababa,DJI:africanews-railway
TL:DJI:event:1917:railway-reaches-addis-ababa,DJI:britannica-djibouti
TL:DJI:event:1942:djibouti-rallies-to-free-france,DJI:britannica-djibouti
TL:DJI:event:1942:djibouti-rallies-to-free-france,DJI:wikipedia-history-djibouti
TL:DJI:event:1946:reorganised-as-an-overseas-territory,DJI:britannica-djibouti
TL:DJI:event:1946:reorganised-as-an-overseas-territory,DJI:wikipedia-history-djibouti
TL:DJI:event:1958:first-referendum-keeps-ties-to-france,DJI:britannica-djibouti
TL:DJI:event:1958:first-referendum-keeps-ties-to-france,DJI:wikipedia-history-djibouti
TL:DJI:event:1967:renamed-territory-of-the-afars-and-the-issas,DJI:britannica-djibouti
TL:DJI:event:1967:renamed-territory-of-the-afars-and-the-issas,DJI:wikipedia-history-djibouti
TL:DJI:event:1977:independence-referendum-passes,DJI:britannica-djibouti
TL:DJI:event:1977:independence-referendum-passes,DJI:wikipedia-history-djibouti
TL:DJI:event:1977:republic-of-djibouti-proclaimed,DJI:britannica-djibouti
TL:DJI:event:1977:republic-of-djibouti-proclaimed,DJI:wikipedia-history-djibouti
TL:DJI:event:1977:republic-of-djibouti-proclaimed,DJI:newworld-djibouti
TL:DJI:event:1981:one-party-state-established,DJI:britannica-djibouti
TL:DJI:event:1981:one-party-state-established,DJI:wikipedia-history-djibouti
TL:DJI:event:1991:civil-war-with-the-frud-rebellion,DJI:wikipedia-civilwar
TL:DJI:event:1991:civil-war-with-the-frud-rebellion,DJI:wikipedia-frud
TL:DJI:event:1991:civil-war-with-the-frud-rebellion,DJI:britannica-djibouti
TL:DJI:event:1999:ismail-omar-guelleh-becomes-president,DJI:wikipedia-guelleh
TL:DJI:event:1999:ismail-omar-guelleh-becomes-president,DJI:britannica-djibouti
TL:DJI:event:2001:final-frud-peace-accord,DJI:wikipedia-civilwar
TL:DJI:event:2001:final-frud-peace-accord,DJI:newhumanitarian-frud
TL:DJI:event:2017:china-opens-its-first-overseas-base,DJI:wikipedia-pla-base
TL:DJI:event:2017:china-opens-its-first-overseas-base,DJI:crs-china-djibouti
TL:DJI:event:2017:china-opens-its-first-overseas-base,DJI:wikipedia-foreign-bases
TL:DNK:event:936:reign-of-gorm-the-old-at-jelling,DNK:denmark-viking-britannica
TL:DNK:event:936:reign-of-gorm-the-old-at-jelling,DNK:natmus-gorm-harald
TL:DNK:event:965:the-jelling-stone-names-denmark,DNK:jelling-unesco
TL:DNK:event:965:the-jelling-stone-names-denmark,DNK:natmus-jelling-stone
TL:DNK:event:965:christianization-of-the-danes,DNK:harald-britannica
TL:DNK:event:965:christianization-of-the-danes,DNK:natmus-jelling-stone
TL:DNK:event:1016:cnut-the-great-and-the-north-sea-empire,DNK:denmark-viking-britannica
TL:DNK:event:1016:cnut-the-great-and-the-north-sea-empire,DNK:natmus-gorm-harald
TL:DNK:event:1397:the-kalmar-union,DNK:kalmar-britannica
TL:DNK:event:1397:the-kalmar-union,DNK:margaret-britannica
TL:DNK:event:1387:the-rule-of-margaret-i,DNK:margaret-britannica
TL:DNK:event:1387:the-rule-of-margaret-i,DNK:denmark-margaret-britannica
TL:DNK:event:1520:the-stockholm-bloodbath,DNK:kalmar-britannica
TL:DNK:event:1523:sweden-leaves-the-union,DNK:kalmar-britannica
TL:DNK:event:1523:sweden-leaves-the-union,DNK:denmark-margaret-britannica
TL:DNK:event:1536:the-reformation-under-christian-iii,DNK:christian-iii-britannica
TL:DNK:event:1536:the-reformation-under-christian-iii,DNK:denmark-reformation-britannica
TL:DNK:event:1563:the-long-wars-with-sweden,DNK:denmark-reformation-britannica
TL:DNK:event:1563:the-long-wars-with-sweden,DNK:roskilde-britannica
TL:DNK:event:1658:treaty-of-roskilde,DNK:roskilde-britannica
TL:DNK:event:1658:treaty-of-roskilde,DNK:copenhagen-treaty-britannica
TL:DNK:event:1660:the-establishment-of-absolutism,DNK:denmark-reformation-britannica
TL:DNK:event:1807:the-bombardment-of-copenhagen,DNK:denmark-history-state
TL:DNK:event:1807:the-bombardment-of-copenhagen,DNK:kiel-britannica
TL:DNK:event:1814:treaty-of-kiel-the-loss-of-norway,DNK:kiel-britannica
TL:DNK:event:1849:the-june-constitution,DNK:frederick-vii-britannica
TL:DNK:event:1849:the-june-constitution,DNK:natmus-nation-state
TL:DNK:event:1845:the-danish-golden-age,DNK:denmark-dk-history
TL:DNK:event:1864:the-second-schleswig-war,DNK:german-danish-war-britannica
TL:DNK:event:1864:the-second-schleswig-war,DNK:german-danish-settlement-britannica
TL:DNK:event:1864:cession-of-the-duchies,DNK:german-danish-settlement-britannica
TL:DNK:event:1864:cession-of-the-duchies,DNK:natmus-nation-state
TL:DNK:event:1920:the-schleswig-plebiscites,DNK:schleswig-plebiscite-nordics
TL:DNK:event:1920:the-schleswig-plebiscites,DNK:german-danish-settlement-britannica
TL:DNK:event:1920:reunification-of-northern-schleswig,DNK:schleswig-plebiscite-nordics
TL:DNK:event:1933:the-eastern-greenland-case,DNK:eastern-greenland-pcij
TL:DNK:event:1940:german-occupation-of-denmark,DNK:natmus-occupation
TL:DNK:event:1940:german-occupation-of-denmark,DNK:denmark-history-state
TL:DNK:event:1943:rescue-of-the-danish-jews,DNK:natmus-occupation
TL:DNK:event:1949:founding-member-of-nato,DNK:nato-britannica
TL:DNK:event:1949:founding-member-of-nato,DNK:denmark-history-state
TL:DNK:event:1973:accession-to-the-european-communities,DNK:denmark-dk-history
TL:DNK:event:2022:hans-island-agreement-with-canada,DNK:hans-island-cangeo
TL:DNK:event:2022:hans-island-agreement-with-canada,DNK:greenland-faroe-um
TL:DOM:event:1492:columbus-reaches-hispaniola,DOM:britannica-dr
TL:DOM:event:1492:columbus-reaches-hispaniola,DOM:britannica-hispaniola
TL:DOM:event:1496:founding-of-santo-domingo,DOM:britannica-santo-domingo
TL:DOM:event:1496:founding-of-santo-domingo,DOM:unesco-santo-domingo
TL:DOM:event:1538:first-university-in-the-americas,DOM:britannica-santo-domingo
TL:DOM:event:1538:first-university-in-the-americas,DOM:unesco-santo-domingo
TL:DOM:event:1586:drake-sacks-santo-domingo,DOM:britannica-santo-domingo
TL:DOM:event:1697:treaty-of-ryswick,DOM:britannica-hispaniola
TL:DOM:event:1795:treaty-of-basel,DOM:britannica-basel
TL:DOM:event:1795:treaty-of-basel,DOM:britannica-dr
TL:DOM:event:1804:independence-of-haiti,DOM:britannica-hispaniola
TL:DOM:event:1821:ephemeral-independence,DOM:britannica-dr
TL:DOM:event:1822:haitian-unification-of-the-island,DOM:britannica-dr
TL:DOM:event:1838:founding-of-la-trinitaria,DOM:britannica-duarte
TL:DOM:event:1844:dominican-independence-from-haiti,DOM:britannica-dr
TL:DOM:event:1844:dominican-independence-from-haiti,DOM:britannica-duarte
TL:DOM:event:1861:annexation-to-spain,DOM:britannica-dr
TL:DOM:event:1861:annexation-to-spain,DOM:loc-country-study
TL:DOM:event:1863:war-of-restoration,DOM:britannica-dr
TL:DOM:event:1863:war-of-restoration,DOM:loc-country-study
TL:DOM:event:1916:u-s-military-occupation,DOM:history-state-occupation
TL:DOM:event:1916:u-s-military-occupation,DOM:britannica-dr
TL:DOM:event:1930:trujillo-seizes-power,DOM:britannica-trujillo
TL:DOM:event:1937:the-parsley-massacre,DOM:britannica-parsley-massacre
TL:DOM:event:1937:the-parsley-massacre,DOM:britannica-trujillo
TL:DOM:event:1961:assassination-of-trujillo,DOM:britannica-trujillo
TL:DOM:event:1962:election-of-juan-bosch,DOM:britannica-bosch
TL:DOM:event:1962:election-of-juan-bosch,DOM:britannica-dr
TL:DOM:event:1965:u-s-intervention-and-civil-war,DOM:history-state-milestones
TL:DOM:event:1965:u-s-intervention-and-civil-war,DOM:britannica-dr
TL:DOM:event:1966:balaguer-wins-the-presidency,DOM:britannica-balaguer
TL:DOM:event:1966:balaguer-wins-the-presidency,DOM:history-state-milestones
TL:DOM:event:1978:peaceful-transfer-of-power,DOM:britannica-balaguer
TL:DOM:event:1996:end-of-the-balaguer-era,DOM:britannica-balaguer
TL:DOM:event:2004:tourism-led-growth-takes-off,DOM:worldbank-dr
TL:DOM:event:2004:tourism-led-growth-takes-off,DOM:britannica-dr
TL:DOM:event:2013:citizenship-ruling-on-haitian-descent,DOM:britannica-dr
TL:DOM:event:2020:abinader-and-a-new-political-era,DOM:britannica-dr
TL:DOM:event:2024:among-the-region-s-top-economies,DOM:worldbank-dr
TL:DZA:event:202bce:massinissa-unites-numidia,DZA:britannica-masinissa
TL:DZA:event:202bce:massinissa-unites-numidia,DZA:ebsco-numidia-mauretania
TL:DZA:event:112bce:the-jugurthine-war,DZA:britannica-masinissa
TL:DZA:event:112bce:the-jugurthine-war,DZA:ebsco-numidia-mauretania
TL:DZA:event:100:trajan-founds-timgad,DZA:unesco-timgad
TL:DZA:event:100:trajan-founds-timgad,DZA:worldhistory-roman-algeria
TL:DZA:event:396:augustine-bishop-of-hippo,DZA:britannica-history-algeria
TL:DZA:event:396:augustine-bishop-of-hippo,DZA:worldhistory-roman-algeria
TL:DZA:event:439:vandals-take-carthage,DZA:britannica-north-africa-vandals
TL:DZA:event:439:vandals-take-carthage,DZA:worldhistory-tricamarum
TL:DZA:event:533:byzantine-reconquest,DZA:worldhistory-tricamarum
TL:DZA:event:533:byzantine-reconquest,DZA:britannica-north-africa-vandals
TL:DZA:event:683:kusaila-defeats-uqba-ibn-nafi,DZA:britannica-uqba
TL:DZA:event:683:kusaila-defeats-uqba-ibn-nafi,DZA:wiki-muslim-conquest-maghreb
TL:DZA:event:698:the-kahina-and-the-fall-of-carthage,DZA:wiki-kahina
TL:DZA:event:698:the-kahina-and-the-fall-of-carthage,DZA:wiki-muslim-conquest-maghreb
TL:DZA:event:1011:hammadid-dynasty-and-beni-hammad,DZA:unesco-beni-hammad
TL:DZA:event:1011:hammadid-dynasty-and-beni-hammad,DZA:wiki-history-algeria
TL:DZA:event:1516:barbarossa-brothers-seize-algiers,DZA:britannica-barbarossa
TL:DZA:event:1516:barbarossa-brothers-seize-algiers,DZA:wiki-regency-algiers
TL:DZA:event:1518:ottoman-suzerainty-established,DZA:britannica-barbarossa
TL:DZA:event:1518:ottoman-suzerainty-established,DZA:wiki-regency-algiers
TL:DZA:event:1671:rule-of-the-deys,DZA:wiki-regency-algiers
TL:DZA:event:1671:rule-of-the-deys,DZA:britannica-history-algeria
TL:DZA:event:1827:the-fly-whisk-incident,DZA:ebsco-france-conquers-algeria
TL:DZA:event:1827:the-fly-whisk-incident,DZA:britannica-history-algeria
TL:DZA:event:1830:france-captures-algiers,DZA:ebsco-france-conquers-algeria
TL:DZA:event:1830:france-captures-algiers,DZA:britannica-history-algeria
TL:DZA:event:1832:abd-al-qadir-s-resistance,DZA:britannica-abdelkader
TL:DZA:event:1832:abd-al-qadir-s-resistance,DZA:ebsco-france-conquers-algeria
TL:DZA:event:1848:algeria-annexed-to-france,DZA:britannica-history-algeria
TL:DZA:event:1848:algeria-annexed-to-france,DZA:ebsco-french-occupation-algeria
TL:DZA:event:1871:the-mokrani-kabyle-revolt,DZA:britannica-history-algeria
TL:DZA:event:1945:setif-massacre,DZA:britannica-history-algeria
TL:DZA:event:1945:setif-massacre,DZA:ebsco-algerian-war
TL:DZA:event:1954:toussaint-rouge-the-war-begins,DZA:ebsco-algerian-war
TL:DZA:event:1954:toussaint-rouge-the-war-begins,DZA:britannica-history-algeria
TL:DZA:event:1956:battle-of-algiers,DZA:ebsco-algerian-war
TL:DZA:event:1956:battle-of-algiers,DZA:lumen-algerian-war
TL:DZA:event:1958:the-war-topples-the-fourth-republic,DZA:britannica-history-algeria
TL:DZA:event:1962:evian-accords,DZA:ebsco-algerian-war
TL:DZA:event:1962:evian-accords,DZA:lumen-algerian-war
TL:DZA:event:1962:independence-proclaimed,DZA:state-algeria
TL:DZA:event:1962:independence-proclaimed,DZA:britannica-ben-bella
TL:DZA:event:1965:boumediene-seizes-power,DZA:britannica-boumediene
TL:DZA:event:1965:boumediene-seizes-power,DZA:ebsco-boumedienne-coup
TL:DZA:event:1971:nationalisation-of-oil-and-gas,DZA:britannica-boumediene
TL:DZA:event:1971:nationalisation-of-oil-and-gas,DZA:britannica-history-algeria
TL:DZA:event:1992:elections-cancelled-civil-war-begins,DZA:britannica-civil-war
TL:DZA:event:1992:elections-cancelled-civil-war-begins,DZA:wiki-1992-coup
TL:DZA:event:1999:bouteflika-and-national-reconciliation,DZA:britannica-bouteflika
TL:DZA:event:1999:bouteflika-and-national-reconciliation,DZA:britannica-civil-war
TL:DZA:event:2019:the-hirak-and-bouteflika-s-fall,DZA:britannica-bouteflika
TL:DZA:event:2019:the-hirak-and-bouteflika-s-fall,DZA:wiki-hirak
TL:ECU:event:3500bce:the-valdivia-ceramic-culture,ECU:britannica-ecuador-history
TL:ECU:event:1000:quitu-cara-and-canari-chiefdoms,ECU:britannica-ecuador-history
TL:ECU:event:1471:inca-advance-into-the-northern-andes,ECU:britannica-ecuador-history
TL:ECU:event:1471:inca-advance-into-the-northern-andes,ECU:britannica-atahualpa
TL:ECU:event:1493:huayna-capac-completes-the-conquest,ECU:britannica-ecuador-history
TL:ECU:event:1493:huayna-capac-completes-the-conquest,ECU:britannica-atahualpa
TL:ECU:event:1532:atahualpa-defeats-huascar,ECU:britannica-atahualpa
TL:ECU:event:1533:capture-and-execution-of-atahualpa,ECU:britannica-atahualpa
TL:ECU:event:1533:capture-and-execution-of-atahualpa,ECU:britannica-benalcazar
TL:ECU:event:1534:spanish-founding-of-quito,ECU:britannica-benalcazar
TL:ECU:event:1563:real-audiencia-of-quito-created,ECU:britannica-ecuador-history
TL:ECU:event:1600:the-quito-school-of-art,ECU:encyclopedia-quito-school
TL:ECU:event:1600:the-quito-school-of-art,ECU:unesco-quito
TL:ECU:event:1792:espejo-founds-quito-s-first-newspaper,ECU:encyclopedia-espejo
TL:ECU:event:1809:the-first-cry-of-independence,ECU:britannica-ecuador-history
TL:ECU:event:1809:the-first-cry-of-independence,ECU:encyclopedia-espejo
TL:ECU:event:1822:battle-of-pichincha,ECU:britannica-pichincha
TL:ECU:event:1822:union-with-gran-colombia,ECU:britannica-grancolombia
TL:ECU:event:1822:union-with-gran-colombia,ECU:britannica-bolivar
TL:ECU:event:1830:republic-of-ecuador-founded,ECU:britannica-ecuador-history
TL:ECU:event:1830:republic-of-ecuador-founded,ECU:britannica-grancolombia
TL:ECU:event:1835:darwin-reaches-the-galapagos,ECU:galapagos-conservancy-history
TL:ECU:event:1835:darwin-reaches-the-galapagos,ECU:darwin-foundation
TL:ECU:event:1880:the-cacao-boom,ECU:britannica-ecuador-history
TL:ECU:event:1895:the-liberal-revolution-of-eloy-alfaro,ECU:britannica-ecuador-history
TL:ECU:event:1895:the-liberal-revolution-of-eloy-alfaro,ECU:loc-ecuador
TL:ECU:event:1950:the-banana-boom,ECU:britannica-ecuador-history
TL:ECU:event:1959:galapagos-national-park,ECU:galapagos-conservancy-history
TL:ECU:event:1959:galapagos-national-park,ECU:unesco-galapagos
TL:ECU:event:1972:the-oil-era-begins,ECU:britannica-ecuador-history
TL:ECU:event:1972:the-oil-era-begins,ECU:worldbank-ecuador
TL:ECU:event:1979:return-to-civilian-rule,ECU:britannica-ecuador-history
TL:ECU:event:2000:dollarisation,ECU:britannica-ecuador-history
TL:ECU:event:2000:dollarisation,ECU:worldbank-ecuador
TL:ECU:event:2007:the-correa-decade,ECU:britannica-ecuador-history
TL:ECU:event:2024:internal-armed-conflict-declared,ECU:usembassy-ecuador-emergency
TL:EGY:event:3500bce:naqada-cultures-flourish-in-upper-egypt,EGY:worldhistory-narmer
TL:EGY:event:3100bce:unification-under-narmer-menes,EGY:worldhistory-narmer
TL:EGY:event:3100bce:memphis-founded-as-royal-capital,EGY:worldhistory-narmer
TL:EGY:event:2630bce:djoser-s-step-pyramid-at-saqqara,EGY:britannica-ancient-egypt-old-kingdom
TL:EGY:event:2630bce:djoser-s-step-pyramid-at-saqqara,EGY:unesco-memphis
TL:EGY:event:2560bce:great-pyramid-of-khufu-at-giza,EGY:unesco-memphis
TL:EGY:event:2560bce:great-pyramid-of-khufu-at-giza,EGY:britannica-ancient-egypt-old-kingdom
TL:EGY:event:2055bce:mentuhotep-ii-reunifies-egypt,EGY:britannica-ancient-egypt-old-kingdom
TL:EGY:event:1274bce:battle-of-kadesh,EGY:britannica-ancient-egypt-old-kingdom
TL:EGY:event:1336bce:tutankhamun-restores-the-old-gods,EGY:britannica-ancient-egypt-old-kingdom
TL:EGY:event:332bce:alexander-the-great-conquers-egypt,EGY:worldhistory-ptolemaic
TL:EGY:event:332bce:alexander-the-great-conquers-egypt,EGY:britannica-ancient-egypt-old-kingdom
TL:EGY:event:305bce:ptolemy-i-founds-the-ptolemaic-dynasty,EGY:worldhistory-ptolemaic
TL:EGY:event:30bce:rome-annexes-egypt,EGY:worldhistory-ptolemaic
TL:EGY:event:451:council-of-chalcedon-and-the-coptic-schism,EGY:worldhistory-ptolemaic
TL:EGY:event:639:arab-conquest-of-egypt,EGY:wikipedia-arab-conquest
TL:EGY:event:969:fatimids-conquer-egypt-and-found-cairo,EGY:britannica-ayyubid
TL:EGY:event:1171:saladin-founds-the-ayyubid-dynasty,EGY:britannica-saladin
TL:EGY:event:1171:saladin-founds-the-ayyubid-dynasty,EGY:britannica-ayyubid
TL:EGY:event:1250:mamluks-seize-power,EGY:britannica-ayyubid
TL:EGY:event:1260:battle-of-ain-jalut,EGY:britannica-ayyubid
TL:EGY:event:1517:ottoman-conquest-of-egypt,EGY:britannica-ottoman-egypt
TL:EGY:event:1805:muhammad-ali-takes-power,EGY:britannica-ottoman-egypt
TL:EGY:event:1869:opening-of-the-suez-canal,EGY:britannica-suez-crisis
TL:EGY:event:1882:british-occupation-begins,EGY:britannica-ottoman-egypt
TL:EGY:event:1922:declaration-of-egyptian-independence,EGY:wikipedia-1919-revolution
TL:EGY:event:1952:free-officers-revolution,EGY:britannica-nasser
TL:EGY:event:1952:free-officers-revolution,EGY:wikipedia-declaration-republic
TL:EGY:event:1953:republic-of-egypt-proclaimed,EGY:wikipedia-declaration-republic
TL:EGY:event:1956:suez-crisis,EGY:britannica-suez-crisis
TL:EGY:event:1956:suez-crisis,EGY:britannica-nasser
TL:EGY:event:1979:egypt-israel-peace-treaty,EGY:britannica-sadat
TL:EGY:event:2011:egyptian-revolution-and-mubarak-s-fall,EGY:britannica-nasser
TL:ERI:event:50:adulis-named-in-the-periplus-of-the-erythraean,ERI:jstor-adulis
TL:ERI:event:50:adulis-named-in-the-periplus-of-the-erythraean,ERI:newworld-aksum
TL:ERI:event:100:aksum-emerges-as-a-red-sea-trading-empire,ERI:newworld-aksum
TL:ERI:event:100:aksum-emerges-as-a-red-sea-trading-empire,ERI:wiki-eritrea-history
TL:ERI:event:270:aksumite-coinage,ERI:newworld-aksum
TL:ERI:event:700:decline-of-aksum-and-adulis,ERI:newworld-aksum
TL:ERI:event:700:decline-of-aksum-and-adulis,ERI:britannica-massawa
TL:ERI:event:740:beja-ascendancy-on-the-coast,ERI:wiki-massawa
TL:ERI:event:740:beja-ascendancy-on-the-coast,ERI:britannica-massawa
TL:ERI:event:1000:rise-of-the-sultanate-of-dahlak,ERI:wiki-massawa
TL:ERI:event:1000:rise-of-the-sultanate-of-dahlak,ERI:britannica-massawa
TL:ERI:event:1300:massawa-grows-as-a-leading-port,ERI:wiki-massawa
TL:ERI:event:1557:ottomans-capture-massawa,ERI:wiki-massawa
TL:ERI:event:1557:ottomans-capture-massawa,ERI:britannica-massawa
TL:ERI:event:1557:ottoman-habesh-province-established,ERI:wiki-massawa
TL:ERI:event:1557:ottoman-habesh-province-established,ERI:britannica-massawa
TL:ERI:event:1865:egyptian-administration-of-massawa,ERI:britannica-massawa
TL:ERI:event:1865:egyptian-administration-of-massawa,ERI:wiki-massawa
TL:ERI:event:1869:italy-gains-a-foothold-at-assab,ERI:wiki-italian-eritrea
TL:ERI:event:1869:italy-gains-a-foothold-at-assab,ERI:worldhistory-italian-eritrea
TL:ERI:event:1885:italy-occupies-massawa,ERI:wiki-italian-eritrea
TL:ERI:event:1885:italy-occupies-massawa,ERI:britannica-massawa
TL:ERI:event:1890:colony-of-eritrea-proclaimed,ERI:worldhistory-italian-eritrea
TL:ERI:event:1890:colony-of-eritrea-proclaimed,ERI:wiki-italian-eritrea
TL:ERI:event:1896:battle-of-adwa,ERI:britannica-adwa
TL:ERI:event:1896:battle-of-adwa,ERI:blackpast-adwa
TL:ERI:event:1897:asmara-becomes-the-colonial-capital,ERI:unesco-asmara
TL:ERI:event:1897:asmara-becomes-the-colonial-capital,ERI:wiki-italian-eritrea
TL:ERI:event:1935:conquest-of-ethiopia-launched-from-eritrea,ERI:wiki-second-italo
TL:ERI:event:1935:conquest-of-ethiopia-launched-from-eritrea,ERI:wiki-italian-eritrea
TL:ERI:event:1941:british-defeat-italy-at-keren,ERI:wiki-keren
TL:ERI:event:1941:british-defeat-italy-at-keren,ERI:wiki-bma-eritrea
TL:ERI:event:1941:british-military-administration-begins,ERI:wiki-bma-eritrea
TL:ERI:event:1952:un-federation-with-ethiopia,ERI:wiki-federation
TL:ERI:event:1952:un-federation-with-ethiopia,ERI:history-state-eritrea
TL:ERI:event:1961:armed-struggle-begins-at-mount-adal,ERI:wiki-eritrean-war
TL:ERI:event:1961:armed-struggle-begins-at-mount-adal,ERI:wiki-eritrea-history
TL:ERI:event:1962:haile-selassie-annexes-eritrea,ERI:wiki-federation
TL:ERI:event:1962:haile-selassie-annexes-eritrea,ERI:wiki-eritrea-history
TL:ERI:event:1970:rise-of-the-eplf,ERI:wiki-eplf
TL:ERI:event:1970:rise-of-the-eplf,ERI:csis-eritrea
TL:ERI:event:1991:eplf-captures-asmara,ERI:wiki-eplf
TL:ERI:event:1991:eplf-captures-asmara,ERI:wiki-eritrean-war
TL:ERI:event:1993:independence-referendum,ERI:wiki-referendum
TL:ERI:event:1993:independence-referendum,ERI:history-state-eritrea
TL:ERI:event:1993:formal-independence,ERI:wiki-referendum
TL:ERI:event:1993:formal-independence,ERI:history-state-eritrea
TL:ERI:event:1998:border-war-with-ethiopia,ERI:wiki-1998-invasion
TL:ERI:event:1998:border-war-with-ethiopia,ERI:wiki-algiers
TL:ERI:event:2000:algiers-agreement,ERI:wiki-algiers
TL:ERI:event:2001:entrenched-one-party-rule,ERI:hrw-peace-deal
TL:ERI:event:2001:entrenched-one-party-rule,ERI:factbook-eritrea
TL:ERI:event:2018:peace-with-ethiopia,ERI:hrw-peace-deal
TL:ESP:event:1100bce:phoenician-colonisation-of-the-coast,ESP:spain-britannica
TL:ESP:event:218bce:rome-enters-hispania,ESP:spain-britannica
TL:ESP:event:409:germanic-peoples-enter-iberia,ESP:spain-britannica
TL:ESP:event:409:germanic-peoples-enter-iberia,ESP:visigoths-britannica
TL:ESP:event:589:visigothic-kingdom-of-toledo-turns-catholic,ESP:visigoths-britannica
TL:ESP:event:711:umayyad-conquest-and-the-battle-of-guadalete,ESP:alandalus-britannica
TL:ESP:event:711:umayyad-conquest-and-the-battle-of-guadalete,ESP:met-umayyad-spain
TL:ESP:event:929:caliphate-of-cordoba-proclaimed,ESP:alandalus-britannica
TL:ESP:event:929:caliphate-of-cordoba-proclaimed,ESP:met-umayyad-spain
TL:ESP:event:1085:christian-capture-of-toledo,ESP:spain-britannica
TL:ESP:event:1212:battle-of-las-navas-de-tolosa,ESP:spain-britannica
TL:ESP:event:1492:fall-of-granada,ESP:alandalus-britannica
TL:ESP:event:1492:fall-of-granada,ESP:alhambra-unesco
TL:ESP:event:1469:marriage-of-isabella-and-ferdinand,ESP:spain-britannica
TL:ESP:event:1478:establishment-of-the-spanish-inquisition,ESP:inquisition-britannica
TL:ESP:event:1492:columbus-s-first-voyage-and-the-alhambra-decree,ESP:spain-britannica
TL:ESP:event:1492:columbus-s-first-voyage-and-the-alhambra-decree,ESP:alhambra-decree-loc
TL:ESP:event:1519:conquest-of-the-aztec-empire,ESP:spain-britannica
TL:ESP:event:1556:reign-of-philip-ii,ESP:spain-britannica
TL:ESP:event:1700:death-of-charles-ii-and-end-of-the-spanish,ESP:spain-britannica
TL:ESP:event:1700:death-of-charles-ii-and-end-of-the-spanish,ESP:utrecht-britannica
TL:ESP:event:1701:war-of-the-spanish-succession,ESP:utrecht-britannica
TL:ESP:event:1808:dos-de-mayo-uprising,ESP:spain-britannica
TL:ESP:event:1812:constitution-of-cadiz,ESP:cadiz-constitution-loc
TL:ESP:event:1814:end-of-the-peninsular-war,ESP:spain-britannica
TL:ESP:event:1810:loss-of-the-american-mainland-empire,ESP:spain-britannica
TL:ESP:event:1898:the-disaster-of-1898,ESP:loc-1898
TL:ESP:event:1931:proclamation-of-the-second-republic,ESP:spain-britannica
TL:ESP:event:1936:spanish-civil-war,ESP:ushmm-spanish-civil-war
TL:ESP:event:1939:the-franco-dictatorship,ESP:ushmm-spanish-civil-war
TL:ESP:event:1939:the-franco-dictatorship,ESP:spain-britannica
TL:ESP:event:1975:death-of-franco-and-accession-of-juan-carlos-i,ESP:spain-britannica
TL:ESP:event:1977:first-free-elections-since-the-civil-war,ESP:spain-britannica
TL:ESP:event:1977:first-free-elections-since-the-civil-war,ESP:spain-constitution-gov
TL:ESP:event:1978:spanish-constitution-of-1978,ESP:spain-constitution-gov
TL:ESP:event:1986:accession-to-the-european-communities,ESP:spain-britannica
TL:EST:event:9000bce:the-kunda-culture,EST:ancient-estonia-ref
TL:EST:event:1202:foundation-of-the-brothers-of-the-sword,EST:northern-crusades-britannica
TL:EST:event:1202:foundation-of-the-brothers-of-the-sword,EST:livonian-crusade-ref
TL:EST:event:1219:danish-conquest-and-the-founding-of-tallinn,EST:tallinn-unesco
TL:EST:event:1219:danish-conquest-and-the-founding-of-tallinn,EST:estonia-history-britannica
TL:EST:event:1343:st-george-s-night-uprising,EST:estonia-history-britannica
TL:EST:event:1343:st-george-s-night-uprising,EST:ancient-estonia-ref
TL:EST:event:1285:reval-joins-the-hanseatic-league,EST:tallinn-unesco
TL:EST:event:1558:the-livonian-war,EST:livonian-war-britannica
TL:EST:event:1558:the-livonian-war,EST:estonia-history-britannica
TL:EST:event:1561:reval-submits-to-sweden,EST:livonian-war-britannica
TL:EST:event:1561:reval-submits-to-sweden,EST:estonia-history-britannica
TL:EST:event:1632:founding-of-the-university-of-tartu,EST:estonia-history-britannica
TL:EST:event:1721:treaty-of-nystad,EST:nystad-britannica
TL:EST:event:1721:treaty-of-nystad,EST:estonia-history-britannica
TL:EST:event:1816:abolition-of-serfdom,EST:estonia-history-britannica
TL:EST:event:1869:the-first-estonian-song-festival,EST:song-festival-ref
TL:EST:event:1869:the-first-estonian-song-festival,EST:estonia-history-britannica
TL:EST:event:1878:jakobson-and-the-national-press,EST:jakobson-ref
TL:EST:event:1878:jakobson-and-the-national-press,EST:estonia-history-britannica
TL:EST:event:1918:declaration-of-independence,EST:independence-decl-ref
TL:EST:event:1918:declaration-of-independence,EST:estonia-history-britannica
TL:EST:event:1918:the-war-of-independence,EST:independence-decl-ref
TL:EST:event:1918:the-war-of-independence,EST:estonia-history-britannica
TL:EST:event:1920:treaty-of-tartu,EST:tartu-peace-vm
TL:EST:event:1920:treaty-of-tartu,EST:tartu-tartu100
TL:EST:event:1920:treaty-of-tartu,EST:tartu-britannica
TL:EST:event:1934:the-era-of-silence,EST:estonia-history-britannica
TL:EST:event:1939:the-molotov-ribbentrop-pact,EST:mrp-ref
TL:EST:event:1939:the-molotov-ribbentrop-pact,EST:estonia-occupation-britannica
TL:EST:event:1940:soviet-occupation-and-annexation,EST:estonia-occupation-britannica
TL:EST:event:1940:soviet-occupation-and-annexation,EST:mrp-ref
TL:EST:event:1941:the-june-deportation,EST:deportations-valitsus
TL:EST:event:1941:the-june-deportation,EST:estonia-occupation-britannica
TL:EST:event:1944:soviet-reoccupation,EST:estonia-occupation-britannica
TL:EST:event:1944:soviet-reoccupation,EST:deportations-valitsus
TL:EST:event:1940:western-non-recognition,EST:continuity-icds
TL:EST:event:1940:western-non-recognition,EST:estonia-occupation-britannica
TL:EST:event:1988:the-singing-revolution,EST:singing-revolution-ew
TL:EST:event:1988:the-singing-revolution,EST:restoration-err
TL:EST:event:1989:the-baltic-way,EST:singing-revolution-ew
TL:EST:event:1989:the-baltic-way,EST:mrp-ref
TL:EST:event:1991:restoration-of-independence,EST:restoration-err
TL:EST:event:1991:restoration-of-independence,EST:continuity-icds
TL:EST:event:2004:accession-to-nato,EST:nato-mfa
TL:EST:event:2004:accession-to-the-european-union,EST:eu-mfa-timeline
TL:EST:event:2014:the-unratified-border-treaty,EST:border-trialoog
TL:EST:event:2014:the-unratified-border-treaty,EST:border-err
TL:ETH:event:3200000bce:lucy-lives-in-the-afar-region,ETH:britannica-lucy
TL:ETH:event:3200000bce:lucy-lives-in-the-afar-region,ETH:nhm-afarensis
TL:ETH:event:980bce:rise-of-the-kingdom-of-d-mt,ETH:worldhistory-aksum
TL:ETH:event:980bce:rise-of-the-kingdom-of-d-mt,ETH:metmuseum-ethiopia
TL:ETH:event:700bce:great-temple-of-yeha-built,ETH:worldhistory-aksum
TL:ETH:event:100bce:transition-toward-aksum,ETH:worldhistory-aksum
TL:ETH:event:100:aksum-emerges-as-a-trading-empire,ETH:unesco-aksum
TL:ETH:event:100:aksum-emerges-as-a-trading-empire,ETH:worldhistory-aksum
TL:ETH:event:270:aksum-issues-its-own-coinage,ETH:unesco-aksum
TL:ETH:event:270:aksum-issues-its-own-coinage,ETH:worldhistory-aksum
TL:ETH:event:330:king-ezana-adopts-christianity,ETH:metmuseum-christianity
TL:ETH:event:330:king-ezana-adopts-christianity,ETH:blackpast-ezana
TL:ETH:event:525:aksumite-intervention-in-arabia,ETH:worldhistory-aksum
TL:ETH:event:700:decline-of-aksum,ETH:unesco-aksum
TL:ETH:event:700:decline-of-aksum,ETH:worldhistory-aksum
TL:ETH:event:1137:zagwe-dynasty-established,ETH:wikipedia-zagwe
TL:ETH:event:1137:zagwe-dynasty-established,ETH:metmuseum-ethiopia
TL:ETH:event:1200:rock-hewn-churches-of-lalibela-carved,ETH:unesco-lalibela
TL:ETH:event:1200:rock-hewn-churches-of-lalibela-carved,ETH:wikipedia-zagwe
TL:ETH:event:1270:solomonic-dynasty-restored,ETH:worldhistory-solomonic
TL:ETH:event:1270:solomonic-dynasty-restored,ETH:metmuseum-ethiopia
TL:ETH:event:1314:compilation-of-the-kebra-nagast,ETH:worldhistory-solomonic
TL:ETH:event:1529:invasion-of-ahmad-ibn-ibrahim-al-ghazi,ETH:metmuseum-ethiopia
TL:ETH:event:1636:fasilides-founds-gondar,ETH:unesco-gondar
TL:ETH:event:1636:fasilides-founds-gondar,ETH:wikipedia-gondarine
TL:ETH:event:1769:onset-of-the-zemene-mesafint,ETH:wikipedia-gondarine
TL:ETH:event:1855:tewodros-ii-reunifies-ethiopia,ETH:wikipedia-gondarine
TL:ETH:event:1855:tewodros-ii-reunifies-ethiopia,ETH:britannica-ethiopia
TL:ETH:event:1868:siege-of-magdala-and-death-of-tewodros,ETH:britannica-ethiopia
TL:ETH:event:1886:founding-of-addis-ababa,ETH:britannica-ethiopia
TL:ETH:event:1889:treaty-of-wuchale-signed,ETH:britannica-adwa
TL:ETH:event:1889:treaty-of-wuchale-signed,ETH:ebsco-adwa
TL:ETH:event:1896:battle-of-adwa,ETH:britannica-adwa
TL:ETH:event:1896:battle-of-adwa,ETH:ebsco-adwa
TL:ETH:event:1896:battle-of-adwa,ETH:blackpast-adwa
TL:ETH:event:1896:treaty-of-addis-ababa,ETH:britannica-adwa
TL:ETH:event:1936:italian-occupation-and-liberation,ETH:britannica-ethiopia
TL:ETH:event:1936:italian-occupation-and-liberation,ETH:wikipedia-haileselassie
TL:ETH:event:1974:revolution-overthrows-the-monarchy,ETH:wikipedia-1974coup
TL:ETH:event:1974:revolution-overthrows-the-monarchy,ETH:britannica-ethiopia
TL:ETH:event:1983:the-great-famine,ETH:wikipedia-famine8385
TL:ETH:event:1983:the-great-famine,ETH:britannica-ethiopia
TL:ETH:event:1991:fall-of-the-derg-and-a-new-federal-order,ETH:wikipedia-fallderg
TL:ETH:event:1991:fall-of-the-derg-and-a-new-federal-order,ETH:wikipedia-eritreareferendum
TL:ETH:event:2020:the-tigray-war,ETH:wikipedia-tigraypeace
TL:ETH:event:2020:the-tigray-war,ETH:cfr-ethiopia
TL:FIN:event:8800bce:first-settlement-of-finland,FIN:infofinland-history
TL:FIN:event:8800bce:first-settlement-of-finland,FIN:sami-britannica
TL:FIN:event:1249:turku-and-the-christianization-of-finland,FIN:finland-swedish-rule-britannica
TL:FIN:event:1249:turku-and-the-christianization-of-finland,FIN:mainoutlines-finland
TL:FIN:event:1323:treaty-of-noteborg,FIN:mainoutlines-finland
TL:FIN:event:1323:treaty-of-noteborg,FIN:finland-swedish-rule-britannica
TL:FIN:event:1548:mikael-agricola-and-written-finnish,FIN:mainoutlines-finland
TL:FIN:event:1808:the-finnish-war-and-the-end-of-swedish-rule,FIN:finland-swedish-rule-britannica
TL:FIN:event:1808:the-finnish-war-and-the-end-of-swedish-rule,FIN:history-of-finland-britannica
TL:FIN:event:1809:finland-becomes-an-autonomous-grand-duchy,FIN:history-of-finland-britannica
TL:FIN:event:1809:finland-becomes-an-autonomous-grand-duchy,FIN:infofinland-history
TL:FIN:event:1812:helsinki-made-the-capital,FIN:infofinland-history
TL:FIN:event:1812:helsinki-made-the-capital,FIN:mainoutlines-finland
TL:FIN:event:1835:elias-lonnrot-publishes-the-kalevala,FIN:lonnrot-britannica
TL:FIN:event:1835:elias-lonnrot-publishes-the-kalevala,FIN:kalevala-finland
TL:FIN:event:1899:russification-and-finlandia,FIN:history-of-finland-britannica
TL:FIN:event:1899:russification-and-finlandia,FIN:finlandia-finland
TL:FIN:event:1906:a-modern-parliament-and-votes-for-women,FIN:history-of-finland-britannica
TL:FIN:event:1917:declaration-of-independence,FIN:history-of-finland-britannica
TL:FIN:event:1917:declaration-of-independence,FIN:mainoutlines-finland
TL:FIN:event:1917:soviet-russia-recognises-finland,FIN:history-of-finland-britannica
TL:FIN:event:1917:soviet-russia-recognises-finland,FIN:infofinland-history
TL:FIN:event:1918:the-finnish-civil-war,FIN:civilwar-finland
TL:FIN:event:1918:the-finnish-civil-war,FIN:history-of-finland-britannica
TL:FIN:event:1919:republican-constitution,FIN:history-of-finland-britannica
TL:FIN:event:1920:aland-autonomy-act,FIN:aland-um
TL:FIN:event:1920:aland-autonomy-act,FIN:aland-finland
TL:FIN:event:1921:league-of-nations-awards-aland-to-finland,FIN:aland-um
TL:FIN:event:1921:league-of-nations-awards-aland-to-finland,FIN:aland-finland
TL:FIN:event:1921:league-of-nations-awards-aland-to-finland,FIN:aland-un-legal
TL:FIN:event:1921:convention-on-the-demilitarisation-of-aland,FIN:aland-nordics
TL:FIN:event:1921:convention-on-the-demilitarisation-of-aland,FIN:aland-um
TL:FIN:event:1932:the-far-right-coup-attempt-fails,FIN:civilwar-finland
TL:FIN:event:1939:the-winter-war-begins,FIN:russofinnish-britannica
TL:FIN:event:1939:the-winter-war-begins,FIN:infofinland-history
TL:FIN:event:1940:moscow-peace-treaty-cedes-karelia,FIN:russofinnish-britannica
TL:FIN:event:1940:moscow-peace-treaty-cedes-karelia,FIN:finland-wwii-britannica
TL:FIN:event:1941:the-continuation-war,FIN:finland-wwii-britannica
TL:FIN:event:1941:the-continuation-war,FIN:russofinnish-britannica
TL:FIN:event:1944:moscow-armistice-and-cession-of-petsamo,FIN:finland-wwii-britannica
TL:FIN:event:1944:moscow-armistice-and-cession-of-petsamo,FIN:frus-finland-treaty
TL:FIN:event:1947:paris-peace-treaty-and-the-karelian-evacuees,FIN:frus-finland-treaty
TL:FIN:event:1947:paris-peace-treaty-and-the-karelian-evacuees,FIN:finland-wwii-britannica
TL:FIN:event:1948:treaty-with-the-soviet-union-and-neutrality,FIN:history-of-finland-britannica
TL:FIN:event:1948:treaty-with-the-soviet-union-and-neutrality,FIN:infofinland-history
TL:FIN:event:1975:the-helsinki-final-act,FIN:history-of-finland-britannica
TL:FIN:event:1995:finland-joins-the-european-union,FIN:mainoutlines-finland
TL:FIN:event:1995:finland-joins-the-european-union,FIN:infofinland-history
TL:FIN:event:2022:finland-applies-to-join-nato,FIN:nato-finland
TL:FIN:event:2022:finland-applies-to-join-nato,FIN:infofinland-history
TL:FIN:event:2023:finland-becomes-nato-s-31st-member,FIN:nato-finland
TL:FJI:event:1000bce:lapita-settlement-of-fiji,FJI:eb-lapita
TL:FJI:event:1000bce:lapita-settlement-of-fiji,FJI:eb-fiji-history
TL:FJI:event:500bce:rise-of-fijian-chiefdoms,FJI:eb-fiji-history
TL:FJI:event:500bce:rise-of-fijian-chiefdoms,FJI:statedept-fiji
TL:FJI:event:1643:abel-tasman-sights-fiji,FJI:eb-fiji-history
TL:FJI:event:1789:bligh-charts-fijian-waters,FJI:eb-fiji-history
TL:FJI:event:1804:sandalwood-and-beche-de-mer-trades,FJI:eb-fiji-history
TL:FJI:event:1854:cakobau-converts-to-christianity,FJI:eb-cakobau
TL:FJI:event:1854:cakobau-converts-to-christianity,FJI:eb-fiji-history
TL:FJI:event:1874:deed-of-cession-to-britain,FJI:eb-fiji-history
TL:FJI:event:1874:deed-of-cession-to-britain,FJI:unesco-levuka
TL:FJI:event:1874:deed-of-cession-to-britain,FJI:statedept-fiji
TL:FJI:event:1875:measles-epidemic-devastates-fiji,FJI:eb-fiji-history
TL:FJI:event:1879:arrival-of-the-leonidas-first-girmitiyas,FJI:eb-fiji-history
TL:FJI:event:1879:arrival-of-the-leonidas-first-girmitiyas,FJI:usp-sukuna
TL:FJI:event:1882:capital-moves-to-suva,FJI:unesco-levuka
TL:FJI:event:1940:native-land-trust-board-established,FJI:usp-sukuna
TL:FJI:event:1940:native-land-trust-board-established,FJI:eb-fiji-history
TL:FJI:event:1970:independence-from-the-united-kingdom,FJI:eb-mara
TL:FJI:event:1970:independence-from-the-united-kingdom,FJI:fiji-parliament
TL:FJI:event:1970:independence-from-the-united-kingdom,FJI:statedept-fiji
TL:FJI:event:1987:rabuka-s-coups-fiji-becomes-a-republic,FJI:eb-rabuka
TL:FJI:event:1987:rabuka-s-coups-fiji-becomes-a-republic,FJI:statedept-fiji
TL:FJI:event:1999:first-indo-fijian-prime-minister,FJI:eb-chaudhry
TL:FJI:event:2000:speight-hostage-crisis,FJI:eb-speight
TL:FJI:event:2000:speight-hostage-crisis,FJI:eb-chaudhry
TL:FJI:event:2006:bainimarama-s-coup,FJI:eb-bainimarama
TL:FJI:event:2006:bainimarama-s-coup,FJI:eb-qarase
TL:FJI:event:2013:new-constitution-adopted,FJI:statedept-fiji
TL:FJI:event:2014:return-to-elected-government,FJI:statedept-fiji
TL:FJI:event:2017:fiji-presides-over-cop23,FJI:un-cop23
TL:FJI:event:2017:fiji-presides-over-cop23,FJI:worldbank-fiji
TL:FJI:event:2017:fiji-presides-over-cop23,FJI:eb-fiji
TL:FJI:event:2022:peaceful-change-of-government,FJI:statedept-fiji
TL:FLK:event:1592:first-recorded-sighting,FLK:govfk-history
TL:FLK:event:1592:first-recorded-sighting,FLK:britannica-falklands
TL:FLK:event:1764:french-port-louis-founded,FLK:britannica-falklands
TL:FLK:event:1764:french-port-louis-founded,FLK:britannica-bougainville
TL:FLK:event:1765:british-port-egmont-established,FLK:britannica-falklands
TL:FLK:event:1765:british-port-egmont-established,FLK:govfk-history
TL:FLK:event:1767:spain-buys-out-the-french-and-administers-from,FLK:britannica-falklands
TL:FLK:event:1820:buenos-aires-proclaims-sovereignty,FLK:britannica-falklands
TL:FLK:event:1820:buenos-aires-proclaims-sovereignty,FLK:statedept-southatlantic
TL:FLK:event:1831:uss-lexington-raid-on-port-louis,FLK:britannica-falklands
TL:FLK:event:1833:britain-re-establishes-control-founding-of,FLK:britannica-falklands
TL:FLK:event:1833:britain-re-establishes-control-founding-of,FLK:govfk-history
TL:FLK:event:1833:britain-re-establishes-control-founding-of,FLK:statedept-southatlantic
TL:FLK:event:1841:first-british-lieutenant-governor,FLK:britannica-falklands
TL:FLK:event:1845:stanley-becomes-the-capital,FLK:britannica-falklands
TL:FLK:event:1845:stanley-becomes-the-capital,FLK:govfk-history
TL:FLK:event:1851:falkland-islands-company-chartered,FLK:britannica-falklands
TL:FLK:event:1885:a-self-supporting-wool-colony,FLK:britannica-falklands
TL:FLK:event:1914:battle-of-the-falkland-islands,FLK:britannica-battle-1914
TL:FLK:event:1946:listed-as-a-non-self-governing-territory,FLK:un-decolonization
TL:FLK:event:1964:decolonisation-committee-takes-up-the-question,FLK:un-decolonization
TL:FLK:event:1965:general-assembly-resolution-2065-xx,FLK:un-decolonization
TL:FLK:event:1965:general-assembly-resolution-2065-xx,FLK:un-press-2025
TL:FLK:event:1982:argentine-invasion,FLK:statedept-southatlantic
TL:FLK:event:1982:argentine-invasion,FLK:britannica-war
TL:FLK:event:1982:belgrano-and-sheffield-sunk,FLK:britannica-war
TL:FLK:event:1982:british-landings-at-san-carlos,FLK:britannica-war
TL:FLK:event:1982:argentine-surrender-at-stanley,FLK:statedept-southatlantic
TL:FLK:event:1982:argentine-surrender-at-stanley,FLK:britannica-war
TL:FLK:event:1982:security-council-resolution-502,FLK:unscr-502
TL:FLK:event:1982:the-commons-sits-on-a-saturday,FLK:hansard-1982
TL:FLK:event:1986:fisheries-licensing-zone-established,FLK:britannica-falklands
TL:FLK:event:2013:sovereignty-referendum,FLK:congress-hres170
TL:FLK:event:2013:sovereignty-referendum,FLK:govfk-history
TL:FLK:event:2025:un-reiterates-call-for-negotiations,FLK:un-press-2025
TL:FLK:event:2025:un-reiterates-call-for-negotiations,FLK:un-decolonization
TL:FLK:event:2026:contested-status-and-an-oil-prospect,FLK:un-decolonization
TL:FLK:event:2026:contested-status-and-an-oil-prospect,FLK:sealion-rockhopper
TL:FRA:event:600bce:foundation-of-massalia-marseille,FRA:eb-marseille
TL:FRA:event:52bce:siege-of-alesia,FRA:eb-alesia
TL:FRA:event:52bce:siege-of-alesia,FRA:eb-vercingetorix
TL:FRA:event:50bce:gaul-becomes-roman,FRA:eb-france
TL:FRA:event:496:baptism-of-clovis-i,FRA:eb-clovis
TL:FRA:event:800:charlemagne-crowned-emperor,FRA:eb-charlemagne
TL:FRA:event:843:treaty-of-verdun,FRA:eb-verdun
TL:FRA:event:987:hugh-capet-elected-king,FRA:eb-hugh-capet
TL:FRA:event:1337:hundred-years-war-begins,FRA:eb-hundred-years
TL:FRA:event:1429:joan-of-arc-at-orleans,FRA:eb-joan
TL:FRA:event:1598:edict-of-nantes,FRA:eb-nantes
TL:FRA:event:1643:reign-of-louis-xiv,FRA:eb-louis-xiv
TL:FRA:event:1789:storming-of-the-bastille,FRA:eb-revolution
TL:FRA:event:1789:declaration-of-the-rights-of-man,FRA:eb-rights-of-man
TL:FRA:event:1804:napoleon-crowned-emperor,FRA:eb-napoleon
TL:FRA:event:1815:battle-of-waterloo,FRA:eb-napoleon
TL:FRA:event:1905:separation-of-church-and-state,FRA:eb-france
TL:FRA:event:1944:liberation-of-paris,FRA:eb-france
TL:FRA:event:1958:fifth-republic-founded,FRA:eb-fifth-republic
TL:FRA:event:1957:founding-member-of-the-eec,FRA:eb-france
TL:GAB:event:3000bce:forest-hunter-gatherers-of-the-ogooue,GAB:britannica-history-gabon
TL:GAB:event:3000bce:forest-hunter-gatherers-of-the-ogooue,GAB:history-gabon-wiki
TL:GAB:event:3000bce:forest-hunter-gatherers-of-the-ogooue,GAB:globalsecurity-gabon-people
TL:GAB:event:300bce:bantu-farmers-and-ironworkers-arrive,GAB:britannica-history-gabon
TL:GAB:event:300bce:bantu-farmers-and-ironworkers-arrive,GAB:history-gabon-wiki
TL:GAB:event:300bce:bantu-farmers-and-ironworkers-arrive,GAB:unesco-lope-okanda
TL:GAB:event:1:settlement-and-iron-working-at-lope-okanda,GAB:unesco-lope-okanda
TL:GAB:event:1:settlement-and-iron-working-at-lope-okanda,GAB:world-heritage-datasheet-lope
TL:GAB:event:1472:portuguese-reach-the-estuary-and-name-it-gabao,GAB:britannica-history-gabon
TL:GAB:event:1472:portuguese-reach-the-estuary-and-name-it-gabao,GAB:history-gabon-wiki
TL:GAB:event:1100:myene-peoples-settle-the-coast,GAB:britannica-history-gabon
TL:GAB:event:1100:myene-peoples-settle-the-coast,GAB:history-gabon-wiki
TL:GAB:event:1100:myene-peoples-settle-the-coast,GAB:globalsecurity-gabon-people
TL:GAB:event:1760:peak-of-the-atlantic-slave-trade,GAB:britannica-history-gabon
TL:GAB:event:1760:peak-of-the-atlantic-slave-trade,GAB:history-gabon-wiki
TL:GAB:event:1760:peak-of-the-atlantic-slave-trade,GAB:wisc-slave-trade-gabon
TL:GAB:event:1788:captives-embarked-at-gabon-and-cape-lopez,GAB:britannica-history-gabon
TL:GAB:event:1788:captives-embarked-at-gabon-and-cape-lopez,GAB:wisc-slave-trade-gabon
TL:GAB:event:1839:france-treats-with-king-denis,GAB:libreville-wiki
TL:GAB:event:1839:france-treats-with-king-denis,GAB:britannica-history-gabon
TL:GAB:event:1849:libreville-founded-for-freed-slaves,GAB:libreville-wiki
TL:GAB:event:1849:libreville-founded-for-freed-slaves,GAB:britannica-history-gabon
TL:GAB:event:1849:libreville-founded-for-freed-slaves,GAB:history-gabon-wiki
TL:GAB:event:1875:brazza-explores-the-ogooue,GAB:brazza-wiki
TL:GAB:event:1875:brazza-explores-the-ogooue,GAB:britannica-brazza
TL:GAB:event:1875:brazza-explores-the-ogooue,GAB:fea-wiki
TL:GAB:event:1910:gabon-joins-french-equatorial-africa,GAB:fea-wiki
TL:GAB:event:1910:gabon-joins-french-equatorial-africa,GAB:britannica-history-gabon
TL:GAB:event:1913:schweitzer-founds-the-lambarene-hospital,GAB:schweitzer-wiki
TL:GAB:event:1913:schweitzer-founds-the-lambarene-hospital,GAB:britannica-history-gabon
TL:GAB:event:1946:overseas-territory-of-the-french-union,GAB:britannica-history-gabon
TL:GAB:event:1946:overseas-territory-of-the-french-union,GAB:nationsencyclopedia-gabon
TL:GAB:event:1956:oil-discovered-near-port-gentil,GAB:britannica-economy-gabon
TL:GAB:event:1956:oil-discovered-near-port-gentil,GAB:imf-gabon-oil
TL:GAB:event:1958:internal-autonomy-as-the-gabonese-republic,GAB:britannica-history-gabon
TL:GAB:event:1958:internal-autonomy-as-the-gabonese-republic,GAB:nationsencyclopedia-gabon
TL:GAB:event:1960:independence-under-leon-m-ba,GAB:mba-wiki
TL:GAB:event:1960:independence-under-leon-m-ba,GAB:britannica-history-gabon
TL:GAB:event:1964:coup-attempt-reversed-by-france,GAB:mba-wiki
TL:GAB:event:1964:coup-attempt-reversed-by-france,GAB:britannica-history-gabon
TL:GAB:event:1967:omar-bongo-takes-power,GAB:omar-bongo-wiki
TL:GAB:event:1967:omar-bongo-takes-power,GAB:britannica-history-gabon
TL:GAB:event:2009:death-of-omar-bongo-ali-bongo-succeeds,GAB:omar-bongo-wiki
TL:GAB:event:2009:death-of-omar-bongo-ali-bongo-succeeds,GAB:coup-2023-wiki
TL:GAB:event:2023:military-coup-ends-bongo-rule,GAB:coup-2023-wiki
TL:GAB:event:2023:military-coup-ends-bongo-rule,GAB:britannica-gabon
TL:GBR:event:43:roman-conquest-of-britain-begins,GBR:brit-roman-britain
TL:GBR:event:43:roman-conquest-of-britain-begins,GBR:english-heritage
TL:GBR:event:410:end-of-roman-britain,GBR:brit-roman-britain
TL:GBR:event:878:alfred-defeats-the-vikings-at-edington,GBR:brit-alfred
TL:GBR:event:878:alfred-defeats-the-vikings-at-edington,GBR:bl-overview
TL:GBR:event:927:england-unified-under-athelstan,GBR:brit-athelstan
TL:GBR:event:927:england-unified-under-athelstan,GBR:english-heritage
TL:GBR:event:1066:battle-of-hastings-and-the-norman-conquest,GBR:brit-norman-conquest
TL:GBR:event:1066:battle-of-hastings-and-the-norman-conquest,GBR:english-heritage
TL:GBR:event:1086:domesday-book-compiled,GBR:bl-overview
TL:GBR:event:1215:magna-carta-sealed-at-runnymede,GBR:bl-overview
TL:GBR:event:1215:magna-carta-sealed-at-runnymede,GBR:brit-magna-carta
TL:GBR:event:1348:the-black-death-reaches-england,GBR:bl-overview
TL:GBR:event:1485:battle-of-bosworth-ends-the-wars-of-the-roses,GBR:brit-tudors
TL:GBR:event:1534:act-of-supremacy-and-the-break-with-rome,GBR:brit-henry-viii
TL:GBR:event:1534:act-of-supremacy-and-the-break-with-rome,GBR:brit-reformation
TL:GBR:event:1559:the-elizabethan-religious-settlement,GBR:brit-elizabeth-i
TL:GBR:event:1588:defeat-of-the-spanish-armada,GBR:brit-spanish-armada
TL:GBR:event:1600:founding-of-the-east-india-company,GBR:brit-east-india-company
TL:GBR:event:1603:union-of-the-crowns,GBR:bl-overview
TL:GBR:event:1649:execution-of-charles-i,GBR:brit-english-civil-wars
TL:GBR:event:1688:the-glorious-revolution,GBR:brit-glorious-revolution
TL:GBR:event:1707:acts-of-union-create-great-britain,GBR:ukparl-union-1707
TL:GBR:event:1707:acts-of-union-create-great-britain,GBR:brit-act-of-union
TL:GBR:event:1783:loss-of-the-american-colonies,GBR:bl-overview
TL:GBR:event:1801:union-with-ireland-forms-the-united-kingdom,GBR:ukparl-union-ireland
TL:GBR:event:1801:union-with-ireland-forms-the-united-kingdom,GBR:brit-act-of-union-1801
TL:GBR:event:1807:abolition-of-the-british-slave-trade,GBR:brit-slavery-abolition
TL:GBR:event:1833:slavery-abolition-act,GBR:brit-slavery-abolition
TL:GBR:event:1845:the-great-irish-famine,GBR:ukparl-irish-famine
TL:GBR:event:1845:the-great-irish-famine,GBR:brit-irish-famine
TL:GBR:event:1837:the-victorian-era-and-the-height-of-empire,GBR:brit-victoria
TL:GBR:event:1837:the-victorian-era-and-the-height-of-empire,GBR:brit-british-empire
TL:GBR:event:1914:the-first-world-war,GBR:iwm-decolonisation
TL:GBR:event:1914:the-first-world-war,GBR:brit-act-of-union-1801
TL:GBR:event:1939:the-second-world-war,GBR:iwm-decolonisation
TL:GBR:event:1939:the-second-world-war,GBR:brit-bengal-famine
TL:GBR:event:1948:founding-of-the-national-health-service,GBR:natarchives-nhs
TL:GBR:event:1947:independence-of-india-and-the-start-of,GBR:iwm-decolonisation
TL:GBR:event:2020:the-united-kingdom-leaves-the-european-union,GBR:brit-brexit
TL:GEO:event:600bce:kingdom-of-colchis-flourishes,GEO:colchis-britannica
TL:GEO:event:600bce:kingdom-of-colchis-flourishes,GEO:history-georgia-britannica
TL:GEO:event:300bce:kingdom-of-iberia-founded,GEO:iberia-britannica
TL:GEO:event:300bce:kingdom-of-iberia-founded,GEO:history-georgia-britannica
TL:GEO:event:65bce:pompey-campaigns-in-the-caucasus,GEO:history-georgia-britannica
TL:GEO:event:65bce:pompey-campaigns-in-the-caucasus,GEO:colchis-britannica
TL:GEO:event:337:iberia-adopts-christianity,GEO:nino-britannica
TL:GEO:event:337:iberia-adopts-christianity,GEO:mtskheta-unesco
TL:GEO:event:337:iberia-adopts-christianity,GEO:history-georgia-britannica
TL:GEO:event:645:arab-conquest-and-the-emirate-of-tbilisi,GEO:history-georgia-britannica
TL:GEO:event:1008:bagrat-iii-unites-georgia,GEO:history-georgia-britannica
TL:GEO:event:1008:bagrat-iii-unites-georgia,GEO:gelati-unesco
TL:GEO:event:1121:battle-of-didgori,GEO:david-britannica
TL:GEO:event:1121:battle-of-didgori,GEO:history-georgia-britannica
TL:GEO:event:1122:tbilisi-recovered-and-made-capital,GEO:history-georgia-britannica
TL:GEO:event:1122:tbilisi-recovered-and-made-capital,GEO:david-britannica
TL:GEO:event:1184:reign-of-queen-tamar,GEO:tamar-britannica
TL:GEO:event:1184:reign-of-queen-tamar,GEO:history-georgia-britannica
TL:GEO:event:1200:rustaveli-s-national-epic,GEO:rustaveli-britannica
TL:GEO:event:1386:invasions-of-timur,GEO:history-georgia-britannica
TL:GEO:event:1386:invasions-of-timur,GEO:turkish-persian-britannica
TL:GEO:event:1783:treaty-of-georgievsk,GEO:georgievsk-britannica
TL:GEO:event:1783:treaty-of-georgievsk,GEO:turkish-persian-britannica
TL:GEO:event:1801:russia-annexes-kartli-kakheti,GEO:history-georgia-britannica
TL:GEO:event:1801:russia-annexes-kartli-kakheti,GEO:georgievsk-britannica
TL:GEO:event:1918:democratic-republic-of-georgia-proclaimed,GEO:independent-georgia-britannica
TL:GEO:event:1918:democratic-republic-of-georgia-proclaimed,GEO:history-georgia-britannica
TL:GEO:event:1921:red-army-conquest,GEO:independent-georgia-britannica
TL:GEO:event:1921:red-army-conquest,GEO:history-georgia-britannica
TL:GEO:event:1989:the-april-9-tragedy-in-tbilisi,GEO:independent-georgia-britannica
TL:GEO:event:1991:independence-restored,GEO:independent-georgia-britannica
TL:GEO:event:1991:independence-restored,GEO:us-state-georgia
TL:GEO:event:1992:war-in-abkhazia,GEO:abkhazia-britannica
TL:GEO:event:1992:war-in-abkhazia,GEO:independent-georgia-britannica
TL:GEO:event:2003:the-rose-revolution,GEO:independent-georgia-britannica
TL:GEO:event:2008:russia-georgia-war-over-south-ossetia,GEO:independent-georgia-britannica
TL:GEO:event:2008:russia-georgia-war-over-south-ossetia,GEO:south-ossetia-britannica
TL:GEO:event:2014:eu-association-agreement,GEO:us-state-georgia
TL:GEO:event:2014:eu-association-agreement,GEO:independent-georgia-britannica
TL:GHA:event:1000:the-medieval-ghana-empire-flourishes-far-to-the,GHA:worldhistory-ghana-empire
TL:GHA:event:1000:the-medieval-ghana-empire-flourishes-far-to-the,GHA:britannica-ghana-empire
TL:GHA:event:1100:rise-of-bono-and-the-early-akan-states,GHA:bono-wiki
TL:GHA:event:1100:rise-of-bono-and-the-early-akan-states,GHA:britannica-ghana
TL:GHA:event:1300:gold-links-the-forest-to-the-sahel,GHA:bono-wiki
TL:GHA:event:1300:gold-links-the-forest-to-the-sahel,GHA:britannica-ghana
TL:GHA:event:1471:portuguese-reach-the-gold-coast,GHA:britannica-ghana
TL:GHA:event:1471:portuguese-reach-the-gold-coast,GHA:britannica-elmina
TL:GHA:event:1482:portugal-builds-elmina-castle,GHA:britannica-elmina
TL:GHA:event:1482:portugal-builds-elmina-castle,GHA:unesco-forts
TL:GHA:event:1482:portugal-builds-elmina-castle,GHA:sitesofconscience-elmina
TL:GHA:event:1637:the-dutch-seize-elmina,GHA:britannica-elmina
TL:GHA:event:1637:the-dutch-seize-elmina,GHA:elmina-wiki
TL:GHA:event:1600:the-atlantic-slave-trade,GHA:sitesofconscience-elmina
TL:GHA:event:1600:the-atlantic-slave-trade,GHA:unesco-forts
TL:GHA:event:1600:the-atlantic-slave-trade,GHA:britannica-elmina
TL:GHA:event:1807:britain-abolishes-its-slave-trade,GHA:britannica-ghana
TL:GHA:event:1807:britain-abolishes-its-slave-trade,GHA:britannica-elmina
TL:GHA:event:1701:founding-of-the-asante-empire,GHA:britannica-osei-tutu
TL:GHA:event:1701:founding-of-the-asante-empire,GHA:blackpast-osei-tutu
TL:GHA:event:1701:founding-of-the-asante-empire,GHA:asante-wiki
TL:GHA:event:1700:okomfo-anokye-and-the-golden-stool,GHA:goldenstool-wiki
TL:GHA:event:1700:okomfo-anokye-and-the-golden-stool,GHA:blackpast-osei-tutu
TL:GHA:event:1700:okomfo-anokye-and-the-golden-stool,GHA:asante-wiki
TL:GHA:event:1824:asante-victory-at-nsamankow,GHA:blackpast-anglo-ashanti
TL:GHA:event:1824:asante-victory-at-nsamankow,GHA:anglo-ashanti-wiki
TL:GHA:event:1874:british-expedition-burns-kumasi,GHA:blackpast-anglo-ashanti
TL:GHA:event:1874:british-expedition-burns-kumasi,GHA:britannica-ghana
TL:GHA:event:1900:the-war-of-the-golden-stool,GHA:goldenstool-war-wiki
TL:GHA:event:1900:the-war-of-the-golden-stool,GHA:yaa-asantewaa-wiki
TL:GHA:event:1900:the-war-of-the-golden-stool,GHA:blackpast-anglo-ashanti
TL:GHA:event:1850:denmark-sells-its-gold-coast-forts-to-britain,GHA:britannica-ghana
TL:GHA:event:1874:the-gold-coast-becomes-a-crown-colony,GHA:britannica-ghana
TL:GHA:event:1874:the-gold-coast-becomes-a-crown-colony,GHA:unesco-forts
TL:GHA:event:1902:asante-annexed-and-northern-territories-added,GHA:britannica-ghana
TL:GHA:event:1902:asante-annexed-and-northern-territories-added,GHA:blackpast-anglo-ashanti
TL:GHA:event:1947:nkrumah-returns-to-lead-the-nationalists,GHA:britannica-nkrumah
TL:GHA:event:1947:nkrumah-returns-to-lead-the-nationalists,GHA:britannica-ghana
TL:GHA:event:1949:nkrumah-founds-the-convention-people-s-party,GHA:britannica-nkrumah
TL:GHA:event:1949:nkrumah-founds-the-convention-people-s-party,GHA:britannica-ghana
TL:GHA:event:1957:ghana-wins-independence,GHA:statedept-ghana
TL:GHA:event:1957:ghana-wins-independence,GHA:britannica-ghana
TL:GHA:event:1957:ghana-wins-independence,GHA:britannica-nkrumah
TL:GHA:event:1960:ghana-becomes-a-republic,GHA:britannica-ghana
TL:GHA:event:1960:ghana-becomes-a-republic,GHA:britannica-nkrumah
TL:GHA:event:1963:founding-of-the-organisation-of-african-unity,GHA:britannica-nkrumah
TL:GHA:event:1966:nkrumah-overthrown,GHA:britannica-nkrumah
TL:GHA:event:1966:nkrumah-overthrown,GHA:britannica-ghana
TL:GHA:event:1966:an-era-of-coups,GHA:britannica-ghana
TL:GHA:event:1966:an-era-of-coups,GHA:rawlings-1981-coup-wiki
TL:GHA:event:1979:rawlings-s-first-coup-and-a-brief-civilian,GHA:rawlings-1981-coup-wiki
TL:GHA:event:1979:rawlings-s-first-coup-and-a-brief-civilian,GHA:britannica-ghana
TL:GHA:event:1981:rawlings-seizes-power-again,GHA:rawlings-1981-coup-wiki
TL:GHA:event:1981:rawlings-seizes-power-again,GHA:britannica-ghana
TL:GHA:event:1993:the-fourth-republic-begins,GHA:britannica-ghana
TL:GHA:event:1993:the-fourth-republic-begins,GHA:ebsco-rawlings
TL:GHA:event:2000:first-democratic-alternation-of-power,GHA:britannica-ghana
TL:GHA:event:2000:first-democratic-alternation-of-power,GHA:kujenga-democracy
TL:GHA:event:2024:mahama-returns-in-a-peaceful-handover,GHA:usip-ghana-2024
TL:GHA:event:2024:mahama-returns-in-a-peaceful-handover,GHA:kujenga-democracy
TL:GIN:event:1235:foundation-of-the-mali-empire-on-the-upper-niger,GIN:britannica-guinea
TL:GIN:event:1235:foundation-of-the-mali-empire-on-the-upper-niger,GIN:ebsco-mali
TL:GIN:event:1235:foundation-of-the-mali-empire-on-the-upper-niger,GIN:worldhist-songhai
TL:GIN:event:1324:mansa-musa-s-pilgrimage-makes-mali-s-gold,GIN:ebsco-mali
TL:GIN:event:1324:mansa-musa-s-pilgrimage-makes-mali-s-gold,GIN:britannica-guinea
TL:GIN:event:1493:songhai-ascendancy-in-the-western-sudan,GIN:worldhist-songhai
TL:GIN:event:1493:songhai-ascendancy-in-the-western-sudan,GIN:ebsco-songhai
TL:GIN:event:1591:fall-of-songhai-to-a-moroccan-army,GIN:worldhist-songhai
TL:GIN:event:1591:fall-of-songhai-to-a-moroccan-army,GIN:ebsco-songhai
TL:GIN:event:1725:fulani-jihad-founds-the-imamate-of-futa-jallon,GIN:wiki-futajallon
TL:GIN:event:1725:fulani-jihad-founds-the-imamate-of-futa-jallon,GIN:wiki-karamokho
TL:GIN:event:1725:fulani-jihad-founds-the-imamate-of-futa-jallon,GIN:britannica-guinea
TL:GIN:event:1751:ibrahima-sori-succeeds-karamokho-alfa,GIN:wiki-futajallon
TL:GIN:event:1751:ibrahima-sori-succeeds-karamokho-alfa,GIN:wiki-karamokho
TL:GIN:event:1896:french-annexation-of-futa-jallon,GIN:wiki-futajallon
TL:GIN:event:1896:french-annexation-of-futa-jallon,GIN:wiki-frenchguinea
TL:GIN:event:1878:samori-proclaims-the-wassoulou-empire,GIN:wiki-samori
TL:GIN:event:1878:samori-proclaims-the-wassoulou-empire,GIN:britannica-guinea
TL:GIN:event:1881:capture-of-kankan,GIN:britannica-guinea
TL:GIN:event:1881:capture-of-kankan,GIN:wiki-samori
TL:GIN:event:1884:islam-proclaimed-state-religion-samori-takes,GIN:wiki-samori
TL:GIN:event:1887:treaties-with-france,GIN:wiki-samori
TL:GIN:event:1898:capture-of-samori-toure,GIN:wiki-samori
TL:GIN:event:1898:capture-of-samori-toure,GIN:britannica-guinea
TL:GIN:event:1884:founding-of-conakry,GIN:wiki-frenchguinea
TL:GIN:event:1884:founding-of-conakry,GIN:britannica-conakry
TL:GIN:event:1891:colony-of-french-guinea-established,GIN:wiki-frenchguinea
TL:GIN:event:1895:incorporation-into-french-west-africa,GIN:wiki-frenchguinea
TL:GIN:event:1947:rise-of-the-parti-democratique-de-guinee,GIN:britannica-guinea
TL:GIN:event:1947:rise-of-the-parti-democratique-de-guinee,GIN:ebsco-independence
TL:GIN:event:1958:guinea-votes-non,GIN:ebsco-independence
TL:GIN:event:1958:guinea-votes-non,GIN:wiki-frenchguinea
TL:GIN:event:1958:guinea-votes-non,GIN:britannica-guinea
TL:GIN:event:1958:independence-proclaimed,GIN:ebsco-independence
TL:GIN:event:1958:independence-proclaimed,GIN:britannica-guinea
TL:GIN:event:1960:camp-boiro-and-the-one-party-state,GIN:wiki-campboiro
TL:GIN:event:1960:camp-boiro-and-the-one-party-state,GIN:justiceinfo-boiro
TL:GIN:event:1984:death-of-sekou-toure,GIN:wiki-1984coup
TL:GIN:event:1984:death-of-sekou-toure,GIN:britannica-guinea
TL:GIN:event:1984:lansana-conte-seizes-power,GIN:wiki-1984coup
TL:GIN:event:1984:lansana-conte-seizes-power,GIN:britannica-guinea
TL:GIN:event:2008:camara-s-coup-after-conte-s-death,GIN:britannica-guinea
TL:GIN:event:2008:camara-s-coup-after-conte-s-death,GIN:globalsecurity-massacre
TL:GIN:event:2009:conakry-stadium-massacre,GIN:hrw-massacre
TL:GIN:event:2009:conakry-stadium-massacre,GIN:globalsecurity-massacre
TL:GIN:event:2010:alpha-conde-elected-return-to-civilian-rule,GIN:wiki-conde
TL:GIN:event:2010:alpha-conde-elected-return-to-civilian-rule,GIN:britannica-guinea
TL:GIN:event:2021:doumbouya-s-coup-ousts-conde,GIN:wiki-2021coup
TL:GIN:event:2021:doumbouya-s-coup-ousts-conde,GIN:wiki-doumbouya
TL:GMB:event:300bce:megalith-building-begins-along-the-river,GMB:britannica-stone-circles
TL:GMB:event:300bce:megalith-building-begins-along-the-river,GMB:unesco-stone-circles
TL:GMB:event:300bce:megalith-building-begins-along-the-river,GMB:stone-circles-wiki
TL:GMB:event:900:a-sacred-landscape-of-more-than-a-thousand,GMB:unesco-stone-circles
TL:GMB:event:900:a-sacred-landscape-of-more-than-a-thousand,GMB:stone-circles-wiki
TL:GMB:event:900:a-sacred-landscape-of-more-than-a-thousand,GMB:smarthistory-stone-circles
TL:GMB:event:1000:settlement-of-the-mandinka-wolof-fula-and-serer,GMB:britannica-gambia
TL:GMB:event:1000:settlement-of-the-mandinka-wolof-fula-and-serer,GMB:encyclopaedia-africana-gambia
TL:GMB:event:1235:mali-s-reach-extends-to-the-gambia,GMB:britannica-gambia
TL:GMB:event:1235:mali-s-reach-extends-to-the-gambia,GMB:history-gambia-wiki
TL:GMB:event:1235:mali-s-reach-extends-to-the-gambia,GMB:britannica-mali
TL:GMB:event:1300:mandinka-kingdoms-of-the-river,GMB:history-gambia-wiki
TL:GMB:event:1300:mandinka-kingdoms-of-the-river,GMB:niumi-wiki
TL:GMB:event:1300:mandinka-kingdoms-of-the-river,GMB:britannica-gambia
TL:GMB:event:1400:niumi-commands-the-river-mouth,GMB:niumi-wiki
TL:GMB:event:1400:niumi-commands-the-river-mouth,GMB:britannica-gambia
TL:GMB:event:1455:portuguese-ships-enter-the-gambia,GMB:kunta-kinteh-wiki
TL:GMB:event:1455:portuguese-ships-enter-the-gambia,GMB:history-gambia-wiki
TL:GMB:event:1455:portuguese-ships-enter-the-gambia,GMB:britannica-gambia
TL:GMB:event:1661:england-takes-james-island,GMB:kunta-kinteh-wiki
TL:GMB:event:1661:england-takes-james-island,GMB:unesco-kunta-kinteh
TL:GMB:event:1700:the-atlantic-slave-trade-on-the-river,GMB:unesco-kunta-kinteh
TL:GMB:event:1700:the-atlantic-slave-trade-on-the-river,GMB:kunta-kinteh-wiki
TL:GMB:event:1700:the-atlantic-slave-trade-on-the-river,GMB:britannica-gambia
TL:GMB:event:1807:britain-abolishes-its-slave-trade,GMB:unesco-kunta-kinteh
TL:GMB:event:1807:britain-abolishes-its-slave-trade,GMB:kunta-kinteh-wiki
TL:GMB:event:2003:kunta-kinteh-island-recognised,GMB:unesco-kunta-kinteh
TL:GMB:event:2003:kunta-kinteh-island-recognised,GMB:kunta-kinteh-wiki
TL:GMB:event:1816:bathurst-founded-on-st-mary-s-island,GMB:history-gambia-wiki
TL:GMB:event:1816:bathurst-founded-on-st-mary-s-island,GMB:britannica-gambia
TL:GMB:event:1889:anglo-french-agreements-draw-the-enclave,GMB:history-gambia-wiki
TL:GMB:event:1889:anglo-french-agreements-draw-the-enclave,GMB:britannica-gambia
TL:GMB:event:1902:colony-and-protectorate-established,GMB:history-gambia-wiki
TL:GMB:event:1902:colony-and-protectorate-established,GMB:britannica-gambia
TL:GMB:event:1902:colony-and-protectorate-established,GMB:niumi-wiki
TL:GMB:event:1962:jawara-leads-toward-self-rule,GMB:britannica-gambia
TL:GMB:event:1962:jawara-leads-toward-self-rule,GMB:jawara-wiki
TL:GMB:event:1962:jawara-leads-toward-self-rule,GMB:history-gambia-wiki
TL:GMB:event:1965:independence-from-the-united-kingdom,GMB:statedept-gambia
TL:GMB:event:1965:independence-from-the-united-kingdom,GMB:britannica-gambia
TL:GMB:event:1965:independence-from-the-united-kingdom,GMB:history-gambia-wiki
TL:GMB:event:1970:the-gambia-becomes-a-republic,GMB:britannica-gambia
TL:GMB:event:1970:the-gambia-becomes-a-republic,GMB:jawara-wiki
TL:GMB:event:1981:coup-attempt-and-senegalese-intervention,GMB:britannica-gambia
TL:GMB:event:1981:coup-attempt-and-senegalese-intervention,GMB:senegambia-wiki
TL:GMB:event:1981:coup-attempt-and-senegalese-intervention,GMB:jawara-wiki
TL:GMB:event:1982:the-senegambia-confederation-formed,GMB:senegambia-wiki
TL:GMB:event:1982:the-senegambia-confederation-formed,GMB:britannica-gambia
TL:GMB:event:1989:the-confederation-dissolves,GMB:senegambia-wiki
TL:GMB:event:1989:the-confederation-dissolves,GMB:britannica-gambia
TL:GMB:event:1994:jammeh-s-coup-ends-the-jawara-era,GMB:jammeh-wiki
TL:GMB:event:1994:jammeh-s-coup-ends-the-jawara-era,GMB:britannica-gambia
TL:GMB:event:1996:jammeh-elected-president,GMB:jammeh-wiki
TL:GMB:event:1996:jammeh-elected-president,GMB:britannica-gambia
TL:GMB:event:2009:repression-and-abuses-under-jammeh,GMB:jammeh-wiki
TL:GMB:event:2009:repression-and-abuses-under-jammeh,GMB:britannica-gambia
TL:GMB:event:2016:barrow-defeats-jammeh,GMB:barrow-blackpast
TL:GMB:event:2016:barrow-defeats-jammeh,GMB:jammeh-wiki
TL:GMB:event:2016:barrow-defeats-jammeh,GMB:britannica-gambia
TL:GMB:event:2017:ecowas-intervention-and-transfer-of-power,GMB:barrow-blackpast
TL:GMB:event:2017:ecowas-intervention-and-transfer-of-power,GMB:jammeh-wiki
TL:GMB:event:2017:ecowas-intervention-and-transfer-of-power,GMB:history-gambia-wiki
TL:GNB:event:1235:mali-s-reach-and-the-rise-of-kaabu,GNB:kaabu-wiki
TL:GNB:event:1235:mali-s-reach-and-the-rise-of-kaabu,GNB:history-gnb-wiki
TL:GNB:event:1235:mali-s-reach-and-the-rise-of-kaabu,GNB:britannica-gnb
TL:GNB:event:1400:kaabu-becomes-an-independent-federation,GNB:kaabu-wiki
TL:GNB:event:1400:kaabu-becomes-an-independent-federation,GNB:history-gnb-wiki
TL:GNB:event:1450:the-coastal-and-island-peoples,GNB:history-gnb-wiki
TL:GNB:event:1450:the-coastal-and-island-peoples,GNB:britannica-gnb
TL:GNB:event:1450:the-coastal-and-island-peoples,GNB:statedept-gnb
TL:GNB:event:1867:the-battle-of-kansala-ends-kaabu,GNB:kaabu-wiki
TL:GNB:event:1867:the-battle-of-kansala-ends-kaabu,GNB:kansala-wiki
TL:GNB:event:1867:the-battle-of-kansala-ends-kaabu,GNB:history-gnb-wiki
TL:GNB:event:1455:portuguese-ships-reach-the-rivers-of-guinea,GNB:portuguese-guinea-wiki
TL:GNB:event:1455:portuguese-ships-reach-the-rivers-of-guinea,GNB:history-gnb-wiki
TL:GNB:event:1455:portuguese-ships-reach-the-rivers-of-guinea,GNB:britannica-gnb
TL:GNB:event:1588:cacheu-fortified-as-a-slaving-station,GNB:portuguese-guinea-wiki
TL:GNB:event:1588:cacheu-fortified-as-a-slaving-station,GNB:statedept-gnb
TL:GNB:event:1588:cacheu-fortified-as-a-slaving-station,GNB:history-gnb-wiki
TL:GNB:event:1600:the-atlantic-slave-trade-via-cape-verde,GNB:britannica-gnb
TL:GNB:event:1600:the-atlantic-slave-trade-via-cape-verde,GNB:history-gnb-wiki
TL:GNB:event:1600:the-atlantic-slave-trade-via-cape-verde,GNB:statedept-gnb
TL:GNB:event:1765:bissau-founded-as-a-fortified-post,GNB:portuguese-guinea-wiki
TL:GNB:event:1765:bissau-founded-as-a-fortified-post,GNB:statedept-gnb
TL:GNB:event:1765:bissau-founded-as-a-fortified-post,GNB:britannica-gnb
TL:GNB:event:1869:slavery-abolished-contract-labour-follows,GNB:history-gnb-wiki
TL:GNB:event:1869:slavery-abolished-contract-labour-follows,GNB:britannica-gnb
TL:GNB:event:1879:guinea-separated-from-cape-verde,GNB:portuguese-guinea-wiki
TL:GNB:event:1879:guinea-separated-from-cape-verde,GNB:britannica-gnb
TL:GNB:event:1892:a-separate-military-district,GNB:portuguese-guinea-wiki
TL:GNB:event:1912:teixeira-pinto-s-pacification-of-the-mainland,GNB:history-gnb-wiki
TL:GNB:event:1912:teixeira-pinto-s-pacification-of-the-mainland,GNB:portuguese-guinea-wiki
TL:GNB:event:1912:teixeira-pinto-s-pacification-of-the-mainland,GNB:britannica-gnb
TL:GNB:event:1936:the-bijagos-islands-subdued,GNB:history-gnb-wiki
TL:GNB:event:1936:the-bijagos-islands-subdued,GNB:portuguese-guinea-wiki
TL:GNB:event:1951:renamed-an-overseas-province,GNB:portuguese-guinea-wiki
TL:GNB:event:1951:renamed-an-overseas-province,GNB:history-gnb-wiki
TL:GNB:event:1956:amilcar-cabral-founds-the-paigc,GNB:cabral-wiki
TL:GNB:event:1956:amilcar-cabral-founds-the-paigc,GNB:history-gnb-wiki
TL:GNB:event:1956:amilcar-cabral-founds-the-paigc,GNB:britannica-gnb
TL:GNB:event:1959:the-pidjiguiti-massacre,GNB:pidjiguiti-wiki
TL:GNB:event:1959:the-pidjiguiti-massacre,GNB:history-gnb-wiki
TL:GNB:event:1963:the-war-of-independence-begins,GNB:war-gnb-wiki
TL:GNB:event:1963:the-war-of-independence-begins,GNB:history-gnb-wiki
TL:GNB:event:1963:the-war-of-independence-begins,GNB:britannica-gnb
TL:GNB:event:1973:cabral-assassinated-in-conakry,GNB:cabral-wiki
TL:GNB:event:1973:cabral-assassinated-in-conakry,GNB:war-gnb-wiki
TL:GNB:event:1973:cabral-assassinated-in-conakry,GNB:history-gnb-wiki
TL:GNB:event:1973:independence-declared-at-boe,GNB:history-gnb-wiki
TL:GNB:event:1973:independence-declared-at-boe,GNB:britannica-gnb
TL:GNB:event:1973:independence-declared-at-boe,GNB:statedept-gnb
TL:GNB:event:1974:portugal-recognises-independence,GNB:statedept-gnb
TL:GNB:event:1974:portugal-recognises-independence,GNB:history-gnb-wiki
TL:GNB:event:1974:portugal-recognises-independence,GNB:britannica-gnb
TL:GNB:event:1980:nino-vieira-seizes-power,GNB:history-gnb-wiki
TL:GNB:event:1980:nino-vieira-seizes-power,GNB:britannica-gnb
TL:GNB:event:1980:nino-vieira-seizes-power,GNB:statedept-gnb
TL:GNB:event:1994:first-multi-party-elections,GNB:history-gnb-wiki
TL:GNB:event:1994:first-multi-party-elections,GNB:britannica-gnb
TL:GNB:event:1998:the-civil-war,GNB:history-gnb-wiki
TL:GNB:event:1998:the-civil-war,GNB:britannica-gnb
TL:GNB:event:2009:vieira-assassinated,GNB:history-gnb-wiki
TL:GNB:event:2009:vieira-assassinated,GNB:britannica-gnb
TL:GNB:event:2012:coup-amid-the-cocaine-trade,GNB:history-gnb-wiki
TL:GNB:event:2012:coup-amid-the-cocaine-trade,GNB:britannica-gnb
TL:GNB:event:2012:coup-amid-the-cocaine-trade,GNB:unodc-westafrica
TL:GNB:event:2007:a-cocaine-transit-narco-state,GNB:unodc-westafrica
TL:GNB:event:2007:a-cocaine-transit-narco-state,GNB:globalinitiative-gnb
TL:GNB:event:2007:a-cocaine-transit-narco-state,GNB:bbc-narcostate
TL:GNQ:event:1200:bubi-settle-bioko,GNQ:britannica-history-eg
TL:GNQ:event:1200:bubi-settle-bioko,GNQ:history-eg-wiki
TL:GNQ:event:1200:bubi-settle-bioko,GNQ:nwe-eg
TL:GNQ:event:1300:fang-and-ndowe-of-rio-muni,GNQ:britannica-history-eg
TL:GNQ:event:1300:fang-and-ndowe-of-rio-muni,GNQ:encyclopedia-com-eg
TL:GNQ:event:1300:fang-and-ndowe-of-rio-muni,GNQ:state-eg-bgn
TL:GNQ:event:1450:annobon-peopled-from-angola,GNQ:history-eg-wiki
TL:GNQ:event:1450:annobon-peopled-from-angola,GNQ:encyclopedia-com-eg
TL:GNQ:event:1472:fernao-do-po-sights-the-island,GNQ:britannica-history-eg
TL:GNQ:event:1472:fernao-do-po-sights-the-island,GNQ:history-eg-wiki
TL:GNQ:event:1472:fernao-do-po-sights-the-island,GNQ:nwe-eg
TL:GNQ:event:1778:treaty-of-el-pardo-cedes-the-islands-to-spain,GNQ:el-pardo-wiki
TL:GNQ:event:1778:treaty-of-el-pardo-cedes-the-islands-to-spain,GNQ:britannica-history-eg
TL:GNQ:event:1778:treaty-of-el-pardo-cedes-the-islands-to-spain,GNQ:history-eg-wiki
TL:GNQ:event:1778:treaty-of-el-pardo-cedes-the-islands-to-spain,GNQ:nwe-eg
TL:GNQ:event:1778:the-argelejo-expedition-fails,GNQ:history-eg-wiki
TL:GNQ:event:1778:the-argelejo-expedition-fails,GNQ:el-pardo-wiki
TL:GNQ:event:1827:britain-founds-an-anti-slavery-base-at-port,GNQ:history-eg-wiki
TL:GNQ:event:1827:britain-founds-an-anti-slavery-base-at-port,GNQ:nwe-eg
TL:GNQ:event:1827:britain-founds-an-anti-slavery-base-at-port,GNQ:britannica-history-eg
TL:GNQ:event:1843:britain-withdraws-to-sierra-leone,GNQ:history-eg-wiki
TL:GNQ:event:1843:britain-withdraws-to-sierra-leone,GNQ:nwe-eg
TL:GNQ:event:1858:spain-installs-effective-rule-under-carlos,GNQ:history-eg-wiki
TL:GNQ:event:1858:spain-installs-effective-rule-under-carlos,GNQ:britannica-history-eg
TL:GNQ:event:1900:treaty-of-paris-fixes-rio-muni,GNQ:history-eg-wiki
TL:GNQ:event:1900:treaty-of-paris-fixes-rio-muni,GNQ:spanish-guinea-wiki
TL:GNQ:event:1914:liberian-labour-treaty-for-the-cocoa-plantations,GNQ:spanish-guinea-wiki
TL:GNQ:event:1914:liberian-labour-treaty-for-the-cocoa-plantations,GNQ:history-eg-wiki
TL:GNQ:event:1926:bioko-and-rio-muni-united-as-spanish-guinea,GNQ:spanish-guinea-wiki
TL:GNQ:event:1926:bioko-and-rio-muni-united-as-spanish-guinea,GNQ:history-eg-wiki
TL:GNQ:event:1959:made-an-overseas-province-of-spain,GNQ:spanish-guinea-wiki
TL:GNQ:event:1959:made-an-overseas-province-of-spain,GNQ:history-eg-wiki
TL:GNQ:event:1963:autonomy-and-the-name-equatorial-guinea,GNQ:spanish-guinea-wiki
TL:GNQ:event:1963:autonomy-and-the-name-equatorial-guinea,GNQ:history-eg-wiki
TL:GNQ:event:1968:independence-from-spain,GNQ:britannica-history-eg
TL:GNQ:event:1968:independence-from-spain,GNQ:history-eg-wiki
TL:GNQ:event:1968:independence-from-spain,GNQ:spanish-guinea-wiki
TL:GNQ:event:1968:independence-from-spain,GNQ:nwe-eg
TL:GNQ:event:1968:macias-nguema-becomes-first-president,GNQ:britannica-history-eg
TL:GNQ:event:1968:macias-nguema-becomes-first-president,GNQ:history-eg-wiki
TL:GNQ:event:1968:macias-nguema-becomes-first-president,GNQ:globalsecurity-macias
TL:GNQ:event:1972:president-for-life,GNQ:history-eg-wiki
TL:GNQ:event:1972:president-for-life,GNQ:globalsecurity-macias
TL:GNQ:event:1972:mass-killing-and-exile,GNQ:coup-1979-wiki
TL:GNQ:event:1972:mass-killing-and-exile,GNQ:globalsecurity-macias
TL:GNQ:event:1972:mass-killing-and-exile,GNQ:history-eg-wiki
TL:GNQ:event:1976:cocoa-economy-collapses-as-labourers-flee,GNQ:history-eg-wiki
TL:GNQ:event:1976:cocoa-economy-collapses-as-labourers-flee,GNQ:spanish-guinea-wiki
TL:GNQ:event:1979:obiang-s-coup-overthrows-macias,GNQ:coup-1979-wiki
TL:GNQ:event:1979:obiang-s-coup-overthrows-macias,GNQ:globalsecurity-macias
TL:GNQ:event:1979:macias-executed,GNQ:coup-1979-wiki
TL:GNQ:event:1979:macias-executed,GNQ:history-eg-wiki
TL:GNQ:event:1979:obiang-takes-power,GNQ:coup-1979-wiki
TL:GNQ:event:1979:obiang-takes-power,GNQ:britannica-eg
TL:GNQ:event:1995:zafiro-oil-field-discovered,GNQ:zafiro-nsenergy
TL:GNQ:event:1995:zafiro-oil-field-discovered,GNQ:ogj-eg-oil
TL:GNQ:event:1996:oil-production-begins,GNQ:zafiro-nsenergy
TL:GNQ:event:1996:oil-production-begins,GNQ:ogj-eg-oil
TL:GNQ:event:2004:the-wonga-coup-foiled,GNQ:history-eg-wiki
TL:GNQ:event:2004:the-wonga-coup-foiled,GNQ:britannica-eg
TL:GNQ:event:2000:wealth-amid-deep-inequality,GNQ:britannica-eg
TL:GNQ:event:2000:wealth-amid-deep-inequality,GNQ:history-eg-wiki
TL:GNQ:event:2008:joined-then-delisted-by-the-transparency,GNQ:eiti-gnq
TL:GNQ:event:2016:a-capital-in-the-rainforest,GNQ:bbc-gnq
TL:GRC:event:2000bce:rise-of-the-minoan-palaces-on-crete,GRC:whe-minoan
TL:GRC:event:2000bce:rise-of-the-minoan-palaces-on-crete,GRC:britannica-minoan
TL:GRC:event:1600bce:flourishing-of-mycenaean-civilization,GRC:whe-mycenaean
TL:GRC:event:1600bce:flourishing-of-mycenaean-civilization,GRC:britannica-mycenaean
TL:GRC:event:1450bce:linear-b-and-mycenaean-control-of-crete,GRC:whe-mycenaean
TL:GRC:event:1450bce:linear-b-and-mycenaean-control-of-crete,GRC:britannica-minoan
TL:GRC:event:1200bce:bronze-age-collapse-and-the-greek-dark-ages,GRC:whe-bronze-age-aegean
TL:GRC:event:1200bce:bronze-age-collapse-and-the-greek-dark-ages,GRC:britannica-mycenaean
TL:GRC:event:776bce:traditional-first-olympic-games,GRC:whe-ancient-greece
TL:GRC:event:508bce:cleisthenes-founds-athenian-democracy,GRC:britannica-cleisthenes
TL:GRC:event:508bce:cleisthenes-founds-athenian-democracy,GRC:history-greek-democracy
TL:GRC:event:508bce:cleisthenes-founds-athenian-democracy,GRC:ebsco-cleisthenes
TL:GRC:event:490bce:battle-of-marathon,GRC:britannica-marathon
TL:GRC:event:490bce:battle-of-marathon,GRC:whe-marathon
TL:GRC:event:480bce:battle-of-salamis,GRC:britannica-marathon
TL:GRC:event:480bce:battle-of-salamis,GRC:whe-ancient-greece
TL:GRC:event:431bce:the-peloponnesian-war,GRC:whe-ancient-greece
TL:GRC:event:338bce:battle-of-chaeronea,GRC:britannica-chaeronea
TL:GRC:event:338bce:battle-of-chaeronea,GRC:whe-chaeronea
TL:GRC:event:334bce:alexander-invades-the-persian-empire,GRC:britannica-alexander
TL:GRC:event:334bce:alexander-invades-the-persian-empire,GRC:whe-alexander
TL:GRC:event:331bce:foundation-of-alexandria,GRC:whe-alexander
TL:GRC:event:323bce:death-of-alexander-and-the-hellenistic-kingdoms,GRC:britannica-alexander
TL:GRC:event:323bce:death-of-alexander-and-the-hellenistic-kingdoms,GRC:britannica-hellenistic
TL:GRC:event:146bce:rome-sacks-corinth-and-conquers-greece,GRC:whe-roman-greece
TL:GRC:event:146bce:rome-sacks-corinth-and-conquers-greece,GRC:britannica-greece
TL:GRC:event:330:foundation-of-constantinople,GRC:britannica-byzantine
TL:GRC:event:330:foundation-of-constantinople,GRC:britannica-greece
TL:GRC:event:1204:fourth-crusade-sacks-constantinople,GRC:britannica-byzantine
TL:GRC:event:1204:fourth-crusade-sacks-constantinople,GRC:britannica-greece
TL:GRC:event:1453:fall-of-constantinople,GRC:britannica-fall-constantinople
TL:GRC:event:1453:fall-of-constantinople,GRC:britannica-byzantine
TL:GRC:event:1460:ottoman-conquest-of-the-morea,GRC:britannica-greece-ottoman
TL:GRC:event:1460:ottoman-conquest-of-the-morea,GRC:wiki-ottoman-morea
TL:GRC:event:1821:outbreak-of-the-greek-war-of-independence,GRC:britannica-war-independence
TL:GRC:event:1821:outbreak-of-the-greek-war-of-independence,GRC:ebsco-greek-independence
TL:GRC:event:1827:battle-of-navarino,GRC:britannica-war-independence
TL:GRC:event:1827:battle-of-navarino,GRC:ebsco-greek-independence
TL:GRC:event:1830:london-protocol-recognizes-greek-independence,GRC:greeknewsagenda-london-protocol
TL:GRC:event:1830:london-protocol-recognizes-greek-independence,GRC:ebsco-greek-independence
TL:GRC:event:1832:treaty-of-constantinople-and-the-kingdom-of,GRC:britannica-war-independence
TL:GRC:event:1832:treaty-of-constantinople-and-the-kingdom-of,GRC:britannica-otto
TL:GRC:event:1922:asia-minor-catastrophe,GRC:britannica-greece
TL:GRC:event:1922:asia-minor-catastrophe,GRC:globalsecurity-greco-turkish
TL:GRC:event:1941:axis-occupation-of-greece,GRC:wiki-axis-occupation
TL:GRC:event:1941:axis-occupation-of-greece,GRC:britannica-greece
TL:GRC:event:1946:greek-civil-war,GRC:ww2museum-greek-civil-war
TL:GRC:event:1946:greek-civil-war,GRC:britannica-greece
TL:GRC:event:1974:fall-of-the-junta-and-the-third-hellenic,GRC:britannica-greece
TL:GRC:event:1974:fall-of-the-junta-and-the-third-hellenic,GRC:bbc-greece-timeline
TL:GRC:event:1981:greece-joins-the-european-communities,GRC:britannica-greece
TL:GRC:event:1981:greece-joins-the-european-communities,GRC:bbc-greece-timeline
TL:GRL:event:2500bce:the-saqqaq-settle-greenland,GRL:aasivissuit-unesco
TL:GRL:event:2500bce:the-saqqaq-settle-greenland,GRL:greenland-history-britannica
TL:GRL:event:800bce:the-dorset-tuniit-culture,GRL:aasivissuit-unesco
TL:GRL:event:800bce:the-dorset-tuniit-culture,GRL:greenland-history-britannica
TL:GRL:event:1250:arrival-of-the-thule,GRL:greenland-history-britannica
TL:GRL:event:1250:arrival-of-the-thule,GRL:aasivissuit-unesco
TL:GRL:event:985:erik-the-red-founds-the-norse-colony,GRL:erik-britannica
TL:GRL:event:985:erik-the-red-founds-the-norse-colony,GRL:kujataa-unesco
TL:GRL:event:1000:leif-erikson-sails-to-vinland,GRL:erik-britannica
TL:GRL:event:1261:submission-to-the-norwegian-crown,GRL:greenland-history-britannica
TL:GRL:event:1408:the-norse-settlements-vanish,GRL:greenland-history-britannica
TL:GRL:event:1408:the-norse-settlements-vanish,GRL:kujataa-unesco
TL:GRL:event:1721:hans-egede-reaches-greenland,GRL:egede-britannica
TL:GRL:event:1721:hans-egede-reaches-greenland,GRL:greenland-history-britannica
TL:GRL:event:1776:the-royal-trade-monopoly,GRL:greenland-history-britannica
TL:GRL:event:1933:danish-sovereignty-confirmed,GRL:eastern-greenland-pcij
TL:GRL:event:1933:danish-sovereignty-confirmed,GRL:denmark-history-state
TL:GRL:event:1941:greenland-under-u-s-protection,GRL:denmark-history-state
TL:GRL:event:1941:greenland-under-u-s-protection,GRL:diis-us-greenland
TL:GRL:event:1951:thule-air-base-built,GRL:diis-us-greenland
TL:GRL:event:1951:thule-air-base-built,GRL:denmark-history-state
TL:GRL:event:1953:from-colony-to-danish-county,GRL:greenland-history-britannica
TL:GRL:event:1953:from-colony-to-danish-county,GRL:naalakkersuisut-about
TL:GRL:event:1953:from-colony-to-danish-county,GRL:loc-greenland-selfgov
TL:GRL:event:1979:home-rule-established,GRL:loc-greenland-selfgov
TL:GRL:event:1979:home-rule-established,GRL:naalakkersuisut-about
TL:GRL:event:1985:greenland-leaves-the-european-community,GRL:naalakkersuisut-about
TL:GRL:event:1985:greenland-leaves-the-european-community,GRL:greenland-history-britannica
TL:GRL:event:2008:self-government-referendum,GRL:naalakkersuisut-about
TL:GRL:event:2008:self-government-referendum,GRL:loc-greenland-selfgov
TL:GRL:event:2009:act-on-greenland-self-government-in-force,GRL:selfgov-act-stm
TL:GRL:event:2009:act-on-greenland-self-government-in-force,GRL:stm-greenland
TL:GRL:event:2009:act-on-greenland-self-government-in-force,GRL:loc-greenland-selfgov
TL:GRL:event:2021:mute-b-egede-becomes-premier,GRL:egede-wilson
TL:GRL:event:2021:mute-b-egede-becomes-premier,GRL:naalakkersuisut-about
TL:GRL:event:2025:the-2025-election-under-world-attention,GRL:greenland-commons-library
TL:GRL:event:2025:the-2025-election-under-world-attention,GRL:naalakkersuisut-about
TL:GRL:event:2025:jens-frederik-nielsen-becomes-premier,GRL:greenland-commons-library
TL:GRL:event:2025:jens-frederik-nielsen-becomes-premier,GRL:naalakkersuisut-about
TL:GTM:event:900bce:tikal-settled-in-the-peten,GTM:britannica-tikal
TL:GTM:event:900bce:tikal-settled-in-the-peten,GTM:unesco-tikal
TL:GTM:event:600:tikal-at-its-height,GTM:unesco-tikal
TL:GTM:event:600:tikal-at-its-height,GTM:britannica-tikal
TL:GTM:event:900:classic-maya-collapse,GTM:britannica-maya
TL:GTM:event:900:classic-maya-collapse,GTM:unesco-tikal
TL:GTM:event:1524:conquest-under-pedro-de-alvarado,GTM:britannica-alvarado
TL:GTM:event:1524:conquest-under-pedro-de-alvarado,GTM:britannica-guatemala-history
TL:GTM:event:1543:santiago-de-los-caballeros-re-founded,GTM:britannica-antigua
TL:GTM:event:1543:santiago-de-los-caballeros-re-founded,GTM:unesco-antigua
TL:GTM:event:1554:the-popol-vuh-set-down,GTM:britannica-popol-vuh
TL:GTM:event:1773:santa-marta-earthquakes-ruin-antigua,GTM:britannica-antigua
TL:GTM:event:1773:santa-marta-earthquakes-ruin-antigua,GTM:unesco-antigua
TL:GTM:event:1821:independence-from-spain,GTM:britannica-central-america
TL:GTM:event:1821:independence-from-spain,GTM:loc-guatemala
TL:GTM:event:1823:federal-republic-of-central-america,GTM:britannica-central-america
TL:GTM:event:1847:republic-of-guatemala-proclaimed,GTM:britannica-guatemala-history
TL:GTM:event:1847:republic-of-guatemala-proclaimed,GTM:britannica-central-america
TL:GTM:event:1871:liberal-revolution,GTM:britannica-guatemala-history
TL:GTM:event:1873:the-coffee-economy,GTM:britannica-guatemala-history
TL:GTM:event:1901:rise-of-the-united-fruit-company,GTM:britannica-guatemala-history
TL:GTM:event:1901:rise-of-the-united-fruit-company,GTM:history-state-guatemala
TL:GTM:event:1931:dictatorship-of-jorge-ubico,GTM:britannica-guatemala-history
TL:GTM:event:1944:october-revolution,GTM:britannica-guatemala-history
TL:GTM:event:1944:october-revolution,GTM:history-state-guatemala
TL:GTM:event:1952:agrarian-reform-under-arbenz,GTM:history-state-guatemala
TL:GTM:event:1952:agrarian-reform-under-arbenz,GTM:britannica-guatemala-history
TL:GTM:event:1954:cia-backed-coup-overthrows-arbenz,GTM:history-state-guatemala
TL:GTM:event:1954:cia-backed-coup-overthrows-arbenz,GTM:britannica-guatemala-history
TL:GTM:event:1960:civil-war-and-the-maya-genocide,GTM:unesco-peace-accords
TL:GTM:event:1960:civil-war-and-the-maya-genocide,GTM:britannica-rios-montt
TL:GTM:event:1960:civil-war-and-the-maya-genocide,GTM:britannica-guatemala-history
TL:GTM:event:1996:firm-and-lasting-peace-accords,GTM:unesco-peace-accords
TL:GTM:event:1999:memory-of-silence-report,GTM:unesco-peace-accords
TL:GTM:event:2013:rios-montt-convicted-of-genocide,GTM:britannica-rios-montt
TL:GTM:event:2023:election-of-bernardo-arevalo,GTM:usip-guatemala-2023
TL:GUY:event:1000bce:amerindian-settlement-of-the-guianas,GUY:britannica-guyana-history
TL:GUY:event:1000bce:amerindian-settlement-of-the-guianas,GUY:loc-guyana
TL:GUY:event:1500:the-wild-coast-and-el-dorado,GUY:britannica-guyana-history
TL:GUY:event:1616:founding-of-essequibo,GUY:britannica-guyana-history
TL:GUY:event:1616:founding-of-essequibo,GUY:history-state-guyana
TL:GUY:event:1700:the-engineered-sugar-coast,GUY:britannica-guyana-history
TL:GUY:event:1700:the-engineered-sugar-coast,GUY:loc-guyana
TL:GUY:event:1763:the-berbice-slave-rebellion,GUY:britannica-guyana-history
TL:GUY:event:1763:the-berbice-slave-rebellion,GUY:ntg-1763
TL:GUY:event:1781:founding-of-stabroek-georgetown,GUY:britannica-georgetown
TL:GUY:event:1823:the-demerara-rising,GUY:britannica-guyana-history
TL:GUY:event:1823:the-demerara-rising,GUY:loc-guyana
TL:GUY:event:1831:creation-of-british-guiana,GUY:history-state-guyana
TL:GUY:event:1831:creation-of-british-guiana,GUY:britannica-guyana-history
TL:GUY:event:1838:emancipation-and-indian-indenture,GUY:britannica-guyana-history
TL:GUY:event:1838:emancipation-and-indian-indenture,GUY:loc-guyana
TL:GUY:event:1917:end-of-indian-indenture,GUY:loc-guyana
TL:GUY:event:1917:end-of-indian-indenture,GUY:britannica-guyana-history
TL:GUY:event:1953:ppp-victory-and-suspended-constitution,GUY:britannica-jagan
TL:GUY:event:1953:ppp-victory-and-suspended-constitution,GUY:loc-guyana
TL:GUY:event:1955:the-ppp-splits-along-ethnic-lines,GUY:britannica-guyana-independence
TL:GUY:event:1955:the-ppp-splits-along-ethnic-lines,GUY:britannica-burnham
TL:GUY:event:1966:independence-of-guyana,GUY:britannica-guyana-independence
TL:GUY:event:1966:independence-of-guyana,GUY:history-state-guyana
TL:GUY:event:1970:the-cooperative-republic,GUY:britannica-guyana-independence
TL:GUY:event:1970:the-cooperative-republic,GUY:history-state-guyana
TL:GUY:event:1971:nationalisation-of-the-economy,GUY:britannica-burnham
TL:GUY:event:1971:nationalisation-of-the-economy,GUY:britannica-guyana-independence
TL:GUY:event:1978:the-jonestown-tragedy,GUY:britannica-jonestown
TL:GUY:event:1985:death-of-burnham-hoyte-succeeds,GUY:britannica-burnham
TL:GUY:event:1985:death-of-burnham-hoyte-succeeds,GUY:loc-guyana
TL:GUY:event:1992:return-of-jagan-and-free-elections,GUY:britannica-jagan
TL:GUY:event:1992:return-of-jagan-and-free-elections,GUY:britannica-janet-jagan
TL:GUY:event:2015:first-offshore-oil-discovery,GUY:eia-guyana
TL:GUY:event:2015:first-offshore-oil-discovery,GUY:exxon-guyana
TL:GUY:event:2018:guyana-takes-essequibo-case-to-the-icj,GUY:icj-guyana-venezuela
TL:GUY:event:2019:first-oil-production,GUY:eia-guyana
TL:GUY:event:2026:icj-hearings-on-the-merits,GUY:icj-guyana-venezuela
TL:HND:event:1000bce:copan-settled,HND:britannica-copan
TL:HND:event:426:dynasty-of-sixteen-kings,HND:britannica-copan
TL:HND:event:426:dynasty-of-sixteen-kings,HND:britannica-hieroglyphic-stairway
TL:HND:event:755:hieroglyphic-stairway-completed,HND:britannica-hieroglyphic-stairway
TL:HND:event:755:hieroglyphic-stairway-completed,HND:unesco-copan
TL:HND:event:1200:copan-abandoned,HND:britannica-copan
TL:HND:event:1502:columbus-reaches-honduras,HND:britannica-honduras-history
TL:HND:event:1537:lempira-s-resistance,HND:britannica-honduras-history
TL:HND:event:1537:lempira-s-resistance,HND:britannica-lenca
TL:HND:event:1570:silver-strike-and-rise-of-tegucigalpa,HND:loc-honduras-study
TL:HND:event:1570:silver-strike-and-rise-of-tegucigalpa,HND:britannica-honduras-history
TL:HND:event:1821:independence-from-spain,HND:history-state-honduras
TL:HND:event:1821:independence-from-spain,HND:britannica-honduras-history
TL:HND:event:1823:federal-republic-of-central-america,HND:history-state-honduras
TL:HND:event:1823:federal-republic-of-central-america,HND:britannica-united-provinces
TL:HND:event:1830:morazan-leads-the-federation,HND:britannica-morazan
TL:HND:event:1838:honduras-becomes-sovereign,HND:history-state-honduras
TL:HND:event:1838:honduras-becomes-sovereign,HND:britannica-united-provinces
TL:HND:event:1899:rise-of-the-fruit-companies,HND:britannica-banana-republic
TL:HND:event:1899:rise-of-the-fruit-companies,HND:britannica-honduras-history
TL:HND:event:1910:cuyamel-and-the-zemurray-coup,HND:britannica-banana-republic
TL:HND:event:1929:united-fruit-absorbs-cuyamel,HND:britannica-banana-republic
TL:HND:event:1933:carias-dictatorship,HND:britannica-honduras-history
TL:HND:event:1933:carias-dictatorship,HND:loc-honduras-study
TL:HND:event:1969:war-with-el-salvador,HND:britannica-honduras-history
TL:HND:event:1983:contra-war-staging-ground,HND:britannica-honduras-history
TL:HND:event:1998:hurricane-mitch,HND:britannica-hurricane-mitch
TL:HND:event:1998:hurricane-mitch,HND:britannica-honduras-history
TL:HND:event:2009:removal-of-president-zelaya,HND:britannica-zelaya
TL:HND:event:2009:removal-of-president-zelaya,HND:britannica-honduras-21st
TL:HND:event:2022:xiomara-castro-inaugurated,HND:britannica-castro
TL:HND:event:2022:xiomara-castro-inaugurated,HND:britannica-honduras-21st
TL:HND:event:2022:extradition-of-juan-orlando-hernandez,HND:britannica-hernandez
TL:HND:event:2026:asfura-succeeds-castro,HND:britannica-castro
TL:HND:event:2026:asfura-succeeds-castro,HND:atlantic-council-asfura
TL:HRV:event:9:dalmatia-and-pannonia-become-roman-provinces,HRV:croatia-history-britannica
TL:HRV:event:305:diocletian-s-palace-at-split,HRV:split-unesco
TL:HRV:event:305:diocletian-s-palace-at-split,HRV:croatia-history-britannica
TL:HRV:event:626:slavic-settlement-and-the-coming-of-the-croats,HRV:croatia-history-britannica
TL:HRV:event:626:slavic-settlement-and-the-coming-of-the-croats,HRV:croatia-eu-state
TL:HRV:event:879:papal-recognition-of-duke-branimir,HRV:croatia-eu-state
TL:HRV:event:879:papal-recognition-of-duke-branimir,HRV:croatia-history-britannica
TL:HRV:event:925:tomislav-recognised-as-king-of-the-croats,HRV:tomislav-britannica
TL:HRV:event:925:tomislav-recognised-as-king-of-the-croats,HRV:croatia-eu-state
TL:HRV:event:1075:coronation-of-demetrius-zvonimir,HRV:croatia-history-britannica
TL:HRV:event:1102:personal-union-with-hungary,HRV:croatia-eu-state
TL:HRV:event:1102:personal-union-with-hungary,HRV:croatia-history-britannica
TL:HRV:event:1420:venice-secures-dalmatia,HRV:croatia-history-britannica
TL:HRV:event:1458:the-republic-of-ragusa-dubrovnik,HRV:dubrovnik-unesco
TL:HRV:event:1458:the-republic-of-ragusa-dubrovnik,HRV:croatia-history-britannica
TL:HRV:event:1500:the-dalmatian-towns-under-venice,HRV:trogir-unesco
TL:HRV:event:1500:the-dalmatian-towns-under-venice,HRV:croatia-history-britannica
TL:HRV:event:1527:habsburgs-elected-to-the-croatian-throne,HRV:croatia-history-britannica
TL:HRV:event:1578:the-military-frontier,HRV:croatia-history-britannica
TL:HRV:event:1667:the-great-dubrovnik-earthquake,HRV:dubrovnik-unesco
TL:HRV:event:1809:napoleon-s-illyrian-provinces,HRV:croatia-history-britannica
TL:HRV:event:1835:the-illyrian-movement-and-national-revival,HRV:croatia-revival-britannica
TL:HRV:event:1835:the-illyrian-movement-and-national-revival,HRV:croatia-history-britannica
TL:HRV:event:1847:croatian-made-the-official-language,HRV:croatia-revival-britannica
TL:HRV:event:1868:the-croatian-hungarian-settlement-nagodba,HRV:croatia-history-britannica
TL:HRV:event:1918:entry-into-the-kingdom-of-serbs-croats-and,HRV:kingdom-scs-britannica
TL:HRV:event:1918:entry-into-the-kingdom-of-serbs-croats-and,HRV:croatia-history-britannica
TL:HRV:event:1941:the-independent-state-of-croatia-ndh,HRV:ndh-britannica
TL:HRV:event:1941:the-independent-state-of-croatia-ndh,HRV:ustasa-britannica
TL:HRV:event:1941:the-jasenovac-camp,HRV:jasenovac-ushmm
TL:HRV:event:1941:the-jasenovac-camp,HRV:ustasa-britannica
TL:HRV:event:1945:croatia-in-socialist-yugoslavia,HRV:croatia-wwii-britannica
TL:HRV:event:1945:croatia-in-socialist-yugoslavia,HRV:croatia-history-britannica
TL:HRV:event:1971:the-croatian-spring,HRV:croatia-history-britannica
TL:HRV:event:1991:declaration-of-independence,HRV:tudjman-britannica
TL:HRV:event:1991:declaration-of-independence,HRV:icty-conflicts
TL:HRV:event:1991:the-fall-of-vukovar,HRV:vukovar-irmct
TL:HRV:event:1991:the-fall-of-vukovar,HRV:icty-conflicts
TL:HRV:event:1992:international-recognition,HRV:us-recognition-gov
TL:HRV:event:1992:international-recognition,HRV:icty-conflicts
TL:HRV:event:1995:operation-storm,HRV:icty-conflicts
TL:HRV:event:1995:operation-storm,HRV:gotovina-icty
TL:HRV:event:2017:piran-bay-arbitration-award,HRV:piran-arbitration-gov
TL:HRV:event:1979:plitvice-lakes-inscribed-by-unesco,HRV:plitvice-unesco
TL:HRV:event:2013:accession-to-the-european-union,HRV:croatia-eu-mvep
TL:HRV:event:2013:accession-to-the-european-union,HRV:croatia-eu-commission
TL:HRV:event:2013:accession-to-the-european-union,HRV:croatia-euro-ecb
TL:HTI:event:1492:columbus-lands-on-hispaniola,HTI:loc-columbus-taino
TL:HTI:event:1492:columbus-lands-on-hispaniola,HTI:britannica-hispaniola
TL:HTI:event:1500:collapse-of-the-taino,HTI:britannica-history-haiti
TL:HTI:event:1500:collapse-of-the-taino,HTI:loc-columbus-taino
TL:HTI:event:1697:france-gains-saint-domingue,HTI:britannica-rijswijk
TL:HTI:event:1697:france-gains-saint-domingue,HTI:britannica-saint-domingue
TL:HTI:event:1789:world-s-richest-colony,HTI:britannica-saint-domingue
TL:HTI:event:1789:world-s-richest-colony,HTI:britannica-haitian-revolution
TL:HTI:event:1791:the-slave-uprising-begins,HTI:britannica-haitian-revolution
TL:HTI:event:1802:napoleon-s-expedition-toussaint-deported,HTI:britannica-toussaint
TL:HTI:event:1802:napoleon-s-expedition-toussaint-deported,HTI:britannica-haitian-revolution
TL:HTI:event:1804:independence-proclaimed,HTI:britannica-dessalines
TL:HTI:event:1804:independence-proclaimed,HTI:britannica-history-haiti
TL:HTI:event:1811:christophe-crowned-king-henry-i,HTI:britannica-christophe
TL:HTI:event:1811:christophe-crowned-king-henry-i,HTI:unesco-national-history-park
TL:HTI:event:1825:the-french-indemnity,HTI:britannica-history-haiti
TL:HTI:event:1821:boyer-unifies-hispaniola,HTI:bbc-haiti
TL:HTI:event:1844:dominican-republic-secedes,HTI:britannica-hispaniola
TL:HTI:event:1849:the-second-empire-of-faustin-soulouque,HTI:bbc-haiti
TL:HTI:event:1862:the-united-states-recognises-haiti,HTI:statedept-haiti
TL:HTI:event:1862:the-united-states-recognises-haiti,HTI:bbc-haiti
TL:HTI:event:1915:united-states-occupation,HTI:history-state-occupation
TL:HTI:event:1957:papa-doc-duvalier-takes-power,HTI:britannica-duvaliers
TL:HTI:event:1964:president-for-life,HTI:bbc-haiti
TL:HTI:event:1986:fall-of-baby-doc,HTI:britannica-duvaliers
TL:HTI:event:1986:fall-of-baby-doc,HTI:bbc-haiti
TL:HTI:event:1990:aristide-elected,HTI:britannica-aristide
TL:HTI:event:1994:twenty-thousand-us-troops-restore-aristide,HTI:bbc-haiti
TL:HTI:event:2004:aristide-leaves-again-the-un-deploys,HTI:bbc-haiti
TL:HTI:event:2010:catastrophic-earthquake,HTI:britannica-earthquake
TL:HTI:event:2016:hurricane-matthew,HTI:bbc-haiti
TL:HTI:event:2021:assassination-of-president-moise,HTI:un-news-haiti-2025
TL:HTI:event:2021:a-second-great-earthquake,HTI:bbc-haiti
TL:HTI:event:2024:transitional-council-and-security-mission,HTI:un-news-haiti-2025
TL:HUN:event:895:the-magyar-conquest-honfoglalas,HUN:arpad-britannica
TL:HUN:event:895:the-magyar-conquest-honfoglalas,HUN:arpad-dynasty-britannica
TL:HUN:event:996:pannonhalma-abbey-founded,HUN:pannonhalma-unesco
TL:HUN:event:1000:coronation-of-stephen-i,HUN:stephen-britannica
TL:HUN:event:1000:coronation-of-stephen-i,HUN:crown-museum
TL:HUN:event:1241:mongol-invasion-and-the-battle-of-mohi,HUN:mongol-britannica
TL:HUN:event:1241:mongol-invasion-and-the-battle-of-mohi,HUN:bela-iv-britannica
TL:HUN:event:1456:siege-of-belgrade,HUN:mohacs-britannica
TL:HUN:event:1526:battle-of-mohacs,HUN:mohacs-britannica
TL:HUN:event:1541:ottoman-capture-of-buda-and-the-three-part,HUN:mohacs-britannica
TL:HUN:event:1686:reconquest-of-buda,HUN:mohacs-britannica
TL:HUN:event:1699:treaty-of-karlowitz,HUN:mohacs-britannica
TL:HUN:event:1848:the-revolution-of-1848,HUN:revolution-1848-britannica
TL:HUN:event:1849:defeat-of-the-war-of-independence,HUN:revolution-1848-britannica
TL:HUN:event:1867:austro-hungarian-compromise-ausgleich,HUN:ausgleich-britannica
TL:HUN:event:1867:austro-hungarian-compromise-ausgleich,HUN:dual-monarchy-britannica
TL:HUN:event:1873:the-founding-of-budapest,HUN:budapest-unesco
TL:HUN:event:1918:collapse-of-austria-hungary,HUN:trianon-britannica
TL:HUN:event:1918:collapse-of-austria-hungary,HUN:dual-monarchy-britannica
TL:HUN:event:1920:the-treaty-of-trianon,HUN:trianon-britannica
TL:HUN:event:1938:first-vienna-award,HUN:trianon-britannica
TL:HUN:event:1940:second-vienna-award,HUN:trianon-britannica
TL:HUN:event:1941:hungary-enters-the-war-as-an-axis-ally,HUN:holocaust-ushmm
TL:HUN:event:1944:german-occupation-of-hungary,HUN:holocaust-ushmm
TL:HUN:event:1944:deportation-of-the-hungarian-jews,HUN:holocaust-ushmm
TL:HUN:event:1944:the-arrow-cross-seizure-of-power,HUN:holocaust-ushmm
TL:HUN:event:1945:the-siege-of-budapest,HUN:budapest-unesco
TL:HUN:event:1945:the-siege-of-budapest,HUN:holocaust-ushmm
TL:HUN:event:1949:the-hungarian-people-s-republic,HUN:kadar-britannica
TL:HUN:event:1949:the-hungarian-people-s-republic,HUN:revolution-1956-britannica
TL:HUN:event:1956:the-hungarian-revolution-of-1956,HUN:revolution-1956-britannica
TL:HUN:event:1968:goulash-communism-and-the-new-economic-mechanism,HUN:kadar-britannica
TL:HUN:event:1989:the-pan-european-picnic-and-the-opening-of-the,HUN:picnic-gov
TL:HUN:event:1989:proclamation-of-the-republic,HUN:kadar-britannica
TL:HUN:event:1989:proclamation-of-the-republic,HUN:revolution-1956-britannica
TL:HUN:event:2004:accession-to-nato-and-the-european-union,HUN:nato-gov
TL:HUN:event:2004:accession-to-nato-and-the-european-union,HUN:eu-gov
TL:IDN:event:671:rise-of-the-srivijaya-thalassocracy,IDN:britannica-srivijaya
TL:IDN:event:780:construction-of-borobudur,IDN:worldhistory-borobudur
TL:IDN:event:780:construction-of-borobudur,IDN:unesco-borobudur
TL:IDN:event:1293:founding-of-the-majapahit-empire,IDN:britannica-majapahit
TL:IDN:event:1293:founding-of-the-majapahit-empire,IDN:wikipedia-majapahit
TL:IDN:event:1350:majapahit-s-golden-age-under-hayam-wuruk,IDN:britannica-majapahit
TL:IDN:event:1297:islam-takes-root-in-northern-sumatra,IDN:britannica-history-indonesia
TL:IDN:event:1297:islam-takes-root-in-northern-sumatra,IDN:wikipedia-islam-spread
TL:IDN:event:1475:rise-of-the-demak-sultanate-on-java,IDN:britannica-history-indonesia
TL:IDN:event:1500:spice-sultanates-of-ternate-tidore-and-aceh,IDN:britannica-history-indonesia
TL:IDN:event:1500:spice-sultanates-of-ternate-tidore-and-aceh,IDN:wikipedia-islam-spread
TL:IDN:event:1511:portuguese-capture-of-malacca,IDN:wikipedia-malacca-1511
TL:IDN:event:1602:founding-of-the-dutch-east-india-company-voc,IDN:wikipedia-voc
TL:IDN:event:1619:founding-of-batavia,IDN:wikipedia-voc
TL:IDN:event:1621:the-banda-massacre,IDN:wikipedia-banda
TL:IDN:event:1799:dissolution-of-the-voc,IDN:wikipedia-voc
TL:IDN:event:1830:the-cultivation-system,IDN:britannica-history-indonesia
TL:IDN:event:1830:the-cultivation-system,IDN:wikipedia-national-awakening
TL:IDN:event:1908:founding-of-budi-utomo,IDN:wikipedia-national-awakening
TL:IDN:event:1908:founding-of-budi-utomo,IDN:britannica-indonesia
TL:IDN:event:1927:sukarno-founds-the-indonesian-national-party,IDN:britannica-indonesia
TL:IDN:event:1928:the-youth-pledge-sumpah-pemuda,IDN:wikipedia-national-awakening
TL:IDN:event:1928:the-youth-pledge-sumpah-pemuda,IDN:britannica-indonesia
TL:IDN:event:1942:japanese-occupation-of-the-indies,IDN:britannica-indonesia
TL:IDN:event:1942:japanese-occupation-of-the-indies,IDN:wikipedia-japanese-occupation
TL:IDN:event:1945:proclamation-of-independence,IDN:wikipedia-proclamation
TL:IDN:event:1945:proclamation-of-independence,IDN:ebsco-independence
TL:IDN:event:1945:the-indonesian-national-revolution,IDN:ebsco-independence
TL:IDN:event:1949:recognition-of-sovereignty,IDN:ebsco-independence
TL:IDN:event:1949:recognition-of-sovereignty,IDN:wikipedia-proclamation
TL:IDN:event:1965:the-anti-communist-mass-killings,IDN:hrw-1965
TL:IDN:event:1965:the-anti-communist-mass-killings,IDN:wikipedia-killings-1965
TL:IDN:event:1968:suharto-s-new-order,IDN:britannica-indonesia
TL:IDN:event:1968:suharto-s-new-order,IDN:wikipedia-killings-1965
TL:IDN:event:1998:fall-of-suharto-and-reformasi,IDN:wikipedia-fall-suharto
TL:IDN:event:1998:fall-of-suharto-and-reformasi,IDN:britannica-indonesia
TL:IDN:event:2004:first-direct-presidential-election,IDN:britannica-indonesia
TL:IND:event:2600bce:mature-urban-phase-of-the-indus-cities,IND:worldhistory-indus
TL:IND:event:2600bce:mature-urban-phase-of-the-indus-cities,IND:wikipedia-indus
TL:IND:event:2600bce:mohenjo-daro-flourishes,IND:unesco-mohenjodaro
TL:IND:event:2600bce:mohenjo-daro-flourishes,IND:worldhistory-indus
TL:IND:event:1900bce:decline-of-the-harappan-cities,IND:worldhistory-indus
TL:IND:event:1900bce:decline-of-the-harappan-cities,IND:wikipedia-indus
TL:IND:event:1500bce:composition-of-the-rigveda,IND:wikipedia-rigveda
TL:IND:event:1500bce:composition-of-the-rigveda,IND:ebsco-vedic
TL:IND:event:500bce:rise-of-the-buddha-and-mahavira,IND:britannica-mahavira
TL:IND:event:322bce:chandragupta-maurya-founds-the-maurya-empire,IND:britannica-mauryan
TL:IND:event:322bce:chandragupta-maurya-founds-the-maurya-empire,IND:wikipedia-chandragupta
TL:IND:event:261bce:ashoka-s-conquest-of-kalinga-and-conversion,IND:britannica-mauryan
TL:IND:event:320:gupta-golden-age,IND:wikipedia-gupta
TL:IND:event:320:gupta-golden-age,IND:britannica-gupta
TL:IND:event:1206:founding-of-the-delhi-sultanate,IND:wikipedia-qutb
TL:IND:event:1206:founding-of-the-delhi-sultanate,IND:wikipedia-delhisultanate
TL:IND:event:1526:babur-founds-the-mughal-empire,IND:wikipedia-delhisultanate
TL:IND:event:1526:babur-founds-the-mughal-empire,IND:britannica-mughal
TL:IND:event:1556:reign-of-akbar,IND:britannica-mughal
TL:IND:event:1707:death-of-aurangzeb-and-mughal-decline,IND:britannica-mughal
TL:IND:event:1757:battle-of-plassey,IND:britannica-plassey
TL:IND:event:1757:battle-of-plassey,IND:britannica-raj
TL:IND:event:1858:british-crown-rule-begins,IND:britannica-raj
TL:IND:event:1930:the-salt-march,IND:britannica-saltmarch
TL:IND:event:1943:bengal-famine,IND:britannica-bengalfamine
TL:IND:event:1943:bengal-famine,IND:wikipedia-bengalfamine
TL:IND:event:1947:independence-and-partition,IND:wikipedia-partition
TL:IND:event:1947:independence-and-partition,IND:britannica-republicday
TL:IND:event:1947:partition-violence-and-mass-migration,IND:wikipedia-partition
TL:IND:event:1950:constitution-and-the-republic,IND:britannica-republicday
TL:IND:event:1950:constitution-and-the-republic,IND:knowindia-republic
TL:IRL:event:431:palladius-sent-to-the-irish,IRL:ebsco-christianity
TL:IRL:event:431:palladius-sent-to-the-irish,IRL:wha-patrick
TL:IRL:event:432:the-mission-of-st-patrick,IRL:wha-patrick
TL:IRL:event:432:the-mission-of-st-patrick,IRL:ebsco-christianity
TL:IRL:event:563:columba-founds-iona,IRL:ebsco-christianity
TL:IRL:event:600:the-monastic-golden-age,IRL:ebsco-christianity
TL:IRL:event:795:first-viking-raids-on-ireland,IRL:wha-vikings
TL:IRL:event:795:first-viking-raids-on-ireland,IRL:thecollector-vikings
TL:IRL:event:841:founding-of-dublin-as-a-longphort,IRL:wha-vikings
TL:IRL:event:841:founding-of-dublin-as-a-longphort,IRL:thecollector-vikings
TL:IRL:event:1002:brian-boru-becomes-high-king,IRL:wha-vikings
TL:IRL:event:1014:battle-of-clontarf,IRL:wha-vikings
TL:IRL:event:1014:battle-of-clontarf,IRL:thecollector-vikings
TL:IRL:event:1169:anglo-norman-landing-in-ireland,IRL:ebsco-normans
TL:IRL:event:1169:anglo-norman-landing-in-ireland,IRL:nwe-normans
TL:IRL:event:1171:henry-ii-and-the-lordship-of-ireland,IRL:nwe-normans
TL:IRL:event:1171:henry-ii-and-the-lordship-of-ireland,IRL:ebsco-normans
TL:IRL:event:1609:flight-of-the-earls-and-the-plantation-of-ulster,IRL:ebsco-christianity
TL:IRL:event:1649:cromwellian-conquest,IRL:downsurvey-cromwell
TL:IRL:event:1691:williamite-victory-and-the-penal-era,IRL:burns-penal
TL:IRL:event:1801:act-of-union,IRL:udel-parnell
TL:IRL:event:1801:act-of-union,IRL:gpo-timeline
TL:IRL:event:1845:the-great-famine-an-gorta-mor,IRL:history-famine
TL:IRL:event:1845:the-great-famine-an-gorta-mor,IRL:irishmemorial-famine
TL:IRL:event:1879:the-land-league-and-the-land-war,IRL:udel-parnell
TL:IRL:event:1886:the-home-rule-bills,IRL:udel-parnell
TL:IRL:event:1916:the-easter-rising,IRL:gpo-timeline
TL:IRL:event:1919:war-of-independence,IRL:gpo-timeline
TL:IRL:event:1921:anglo-irish-treaty,IRL:gpo-timeline
TL:IRL:event:1922:civil-war-over-the-treaty,IRL:gpo-timeline
TL:IRL:event:1949:declaration-of-the-republic,IRL:irishcentral-republic
TL:IRL:event:1955:uk-annexes-rockall,IRL:thejournal-rockall
TL:IRL:event:1955:uk-annexes-rockall,IRL:irishtimes-rockall
TL:IRL:event:1973:accession-to-the-european-communities,IRL:ec-ireland-eu
TL:IRL:event:1973:accession-to-the-european-communities,IRL:cso-eu50
TL:IRL:event:1973:accession-to-the-european-communities,IRL:rte-eec
TL:IRL:event:1995:the-celtic-tiger,IRL:ec-ireland-eu
TL:IRL:event:1998:good-friday-belfast-agreement,IRL:peaceagreements-gfa
TL:IRL:event:1998:good-friday-belfast-agreement,IRL:ni-assembly-gfa
TL:IRL:event:1988:uk-ireland-continental-shelf-agreement,IRL:thejournal-rockall
TL:IRL:event:1988:uk-ireland-continental-shelf-agreement,IRL:irishtimes-rockall
TL:IRN:event:3200bce:the-kingdom-of-elam-and-the-city-of-susa,IRN:britannica-elam
TL:IRN:event:3200bce:the-kingdom-of-elam-and-the-city-of-susa,IRN:worldhistory-susa
TL:IRN:event:550bce:cyrus-the-great-founds-the-achaemenid-empire,IRN:worldhistory-cyrus
TL:IRN:event:550bce:cyrus-the-great-founds-the-achaemenid-empire,IRN:britannica-cyrus
TL:IRN:event:539bce:conquest-of-babylon-and-the-cyrus-cylinder,IRN:britishmuseum-cyruscylinder
TL:IRN:event:539bce:conquest-of-babylon-and-the-cyrus-cylinder,IRN:worldhistory-cyrus
TL:IRN:event:518bce:darius-i-builds-persepolis,IRN:unesco-persepolis
TL:IRN:event:518bce:darius-i-builds-persepolis,IRN:worldhistory-cyrus
TL:IRN:event:330bce:alexander-conquers-persia-and-burns-persepolis,IRN:worldhistory-persepolis-burning
TL:IRN:event:330bce:alexander-conquers-persia-and-burns-persepolis,IRN:britannica-cyrus
TL:IRN:event:247bce:the-parthian-arsacid-empire,IRN:britannica-parthia
TL:IRN:event:247bce:the-parthian-arsacid-empire,IRN:worldhistory-sasanian
TL:IRN:event:224:ardashir-i-founds-the-sasanian-empire,IRN:worldhistory-sasanian
TL:IRN:event:224:ardashir-i-founds-the-sasanian-empire,IRN:britannica-sasanian
TL:IRN:event:224:zoroastrianism-as-state-religion,IRN:worldhistory-zoroastrianism
TL:IRN:event:224:zoroastrianism-as-state-religion,IRN:britannica-sasanian
TL:IRN:event:628:exhausting-wars-with-byzantium,IRN:worldhistory-sasanian
TL:IRN:event:642:battle-of-nahavand-the-victory-of-victories,IRN:britannica-nahavand
TL:IRN:event:642:battle-of-nahavand-the-victory-of-victories,IRN:worldhistory-sasanian
TL:IRN:event:651:islamisation-of-persia-begins,IRN:britannica-nahavand
TL:IRN:event:651:islamisation-of-persia-begins,IRN:thecollector-arabconquests
TL:IRN:event:750:abbasid-revolution-and-the-rise-of-baghdad,IRN:wikipedia-houseofwisdom
TL:IRN:event:750:abbasid-revolution-and-the-rise-of-baghdad,IRN:thecollector-arabconquests
TL:IRN:event:1000:persia-at-the-heart-of-the-islamic-golden-age,IRN:wikipedia-avicenna
TL:IRN:event:1000:persia-at-the-heart-of-the-islamic-golden-age,IRN:wikipedia-houseofwisdom
TL:IRN:event:1010:ferdowsi-completes-the-shahnameh,IRN:britannica-ferdowsi
TL:IRN:event:1010:ferdowsi-completes-the-shahnameh,IRN:wikipedia-avicenna
TL:IRN:event:1219:mongol-invasion-of-iran,IRN:worldhistory-ilkhanate
TL:IRN:event:1219:mongol-invasion-of-iran,IRN:britannica-mongolinvasion
TL:IRN:event:1370:timur-and-the-timurid-era,IRN:worldhistory-ilkhanate
TL:IRN:event:1501:ismail-i-founds-the-safavid-dynasty-and-shia,IRN:britannica-safavid
TL:IRN:event:1501:ismail-i-founds-the-safavid-dynasty-and-shia,IRN:wikipedia-safavid
TL:IRN:event:1598:shah-abbas-moves-the-capital-to-isfahan,IRN:unesco-isfahan
TL:IRN:event:1598:shah-abbas-moves-the-capital-to-isfahan,IRN:britannica-safavid
TL:IRN:event:1722:afghan-sack-of-isfahan-and-safavid-decline,IRN:britannica-safavid
TL:IRN:event:1722:afghan-sack-of-isfahan-and-safavid-decline,IRN:wikipedia-safavid
TL:IRN:event:1906:persian-constitutional-revolution,IRN:wikipedia-constitutionalrev
TL:IRN:event:1906:persian-constitutional-revolution,IRN:britannica-iran
TL:IRN:event:1908:discovery-of-oil,IRN:britannica-iran
TL:IRN:event:1925:reza-khan-founds-the-pahlavi-dynasty,IRN:wikipedia-pahlavi
TL:IRN:event:1925:reza-khan-founds-the-pahlavi-dynasty,IRN:britannica-iran
TL:IRN:event:1953:the-cia-backed-coup-against-mosaddegh,IRN:britannica-1953coup
TL:IRN:event:1953:the-cia-backed-coup-against-mosaddegh,IRN:wikipedia-1953coup
TL:IRN:event:1979:the-islamic-revolution,IRN:britannica-iranianrevolution
TL:IRN:event:1979:the-islamic-revolution,IRN:wikipedia-republicreferendum
TL:IRN:event:1979:proclamation-of-the-islamic-republic,IRN:wikipedia-republicreferendum
TL:IRN:event:1979:proclamation-of-the-islamic-republic,IRN:britannica-iranianrevolution
TL:IRN:event:1979:us-embassy-seized-and-hostage-crisis,IRN:britannica-iranianrevolution
TL:IRN:event:1980:the-iran-iraq-war,IRN:britannica-iraniraqwar
TL:IRN:event:1980:the-iran-iraq-war,IRN:wikipedia-unscr598
TL:IRQ:event:3200bce:the-sumerians-invent-cuneiform-writing,IRQ:bm-cuneiform
TL:IRQ:event:3200bce:the-sumerians-invent-cuneiform-writing,IRQ:bm-mesopotamia
TL:IRQ:event:2334bce:sargon-founds-the-akkadian-empire,IRQ:britannica-sargon
TL:IRQ:event:2334bce:sargon-founds-the-akkadian-empire,IRQ:britannica-mesopotamia
TL:IRQ:event:1755bce:hammurabi-issues-his-law-code,IRQ:britannica-hammurabi
TL:IRQ:event:1755bce:hammurabi-issues-his-law-code,IRQ:britannica-code-hammurabi
TL:IRQ:event:1755bce:hammurabi-issues-his-law-code,IRQ:louvre-hammurabi
TL:IRQ:event:612bce:fall-of-nineveh-and-the-assyrian-empire,IRQ:britannica-nineveh
TL:IRQ:event:612bce:fall-of-nineveh-and-the-assyrian-empire,IRQ:bm-ashurbanipal
TL:IRQ:event:612bce:fall-of-nineveh-and-the-assyrian-empire,IRQ:unesco-ashur
TL:IRQ:event:575bce:babylon-at-its-height-under-nebuchadnezzar-ii,IRQ:unesco-babylon
TL:IRQ:event:575bce:babylon-at-its-height-under-nebuchadnezzar-ii,IRQ:britannica-mesopotamia
TL:IRQ:event:539bce:cyrus-the-great-captures-babylon,IRQ:britannica-mesopotamia
TL:IRQ:event:539bce:cyrus-the-great-captures-babylon,IRQ:britannica-iraq-history
TL:IRQ:event:100:hatra-capital-of-an-arab-kingdom,IRQ:unesco-hatra
TL:IRQ:event:224:mesopotamia-under-the-sasanians,IRQ:britannica-iraq-history
TL:IRQ:event:636:battle-of-al-qadisiyyah-and-the-arab-conquest,IRQ:britannica-qadisiyyah
TL:IRQ:event:636:battle-of-al-qadisiyyah-and-the-arab-conquest,IRQ:britannica-iraq-history
TL:IRQ:event:762:al-mansur-founds-baghdad,IRQ:britannica-mansur
TL:IRQ:event:762:al-mansur-founds-baghdad,IRQ:britannica-abbasid-iraq
TL:IRQ:event:800:the-house-of-wisdom-and-the-golden-age,IRQ:britannica-harun
TL:IRQ:event:800:the-house-of-wisdom-and-the-golden-age,IRQ:britannica-bayt-al-hikmah
TL:IRQ:event:836:samarra-becomes-the-abbasid-capital,IRQ:unesco-samarra
TL:IRQ:event:1258:the-mongol-sack-of-baghdad,IRQ:britannica-later-abbasids
TL:IRQ:event:1258:the-mongol-sack-of-baghdad,IRQ:britannica-iraq-history
TL:IRQ:event:1638:ottoman-conquest-of-baghdad,IRQ:britannica-iraq-history
TL:IRQ:event:1920:british-mandate-and-the-iraqi-revolt,IRQ:britannica-iraq-mandate
TL:IRQ:event:1921:faisal-i-crowned-king-of-iraq,IRQ:britannica-faisal
TL:IRQ:event:1921:faisal-i-crowned-king-of-iraq,IRQ:britannica-iraq-mandate
TL:IRQ:event:1932:independence-and-entry-into-the-league-of,IRQ:britannica-iraq-independence
TL:IRQ:event:1932:independence-and-entry-into-the-league-of,IRQ:statedept-iraq
TL:IRQ:event:1958:republican-coup-ends-the-monarchy,IRQ:britannica-qasim
TL:IRQ:event:1958:republican-coup-ends-the-monarchy,IRQ:britannica-iraq-republic
TL:IRQ:event:1979:saddam-hussein-assumes-the-presidency,IRQ:britannica-saddam
TL:IRQ:event:1979:saddam-hussein-assumes-the-presidency,IRQ:britannica-iraq-saddam
TL:IRQ:event:1980:the-iran-iraq-war,IRQ:britannica-iran-iraq-war
TL:IRQ:event:1991:invasion-of-kuwait-and-the-persian-gulf-war,IRQ:britannica-gulf-war
TL:IRQ:event:2003:us-led-invasion-topples-saddam-hussein,IRQ:britannica-iraq-war
TL:IRQ:event:2003:us-led-invasion-topples-saddam-hussein,IRQ:britannica-iraq-saddam
TL:IRQ:event:2005:new-constitution-and-sectarian-war,IRQ:britannica-iraq-war
TL:IRQ:event:2005:new-constitution-and-sectarian-war,IRQ:britannica-iraq-republic
TL:IRQ:event:2014:isis-seizes-mosul-and-proclaims-a-caliphate,IRQ:britannica-isis
TL:IRQ:event:2017:liberation-of-mosul-and-defeat-of-isis,IRQ:britannica-isis
TL:IRQ:event:2017:liberation-of-mosul-and-defeat-of-isis,IRQ:britannica-iraq-war
TL:ISL:event:874:ingolfr-arnarson-settles-reykjavik,ISL:ingolfur-britannica
TL:ISL:event:874:ingolfr-arnarson-settles-reykjavik,ISL:encyclopedia-settlement
TL:ISL:event:874:ingolfr-arnarson-settles-reykjavik,ISL:iceland-britannica
TL:ISL:event:870:the-landnam-age-of-settlement,ISL:encyclopedia-settlement
TL:ISL:event:870:the-landnam-age-of-settlement,ISL:iceland-britannica
TL:ISL:event:930:founding-of-the-althing-at-ingvellir,ISL:thingvellir-history
TL:ISL:event:930:founding-of-the-althing-at-ingvellir,ISL:thingvellir-britannica
TL:ISL:event:930:founding-of-the-althing-at-ingvellir,ISL:encyclopedia-settlement
TL:ISL:event:930:the-icelandic-commonwealth,ISL:thingvellir-history
TL:ISL:event:930:the-icelandic-commonwealth,ISL:iceland-britannica
TL:ISL:event:1000:the-althing-adopts-christianity,ISL:thingvellir-christianity
TL:ISL:event:1000:the-althing-adopts-christianity,ISL:iceland-britannica
TL:ISL:event:1179:snorri-sturluson-and-the-sagas,ISL:snorri-britannica
TL:ISL:event:1220:the-age-of-the-sturlungs,ISL:medievalists-sturlungs
TL:ISL:event:1220:the-age-of-the-sturlungs,ISL:iceland-britannica
TL:ISL:event:1262:the-old-covenant-gamli-sattmali,ISL:medievalists-sturlungs
TL:ISL:event:1262:the-old-covenant-gamli-sattmali,ISL:iceland-britannica
TL:ISL:event:1550:execution-of-bishop-jon-arason,ISL:jon-arason-britannica
TL:ISL:event:1550:execution-of-bishop-jon-arason,ISL:iceland-britannica
TL:ISL:event:1602:the-danish-trade-monopoly,ISL:iceland-britannica
TL:ISL:event:1602:the-danish-trade-monopoly,ISL:nordics-1840s
TL:ISL:event:1783:the-laki-eruption,ISL:laki-eruption
TL:ISL:event:1783:the-laki-eruption,ISL:iceland-britannica
TL:ISL:event:1783:the-mo-uhar-indin-famine,ISL:laki-eruption
TL:ISL:event:1843:the-althing-restored,ISL:nordics-1840s
TL:ISL:event:1843:the-althing-restored,ISL:thingvellir-independence
TL:ISL:event:1874:constitution-on-the-settlement-millennium,ISL:nordics-1840s
TL:ISL:event:1874:constitution-on-the-settlement-millennium,ISL:thingvellir-independence
TL:ISL:event:1904:home-rule,ISL:nordics-1840s
TL:ISL:event:1918:the-act-of-union-and-the-kingdom-of-iceland,ISL:actofunion-britannica
TL:ISL:event:1918:the-act-of-union-and-the-kingdom-of-iceland,ISL:nordics-1840s
TL:ISL:event:1940:british-occupation-of-iceland,ISL:nordics-from1944
TL:ISL:event:1940:british-occupation-of-iceland,ISL:iceland-britannica
TL:ISL:event:1941:united-states-assumes-iceland-s-defence,ISL:statedept-nato
TL:ISL:event:1941:united-states-assumes-iceland-s-defence,ISL:iceland-britannica
TL:ISL:event:1944:founding-of-the-republic-at-ingvellir,ISL:ebsco-republic
TL:ISL:event:1944:founding-of-the-republic-at-ingvellir,ISL:nordics-from1944
TL:ISL:event:1944:founding-of-the-republic-at-ingvellir,ISL:sveinn-britannica
TL:ISL:event:1949:iceland-a-founding-member-of-nato,ISL:statedept-nato
TL:ISL:event:1949:iceland-a-founding-member-of-nato,ISL:nordics-from1944
TL:ISL:event:1958:first-cod-war-12-nautical-miles,ISL:ebsco-codwars
TL:ISL:event:1958:first-cod-war-12-nautical-miles,ISL:iceland-britannica
TL:ISL:event:1972:second-cod-war-50-nautical-miles,ISL:ebsco-codwars
TL:ISL:event:1975:third-cod-war-200-nautical-miles,ISL:ebsco-codwars
TL:ISL:event:1975:third-cod-war-200-nautical-miles,ISL:statedept-nato
TL:ISL:event:1976:the-200-mile-limit-and-the-eez,ISL:ebsco-codwars
TL:ISL:event:2008:collapse-of-the-banks,ISL:nordics-from1944
TL:ISL:event:2008:collapse-of-the-banks,ISL:iceland-britannica
TL:ITA:event:753bce:legendary-foundation-of-rome,ITA:whe-rome
TL:ITA:event:753bce:legendary-foundation-of-rome,ITA:britannica-italy
TL:ITA:event:740bce:greek-colonies-of-magna-graecia,ITA:whe-magna-graecia
TL:ITA:event:740bce:greek-colonies-of-magna-graecia,ITA:britannica-italic
TL:ITA:event:600bce:etruscan-ascendancy-in-central-italy,ITA:britannica-italic
TL:ITA:event:509bce:founding-of-the-roman-republic,ITA:whe-rome
TL:ITA:event:509bce:founding-of-the-roman-republic,ITA:britannica-italy
TL:ITA:event:264bce:the-punic-wars-and-mediterranean-supremacy,ITA:whe-rome
TL:ITA:event:264bce:the-punic-wars-and-mediterranean-supremacy,ITA:britannica-italy
TL:ITA:event:27bce:augustus-and-the-founding-of-the-principate,ITA:whe-augustus
TL:ITA:event:27bce:augustus-and-the-founding-of-the-principate,ITA:britannica-augustus
TL:ITA:event:80:completion-of-the-colosseum,ITA:whe-rome
TL:ITA:event:313:edict-of-milan-and-the-rise-of-christianity,ITA:britannica-italy
TL:ITA:event:476:fall-of-the-western-roman-empire,ITA:whe-rome
TL:ITA:event:476:fall-of-the-western-roman-empire,ITA:britannica-italy
TL:ITA:event:568:lombard-invasion-of-italy,ITA:britannica-italy
TL:ITA:event:800:charlemagne-crowned-emperor-in-rome,ITA:britannica-italy
TL:ITA:event:1130:roger-ii-crowned-king-of-sicily,ITA:wiki-kingdom-sicily
TL:ITA:event:1130:roger-ii-crowned-king-of-sicily,ITA:metmuseum-italy-1000-1400
TL:ITA:event:1176:lombard-league-defeats-frederick-barbarossa-at,ITA:britannica-italy
TL:ITA:event:1176:lombard-league-defeats-frederick-barbarossa-at,ITA:metmuseum-italy-1000-1400
TL:ITA:event:1401:competition-for-the-florence-baptistery-doors,ITA:metmuseum-florence-1400-1600
TL:ITA:event:1401:competition-for-the-florence-baptistery-doors,ITA:britannica-renaissance
TL:ITA:event:1434:medici-ascendancy-in-florence,ITA:britannica-renaissance
TL:ITA:event:1494:french-invasion-and-the-italian-wars,ITA:britannica-italy
TL:ITA:event:1508:michelangelo-paints-the-sistine-chapel-ceiling,ITA:metmuseum-florence-1400-1600
TL:ITA:event:1796:napoleonic-reorganization-of-italy,ITA:britannica-italy
TL:ITA:event:1860:garibaldi-s-expedition-of-the-thousand,ITA:britannica-italy
TL:ITA:event:1860:garibaldi-s-expedition-of-the-thousand,ITA:ebsco-kingdom
TL:ITA:event:1861:proclamation-of-the-kingdom-of-italy,ITA:ebsco-kingdom
TL:ITA:event:1861:proclamation-of-the-kingdom-of-italy,ITA:britannica-italy
TL:ITA:event:1870:capture-of-rome,ITA:britannica-rome-venetia
TL:ITA:event:1870:capture-of-rome,ITA:britannica-italy
TL:ITA:event:1922:march-on-rome-and-mussolini-s-rise-to-power,ITA:britannica-march-rome
TL:ITA:event:1922:march-on-rome-and-mussolini-s-rise-to-power,ITA:ushmm-italy
TL:ITA:event:1938:fascist-racial-laws,ITA:ushmm-italy
TL:ITA:event:1940:italy-enters-the-second-world-war,ITA:ushmm-italy
TL:ITA:event:1940:italy-enters-the-second-world-war,ITA:britannica-italy
TL:ITA:event:1943:mussolini-s-fall-and-the-armistice,ITA:ushmm-italy
TL:ITA:event:1943:mussolini-s-fall-and-the-armistice,ITA:britannica-italy
TL:ITA:event:1946:birth-of-the-italian-republic,ITA:difesa-2-june
TL:ITA:event:1946:birth-of-the-italian-republic,ITA:britannica-italy
TL:JAM:event:600:taino-settlement-of-xaymaca,JAM:loc-columbus-taino
TL:JAM:event:600:taino-settlement-of-xaymaca,JAM:britannica-jamaica-history
TL:JAM:event:1494:columbus-reaches-jamaica,JAM:britannica-jamaica-history
TL:JAM:event:1494:columbus-reaches-jamaica,JAM:loc-columbus-taino
TL:JAM:event:1509:sevilla-la-nueva-founded,JAM:britannica-jamaica-history
TL:JAM:event:1655:english-conquest,JAM:britannica-jamaica-history
TL:JAM:event:1655:english-conquest,JAM:britannica-jamaica-british-rule
TL:JAM:event:1692:port-royal-earthquake,JAM:britannica-jamaica-history
TL:JAM:event:1739:maroon-treaties,JAM:britannica-jamaica-british-rule
TL:JAM:event:1739:maroon-treaties,JAM:nlj-maroons
TL:JAM:event:1739:maroon-treaties,JAM:unesco-blue-mountains
TL:JAM:event:1760:tacky-s-revolt,JAM:britannica-jamaica-british-rule
TL:JAM:event:1831:the-baptist-war,JAM:britannica-jamaica-british-rule
TL:JAM:event:1838:emancipation,JAM:britannica-jamaica-british-rule
TL:JAM:event:1838:emancipation,JAM:britannica-jamaica-history
TL:JAM:event:1865:morant-bay-rebellion,JAM:britannica-jamaica-british-rule
TL:JAM:event:1914:garvey-founds-the-unia,JAM:britannica-garvey
TL:JAM:event:1930:birth-of-rastafari,JAM:britannica-rastafari
TL:JAM:event:1938:labour-rebellions,JAM:britannica-jamaica-british-rule
TL:JAM:event:1938:labour-rebellions,JAM:britannica-jamaica-independent
TL:JAM:event:1944:universal-adult-suffrage,JAM:britannica-jamaica-independent
TL:JAM:event:1958:west-indies-federation,JAM:britannica-jamaica-independent
TL:JAM:event:1958:west-indies-federation,JAM:unesco-federation-archives
TL:JAM:event:1961:referendum-to-leave-the-federation,JAM:unesco-federation-archives
TL:JAM:event:1961:referendum-to-leave-the-federation,JAM:britannica-jamaica-independent
TL:JAM:event:1962:independence,JAM:britannica-jamaica-independent
TL:JAM:event:1962:independence,JAM:jis-independence
TL:JAM:event:1962:two-party-democracy,JAM:britannica-jamaica-independent
TL:JAM:event:1973:reggae-goes-global,JAM:britannica-reggae
TL:JAM:event:1973:reggae-goes-global,JAM:britannica-bob-marley
TL:JAM:event:2008:bolt-s-sprinting-dynasty,JAM:britannica-bolt
TL:JAM:event:2015:world-heritage-inscription,JAM:unesco-blue-mountains
TL:JOR:event:1200bce:ammon-moab-and-edom-emerge,JOR:britannica-jordan-history
TL:JOR:event:1200bce:ammon-moab-and-edom-emerge,JOR:loc-jordan-study
TL:JOR:event:960bce:ammon-regains-its-independence,JOR:britannica-jordan-history
TL:JOR:event:840bce:the-mesha-stele-of-moab,JOR:britannica-jordan-history
TL:JOR:event:840bce:the-mesha-stele-of-moab,JOR:loc-jordan-study
TL:JOR:event:332bce:alexander-the-great-and-the-end-of-persian-rule,JOR:britannica-jordan-history
TL:JOR:event:312bce:the-nabataeans-resist-the-greeks-at-petra,JOR:unesco-petra
TL:JOR:event:312bce:the-nabataeans-resist-the-greeks-at-petra,JOR:britannica-jordan-history
TL:JOR:event:100bce:petra-reaches-its-golden-age,JOR:unesco-petra
TL:JOR:event:106:rome-annexes-the-nabataean-kingdom,JOR:unesco-petra
TL:JOR:event:106:rome-annexes-the-nabataean-kingdom,JOR:britannica-jordan-history
TL:JOR:event:1985:petra-inscribed-as-a-world-heritage-site,JOR:unesco-petra
TL:JOR:event:63bce:pompey-creates-the-decapolis,JOR:britannica-jordan-history
TL:JOR:event:63bce:pompey-creates-the-decapolis,JOR:loc-jordan-study
TL:JOR:event:100:jerash-flourishes-as-a-roman-city,JOR:britannica-jordan-history
TL:JOR:event:451:christian-byzantium-and-the-mosaics-of-um-er,JOR:unesco-umerrasas
TL:JOR:event:636:the-battle-of-the-yarmuk,JOR:britannica-jordan-history
TL:JOR:event:636:the-battle-of-the-yarmuk,JOR:loc-jordan-study
TL:JOR:event:661:umayyad-rule-and-the-desert-castles,JOR:unesco-quseir-amra
TL:JOR:event:661:umayyad-rule-and-the-desert-castles,JOR:britannica-jordan-history
TL:JOR:event:723:quseir-amra-is-built,JOR:unesco-quseir-amra
TL:JOR:event:1516:the-ottomans-conquer-the-region,JOR:britannica-jordan-history
TL:JOR:event:1516:the-ottomans-conquer-the-region,JOR:loc-jordan-study
TL:JOR:event:1908:the-hejaz-railway-crosses-the-plateau,JOR:loc-jordan-study
TL:JOR:event:1908:the-hejaz-railway-crosses-the-plateau,JOR:ebsco-arab-revolt
TL:JOR:event:1916:the-great-arab-revolt-begins,JOR:ebsco-arab-revolt
TL:JOR:event:1916:the-great-arab-revolt-begins,JOR:britannica-abdullah-i
TL:JOR:event:1921:abdullah-founds-the-emirate-of-transjordan,JOR:britannica-abdullah-i
TL:JOR:event:1921:abdullah-founds-the-emirate-of-transjordan,JOR:britannica-hashemite-kingdom
TL:JOR:event:1946:independence-of-the-hashemite-kingdom,JOR:histstate-jordan
TL:JOR:event:1946:independence-of-the-hashemite-kingdom,JOR:britannica-hashemite-kingdom
TL:JOR:event:1950:annexation-of-the-west-bank,JOR:britannica-abdullah-i
TL:JOR:event:1950:annexation-of-the-west-bank,JOR:britannica-hashemite-kingdom
TL:JOR:event:1951:assassination-of-king-abdullah-i,JOR:britannica-abdullah-i
TL:JOR:event:1953:king-hussein-assumes-power,JOR:britannica-hussein
TL:JOR:event:1953:king-hussein-assumes-power,JOR:rhc-king-hussein
TL:JOR:event:1967:the-six-day-war-and-loss-of-the-west-bank,JOR:britannica-hashemite-kingdom
TL:JOR:event:1967:the-six-day-war-and-loss-of-the-west-bank,JOR:histstate-frus1949
TL:JOR:event:1970:black-september,JOR:britannica-black-september
TL:JOR:event:1970:black-september,JOR:britannica-hussein
TL:JOR:event:1994:peace-treaty-with-israel,JOR:britannica-hussein
TL:JOR:event:1994:peace-treaty-with-israel,JOR:rhc-king-hussein
TL:JOR:event:1999:abdullah-ii-succeeds-his-father,JOR:britannica-abdullah-ii
TL:JOR:event:1999:abdullah-ii-succeeds-his-father,JOR:ebsco-abdullah-ii
TL:JOR:event:2011:the-arab-spring-and-syrian-refugees,JOR:britannica-abdullah-ii
TL:JOR:event:2011:the-arab-spring-and-syrian-refugees,JOR:ebsco-abdullah-ii
TL:JPN:event:300:rise-of-the-yamato-state,JPN:jimmu
TL:JPN:event:300:rise-of-the-yamato-state,JPN:japan-place
TL:JPN:event:538:introduction-of-buddhism,JPN:asuka-period
TL:JPN:event:538:introduction-of-buddhism,JPN:japan-place
TL:JPN:event:604:prince-shotoku-s-seventeen-article-constitution,JPN:shotoku
TL:JPN:event:604:prince-shotoku-s-seventeen-article-constitution,JPN:asuka-period
TL:JPN:event:645:the-taika-reform,JPN:asuka-period
TL:JPN:event:645:the-taika-reform,JPN:japan-place
TL:JPN:event:710:capital-established-at-nara,JPN:nara-period
TL:JPN:event:710:capital-established-at-nara,JPN:japan-place
TL:JPN:event:794:capital-moved-to-heian-kyo-kyoto,JPN:heian-period
TL:JPN:event:1010:the-tale-of-genji,JPN:tale-of-genji
TL:JPN:event:1010:the-tale-of-genji,JPN:murasaki
TL:JPN:event:1180:genpei-war,JPN:minamoto-yoritomo
TL:JPN:event:1180:genpei-war,JPN:kamakura-period
TL:JPN:event:1192:minamoto-yoritomo-becomes-shogun,JPN:minamoto-yoritomo
TL:JPN:event:1192:minamoto-yoritomo-becomes-shogun,JPN:kamakura-period
TL:JPN:event:1274:mongol-invasions-repelled,JPN:kamakura-period
TL:JPN:event:1274:mongol-invasions-repelled,JPN:japan-place
TL:JPN:event:1338:ashikaga-takauji-founds-the-muromachi-shogunate,JPN:muromachi-period
TL:JPN:event:1467:onin-war,JPN:muromachi-period
TL:JPN:event:1467:onin-war,JPN:sengoku-period
TL:JPN:event:1543:arrival-of-europeans-and-firearms,JPN:sengoku-period
TL:JPN:event:1543:arrival-of-europeans-and-firearms,JPN:japan-place
TL:JPN:event:1590:hideyoshi-completes-unification,JPN:toyotomi-hideyoshi
TL:JPN:event:1590:hideyoshi-completes-unification,JPN:azuchi-momoyama-period
TL:JPN:event:1600:battle-of-sekigahara,JPN:battle-of-sekigahara
TL:JPN:event:1600:battle-of-sekigahara,JPN:tokugawa-ieyasu
TL:JPN:event:1603:tokugawa-shogunate-founded,JPN:tokugawa-ieyasu
TL:JPN:event:1603:tokugawa-shogunate-founded,JPN:sakoku
TL:JPN:event:1639:sakoku-national-seclusion,JPN:sakoku
TL:JPN:event:1868:meiji-restoration,JPN:meiji-restoration
TL:JPN:event:1889:meiji-constitution-promulgated,JPN:meiji-restoration
TL:JPN:event:1889:meiji-constitution-promulgated,JPN:japan-place
TL:JPN:event:1904:russo-japanese-war,JPN:japan-place
TL:JPN:event:1941:attack-on-pearl-harbor,JPN:pacific-war
TL:JPN:event:1945:atomic-bombings-and-surrender,JPN:atomic-bombings
TL:JPN:event:1945:atomic-bombings-and-surrender,JPN:pacific-war
TL:JPN:event:1947:pacifist-constitution-takes-effect,JPN:state-occupation
TL:JPN:event:1952:treaty-of-san-francisco-and-end-of-occupation,JPN:state-occupation
TL:JPN:event:1964:postwar-economic-miracle,JPN:state-occupation
TL:JPN:event:1964:postwar-economic-miracle,JPN:japan-place
TL:JPN:event:2011:tohoku-earthquake-and-fukushima-disaster,JPN:japan-place
TL:KAZ:event:400bce:the-saka-golden-man-of-issyk,KAZ:astanatimes-saka
TL:KAZ:event:400bce:the-saka-golden-man-of-issyk,KAZ:britannica-history-kaz
TL:KAZ:event:552:turkic-khaganates-dominate-the-steppe,KAZ:britannica-history-kaz
TL:KAZ:event:552:turkic-khaganates-dominate-the-steppe,KAZ:britannica-kazakhstan
TL:KAZ:event:999:silk-road-towns-of-the-south-flourish,KAZ:britannica-history-kaz
TL:KAZ:event:999:silk-road-towns-of-the-south-flourish,KAZ:britannica-kazakhstan
TL:KAZ:event:1219:mongol-conquest-of-the-syr-darya-and-khwarezm,KAZ:britannica-history-kaz
TL:KAZ:event:1219:mongol-conquest-of-the-syr-darya-and-khwarezm,KAZ:britannica-golden-horde
TL:KAZ:event:1242:the-golden-horde-rules-the-western-steppe,KAZ:britannica-golden-horde
TL:KAZ:event:1242:the-golden-horde-rules-the-western-steppe,KAZ:britannica-history-kaz
TL:KAZ:event:1389:timur-builds-the-mausoleum-of-khoja-ahmed-yasawi,KAZ:unesco-yasawi
TL:KAZ:event:1389:timur-builds-the-mausoleum-of-khoja-ahmed-yasawi,KAZ:britannica-history-kaz
TL:KAZ:event:1465:foundation-of-the-kazakh-khanate,KAZ:ehistory-khanate
TL:KAZ:event:1465:foundation-of-the-kazakh-khanate,KAZ:britannica-history-kaz
TL:KAZ:event:1500:the-three-juz-take-shape,KAZ:britannica-history-kaz
TL:KAZ:event:1500:the-three-juz-take-shape,KAZ:ehistory-khanate
TL:KAZ:event:1723:the-great-disaster-of-the-dzungar-wars,KAZ:britannica-history-kaz
TL:KAZ:event:1723:the-great-disaster-of-the-dzungar-wars,KAZ:britannica-kazakhstan
TL:KAZ:event:1731:the-little-horde-accepts-russian-protection,KAZ:britannica-history-kaz
TL:KAZ:event:1731:the-little-horde-accepts-russian-protection,KAZ:britannica-kazakhstan
TL:KAZ:event:1771:ablai-khan-elected-ruler-of-the-kazakhs,KAZ:ehistory-ablai
TL:KAZ:event:1771:ablai-khan-elected-ruler-of-the-kazakhs,KAZ:britannica-history-kaz
TL:KAZ:event:1822:russia-abolishes-the-kazakh-khanates,KAZ:britannica-history-kaz
TL:KAZ:event:1822:russia-abolishes-the-kazakh-khanates,KAZ:britannica-kazakhstan
TL:KAZ:event:1837:kenesary-kasymov-s-revolt,KAZ:britannica-history-kaz
TL:KAZ:event:1837:kenesary-kasymov-s-revolt,KAZ:loc-country-study
TL:KAZ:event:1930:the-kazakh-famine-asharshylyk,KAZ:loc-famine-blog
TL:KAZ:event:1930:the-kazakh-famine-asharshylyk,KAZ:loc-cameron
TL:KAZ:event:1936:kazakh-s-s-r-becomes-a-union-republic,KAZ:britannica-history-kaz
TL:KAZ:event:1936:kazakh-s-s-r-becomes-a-union-republic,KAZ:loc-country-study
TL:KAZ:event:1949:semipalatinsk-nuclear-test-site,KAZ:britannica-kazakhstan
TL:KAZ:event:1949:semipalatinsk-nuclear-test-site,KAZ:loc-country-study
TL:KAZ:event:1954:khrushchev-s-virgin-lands-campaign,KAZ:britannica-history-kaz
TL:KAZ:event:1954:khrushchev-s-virgin-lands-campaign,KAZ:loc-country-study
TL:KAZ:event:1991:kazakhstan-declares-independence,KAZ:britannica-independent-kaz
TL:KAZ:event:1991:kazakhstan-declares-independence,KAZ:britannica-history-kaz
TL:KAZ:event:1997:capital-moved-to-astana,KAZ:britannica-independent-kaz
TL:KAZ:event:1997:capital-moved-to-astana,KAZ:britannica-kazakhstan
TL:KAZ:event:2019:nazarbayev-resigns-tokayev-succeeds,KAZ:britannica-independent-kaz
TL:KAZ:event:2022:bloody-january-unrest,KAZ:britannica-independent-kaz
TL:KAZ:event:2022:bloody-january-unrest,KAZ:helsinki-bloody-january
TL:KEN:event:1600000bce:turkana-boy-lives-near-lake-turkana,KEN:britannica-nariokotome
TL:KEN:event:1600000bce:turkana-boy-lives-near-lake-turkana,KEN:si-knmwt15000
TL:KEN:event:1600000bce:turkana-boy-lives-near-lake-turkana,KEN:tbi-turkanaboy
TL:KEN:event:1900000bce:hominins-at-koobi-fora,KEN:nmk-koobifora
TL:KEN:event:1900000bce:hominins-at-koobi-fora,KEN:britannica-koobifora
TL:KEN:event:3000bce:cushitic-pastoralists-enter-the-north,KEN:wiki-history-kenya
TL:KEN:event:1000bce:olorgesailie-tool-traditions-and-the-stone-age,KEN:wiki-history-kenya
TL:KEN:event:1000bce:olorgesailie-tool-traditions-and-the-stone-age,KEN:nmk-koobifora
TL:KEN:event:1000bce:bantu-expansion-reaches-western-kenya,KEN:wiki-history-kenya
TL:KEN:event:1000bce:bantu-expansion-reaches-western-kenya,KEN:britannica-kenya-people
TL:KEN:event:800:rise-of-the-swahili-coast,KEN:wiki-swahili-coast
TL:KEN:event:800:rise-of-the-swahili-coast,KEN:britannica-kenya-people
TL:KEN:event:1331:ibn-battuta-visits-mombasa,KEN:wiki-history-kenya
TL:KEN:event:1331:ibn-battuta-visits-mombasa,KEN:wiki-swahili-coast
TL:KEN:event:1418:zheng-he-s-fleet-reaches-malindi,KEN:wiki-history-kenya
TL:KEN:event:1450:southern-luo-migrate-into-western-kenya,KEN:wiki-history-kenya
TL:KEN:event:1498:vasco-da-gama-reaches-the-kenyan-coast,KEN:wiki-history-kenya
TL:KEN:event:1498:vasco-da-gama-reaches-the-kenyan-coast,KEN:britannica-vascodagama
TL:KEN:event:1593:portuguese-build-fort-jesus,KEN:unesco-fortjesus
TL:KEN:event:1593:portuguese-build-fort-jesus,KEN:nmk-fortjesus
TL:KEN:event:1698:omani-arabs-capture-fort-jesus,KEN:wiki-siege-mombasa
TL:KEN:event:1698:omani-arabs-capture-fort-jesus,KEN:nmk-fortjesus
TL:KEN:event:1840:zanzibar-becomes-the-omani-capital,KEN:wiki-history-kenya
TL:KEN:event:1840:zanzibar-becomes-the-omani-capital,KEN:britannica-zanzibar
TL:KEN:event:2011:fort-jesus-inscribed-by-unesco,KEN:unesco-fortjesus
TL:KEN:event:1895:east-africa-protectorate-established,KEN:wiki-history-kenya
TL:KEN:event:1895:east-africa-protectorate-established,KEN:statedept-kenya
TL:KEN:event:1896:the-uganda-railway-is-built,KEN:wiki-uganda-railway
TL:KEN:event:1896:the-uganda-railway-is-built,KEN:wiki-history-kenya
TL:KEN:event:1920:kenya-colony-created,KEN:wiki-history-kenya
TL:KEN:event:1920:kenya-colony-created,KEN:statedept-kenya
TL:KEN:event:1921:harry-thuku-founds-early-protest,KEN:wiki-history-kenya
TL:KEN:event:1947:kenyatta-leads-the-kenya-african-union,KEN:britannica-kenyatta
TL:KEN:event:1947:kenyatta-leads-the-kenya-african-union,KEN:wiki-history-kenya
TL:KEN:event:1952:state-of-emergency-declared,KEN:britannica-maumau
TL:KEN:event:1952:state-of-emergency-declared,KEN:blackpast-maumau
TL:KEN:event:1952:state-of-emergency-declared,KEN:iwm-kenya-emergency
TL:KEN:event:1953:jomo-kenyatta-convicted,KEN:britannica-kenyatta
TL:KEN:event:1953:jomo-kenyatta-convicted,KEN:blackpast-maumau
TL:KEN:event:1960:lancaster-house-conferences,KEN:wiki-lancaster-house
TL:KEN:event:1960:lancaster-house-conferences,KEN:wiki-history-kenya
TL:KEN:event:1963:internal-self-government-madaraka,KEN:wiki-history-kenya
TL:KEN:event:1963:internal-self-government-madaraka,KEN:statedept-kenya
TL:KEN:event:1963:kenya-becomes-independent,KEN:britannica-maumau
TL:KEN:event:1963:kenya-becomes-independent,KEN:statedept-kenya
TL:KEN:event:1963:kenya-becomes-independent,KEN:britannica-kenyatta
TL:KEN:event:1978:moi-succeeds-kenyatta,KEN:britannica-moi
TL:KEN:event:1978:moi-succeeds-kenyatta,KEN:wiki-history-kenya
TL:KEN:event:1982:failed-coup-attempt,KEN:wiki-history-kenya
TL:KEN:event:1982:failed-coup-attempt,KEN:britannica-moi
TL:KEN:event:1991:return-to-multiparty-politics,KEN:wiki-history-kenya
TL:KEN:event:1991:return-to-multiparty-politics,KEN:statedept-kenya
TL:KEN:event:2002:kibaki-ends-kanu-rule,KEN:britannica-kibaki
TL:KEN:event:2002:kibaki-ends-kanu-rule,KEN:wiki-history-kenya
TL:KEN:event:2007:post-election-violence,KEN:hrw-kenya-pev
TL:KEN:event:2007:post-election-violence,KEN:wiki-history-kenya
TL:KEN:event:2010:new-constitution-adopted,KEN:ballotpedia-kenya-2010
TL:KEN:event:2010:new-constitution-adopted,KEN:wiki-history-kenya
TL:KGZ:event:840:the-yenisei-kyrgyz-destroy-the-uyghur-khaganate,KGZ:kyrgyz-people-britannica
TL:KGZ:event:840:the-yenisei-kyrgyz-destroy-the-uyghur-khaganate,KGZ:kyrgyzstan-history-britannica
TL:KGZ:event:900:transmission-of-the-epic-of-manas,KGZ:manas-noble-britannica
TL:KGZ:event:900:transmission-of-the-epic-of-manas,KGZ:manas-unesco-ich
TL:KGZ:event:2013:manas-trilogy-recognized-by-unesco,KGZ:manas-unesco-ich
TL:KGZ:event:1000:karakhanid-balasagun-and-the-burana-tower,KGZ:burana-unesco-silkroad
TL:KGZ:event:1000:karakhanid-balasagun-and-the-burana-tower,KGZ:silkroad-corridor-unesco
TL:KGZ:event:1220:mongol-conquest-of-central-asia,KGZ:kyrgyzstan-history-britannica
TL:KGZ:event:1220:mongol-conquest-of-central-asia,KGZ:loc-country-study-kyrgyzstan
TL:KGZ:event:1500:kyrgyz-consolidate-in-the-tian-shan,KGZ:kyrgyz-people-britannica
TL:KGZ:event:1500:kyrgyz-consolidate-in-the-tian-shan,KGZ:loc-country-study-kyrgyzstan
TL:KGZ:event:2009:sulaiman-too-inscribed-by-unesco,KGZ:sulaiman-too-unesco
TL:KGZ:event:1825:kyrgyz-under-the-khanate-of-kokand,KGZ:kokand-britannica
TL:KGZ:event:1825:kyrgyz-under-the-khanate-of-kokand,KGZ:loc-country-study-kyrgyzstan
TL:KGZ:event:1876:russia-annexes-kokand-kyrgyzstan-under-imperial,KGZ:kokand-britannica
TL:KGZ:event:1876:russia-annexes-kokand-kyrgyzstan-under-imperial,KGZ:kyrgyzstan-history-britannica
TL:KGZ:event:1916:the-1916-revolt-urkun,KGZ:urkun-rferl
TL:KGZ:event:1916:the-1916-revolt-urkun,KGZ:loc-country-study-kyrgyzstan
TL:KGZ:event:1924:kara-kyrgyz-autonomous-oblast-created,KGZ:loc-country-study-kyrgyzstan
TL:KGZ:event:1924:kara-kyrgyz-autonomous-oblast-created,KGZ:kyrgyzstan-history-britannica
TL:KGZ:event:1936:the-kirghiz-ssr-becomes-a-union-republic,KGZ:loc-country-study-kyrgyzstan
TL:KGZ:event:1936:the-kirghiz-ssr-becomes-a-union-republic,KGZ:kyrgyzstan-history-britannica
TL:KGZ:event:1963:chingiz-aitmatov-wins-the-lenin-prize,KGZ:aitmatov-britannica
TL:KGZ:event:1990:akayev-chosen-to-lead-the-republic,KGZ:akayev-britannica
TL:KGZ:event:1990:akayev-chosen-to-lead-the-republic,KGZ:kyrgyzstan-history-britannica
TL:KGZ:event:1991:kyrgyzstan-declares-independence,KGZ:kyrgyzstan-history-britannica
TL:KGZ:event:1991:kyrgyzstan-declares-independence,KGZ:akayev-britannica
TL:KGZ:event:1991:u-s-recognition-and-diplomatic-relations,KGZ:state-historian-kyrgyzstan
TL:KGZ:event:2005:the-tulip-revolution,KGZ:tulip-revolution-britannica
TL:KGZ:event:2005:the-tulip-revolution,KGZ:kyrgyzstan-history-britannica
TL:KGZ:event:2010:the-2010-revolution-ousts-bakiyev,KGZ:otunbayeva-britannica
TL:KGZ:event:2010:the-2010-revolution-ousts-bakiyev,KGZ:kyrgyzstan-history-britannica
TL:KGZ:event:2010:ethnic-violence-in-the-south,KGZ:hrw-kyrgyzstan-2010
TL:KGZ:event:2010:ethnic-violence-in-the-south,KGZ:kyrgyzstan-history-britannica
TL:KGZ:event:2010:parliamentary-republic-and-the-first-peaceful,KGZ:otunbayeva-britannica
TL:KGZ:event:2021:japarov-and-the-return-to-presidential-rule,KGZ:japarov-britannica
TL:KGZ:event:2021:japarov-and-the-return-to-presidential-rule,KGZ:japarov-crs
TL:KHM:event:1:rise-of-funan,KHM:funan
TL:KHM:event:500:chenla-supplants-funan,KHM:chenla
TL:KHM:event:500:chenla-supplants-funan,KHM:funan
TL:KHM:event:700:fragmentation-of-chenla,KHM:chenla
TL:KHM:event:700:fragmentation-of-chenla,KHM:cambodia-place
TL:KHM:event:802:jayavarman-ii-founds-the-khmer-empire,KHM:jayavarman-ii
TL:KHM:event:802:jayavarman-ii-founds-the-khmer-empire,KHM:khmer-empire
TL:KHM:event:1113:suryavarman-ii-and-angkor-wat,KHM:suryavarman-ii
TL:KHM:event:1113:suryavarman-ii-and-angkor-wat,KHM:angkor-wat
TL:KHM:event:1181:jayavarman-vii-rebuilds-angkor-thom-and-the,KHM:jayavarman-vii
TL:KHM:event:1181:jayavarman-vii-rebuilds-angkor-thom-and-the,KHM:the-bayon
TL:KHM:event:1431:thai-capture-of-angkor,KHM:khmer-empire
TL:KHM:event:1431:thai-capture-of-angkor,KHM:cambodia-khmer-state
TL:KHM:event:1863:french-protectorate-established,KHM:norodom
TL:KHM:event:1863:french-protectorate-established,KHM:cambodia-independence-ebsco
TL:KHM:event:1887:cambodia-joined-to-french-indochina,KHM:cambodia-independence-ebsco
TL:KHM:event:1887:cambodia-joined-to-french-indochina,KHM:cambodia-place
TL:KHM:event:1945:japan-ends-french-rule-sihanouk-proclaims,KHM:cambodia-independence-ebsco
TL:KHM:event:1945:japan-ends-french-rule-sihanouk-proclaims,KHM:cambodia-wwii
TL:KHM:event:1953:full-independence-declared,KHM:cambodia-independence
TL:KHM:event:1953:full-independence-declared,KHM:cambodia-independence-ebsco
TL:KHM:event:1970:lon-nol-coup-and-the-khmer-republic,KHM:lon-nol
TL:KHM:event:1970:lon-nol-coup-and-the-khmer-republic,KHM:cambodia-civil-war
TL:KHM:event:1975:khmer-rouge-capture-phnom-penh,KHM:khmer-rouge
TL:KHM:event:1975:khmer-rouge-capture-phnom-penh,KHM:cambodian-genocide
TL:KHM:event:1975:the-cambodian-genocide,KHM:cambodian-genocide
TL:KHM:event:1975:the-cambodian-genocide,KHM:khmer-rouge
TL:KHM:event:1978:vietnamese-intervention-ends-the-regime,KHM:cambodia-vietnamese-intervention
TL:KHM:event:1978:vietnamese-intervention-ends-the-regime,KHM:cambodian-genocide
TL:KHM:event:1991:paris-peace-agreements-signed,KHM:paris-agreement
TL:KHM:event:1991:paris-peace-agreements-signed,KHM:untac
TL:KHM:event:1992:untac-mission,KHM:untac
TL:KHM:event:1992:untac-mission,KHM:cambodia-vietnamese-intervention
TL:KHM:event:1993:constitutional-monarchy-restored,KHM:untac
TL:KHM:event:1993:constitutional-monarchy-restored,KHM:cambodia-place
TL:KHM:event:1998:death-of-pol-pot-and-collapse-of-the-khmer-rouge,KHM:pol-pot
TL:KHM:event:1998:death-of-pol-pot-and-collapse-of-the-khmer-rouge,KHM:khmer-rouge
TL:KHM:event:1999:cambodia-joins-asean,KHM:cambodia-place
TL:KHM:event:2018:opposition-dissolved-cpp-entrenched,KHM:hun-sen
TL:KHM:event:2018:opposition-dissolved-cpp-entrenched,KHM:cambodia-since-2000
TL:KHM:event:2022:khmer-rouge-tribunal-concludes,KHM:cambodian-genocide
TL:KHM:event:2023:hun-manet-succeeds-his-father,KHM:hun-manet
TL:KHM:event:2023:hun-manet-succeeds-his-father,KHM:hun-sen
TL:KOR:event:2333bce:legendary-founding-of-gojoseon,KOR:korea-place
TL:KOR:event:2333bce:legendary-founding-of-gojoseon,KOR:gojoseon-whe
TL:KOR:event:108bce:fall-of-gojoseon-to-han-china,KOR:korea-place
TL:KOR:event:108bce:fall-of-gojoseon-to-han-china,KOR:gojoseon-whe
TL:KOR:event:57bce:emergence-of-the-three-kingdoms,KOR:three-kingdoms
TL:KOR:event:57bce:emergence-of-the-three-kingdoms,KOR:korea-place
TL:KOR:event:372:introduction-of-buddhism,KOR:three-kingdoms
TL:KOR:event:372:introduction-of-buddhism,KOR:korea-place
TL:KOR:event:668:silla-unifies-the-peninsula,KOR:three-kingdoms
TL:KOR:event:668:silla-unifies-the-peninsula,KOR:korea-unified-silla
TL:KOR:event:751:bulguksa-and-seokguram-built,KOR:korea-unified-silla
TL:KOR:event:751:bulguksa-and-seokguram-built,KOR:seokguram-unesco
TL:KOR:event:918:wang-geon-founds-goryeo,KOR:korea-goryeo
TL:KOR:event:918:wang-geon-founds-goryeo,KOR:korea-place
TL:KOR:event:1231:mongol-invasions-begin,KOR:korea-goryeo
TL:KOR:event:1231:mongol-invasions-begin,KOR:korea-place
TL:KOR:event:1251:tripitaka-koreana-completed,KOR:korea-goryeo
TL:KOR:event:1251:tripitaka-koreana-completed,KOR:tripitaka-unesco
TL:KOR:event:1392:fall-of-goryeo,KOR:joseon-dynasty
TL:KOR:event:1392:fall-of-goryeo,KOR:korea-place
TL:KOR:event:1392:joseon-dynasty-founded,KOR:joseon-dynasty
TL:KOR:event:1392:joseon-dynasty-founded,KOR:korea-place
TL:KOR:event:1443:creation-of-hangul,KOR:joseon-dynasty
TL:KOR:event:1443:creation-of-hangul,KOR:hunminjeongeum-unesco
TL:KOR:event:1592:japanese-imjin-invasions-repelled,KOR:joseon-dynasty
TL:KOR:event:1592:japanese-imjin-invasions-repelled,KOR:korea-place
TL:KOR:event:1905:korea-made-a-japanese-protectorate,KOR:korea-japanese-rule
TL:KOR:event:1905:korea-made-a-japanese-protectorate,KOR:korea-place
TL:KOR:event:1910:japanese-annexation-of-korea,KOR:korea-japanese-rule
TL:KOR:event:1910:japanese-annexation-of-korea,KOR:korea-place
TL:KOR:event:1910:annexation-and-colonial-government,KOR:korea-japanese-rule
TL:KOR:event:1919:march-first-movement,KOR:march-first-movement
TL:KOR:event:1919:march-first-movement,KOR:korea-japanese-rule
TL:KOR:event:1919:korean-provisional-government-formed,KOR:korea-japanese-rule
TL:KOR:event:1919:korean-provisional-government-formed,KOR:korea-place
TL:KOR:event:1939:forced-labor-and-wartime-mobilization,KOR:korea-japanese-rule
TL:KOR:event:1945:liberation-from-japan,KOR:korea-japanese-rule
TL:KOR:event:1945:liberation-from-japan,KOR:state-korean-war
TL:KOR:event:1945:division-at-the-38th-parallel,KOR:state-korean-war
TL:KOR:event:1945:division-at-the-38th-parallel,KOR:korea-place
TL:KOR:event:1948:republic-of-korea-proclaimed,KOR:first-republic
TL:KOR:event:1948:republic-of-korea-proclaimed,KOR:korea-place
TL:KOR:event:1950:the-korean-war,KOR:state-korean-war
TL:KOR:event:1950:the-korean-war,KOR:korea-place
TL:KOR:event:1953:korean-war-armistice,KOR:state-korean-war
TL:KOR:event:1953:korean-war-armistice,KOR:korea-place
TL:KOR:event:1961:park-chung-hee-s-military-coup,KOR:park-chung-hee
TL:KOR:event:1961:park-chung-hee-s-military-coup,KOR:korea-place
TL:KOR:event:1980:gwangju-uprising,KOR:gwangju-uprising
TL:KOR:event:1980:gwangju-uprising,KOR:gwangju-unesco
TL:KOR:event:1987:june-democratic-struggle,KOR:june-struggle
TL:KOR:event:1987:june-democratic-struggle,KOR:korea-place
TL:KOR:event:1988:seoul-summer-olympics,KOR:seoul-1988
TL:KOR:event:1988:seoul-summer-olympics,KOR:korea-place
TL:KOR:event:1997:asian-financial-crisis-and-imf-rescue,KOR:kim-dae-jung
TL:KOR:event:1997:asian-financial-crisis-and-imf-rescue,KOR:korea-place
TL:KOR:event:2000:first-inter-korean-summit,KOR:kim-dae-jung
TL:KOS:event:28bce:rome-annexes-dardania,KOS:history-of-kosovo-britannica
TL:KOS:event:284:province-of-dardania,KOS:history-of-kosovo-britannica
TL:KOS:event:600:slavic-settlement-of-the-interior,KOS:history-of-kosovo-britannica
TL:KOS:event:850:byzantine-and-bulgarian-borderland,KOS:history-of-kosovo-britannica
TL:KOS:event:850:byzantine-and-bulgarian-borderland,KOS:kosovo-history-britannica
TL:KOS:event:1219:nemanjic-rule-and-the-serbian-church,KOS:history-of-kosovo-britannica
TL:KOS:event:1219:nemanjic-rule-and-the-serbian-church,KOS:kosovo-history-britannica
TL:KOS:event:1321:gracanica-and-visoki-decani-built,KOS:unesco-medieval-monuments
TL:KOS:event:1321:gracanica-and-visoki-decani-built,KOS:unesco-monuments-danger
TL:KOS:event:1389:the-battle-of-kosovo,KOS:battle-of-kosovo-britannica
TL:KOS:event:1389:the-battle-of-kosovo,KOS:battle-of-kosovo-historytoday
TL:KOS:event:1455:ottoman-conquest-completed,KOS:kosovo-history-britannica
TL:KOS:event:1455:ottoman-administration-of-kosovo,KOS:kosovo-history-britannica
TL:KOS:event:1690:migrations-and-a-shifting-population,KOS:kosovo-history-britannica
TL:KOS:event:1878:the-league-of-prizren,KOS:albanian-league-britannica
TL:KOS:event:1881:suppression-of-the-league,KOS:albanian-league-britannica
TL:KOS:event:1912:balkan-wars-bring-kosovo-into-serbia,KOS:kosovo-history-britannica
TL:KOS:event:1974:wide-autonomy-under-the-yugoslav-constitution,KOS:kosovo-govsociety-britannica
TL:KOS:event:1981:pristina-student-protests,KOS:kosovo-govsociety-britannica
TL:KOS:event:1981:pristina-student-protests,KOS:kosovo-history-britannica
TL:KOS:event:1989:milosevic-revokes-kosovo-s-autonomy,KOS:kosovo-govsociety-britannica
TL:KOS:event:1989:milosevic-revokes-kosovo-s-autonomy,KOS:kosovo-history-britannica
TL:KOS:event:1989:milosevic-revokes-kosovo-s-autonomy,KOS:state-dept-kosovo
TL:KOS:event:1991:the-albanian-parallel-state,KOS:rugova-sakharov-ep
TL:KOS:event:1998:kla-insurgency-and-serbian-crackdown,KOS:kosovo-conflict-britannica
TL:KOS:event:1998:kla-insurgency-and-serbian-crackdown,KOS:nato-kfor
TL:KOS:event:1998:kla-insurgency-and-serbian-crackdown,KOS:hrw-under-orders
TL:KOS:event:1999:nato-air-campaign-begins,KOS:nato-kfor
TL:KOS:event:1999:mass-expulsion-of-kosovo-albanians,KOS:hrw-under-orders
TL:KOS:event:1999:un-resolution-1244-and-unmik,KOS:unmik-res-1244
TL:KOS:event:1999:un-resolution-1244-and-unmik,KOS:nato-kfor
TL:KOS:event:2001:constitutional-framework-for-self-government,KOS:unmik-constitutional-framework
TL:KOS:event:2008:declaration-of-independence,KOS:kosovo-selfdeclared-britannica
TL:KOS:event:2008:declaration-of-independence,KOS:state-dept-kosovo
TL:KOS:event:2010:icj-advisory-opinion,KOS:icj-advisory-summary
TL:KOS:event:2010:icj-advisory-opinion,KOS:icj-case-141
TL:KOS:event:2013:brussels-agreement,KOS:kosovo-selfdeclared-britannica
TL:KOS:event:2013:brussels-agreement,KOS:eeas-belgrade-pristina-dialogue
TL:KOS:event:2023:ohrid-agreement-on-normalisation,KOS:eeas-ohrid-agreement
TL:KOS:event:2023:ohrid-agreement-on-normalisation,KOS:eeas-borrell-ohrid
TL:KOS:event:2024:an-unresolved-status,KOS:kosovo-selfdeclared-britannica
TL:KOS:event:2024:an-unresolved-status,KOS:state-dept-kosovo
TL:KWT:event:2000bce:dilmun-settlement-on-failaka,KWT:unesco-failaka
TL:KWT:event:2000bce:dilmun-settlement-on-failaka,KWT:unesco-saad-saeed
TL:KWT:event:325bce:alexander-s-fleet-names-the-island-ikaros,KWT:unesco-failaka
TL:KWT:event:325bce:alexander-s-fleet-names-the-island-ikaros,KWT:archaeology-ikaros
TL:KWT:event:250bce:a-seleucid-greek-fortress-rises-on-ikaros,KWT:unesco-failaka
TL:KWT:event:250bce:a-seleucid-greek-fortress-rises-on-ikaros,KWT:archaeology-ikaros
TL:KWT:event:1970:a-greek-inscription-confirms-ikaros,KWT:archaeology-ikaros
TL:KWT:event:1700:the-bani-utub-settle-the-bay,KWT:britannica-sabah-dynasty
TL:KWT:event:1700:the-bani-utub-settle-the-bay,KWT:loc-persian-gulf-states
TL:KWT:event:1752:sabah-i-becomes-the-first-al-sabah-ruler,KWT:britannica-sabah-dynasty
TL:KWT:event:1800:a-pearling-and-trade-entrepot,KWT:loc-persian-gulf-states
TL:KWT:event:1800:a-pearling-and-trade-entrepot,KWT:fanack-mubarak
TL:KWT:event:1896:mubarak-al-sabah-seizes-power,KWT:fanack-mubarak
TL:KWT:event:1899:the-anglo-kuwaiti-agreement,KWT:fanack-mubarak
TL:KWT:event:1899:the-anglo-kuwaiti-agreement,KWT:britannica-kuwait
TL:KWT:event:1913:kuwait-s-separate-status-confirmed,KWT:britannica-kuwait
TL:KWT:event:1913:kuwait-s-separate-status-confirmed,KWT:loc-persian-gulf-states
TL:KWT:event:1934:the-oil-concession-is-granted,KWT:britannica-koc
TL:KWT:event:1934:the-oil-concession-is-granted,KWT:britannica-kuwait
TL:KWT:event:1938:discovery-of-the-burgan-field,KWT:britannica-koc
TL:KWT:event:1946:first-oil-exports,KWT:britannica-koc
TL:KWT:event:1946:first-oil-exports,KWT:britannica-kuwait
TL:KWT:event:1961:independence-from-britain,KWT:britannica-kuwait
TL:KWT:event:1961:independence-from-britain,KWT:mei-abdullah-salem
TL:KWT:event:1962:constitution-and-national-assembly,KWT:mei-abdullah-salem
TL:KWT:event:1962:constitution-and-national-assembly,KWT:britannica-kuwait
TL:KWT:event:1990:iraq-invades-and-annexes-kuwait,KWT:history-state-gulfwar
TL:KWT:event:1990:iraq-invades-and-annexes-kuwait,KWT:history-state-firstgulf
TL:KWT:event:1990:the-un-condemns-and-authorizes-force,KWT:history-state-gulfwar
TL:KWT:event:1991:operation-desert-storm-liberates-kuwait,KWT:history-state-gulfwar
TL:KWT:event:1991:operation-desert-storm-liberates-kuwait,KWT:history-state-firstgulf
TL:KWT:event:1991:retreating-iraqis-torch-the-oil-fields,KWT:adst-oil-fires
TL:KWT:event:1991:rapid-post-war-reconstruction,KWT:adst-oil-fires
TL:KWT:event:1991:rapid-post-war-reconstruction,KWT:britannica-kuwait
TL:KWT:event:2006:sheikh-sabah-al-ahmad-becomes-emir,KWT:carnegie-sabah
TL:KWT:event:2006:sheikh-sabah-al-ahmad-becomes-emir,KWT:britannica-kuwait
TL:KWT:event:2023:sheikh-mishal-accedes-as-emir,KWT:carnegie-suspension
TL:KWT:event:2024:parliament-dissolved-and-constitution-suspended,KWT:carnegie-suspension
TL:LAO:event:500:the-sacred-landscape-of-vat-phou,LAO:unesco-vat-phou
TL:LAO:event:700:tai-lao-settlement-of-the-mekong,LAO:laos-history
TL:LAO:event:700:tai-lao-settlement-of-the-mekong,LAO:lan-xang
TL:LAO:event:1353:fa-ngum-founds-lan-xang,LAO:fa-ngum
TL:LAO:event:1353:fa-ngum-founds-lan-xang,LAO:lan-xang
TL:LAO:event:1353:theravada-buddhism-established,LAO:fa-ngum
TL:LAO:event:1353:theravada-buddhism-established,LAO:lan-xang
TL:LAO:event:1560:setthathirath-moves-the-capital-to-vientiane,LAO:setthathirath
TL:LAO:event:1560:setthathirath-moves-the-capital-to-vientiane,LAO:vientiane
TL:LAO:event:1707:lan-xang-splits-apart,LAO:sai-ong-hue
TL:LAO:event:1707:lan-xang-splits-apart,LAO:lan-xang
TL:LAO:event:1713:champasak-secedes,LAO:sai-ong-hue
TL:LAO:event:1713:champasak-secedes,LAO:laos-history
TL:LAO:event:1779:the-lao-kingdoms-become-siamese-vassals,LAO:lan-xang
TL:LAO:event:1779:the-lao-kingdoms-become-siamese-vassals,LAO:laos-history
TL:LAO:event:1828:siam-destroys-vientiane,LAO:vientiane
TL:LAO:event:1828:siam-destroys-vientiane,LAO:laos-history
TL:LAO:event:1893:french-protectorate-established,LAO:pavie
TL:LAO:event:1893:french-protectorate-established,LAO:laos-foreign-rule
TL:LAO:event:1945:japanese-occupation-and-the-lao-issara,LAO:lao-issara
TL:LAO:event:1945:japanese-occupation-and-the-lao-issara,LAO:laos-foreign-rule
TL:LAO:event:1950:founding-of-the-pathet-lao,LAO:souphanouvong
TL:LAO:event:1950:founding-of-the-pathet-lao,LAO:pathet-lao
TL:LAO:event:1953:full-independence-from-france,LAO:laos-foreign-rule
TL:LAO:event:1953:full-independence-from-france,LAO:history-state-laos
TL:LAO:event:1962:geneva-agreement-on-lao-neutrality,LAO:laos-history
TL:LAO:event:1962:geneva-agreement-on-lao-neutrality,LAO:indochina-wars
TL:LAO:event:1964:the-secret-war-bombing,LAO:secret-war-loc
TL:LAO:event:1964:the-secret-war-bombing,LAO:uxo-state
TL:LAO:event:1964:the-secret-war-bombing,LAO:indochina-wars
TL:LAO:event:1973:paris-accords-and-u-s-withdrawal,LAO:indochina-wars
TL:LAO:event:1973:paris-accords-and-u-s-withdrawal,LAO:laos-history
TL:LAO:event:1975:founding-of-the-lao-pdr,LAO:laos-history
TL:LAO:event:1975:founding-of-the-lao-pdr,LAO:kaysone
TL:LAO:event:1975:founding-of-the-lao-pdr,LAO:history-state-laos
TL:LAO:event:1986:new-economic-mechanism-reforms,LAO:laos-history
TL:LAO:event:1986:new-economic-mechanism-reforms,LAO:worldbank-lao
TL:LAO:event:1995:luang-prabang-inscribed-by-unesco,LAO:unesco-luang-prabang
TL:LAO:event:1997:laos-joins-asean,LAO:asean-lao
TL:LAO:event:2021:laos-china-railway-opens,LAO:worldbank-lao
TL:LBN:event:3000bce:byblos-trades-cedar-with-egypt,LBN:unesco-byblos
TL:LBN:event:3000bce:byblos-trades-cedar-with-egypt,LBN:britannica-byblos
TL:LBN:event:1000bce:the-phoenician-alphabet-at-byblos,LBN:britannica-byblos
TL:LBN:event:1000bce:the-phoenician-alphabet-at-byblos,LBN:britannica-phoenicia
TL:LBN:event:1000bce:the-phoenician-alphabet-at-byblos,LBN:ebsco-phoenicia
TL:LBN:event:814bce:tyre-founds-carthage,LBN:britannica-phoenicia
TL:LBN:event:814bce:tyre-founds-carthage,LBN:unesco-tyre
TL:LBN:event:332bce:alexander-the-great-takes-tyre,LBN:unesco-tyre
TL:LBN:event:332bce:alexander-the-great-takes-tyre,LBN:britannica-phoenicia
TL:LBN:event:15:baalbek-becomes-roman-heliopolis,LBN:unesco-baalbek
TL:LBN:event:15:baalbek-becomes-roman-heliopolis,LBN:britannica-baalbek
TL:LBN:event:410:saint-maron-and-the-maronite-origins,LBN:britannica-maronite
TL:LBN:event:636:arab-muslim-conquest-of-the-levant,LBN:britannica-history-lebanon
TL:LBN:event:636:arab-muslim-conquest-of-the-levant,LBN:britannica-lebanon
TL:LBN:event:1516:ottoman-conquest-of-syria,LBN:britannica-history-lebanon
TL:LBN:event:1590:fakhr-al-din-ii-unites-the-mountain,LBN:britannica-fakhr-al-din
TL:LBN:event:1590:fakhr-al-din-ii-unites-the-mountain,LBN:britannica-history-lebanon
TL:LBN:event:1635:execution-of-fakhr-al-din-ii,LBN:britannica-fakhr-al-din
TL:LBN:event:1840:fall-of-bashir-shihab-ii,LBN:britannica-bashir-shihab
TL:LBN:event:1840:fall-of-bashir-shihab-ii,LBN:britannica-history-lebanon
TL:LBN:event:1860:sectarian-conflict-in-mount-lebanon,LBN:britannica-history-lebanon
TL:LBN:event:1860:sectarian-conflict-in-mount-lebanon,LBN:loc-lebanon-pact
TL:LBN:event:1861:the-mount-lebanon-mutasarrifate,LBN:britannica-history-lebanon
TL:LBN:event:1920:creation-of-greater-lebanon,LBN:britannica-history-lebanon
TL:LBN:event:1920:creation-of-greater-lebanon,LBN:britannica-lebanon
TL:LBN:event:1926:the-lebanese-republic-and-constitution,LBN:britannica-history-lebanon
TL:LBN:event:1943:the-national-pact,LBN:loc-lebanon-pact
TL:LBN:event:1943:the-national-pact,LBN:britannica-history-lebanon
TL:LBN:event:1944:u-s-recognition-of-lebanon,LBN:state-lebanon
TL:LBN:event:1946:french-withdrawal-completed,LBN:britannica-history-lebanon
TL:LBN:event:1946:french-withdrawal-completed,LBN:state-lebanon
TL:LBN:event:1955:beirut-the-paris-of-the-middle-east,LBN:britannica-lebanon
TL:LBN:event:1955:beirut-the-paris-of-the-middle-east,LBN:britannica-history-lebanon
TL:LBN:event:1975:the-lebanese-civil-war,LBN:britannica-civil-war
TL:LBN:event:1975:the-lebanese-civil-war,LBN:loc-lebanon-pact
TL:LBN:event:1982:israeli-invasion-and-siege-of-beirut,LBN:britannica-civil-war
TL:LBN:event:1989:the-taif-agreement,LBN:britannica-civil-war
TL:LBN:event:1989:the-taif-agreement,LBN:loc-lebanon-pact
TL:LBN:event:2005:hariri-assassination-and-the-cedar-revolution,LBN:britannica-hariri
TL:LBN:event:2005:hariri-assassination-and-the-cedar-revolution,LBN:ebsco-hariri
TL:LBN:event:2005:hariri-assassination-and-the-cedar-revolution,LBN:britannica-second-republic
TL:LBN:event:2019:economic-collapse-and-the-beirut-port-explosion,LBN:cfr-lebanon
TL:LBN:event:2019:economic-collapse-and-the-beirut-port-explosion,LBN:britannica-second-republic
TL:LBR:event:1400:settlement-by-mande-kwa-and-mel-peoples,LBR:britannica-liberia-people
TL:LBR:event:1400:settlement-by-mande-kwa-and-mel-peoples,LBR:minorityrights-liberia
TL:LBR:event:1461:europeans-name-the-grain-coast,LBR:britannica-liberia-history
TL:LBR:event:1461:europeans-name-the-grain-coast,LBR:loc-liberia-history
TL:LBR:event:1832:invention-of-the-vai-script,LBR:bukele-wiki
TL:LBR:event:1832:invention-of-the-vai-script,LBR:vai-syllabary-wiki
TL:LBR:event:1832:invention-of-the-vai-script,LBR:britannica-liberia-people
TL:LBR:event:1816:founding-of-the-american-colonization-society,LBR:blackpast-monrovia
TL:LBR:event:1816:founding-of-the-american-colonization-society,LBR:loc-liberia-history
TL:LBR:event:1816:founding-of-the-american-colonization-society,LBR:britannica-liberia-history
TL:LBR:event:1821:acquisition-of-cape-mesurado,LBR:blackpast-monrovia
TL:LBR:event:1821:acquisition-of-cape-mesurado,LBR:britannica-monrovia
TL:LBR:event:1822:first-settlers-land-and-found-the-colony,LBR:blackpast-monrovia
TL:LBR:event:1822:first-settlers-land-and-found-the-colony,LBR:britannica-monrovia
TL:LBR:event:1822:first-settlers-land-and-found-the-colony,LBR:loc-liberia-history
TL:LBR:event:1824:christopolis-renamed-monrovia,LBR:britannica-monrovia
TL:LBR:event:1824:christopolis-renamed-monrovia,LBR:blackpast-monrovia
TL:LBR:event:1847:the-republic-of-liberia-is-proclaimed,LBR:liberia-declaration-wiki
TL:LBR:event:1847:the-republic-of-liberia-is-proclaimed,LBR:ebsco-liberia-independence
TL:LBR:event:1847:the-republic-of-liberia-is-proclaimed,LBR:history-liberia-independence
TL:LBR:event:1848:joseph-jenkins-roberts-inaugurated,LBR:britannica-liberia-history
TL:LBR:event:1848:joseph-jenkins-roberts-inaugurated,LBR:history-liberia-independence
TL:LBR:event:1862:united-states-recognises-liberia,LBR:statedept-liberia
TL:LBR:event:1878:true-whig-party-dominance-begins,LBR:true-whig-wiki
TL:LBR:event:1878:true-whig-party-dominance-begins,LBR:britannica-liberia-history
TL:LBR:event:1926:the-firestone-rubber-concession,LBR:britannica-liberia-history
TL:LBR:event:1926:the-firestone-rubber-concession,LBR:firestone-statement
TL:LBR:event:1944:william-tubman-becomes-president,LBR:britannica-tubman
TL:LBR:event:1944:william-tubman-becomes-president,LBR:blackpast-tubman
TL:LBR:event:1971:tolbert-succeeds-tubman,LBR:tolbert-wiki
TL:LBR:event:1971:tolbert-succeeds-tubman,LBR:britannica-liberia-history
TL:LBR:event:1979:the-rice-riots,LBR:doe-coup-wiki
TL:LBR:event:1979:the-rice-riots,LBR:britannica-liberia-history
TL:LBR:event:1980:samuel-doe-s-coup-ends-settler-rule,LBR:doe-coup-wiki
TL:LBR:event:1980:samuel-doe-s-coup-ends-settler-rule,LBR:britannica-doe
TL:LBR:event:1980:samuel-doe-s-coup-ends-settler-rule,LBR:statedept-liberia-bgn
TL:LBR:event:1985:doe-confirmed-in-a-flawed-election,LBR:britannica-doe
TL:LBR:event:1985:doe-confirmed-in-a-flawed-election,LBR:statedept-liberia-bgn
TL:LBR:event:1989:first-liberian-civil-war-begins,LBR:npfl-wiki
TL:LBR:event:1989:first-liberian-civil-war-begins,LBR:cja-liberia
TL:LBR:event:1989:first-liberian-civil-war-begins,LBR:worldwithoutgenocide-liberia
TL:LBR:event:1990:samuel-doe-captured-and-killed,LBR:britannica-doe
TL:LBR:event:1990:samuel-doe-captured-and-killed,LBR:worldwithoutgenocide-liberia
TL:LBR:event:1997:charles-taylor-elected-president,LBR:britannica-taylor
TL:LBR:event:1997:charles-taylor-elected-president,LBR:cja-liberia
TL:LBR:event:1999:second-liberian-civil-war-begins,LBR:blackpast-second-civil-war
TL:LBR:event:1999:second-liberian-civil-war-begins,LBR:second-civil-war-wiki
TL:LBR:event:2003:taylor-resigns-accra-peace-agreement,LBR:blackpast-second-civil-war
TL:LBR:event:2003:taylor-resigns-accra-peace-agreement,LBR:britannica-taylor
TL:LBR:event:2003:taylor-resigns-accra-peace-agreement,LBR:second-civil-war-wiki
TL:LBR:event:2012:taylor-convicted-of-war-crimes,LBR:hrw-taylor-conviction
TL:LBR:event:2012:taylor-convicted-of-war-crimes,LBR:un-taylor-50years
TL:LBR:event:2005:ellen-johnson-sirleaf-elected,LBR:britannica-sirleaf
TL:LBR:event:2005:ellen-johnson-sirleaf-elected,LBR:nobel-sirleaf
TL:LBR:event:2011:sirleaf-shares-the-nobel-peace-prize,LBR:nobel-sirleaf
TL:LBR:event:2014:the-ebola-epidemic,LBR:ebola-liberia-wiki
TL:LBR:event:2014:the-ebola-epidemic,LBR:cdc-ebola-liberia
TL:LBR:event:2018:peaceful-transfer-to-george-weah,LBR:britannica-sirleaf
TL:LBR:event:2018:peaceful-transfer-to-george-weah,LBR:statedept-liberia-bgn
TL:LBR:event:2023:boakai-defeats-weah,LBR:britannica-liberia-history
TL:LBY:event:650bce:phoenicians-found-leptis-magna,LBY:wikipedia-leptis-magna
TL:LBY:event:650bce:phoenicians-found-leptis-magna,LBY:britannica-libya
TL:LBY:event:631bce:greeks-found-cyrene,LBY:wikipedia-cyrene
TL:LBY:event:631bce:greeks-found-cyrene,LBY:britannica-cyrenaica
TL:LBY:event:96bce:cyrenaica-passes-to-rome,LBY:wikipedia-cyrene
TL:LBY:event:96bce:cyrenaica-passes-to-rome,LBY:britannica-cyrenaica
TL:LBY:event:193:leptis-magna-s-golden-age-under-septimius,LBY:wikipedia-leptis-magna
TL:LBY:event:193:leptis-magna-s-golden-age-under-septimius,LBY:unesco-leptis-magna
TL:LBY:event:100:garamantes-flourish-in-the-fezzan,LBY:wikipedia-garamantes
TL:LBY:event:100:garamantes-flourish-in-the-fezzan,LBY:britannica-fezzan
TL:LBY:event:642:arab-conquest-of-cyrenaica,LBY:fanack-muslim-conquest
TL:LBY:event:642:arab-conquest-of-cyrenaica,LBY:britannica-libya
TL:LBY:event:666:arab-expeditions-reach-the-fezzan,LBY:wikipedia-garamantes
TL:LBY:event:666:arab-expeditions-reach-the-fezzan,LBY:fanack-muslim-conquest
TL:LBY:event:1050:banu-hilal-migration,LBY:britannica-libya
TL:LBY:event:1551:ottomans-capture-tripoli,LBY:wikipedia-ottoman-tripolitania
TL:LBY:event:1551:ottomans-capture-tripoli,LBY:britannica-libya
TL:LBY:event:1711:karamanli-dynasty-seizes-power,LBY:wikipedia-karamanli
TL:LBY:event:1711:karamanli-dynasty-seizes-power,LBY:wikipedia-ottoman-tripolitania
TL:LBY:event:1801:first-barbary-war-with-the-united-states,LBY:wikipedia-first-barbary-war
TL:LBY:event:1801:first-barbary-war-with-the-united-states,LBY:wikipedia-karamanli
TL:LBY:event:1835:ottomans-restore-direct-rule,LBY:wikipedia-ottoman-tripolitania
TL:LBY:event:1837:founding-of-the-senussi-order,LBY:britannica-sanusi
TL:LBY:event:1837:founding-of-the-senussi-order,LBY:wikipedia-sanusiyya
TL:LBY:event:1911:italo-turkish-war-and-the-invasion-of-libya,LBY:wikipedia-italian-colonization
TL:LBY:event:1911:italo-turkish-war-and-the-invasion-of-libya,LBY:britannica-libya
TL:LBY:event:1923:pacification-of-libya,LBY:wikipedia-concentration-camps
TL:LBY:event:1923:pacification-of-libya,LBY:wikipedia-italian-colonization
TL:LBY:event:1931:execution-of-omar-al-mukhtar,LBY:wikipedia-omar-mukhtar
TL:LBY:event:1931:execution-of-omar-al-mukhtar,LBY:wikipedia-soluch
TL:LBY:event:1934:creation-of-italian-libya,LBY:wikipedia-italian-colonization
TL:LBY:event:1940:north-african-desert-campaigns,LBY:britannica-libya
TL:LBY:event:1951:independence-of-the-united-kingdom-of-libya,LBY:historytoday-kingdom
TL:LBY:event:1951:independence-of-the-united-kingdom-of-libya,LBY:state-libya-bgn
TL:LBY:event:1959:commercial-oil-discovered,LBY:britannica-libya-oil
TL:LBY:event:1959:commercial-oil-discovered,LBY:wikipedia-zelten
TL:LBY:event:1963:abolition-of-the-federal-system,LBY:state-libya-bgn
TL:LBY:event:1969:gaddafi-s-coup-overthrows-the-monarchy,LBY:wikipedia-1969-revolution
TL:LBY:event:1969:gaddafi-s-coup-overthrows-the-monarchy,LBY:history-qaddafi-coup
TL:LBY:event:1977:proclamation-of-the-jamahiriya,LBY:wikipedia-green-book
TL:LBY:event:1977:proclamation-of-the-jamahiriya,LBY:britannica-libya
TL:LBY:event:1986:us-bombing-of-tripoli-and-benghazi,LBY:wikipedia-1986-bombing
TL:LBY:event:1986:us-bombing-of-tripoli-and-benghazi,LBY:history-1986-bombing
TL:LBY:event:2011:uprising-nato-intervention-and-gaddafi-s-fall,LBY:britannica-2011-revolt
TL:LBY:event:2011:uprising-nato-intervention-and-gaddafi-s-fall,LBY:wikipedia-battle-sirte
TL:LBY:event:2014:division-and-civil-war,LBY:wikipedia-second-civil-war
TL:LIE:event:1342:the-county-of-vaduz-takes-shape,LIE:liechtenstein-history-britannica
TL:LIE:event:1342:the-county-of-vaduz-takes-shape,LIE:swissmuseum-founding
TL:LIE:event:1608:the-house-of-liechtenstein-raised-to-princely,LIE:fuerstenhaus-history
TL:LIE:event:1608:the-house-of-liechtenstein-raised-to-princely,LIE:princely-collections-family
TL:LIE:event:1613:hohenems-debts-open-the-way,LIE:liechtenstein-history-britannica
TL:LIE:event:1613:hohenems-debts-open-the-way,LIE:swissmuseum-founding
TL:LIE:event:1699:purchase-of-the-lordship-of-schellenberg,LIE:fuerstenhaus-history
TL:LIE:event:1699:purchase-of-the-lordship-of-schellenberg,LIE:swissmuseum-founding
TL:LIE:event:1699:purchase-of-the-lordship-of-schellenberg,LIE:liechtenstein-history-britannica
TL:LIE:event:1712:purchase-of-the-county-of-vaduz,LIE:fuerstenhaus-history
TL:LIE:event:1712:purchase-of-the-county-of-vaduz,LIE:swissmuseum-founding
TL:LIE:event:1719:foundation-of-the-principality-of-liechtenstein,LIE:princely-collections-founding
TL:LIE:event:1719:foundation-of-the-principality-of-liechtenstein,LIE:princely-collections-300
TL:LIE:event:1719:foundation-of-the-principality-of-liechtenstein,LIE:swissmuseum-founding
TL:LIE:event:1719:foundation-of-the-principality-of-liechtenstein,LIE:liechtenstein-history-britannica
TL:LIE:event:1719:foundation-of-the-principality-of-liechtenstein,LIE:embassy-history
TL:LIE:event:1842:a-prince-visits-at-last,LIE:swissmuseum-founding
TL:LIE:event:1842:a-prince-visits-at-last,LIE:liechtenstein-history-britannica
TL:LIE:event:1806:sovereignty-through-the-confederation-of-the,LIE:liechtenstein-history-britannica
TL:LIE:event:1806:sovereignty-through-the-confederation-of-the,LIE:fuerstenhaus-history
TL:LIE:event:1815:membership-of-the-german-confederation,LIE:liechtenstein-history-britannica
TL:LIE:event:1862:first-constitution-and-the-landtag,LIE:liechtenstein-history-britannica
TL:LIE:event:1866:full-independence,LIE:liechtenstein-history-britannica
TL:LIE:event:1868:abolition-of-the-army-and-neutrality,LIE:fuerstenhaus-history
TL:LIE:event:1868:abolition-of-the-army-and-neutrality,LIE:liechtenstein-history-britannica
TL:LIE:event:1921:liberal-constitution-of-1921,LIE:fuerstenhaus-history
TL:LIE:event:1921:liberal-constitution-of-1921,LIE:liechtenstein-history-britannica
TL:LIE:event:1923:customs-union-with-switzerland-and-the-swiss,LIE:finance-li-customs
TL:LIE:event:1923:customs-union-with-switzerland-and-the-swiss,LIE:embassy-history
TL:LIE:event:1923:customs-union-with-switzerland-and-the-swiss,LIE:liechtenstein-history-britannica
TL:LIE:event:1938:a-prince-moves-to-vaduz,LIE:fuerstenhaus-history
TL:LIE:event:1945:confiscation-under-the-benes-decrees,LIE:czech-liechtenstein-history
TL:LIE:event:1945:confiscation-under-the-benes-decrees,LIE:icj-case123
TL:LIE:event:1945:confiscation-under-the-benes-decrees,LIE:icj-summary-2005
TL:LIE:event:1984:women-s-suffrage-introduced,LIE:fuerstenhaus-history
TL:LIE:event:1984:women-s-suffrage-introduced,LIE:liechtenstein-history-britannica
TL:LIE:event:1990:admission-to-the-united-nations,LIE:embassy-history
TL:LIE:event:1990:admission-to-the-united-nations,LIE:fuerstenhaus-history
TL:LIE:event:1990:admission-to-the-united-nations,LIE:liechtenstein-history-britannica
TL:LIE:event:1995:accession-to-the-european-economic-area,LIE:embassy-history
TL:LIE:event:1995:accession-to-the-european-economic-area,LIE:fuerstenhaus-history
TL:LIE:event:1995:accession-to-the-european-economic-area,LIE:finance-li-customs
TL:LIE:event:2003:constitutional-referendum-expands-the-prince-s,LIE:hansadam-britannica
TL:LIE:event:2003:constitutional-referendum-expands-the-prince-s,LIE:liechtenstein-history-britannica
TL:LIE:event:2005:icj-judgment-in-liechtenstein-v-germany,LIE:icj-case123
TL:LIE:event:2005:icj-judgment-in-liechtenstein-v-germany,LIE:icj-summary-2005
TL:LIE:event:2005:icj-judgment-in-liechtenstein-v-germany,LIE:icj-prelim-objections
TL:LIE:event:2009:diplomatic-relations-with-the-czech-republic,LIE:czech-liechtenstein-history
TL:LKA:event:500bce:sinhalese-settlement-and-the-founding-of,LKA:britannica-srilanka-history
TL:LKA:event:500bce:sinhalese-settlement-and-the-founding-of,LKA:britannica-anuradhapura
TL:LKA:event:250bce:buddhism-introduced-under-devanampiya-tissa,LKA:britannica-conversion-buddhism
TL:LKA:event:250bce:buddhism-introduced-under-devanampiya-tissa,LKA:ebsco-buddhism-srilanka
TL:LKA:event:200bce:hydraulic-civilisation-and-south-indian,LKA:britannica-anuradhapura
TL:LKA:event:200bce:hydraulic-civilisation-and-south-indian,LKA:unesco-anuradhapura
TL:LKA:event:477:kassapa-i-builds-sigiriya,LKA:unesco-sigiriya
TL:LKA:event:1017:polonnaruwa-becomes-the-capital,LKA:unesco-polonnaruwa
TL:LKA:event:1017:polonnaruwa-becomes-the-capital,LKA:britannica-srilanka-history
TL:LKA:event:1153:golden-age-under-parakramabahu-i,LKA:unesco-polonnaruwa
TL:LKA:event:1200:decline-and-the-drift-southward,LKA:britannica-srilanka-history
TL:LKA:event:1505:arrival-of-the-portuguese,LKA:britannica-portuguese
TL:LKA:event:1658:dutch-supplant-the-portuguese,LKA:britannica-srilanka-history
TL:LKA:event:1658:dutch-supplant-the-portuguese,LKA:unesco-galle
TL:LKA:event:1796:britain-takes-the-dutch-coasts,LKA:bbc-srilanka
TL:LKA:event:1815:kandyan-convention-unifies-the-island-under,LKA:britannica-kandyan-convention
TL:LKA:event:1815:kandyan-convention-unifies-the-island-under,LKA:archives-srilanka
TL:LKA:event:1840:plantation-economy-and-tamil-labour-migration,LKA:britannica-srilanka-history
TL:LKA:event:1833:one-administration-for-the-whole-island,LKA:bbc-srilanka
TL:LKA:event:1931:universal-suffrage-and-reform,LKA:britannica-senanayake
TL:LKA:event:1931:universal-suffrage-and-reform,LKA:archives-srilanka
TL:LKA:event:1948:independence-of-the-dominion-of-ceylon,LKA:britannica-independent-ceylon
TL:LKA:event:1948:independence-of-the-dominion-of-ceylon,LKA:archives-srilanka
TL:LKA:event:1948:independence-of-the-dominion-of-ceylon,LKA:statedept-srilanka
TL:LKA:event:1949:indian-tamil-plantation-workers-disenfranchised,LKA:bbc-srilanka
TL:LKA:event:1972:ceylon-becomes-the-republic-of-sri-lanka,LKA:britannica-independent-ceylon
TL:LKA:event:1972:ceylon-becomes-the-republic-of-sri-lanka,LKA:britannica-reconstruction
TL:LKA:event:1956:the-sinhala-only-act,LKA:bbc-srilanka
TL:LKA:event:1956:the-sinhala-only-act,LKA:britannica-bandaranaike
TL:LKA:event:1971:the-jvp-insurrection,LKA:bbc-srilanka
TL:LKA:event:1976:the-ltte-is-founded,LKA:bbc-srilanka
TL:LKA:event:1983:civil-war-between-the-state-and-the-ltte,LKA:britannica-reconstruction
TL:LKA:event:1983:civil-war-between-the-state-and-the-ltte,LKA:britannica-srilanka-history
TL:LKA:event:1987:the-indo-lanka-accords-and-the-indian,LKA:bbc-srilanka
TL:LKA:event:1990:indian-withdrawal-and-the-expulsion-of-northern,LKA:bbc-srilanka
TL:LKA:event:2004:indian-ocean-tsunami,LKA:britannica-tsunami-2004
TL:LKA:event:2022:economic-crisis-and-sovereign-default,LKA:britannica-reconstruction
TL:LKA:event:2016:the-state-counts-its-missing,LKA:bbc-srilanka
TL:LKA:event:2019:the-easter-sunday-bombings,LKA:bbc-srilanka
TL:LSO:event:8000bce:san-rock-art-of-the-maloti-drakensberg,LSO:britmuseum-rockart
TL:LSO:event:8000bce:san-rock-art-of-the-maloti-drakensberg,LSO:wiki-history-lesotho
TL:LSO:event:1000:sotho-tswana-settlement,LSO:wiki-history-lesotho
TL:LSO:event:1000:sotho-tswana-settlement,LSO:britmuseum-rockart
TL:LSO:event:1700:dispersed-sotho-chiefdoms,LSO:wiki-history-lesotho
TL:LSO:event:1700:dispersed-sotho-chiefdoms,LSO:eb-lesotho
TL:LSO:event:1824:moshoeshoe-occupies-thaba-bosiu,LSO:eb-lesotho
TL:LSO:event:1824:moshoeshoe-occupies-thaba-bosiu,LSO:eb-moshoeshoe
TL:LSO:event:1824:moshoeshoe-occupies-thaba-bosiu,LSO:sahistory-moshoeshoe
TL:LSO:event:1833:paris-missionaries-arrive,LSO:eb-lesotho
TL:LSO:event:1833:paris-missionaries-arrive,LSO:wiki-history-lesotho
TL:LSO:event:1858:senekal-s-war-with-the-orange-free-state,LSO:eb-lesotho
TL:LSO:event:1858:senekal-s-war-with-the-orange-free-state,LSO:wiki-history-lesotho
TL:LSO:event:1865:seqiti-war-and-loss-of-the-lowlands,LSO:eb-lesotho
TL:LSO:event:1865:seqiti-war-and-loss-of-the-lowlands,LSO:wiki-history-lesotho
TL:LSO:event:1868:basutoland-declared-a-british-protectorate,LSO:eb-lesotho
TL:LSO:event:1868:basutoland-declared-a-british-protectorate,LSO:sahistory-becomes-british
TL:LSO:event:1868:basutoland-declared-a-british-protectorate,LSO:wiki-history-lesotho
TL:LSO:event:1869:convention-of-aliwal-north,LSO:eb-lesotho
TL:LSO:event:1869:convention-of-aliwal-north,LSO:wiki-history-lesotho
TL:LSO:event:1871:annexation-to-the-cape-colony,LSO:eb-gun-war
TL:LSO:event:1871:annexation-to-the-cape-colony,LSO:wiki-history-lesotho
TL:LSO:event:1880:the-gun-war,LSO:eb-gun-war
TL:LSO:event:1880:the-gun-war,LSO:wiki-gun-war
TL:LSO:event:1880:the-gun-war,LSO:wiki-history-lesotho
TL:LSO:event:1884:return-to-direct-british-rule,LSO:eb-gun-war
TL:LSO:event:1884:return-to-direct-british-rule,LSO:wiki-history-lesotho
TL:LSO:event:1910:kept-out-of-the-union-of-south-africa,LSO:britannica-southern-africa
TL:LSO:event:1910:kept-out-of-the-union-of-south-africa,LSO:wiki-history-lesotho
TL:LSO:event:1900:migrant-labour-to-south-africa,LSO:samp-migration
TL:LSO:event:1900:migrant-labour-to-south-africa,LSO:wiki-history-lesotho
TL:LSO:event:1965:basotho-national-party-wins-the-pre,LSO:wiki-leabua-jonathan
TL:LSO:event:1965:basotho-national-party-wins-the-pre,LSO:wiki-history-lesotho
TL:LSO:event:1966:independence-as-the-kingdom-of-lesotho,LSO:wiki-history-lesotho
TL:LSO:event:1966:independence-as-the-kingdom-of-lesotho,LSO:wiki-leabua-jonathan
TL:LSO:event:1966:independence-as-the-kingdom-of-lesotho,LSO:historycentral-indep
TL:LSO:event:1970:constitution-suspended-after-lost-election,LSO:wiki-leabua-jonathan
TL:LSO:event:1970:constitution-suspended-after-lost-election,LSO:wiki-history-lesotho
TL:LSO:event:1986:military-coup-and-the-water-treaty,LSO:wiki-history-lesotho
TL:LSO:event:1986:military-coup-and-the-water-treaty,LSO:lhwp-conversation
TL:LSO:event:1996:death-of-moshoeshoe-ii,LSO:wiki-history-lesotho
TL:LSO:event:1996:death-of-moshoeshoe-ii,LSO:eb-moshoeshoe-ii
TL:LSO:event:1998:disputed-election-and-sadc-intervention,LSO:wiki-history-lesotho
TL:LSO:event:1998:katse-and-mohale-dams-completed,LSO:lhwp-conversation
TL:LSO:event:1998:katse-and-mohale-dams-completed,LSO:wiki-lesotho
TL:LSO:event:1998:katse-and-mohale-dams-completed,LSO:afdb-lhwp
TL:LTU:event:1253:coronation-of-mindaugas,LTU:mindaugas-britannica
TL:LTU:event:1253:coronation-of-mindaugas,LTU:mindaugas-lrt
TL:LTU:event:1263:assassination-of-mindaugas-and-pagan-reversion,LTU:mindaugas-britannica
TL:LTU:event:1263:assassination-of-mindaugas-and-pagan-reversion,LTU:grand-duchy-britannica
TL:LTU:event:1323:vilnius-founded-by-gediminas,LTU:gediminas-britannica
TL:LTU:event:1323:vilnius-founded-by-gediminas,LTU:valdovurumai-gediminas
TL:LTU:event:1316:reign-of-gediminas-and-the-gediminid-dynasty,LTU:gediminas-britannica
TL:LTU:event:1316:reign-of-gediminas-and-the-gediminid-dynasty,LTU:grand-duchy-britannica
TL:LTU:event:1385:union-of-krewo,LTU:grand-duchy-britannica
TL:LTU:event:1385:union-of-krewo,LTU:lublin-britannica
TL:LTU:event:1387:christianization-of-lithuania,LTU:grand-duchy-britannica
TL:LTU:event:1410:battle-of-grunwald-zalgiris,LTU:grunwald-britannica
TL:LTU:event:1410:battle-of-grunwald-zalgiris,LTU:vytautas-britannica
TL:LTU:event:1392:reign-of-vytautas-the-great,LTU:vytautas-britannica
TL:LTU:event:1392:reign-of-vytautas-the-great,LTU:grand-duchy-britannica
TL:LTU:event:1569:union-of-lublin,LTU:lublin-britannica
TL:LTU:event:1569:union-of-lublin,LTU:lithuania-history-britannica
TL:LTU:event:1795:final-partition-and-annexation-by-russia,LTU:partitions-britannica
TL:LTU:event:1795:final-partition-and-annexation-by-russia,LTU:lithuania-history-britannica
TL:LTU:event:1864:the-lithuanian-press-ban,LTU:lithuania-history-britannica
TL:LTU:event:1890:the-book-smugglers-knygnesiai,LTU:lithuania-history-britannica
TL:LTU:event:1918:act-of-independence,LTU:act1918-seimas
TL:LTU:event:1918:act-of-independence,LTU:lithuania-history-britannica
TL:LTU:event:1920:zeligowski-s-mutiny-and-the-seizure-of-vilnius,LTU:vilnius-dispute-britannica
TL:LTU:event:1923:the-klaipeda-revolt,LTU:memel-dispute-britannica
TL:LTU:event:1939:german-ultimatum-and-loss-of-klaipeda,LTU:memel-dispute-britannica
TL:LTU:event:1939:german-ultimatum-and-loss-of-klaipeda,LTU:lithuania-history-britannica
TL:LTU:event:1939:molotov-ribbentrop-pact,LTU:ushmm-pact
TL:LTU:event:1939:molotov-ribbentrop-pact,LTU:lithuania-history-britannica
TL:LTU:event:1940:soviet-occupation-and-annexation,LTU:ushmm-pact
TL:LTU:event:1940:soviet-occupation-and-annexation,LTU:lithuania-history-britannica
TL:LTU:event:1941:mass-deportations-to-siberia,LTU:genocid-centre
TL:LTU:event:1941:mass-deportations-to-siberia,LTU:lithuania-history-britannica
TL:LTU:event:1944:the-forest-brothers-partisan-war,LTU:genocid-centre
TL:LTU:event:1944:the-forest-brothers-partisan-war,LTU:lithuania-history-britannica
TL:LTU:event:1988:the-rise-of-sajudis,LTU:restoration-seimas
TL:LTU:event:1988:the-rise-of-sajudis,LTU:lithuania-history-britannica
TL:LTU:event:1990:restoration-of-independence,LTU:restoration-seimas
TL:LTU:event:1990:restoration-of-independence,LTU:lithuania-history-britannica
TL:LTU:event:1991:the-january-events-in-vilnius,LTU:january1991-lrt
TL:LTU:event:1991:the-january-events-in-vilnius,LTU:restoration-seimas
TL:LTU:event:2004:accession-to-nato,LTU:nato-lithuania
TL:LTU:event:2004:accession-to-the-european-union,LTU:eu-lithuania
TL:LUX:event:963:siegfried-acquires-lucilinburhuc,LUX:vdl-history
TL:LUX:event:963:siegfried-acquires-lucilinburhuc,LUX:luxcity-history
TL:LUX:event:1150:the-town-is-walled,LUX:luxcity-history
TL:LUX:event:1150:the-town-is-walled,LUX:vdl-history
TL:LUX:event:1308:henry-of-luxembourg-elected-king-of-the-romans,LUX:monarchie-nassau
TL:LUX:event:1308:henry-of-luxembourg-elected-king-of-the-romans,LUX:luxcity-history
TL:LUX:event:1310:john-the-blind-becomes-king-of-bohemia,LUX:monarchie-nassau
TL:LUX:event:1310:john-the-blind-becomes-king-of-bohemia,LUX:luxcity-history
TL:LUX:event:1346:death-of-john-the-blind-at-crecy,LUX:luxcity-history
TL:LUX:event:1346:death-of-john-the-blind-at-crecy,LUX:monarchie-nassau
TL:LUX:event:1354:luxembourg-raised-to-a-duchy,LUX:luxcity-history
TL:LUX:event:1354:luxembourg-raised-to-a-duchy,LUX:monarchie-nassau
TL:LUX:event:1443:burgundy-seizes-luxembourg,LUX:luxcity-history
TL:LUX:event:1443:burgundy-seizes-luxembourg,LUX:vdl-history
TL:LUX:event:1659:treaty-of-the-pyrenees-the-first-partition,LUX:pyrenees-ebsco
TL:LUX:event:1659:treaty-of-the-pyrenees-the-first-partition,LUX:luxcity-history
TL:LUX:event:1684:louis-xiv-takes-the-fortress-vauban-rebuilds-it,LUX:luxcity-history
TL:LUX:event:1684:louis-xiv-takes-the-fortress-vauban-rebuilds-it,LUX:vdl-history
TL:LUX:event:1697:return-to-the-habsburgs,LUX:luxcity-history
TL:LUX:event:1795:revolutionary-france-captures-the-fortress,LUX:vdl-history
TL:LUX:event:1795:revolutionary-france-captures-the-fortress,LUX:luxcity-history
TL:LUX:event:1815:congress-of-vienna-creates-the-grand-duchy,LUX:monarchie-nassau
TL:LUX:event:1839:treaty-of-london-the-cession-to-belgium,LUX:monarchie-nassau
TL:LUX:event:1839:treaty-of-london-the-cession-to-belgium,LUX:luxcity-history
TL:LUX:event:1842:entry-into-the-zollverein,LUX:ww1-handbook
TL:LUX:event:1867:treaty-of-london-neutrality-and-the-razing-of,LUX:monarchie-nassau
TL:LUX:event:1867:treaty-of-london-neutrality-and-the-razing-of,LUX:luxcity-history
TL:LUX:event:1890:separation-of-the-crown-from-the-netherlands,LUX:monarchie-nassau
TL:LUX:event:1914:german-invasion-in-the-first-world-war,LUX:ww1-occupation
TL:LUX:event:1914:german-invasion-in-the-first-world-war,LUX:ww1-handbook
TL:LUX:event:1919:abdication-of-marie-adelaide,LUX:ww1-occupation
TL:LUX:event:1919:abdication-of-marie-adelaide,LUX:monarchie-nassau
TL:LUX:event:1940:second-german-invasion-and-annexation,LUX:ww2-fasos
TL:LUX:event:1940:second-german-invasion-and-annexation,LUX:nvdatabase-strike
TL:LUX:event:1942:conscription-and-the-general-strike,LUX:nvdatabase-strike
TL:LUX:event:1942:conscription-and-the-general-strike,LUX:ww2-fasos
TL:LUX:event:1944:liberation-and-the-battle-of-the-bulge,LUX:ww2museum-bulge
TL:LUX:event:1944:liberation-and-the-battle-of-the-bulge,LUX:nvdatabase-strike
TL:LUX:event:1944:the-benelux-customs-convention,LUX:benelux-gouv
TL:LUX:event:1944:the-benelux-customs-convention,LUX:benelux-int
TL:LUX:event:1944:the-benelux-customs-convention,LUX:cvce-benelux
TL:LUX:event:1949:founding-member-of-nato,LUX:nato-founding
TL:LUX:event:1949:founding-member-of-nato,LUX:cvce-benelux
TL:LUX:event:1951:founding-member-of-the-ecsc,LUX:eu-schuman
TL:LUX:event:1951:founding-member-of-the-ecsc,LUX:eu-1945-59
TL:LUX:event:1958:founding-member-of-the-european-communities,LUX:eu-luxembourg
TL:LUX:event:1958:founding-member-of-the-european-communities,LUX:eu-1945-59
TL:LUX:event:1985:the-schengen-agreement,LUX:cvce-schengen
TL:LUX:event:1985:the-schengen-agreement,LUX:eu-luxembourg
TL:LVA:event:1201:foundation-of-riga-by-bishop-albert,LVA:latvia-history-britannica
TL:LVA:event:1201:foundation-of-riga-by-bishop-albert,LVA:riga-unesco
TL:LVA:event:1201:foundation-of-riga-by-bishop-albert,LVA:history-of-riga-rop
TL:LVA:event:1202:order-of-the-brothers-of-the-sword-founded,LVA:latvia-history-britannica
TL:LVA:event:1202:order-of-the-brothers-of-the-sword-founded,LVA:mfa-history-latvia
TL:LVA:event:1237:absorption-into-the-teutonic-order,LVA:latvia-history-britannica
TL:LVA:event:1237:absorption-into-the-teutonic-order,LVA:mfa-history-latvia
TL:LVA:event:1282:riga-joins-the-hanseatic-league,LVA:riga-unesco
TL:LVA:event:1282:riga-joins-the-hanseatic-league,LVA:mfa-history-latvia
TL:LVA:event:1561:dissolution-of-livonia-and-the-duchy-of-courland,LVA:latvia-history-britannica
TL:LVA:event:1561:dissolution-of-livonia-and-the-duchy-of-courland,LVA:mfa-history-latvia
TL:LVA:event:1621:swedish-conquest-of-riga,LVA:latvia-history-britannica
TL:LVA:event:1621:swedish-conquest-of-riga,LVA:history-of-riga-rop
TL:LVA:event:1651:courland-s-overseas-colonies,LVA:courland-tandf
TL:LVA:event:1710:russia-takes-riga,LVA:latvia-history-britannica
TL:LVA:event:1710:russia-takes-riga,LVA:mfa-history-latvia
TL:LVA:event:1795:courland-annexed-by-russia,LVA:latvia-history-britannica
TL:LVA:event:1795:courland-annexed-by-russia,LVA:mfa-history-latvia
TL:LVA:event:1850:the-first-national-awakening,LVA:latvia-history-britannica
TL:LVA:event:1850:the-first-national-awakening,LVA:mfa-history-latvia
TL:LVA:event:1918:proclamation-of-the-republic-of-latvia,LVA:latvia-history-britannica
TL:LVA:event:1918:proclamation-of-the-republic-of-latvia,LVA:mfa-history-latvia
TL:LVA:event:1918:proclamation-of-the-republic-of-latvia,LVA:latvia-may4-latvia-eu
TL:LVA:event:1920:latvian-soviet-treaty-of-riga,LVA:mfa-treaty1920
TL:LVA:event:1920:latvian-soviet-treaty-of-riga,LVA:latvia-history-britannica
TL:LVA:event:1922:adoption-of-the-satversme,LVA:mfa-history-latvia
TL:LVA:event:1934:the-ulmanis-coup,LVA:ulmanis-britannica
TL:LVA:event:1934:the-ulmanis-coup,LVA:mfa-history-latvia
TL:LVA:event:1939:the-molotov-ribbentrop-pact,LVA:mrp-russias-periphery
TL:LVA:event:1939:the-molotov-ribbentrop-pact,LVA:occupation-museum
TL:LVA:event:1940:soviet-occupation-and-annexation,LVA:occupation-museum
TL:LVA:event:1940:soviet-occupation-and-annexation,LVA:mfa-history-latvia
TL:LVA:event:1940:soviet-occupation-and-annexation,LVA:welles-state-continuity
TL:LVA:event:1941:the-june-1941-deportations,LVA:occupation-museum
TL:LVA:event:1941:the-june-1941-deportations,LVA:mfa-history-latvia
TL:LVA:event:1941:the-rumbula-massacre,LVA:rumbula-ushmm
TL:LVA:event:1949:the-march-1949-deportations,LVA:occupation-museum
TL:LVA:event:1949:the-march-1949-deportations,LVA:mfa-history-latvia
TL:LVA:event:1989:the-baltic-way,LVA:baltic-way-baltdefcol
TL:LVA:event:1989:the-baltic-way,LVA:occupation-museum
TL:LVA:event:1990:declaration-on-the-restoration-of-independence,LVA:latvia-may4-latvia-eu
TL:LVA:event:1990:declaration-on-the-restoration-of-independence,LVA:occupation-museum
TL:LVA:event:1991:full-restoration-of-independence,LVA:latvia-may4-latvia-eu
TL:LVA:event:1991:full-restoration-of-independence,LVA:mfa-history-latvia
TL:LVA:event:2004:accession-to-nato-and-the-european-union,LVA:nato-latvia-mod
TL:LVA:event:2004:accession-to-nato-and-the-european-union,LVA:latvia-history-britannica
TL:LVA:event:2007:latvia-russia-border-treaty,LVA:abrene-baltictimes
TL:LVA:event:2007:latvia-russia-border-treaty,LVA:satv-court-2007
TL:MAR:event:300bce:kingdom-of-mauretania-and-volubilis,MAR:unesco-volubilis
TL:MAR:event:300bce:kingdom-of-mauretania-and-volubilis,MAR:worldhistory-roman-morocco
TL:MAR:event:40:roman-annexation-of-mauretania,MAR:worldhistory-roman-morocco
TL:MAR:event:40:roman-annexation-of-mauretania,MAR:unesco-volubilis
TL:MAR:event:217:volubilis-flourishes-as-a-roman-city,MAR:unesco-volubilis
TL:MAR:event:788:idris-i-and-the-founding-of-the-dynasty,MAR:britannica-idrisid
TL:MAR:event:788:idris-i-and-the-founding-of-the-dynasty,MAR:newworld-idrisid
TL:MAR:event:808:idris-ii-founds-fez,MAR:britannica-idrisid
TL:MAR:event:859:foundation-of-the-qarawiyyin,MAR:newworld-idrisid
TL:MAR:event:859:foundation-of-the-qarawiyyin,MAR:britannica-idrisid
TL:MAR:event:1070:almoravids-found-marrakesh,MAR:britannica-north-africa-almoravids
TL:MAR:event:1070:almoravids-found-marrakesh,MAR:met-almoravid-almohad
TL:MAR:event:1086:almoravids-enter-al-andalus,MAR:britannica-north-africa-almoravids
TL:MAR:event:1086:almoravids-enter-al-andalus,MAR:met-almoravid-almohad
TL:MAR:event:1147:almohads-capture-marrakesh,MAR:britannica-north-africa-almoravids
TL:MAR:event:1147:almohads-capture-marrakesh,MAR:met-almoravid-almohad
TL:MAR:event:1212:battle-of-las-navas-de-tolosa,MAR:met-almoravid-almohad
TL:MAR:event:1212:battle-of-las-navas-de-tolosa,MAR:britannica-north-africa-almoravids
TL:MAR:event:1269:fall-of-the-almohads,MAR:britannica-marinid
TL:MAR:event:1269:marinids-master-morocco-from-fez,MAR:britannica-marinid
TL:MAR:event:1578:battle-of-the-three-kings,MAR:britannica-three-kings
TL:MAR:event:1578:battle-of-the-three-kings,MAR:ebsco-ksar-el-kebir
TL:MAR:event:1591:saadian-conquest-of-songhai,MAR:ebsco-ksar-el-kebir
TL:MAR:event:1591:saadian-conquest-of-songhai,MAR:britannica-three-kings
TL:MAR:event:1666:alaouite-dynasty-unifies-morocco,MAR:embassy-alaouite
TL:MAR:event:1666:alaouite-dynasty-unifies-morocco,MAR:history-cooperative-alaouite
TL:MAR:event:1786:moroccan-american-treaty-of-friendship,MAR:state-morocco
TL:MAR:event:1912:treaty-of-fez-establishes-the-protectorates,MAR:britannica-treaty-fes
TL:MAR:event:1912:treaty-of-fez-establishes-the-protectorates,MAR:state-morocco
TL:MAR:event:1921:battle-of-annual-and-the-rif-war,MAR:britannica-rif-war
TL:MAR:event:1953:exile-of-mohammed-v,MAR:adst-morocco-independence
TL:MAR:event:1953:exile-of-mohammed-v,MAR:embassy-alaouite
TL:MAR:event:1956:restoration-of-independence,MAR:adst-morocco-independence
TL:MAR:event:1956:restoration-of-independence,MAR:state-morocco
TL:MAR:event:1957:mohammed-v-becomes-king,MAR:embassy-alaouite
TL:MAR:event:1975:the-green-march,MAR:nvdatabase-green-march
TL:MAR:event:1975:the-green-march,MAR:ebsco-green-march
TL:MAR:event:1999:accession-of-mohammed-vi,MAR:britannica-mohammed-vi
TL:MAR:event:2011:constitutional-reform,MAR:britannica-mohammed-vi
TL:MAR:event:2011:constitutional-reform,MAR:constitutionnet-morocco-2011
TL:MCO:event:550bce:monoikos-named-by-hecataeus,MCO:gouv-ancient-port
TL:MCO:event:550bce:monoikos-named-by-hecataeus,MCO:globalsecurity-early
TL:MCO:event:300bce:the-harbour-at-its-height,MCO:gouv-ancient-port
TL:MCO:event:137bce:portus-herculis-monoeci-under-rome,MCO:gouv-ancient-port
TL:MCO:event:50bce:caesar-uses-the-port,MCO:gouv-ancient-port
TL:MCO:event:1215:genoa-fortifies-the-rock,MCO:gouv-palace
TL:MCO:event:1215:genoa-fortifies-the-rock,MCO:globalsecurity-1215-1662
TL:MCO:event:1215:genoa-fortifies-the-rock,MCO:britannica-monaco
TL:MCO:event:1297:grimaldi-seizes-the-rock,MCO:gouv-grimaldi-1297
TL:MCO:event:1297:grimaldi-seizes-the-rock,MCO:gouv-palace
TL:MCO:event:1297:grimaldi-seizes-the-rock,MCO:britannica-grimaldi
TL:MCO:event:1297:grimaldi-seizes-the-rock,MCO:britannica-summary
TL:MCO:event:1346:purchase-of-menton,MCO:britannica-monaco
TL:MCO:event:1355:purchase-of-roquebrune,MCO:britannica-monaco
TL:MCO:event:1612:honore-ii-takes-the-title-of-prince,MCO:globalsecurity-1215-1662
TL:MCO:event:1612:honore-ii-takes-the-title-of-prince,MCO:britannica-monaco
TL:MCO:event:1641:treaty-of-peronne,MCO:gouv-french-protection
TL:MCO:event:1641:treaty-of-peronne,MCO:globalsecurity-1215-1662
TL:MCO:event:1641:treaty-of-peronne,MCO:britannica-monaco
TL:MCO:event:1642:french-titles-for-the-grimaldi,MCO:gouv-french-protection
TL:MCO:event:1685:the-fortress-becomes-a-palace,MCO:gouv-palace
TL:MCO:event:1793:revolutionary-france-annexes-monaco,MCO:gouv-secession
TL:MCO:event:1793:revolutionary-france-annexes-monaco,MCO:gouv-palace
TL:MCO:event:1848:menton-and-roquebrune-secede,MCO:gouv-secession
TL:MCO:event:1861:cession-of-menton-and-roquebrune,MCO:gouv-secession
TL:MCO:event:1861:cession-of-menton-and-roquebrune,MCO:globalsecurity-1815-present
TL:MCO:event:1861:cession-of-menton-and-roquebrune,MCO:britannica-monaco
TL:MCO:event:1863:founding-of-the-societe-des-bains-de-mer,MCO:sbm-history
TL:MCO:event:1866:monte-carlo-named,MCO:sbm-history
TL:MCO:event:1911:monaco-s-first-constitution,MCO:globalsecurity-1815-present
TL:MCO:event:1911:monaco-s-first-constitution,MCO:britannica-albert1
TL:MCO:event:1918:franco-monegasque-treaty-of-1918,MCO:monaco-coe-accession
TL:MCO:event:1918:franco-monegasque-treaty-of-1918,MCO:britannica-monaco
TL:MCO:event:1956:rainier-iii-marries-grace-kelly,MCO:britannica-rainier
TL:MCO:event:1962:the-1962-constitution,MCO:britannica-rainier
TL:MCO:event:1993:monaco-joins-the-united-nations,MCO:un-members
TL:MCO:event:1993:monaco-joins-the-united-nations,MCO:monaco-coe-accession
TL:MCO:event:1993:monaco-joins-the-united-nations,MCO:globalsecurity-1815-present
TL:MCO:event:2002:treaty-of-2002-guarantees-independence,MCO:britannica-albert2
TL:MCO:event:2002:treaty-of-2002-guarantees-independence,MCO:monaco-coe-accession
TL:MCO:event:2002:treaty-of-2002-guarantees-independence,MCO:globalsecurity-1815-present
TL:MDA:event:1349:founding-of-the-principality-of-moldavia,MDA:moldavia-britannica
TL:MDA:event:1349:founding-of-the-principality-of-moldavia,MDA:moldova-history-britannica
TL:MDA:event:1457:reign-of-stephen-the-great,MDA:stephen-britannica
TL:MDA:event:1457:reign-of-stephen-the-great,MDA:moldavia-britannica
TL:MDA:event:1475:battle-of-vaslui,MDA:stephen-britannica
TL:MDA:event:1476:defeat-at-valea-alba,MDA:stephen-britannica
TL:MDA:event:1538:moldavia-becomes-an-ottoman-tributary,MDA:moldavia-britannica
TL:MDA:event:1538:moldavia-becomes-an-ottoman-tributary,MDA:moldova-history-britannica
TL:MDA:event:1711:beginning-of-phanariot-rule,MDA:moldova-history-britannica
TL:MDA:event:1711:beginning-of-phanariot-rule,MDA:moldavia-britannica
TL:MDA:event:1812:partition-of-moldavia-at-the-treaty-of-bucharest,MDA:bucharest-britannica
TL:MDA:event:1812:partition-of-moldavia-at-the-treaty-of-bucharest,MDA:bessarabia-britannica
TL:MDA:event:1812:annexation-of-bessarabia,MDA:bucharest-britannica
TL:MDA:event:1812:annexation-of-bessarabia,MDA:bessarabia-britannica
TL:MDA:event:1828:curtailment-of-bessarabian-autonomy,MDA:bessarabia-britannica
TL:MDA:event:1828:curtailment-of-bessarabian-autonomy,MDA:moldova-history-britannica
TL:MDA:event:1856:southern-bessarabia-briefly-returned,MDA:bessarabia-britannica
TL:MDA:event:1856:southern-bessarabia-briefly-returned,MDA:moldova-history-britannica
TL:MDA:event:1903:kishinev-pogrom,MDA:bessarabia-britannica
TL:MDA:event:1903:kishinev-pogrom,MDA:moldova-history-britannica
TL:MDA:event:1917:moldavian-democratic-republic-proclaimed,MDA:moldova-history-britannica
TL:MDA:event:1917:moldavian-democratic-republic-proclaimed,MDA:union-1918-reference
TL:MDA:event:1918:union-of-bessarabia-with-romania,MDA:union-1918-reference
TL:MDA:event:1918:union-of-bessarabia-with-romania,MDA:moldova-history-britannica
TL:MDA:event:1924:creation-of-the-moldavian-assr,MDA:moldova-history-britannica
TL:MDA:event:1924:creation-of-the-moldavian-assr,MDA:moldavia-britannica
TL:MDA:event:1920:international-recognition-of-the-union,MDA:union-1918-reference
TL:MDA:event:1920:international-recognition-of-the-union,MDA:moldova-history-britannica
TL:MDA:event:1940:soviet-annexation-of-bessarabia,MDA:soviet-occupation-reference
TL:MDA:event:1940:soviet-annexation-of-bessarabia,MDA:moldova-history-britannica
TL:MDA:event:1940:creation-of-the-moldavian-ssr,MDA:soviet-occupation-reference
TL:MDA:event:1940:creation-of-the-moldavian-ssr,MDA:moldova-history-britannica
TL:MDA:event:1946:the-man-made-famine,MDA:famine-reference
TL:MDA:event:1946:the-man-made-famine,MDA:moldova-history-britannica
TL:MDA:event:1949:operation-south-deportations,MDA:deportations-reference
TL:MDA:event:1949:operation-south-deportations,MDA:moldova-history-britannica
TL:MDA:event:1991:declaration-of-independence,MDA:independence-reference
TL:MDA:event:1991:declaration-of-independence,MDA:moldova-history-britannica
TL:MDA:event:1992:the-transnistria-war-and-ceasefire,MDA:transnistria-jamestown
TL:MDA:event:1992:the-transnistria-war-and-ceasefire,MDA:osce-conflict
TL:MDA:event:1993:osce-mission-to-moldova,MDA:osce-about
TL:MDA:event:1993:osce-mission-to-moldova,MDA:osce-conflict
TL:MDA:event:1994:autonomy-for-gagauzia,MDA:osce-gagauzia
TL:MDA:event:2018:un-resolution-on-foreign-forces,MDA:un-resolution-72-282
TL:MDA:event:2018:un-resolution-on-foreign-forces,MDA:transnistria-jamestown
TL:MDA:event:2022:eu-candidate-status,MDA:eu-candidate-ec
TL:MDA:event:2022:eu-candidate-status,MDA:eu-candidate-ep
TL:MDG:event:500:austronesian-settlement-of-madagascar,MDG:eb-madagascar
TL:MDG:event:500:austronesian-settlement-of-madagascar,MDG:wiki-history
TL:MDG:event:500:austronesian-settlement-of-madagascar,MDG:wiki-malagasy-people
TL:MDG:event:700:bantu-african-arrivals,MDG:wiki-malagasy-people
TL:MDG:event:700:bantu-african-arrivals,MDG:wiki-history
TL:MDG:event:1000:swahili-and-arab-trade-contacts,MDG:wiki-antalaotra
TL:MDG:event:1000:swahili-and-arab-trade-contacts,MDG:unesco-silkroad
TL:MDG:event:1050:bantu-and-tamil-arrivals-deepen-the-mix,MDG:bbc-madagascar
TL:MDG:event:1610:rise-of-the-sakalava-kingdom,MDG:lumen-kingdoms
TL:MDG:event:1610:rise-of-the-sakalava-kingdom,MDG:eb-madagascar
TL:MDG:event:1685:ile-sainte-marie-pirate-haven,MDG:goldenage-saintemarie
TL:MDG:event:1712:ratsimilaho-unites-the-betsimisaraka,MDG:lumen-kingdoms
TL:MDG:event:1550:portuguese-and-french-trading-posts,MDG:bbc-madagascar
TL:MDG:event:1787:andrianampoinimerina-unifies-imerina,MDG:wiki-andrianampoinimerina
TL:MDG:event:1787:andrianampoinimerina-unifies-imerina,MDG:eb-madagascar
TL:MDG:event:1817:radama-i-britain-and-the-missionaries,MDG:wiki-radama
TL:MDG:event:1817:radama-i-britain-and-the-missionaries,MDG:eb-madagascar
TL:MDG:event:1817:radama-i-britain-and-the-missionaries,MDG:unesco-ambohimanga
TL:MDG:event:1818:the-london-missionary-society-arrives,MDG:bbc-madagascar
TL:MDG:event:1835:ranavalona-i-bans-christianity,MDG:wiki-ranavalona1
TL:MDG:event:1835:ranavalona-i-bans-christianity,MDG:eb-madagascar
TL:MDG:event:1881:treaty-of-peace-friendship-and-commerce-with,MDG:statedept-madagascar
TL:MDG:event:1883:first-franco-hova-war,MDG:bbc-madagascar
TL:MDG:event:1890:britain-accepts-a-french-protectorate,MDG:bbc-madagascar
TL:MDG:event:1890:britain-accepts-a-french-protectorate,MDG:statedept-madagascar
TL:MDG:event:1895:french-capture-antananarivo,MDG:eb-madagascar
TL:MDG:event:1895:french-capture-antananarivo,MDG:wiki-ranavalona3
TL:MDG:event:1897:monarchy-abolished-ranavalona-iii-exiled,MDG:wiki-ranavalona3
TL:MDG:event:1897:monarchy-abolished-ranavalona-iii-exiled,MDG:eb-madagascar
TL:MDG:event:1896:the-pacification-campaign,MDG:bbc-madagascar
TL:MDG:event:1942:the-battle-of-madagascar,MDG:bbc-madagascar
TL:MDG:event:1946:madagascar-becomes-a-french-overseas-territory,MDG:bbc-madagascar
TL:MDG:event:1947:the-malagasy-uprising,MDG:wiki-uprising
TL:MDG:event:1947:the-malagasy-uprising,MDG:globalvoices-uprising
TL:MDG:event:1960:independence-from-france,MDG:eb-madagascar
TL:MDG:event:1960:independence-from-france,MDG:aaregistry-independence
TL:MDG:event:1960:independence-from-france,MDG:statedept-madagascar
TL:MDG:event:1972:the-rotaka-topples-tsiranana,MDG:bbc-madagascar
TL:MDG:event:1975:ratsiraka-and-the-socialist-republic,MDG:conversation-ratsiraka
TL:MDG:event:1975:ratsiraka-and-the-socialist-republic,MDG:eb-madagascar
TL:MDG:event:2002:ravalomanana-and-the-2002-crisis,MDG:eb-ravalomanana
TL:MDG:event:2002:ravalomanana-and-the-2002-crisis,MDG:reliefweb-timeline
TL:MDG:event:2009:the-2009-coup,MDG:reliefweb-timeline
TL:MDG:event:2009:the-2009-coup,MDG:eb-ravalomanana
TL:MDG:event:1992:the-third-republic-constitution,MDG:bbc-madagascar
TL:MDG:event:2007:rainforests-of-the-atsinanana-inscribed,MDG:unesco-atsinanana
TL:MDG:event:2010:the-rainforests-are-listed-in-danger,MDG:unesco-atsinanana
TL:MDG:event:2021:drought-and-famine-in-the-grand-sud,MDG:un-madagascar-drought
TL:MDG:event:2023:rajoelina-wins-a-third-term,MDG:bbc-madagascar
TL:MEX:event:1200bce:olmec-civilisation-flourishes,MEX:britannica-olmec
TL:MEX:event:100:teotihuacan-city-of-the-gods,MEX:unesco-teotihuacan
TL:MEX:event:100:teotihuacan-city-of-the-gods,MEX:britannica-pyramid-sun
TL:MEX:event:250:classic-maya-civilisation,MEX:britannica-maya
TL:MEX:event:1325:founding-of-tenochtitlan,MEX:natgeo-aztec
TL:MEX:event:1325:founding-of-tenochtitlan,MEX:britannica-aztec-people
TL:MEX:event:1428:the-triple-alliance,MEX:natgeo-aztec
TL:MEX:event:1428:the-triple-alliance,MEX:britannica-aztec-people
TL:MEX:event:1502:reign-of-moctezuma-ii,MEX:britannica-aztec-people
TL:MEX:event:1519:cortes-lands-in-mexico,MEX:britannica-cortes
TL:MEX:event:1519:cortes-lands-in-mexico,MEX:britannica-battle-tenochtitlan
TL:MEX:event:1521:fall-of-tenochtitlan,MEX:britannica-battle-tenochtitlan
TL:MEX:event:1521:fall-of-tenochtitlan,MEX:britannica-cortes
TL:MEX:event:1535:viceroyalty-of-new-spain-established,MEX:britannica-cortes
TL:MEX:event:1810:grito-de-dolores,MEX:britannica-grito
TL:MEX:event:1821:independence-consummated,MEX:lumen-independence
TL:MEX:event:1821:independence-consummated,MEX:britannica-grito
TL:MEX:event:1824:first-federal-republic,MEX:lumen-independence
TL:MEX:event:1846:mexican-american-war,MEX:britannica-juarez
TL:MEX:event:1857:constitution-of-the-reform,MEX:britannica-la-reforma
TL:MEX:event:1857:constitution-of-the-reform,MEX:britannica-juarez
TL:MEX:event:1867:fall-of-the-second-empire,MEX:britannica-juarez
TL:MEX:event:1867:fall-of-the-second-empire,MEX:britannica-la-reforma
TL:MEX:event:1876:the-porfiriato,MEX:britannica-juarez
TL:MEX:event:1910:mexican-revolution,MEX:britannica-mexican-revolution
TL:MEX:event:1938:oil-nationalisation,MEX:britannica-vicente-fox
TL:MEX:event:1994:nafta-and-the-zapatista-uprising,MEX:britannica-zapatista
TL:MEX:event:2000:end-of-one-party-rule,MEX:britannica-vicente-fox
TL:MKD:event:359bce:reign-of-philip-ii-of-macedon,MKD:philip-britannica
TL:MKD:event:359bce:reign-of-philip-ii-of-macedon,MKD:macedonia-region-britannica
TL:MKD:event:336bce:conquests-of-alexander-the-great,MKD:alexander-britannica
TL:MKD:event:148bce:macedonia-becomes-a-roman-province,MKD:macedonia-region-britannica
TL:MKD:event:518:destruction-of-scupi,MKD:nmk-history-britannica
TL:MKD:event:600:slavic-settlement-of-the-region,MKD:macedonia-region-britannica
TL:MKD:event:600:slavic-settlement-of-the-region,MKD:nmk-history-britannica
TL:MKD:event:886:the-ohrid-literary-school-of-clement-and-naum,MKD:ohrid-unesco
TL:MKD:event:886:the-ohrid-literary-school-of-clement-and-naum,MKD:nmk-history-britannica
TL:MKD:event:997:tsar-samuel-s-state-centred-on-ohrid,MKD:samuel-britannica
TL:MKD:event:997:tsar-samuel-s-state-centred-on-ohrid,MKD:nmk-history-britannica
TL:MKD:event:1014:battle-of-kleidion-and-the-fall-of-samuel,MKD:samuel-britannica
TL:MKD:event:1018:the-archbishopric-of-ohrid,MKD:ohrid-unesco
TL:MKD:event:1018:the-archbishopric-of-ohrid,MKD:nmk-history-britannica
TL:MKD:event:1371:ottoman-conquest-of-the-region,MKD:macedonia-region-britannica
TL:MKD:event:1371:ottoman-conquest-of-the-region,MKD:nmk-history-britannica
TL:MKD:event:1893:founding-of-imro,MKD:imro-britannica
TL:MKD:event:1903:the-ilinden-uprising,MKD:ilinden-ebsco
TL:MKD:event:1903:the-ilinden-uprising,MKD:imro-britannica
TL:MKD:event:1903:the-krusevo-republic,MKD:ilinden-ebsco
TL:MKD:event:1913:the-balkan-wars-and-the-partition-of-macedonia,MKD:macedonia-region-britannica
TL:MKD:event:1913:the-balkan-wars-and-the-partition-of-macedonia,MKD:nmk-history-britannica
TL:MKD:event:1918:vardar-macedonia-within-yugoslavia,MKD:nmk-history-britannica
TL:MKD:event:1944:proclamation-of-a-macedonian-state-asnom,MKD:nmk-history-britannica
TL:MKD:event:1945:socialist-republic-of-macedonia-and-the,MKD:nmk-history-britannica
TL:MKD:event:1963:the-skopje-earthquake,MKD:nmk-history-britannica
TL:MKD:event:1991:independence-referendum,MKD:nmk-independence-britannica
TL:MKD:event:1991:independence-referendum,MKD:statedept-macedonia
TL:MKD:event:1993:un-admission-as-fyrom,MKD:nmk-independence-britannica
TL:MKD:event:1993:un-admission-as-fyrom,MKD:statedept-macedonia
TL:MKD:event:1995:the-interim-accord-with-greece,MKD:icj-interim-accord
TL:MKD:event:1995:the-interim-accord-with-greece,MKD:statedept-macedonia
TL:MKD:event:2011:icj-rules-against-greece,MKD:icj-interim-accord
TL:MKD:event:2018:the-prespa-agreement,MKD:prespa-text
TL:MKD:event:2018:the-prespa-agreement,MKD:icj-interim-accord
TL:MKD:event:2001:the-ohrid-framework-agreement,MKD:ohrid-framework-pam
TL:MKD:event:2005:eu-candidate-status,MKD:eu-council-nmk
TL:MKD:event:2020:north-macedonia-joins-nato,MKD:nato-membership
TL:MKD:event:2020:north-macedonia-joins-nato,MKD:statedept-macedonia
TL:MKD:event:2020:bulgaria-blocks-eu-accession-talks,MKD:bulgaria-ecfr
TL:MKD:event:2020:bulgaria-blocks-eu-accession-talks,MKD:bulgaria-balkaninsight
TL:MKD:event:2022:eu-accession-negotiations-open,MKD:eu-council-nmk
TL:MKD:event:2022:eu-accession-negotiations-open,MKD:bulgaria-ecfr
TL:MLI:event:950:ibn-hawqal-records-ghana-s-wealth,MLI:met-transsaharan
TL:MLI:event:950:ibn-hawqal-records-ghana-s-wealth,MLI:ebsco-ghana
TL:MLI:event:1000:apogee-of-the-gold-and-salt-trade,MLI:met-transsaharan
TL:MLI:event:1000:apogee-of-the-gold-and-salt-trade,MLI:lumen-ghana
TL:MLI:event:1076:almoravids-take-kumbi-saleh,MLI:met-transsaharan
TL:MLI:event:1076:almoravids-take-kumbi-saleh,MLI:lumen-ghana
TL:MLI:event:1235:battle-of-kirina-and-the-founding-of-mali,MLI:britannica-sundiata
TL:MLI:event:1235:battle-of-kirina-and-the-founding-of-mali,MLI:natgeo-mali
TL:MLI:event:1235:battle-of-kirina-and-the-founding-of-mali,MLI:wiki-mali-empire
TL:MLI:event:1324:mansa-musa-s-pilgrimage-to-mecca,MLI:ebsco-mansamusa
TL:MLI:event:1324:mansa-musa-s-pilgrimage-to-mecca,MLI:natgeo-mali
TL:MLI:event:1324:mansa-musa-s-pilgrimage-to-mecca,MLI:wiki-mali-empire
TL:MLI:event:1325:timbuktu-and-djenne-flourish,MLI:unesco-timbuktu
TL:MLI:event:1325:timbuktu-and-djenne-flourish,MLI:natgeo-mali
TL:MLI:event:1468:sonni-ali-takes-timbuktu,MLI:saylor-songhai
TL:MLI:event:1468:sonni-ali-takes-timbuktu,MLI:wiki-sonni-ali
TL:MLI:event:1493:askia-muhammad-founds-the-askiya-dynasty,MLI:saylor-songhai
TL:MLI:event:1493:askia-muhammad-founds-the-askiya-dynasty,MLI:wiki-askia
TL:MLI:event:1591:battle-of-tondibi-ends-the-songhai-empire,MLI:ebsco-songhai-fall
TL:MLI:event:1591:battle-of-tondibi-ends-the-songhai-empire,MLI:wiki-moroccan-invasion
TL:MLI:event:1712:biton-coulibaly-consolidates-the-bambara,MLI:newworld-bamana
TL:MLI:event:1712:biton-coulibaly-consolidates-the-bambara,MLI:wiki-segou
TL:MLI:event:1861:umar-tal-s-tukulor-empire-conquers-segou,MLI:britannica-umartal
TL:MLI:event:1861:umar-tal-s-tukulor-empire-conquers-segou,MLI:wiki-segou
TL:MLI:event:1864:death-of-umar-tal,MLI:britannica-umartal
TL:MLI:event:1898:capture-of-samori-toure,MLI:blackpast-samori
TL:MLI:event:1898:capture-of-samori-toure,MLI:britannica-samory
TL:MLI:event:1898:capture-of-samori-toure,MLI:wiki-samori
TL:MLI:event:1920:colony-of-french-soudan,MLI:britannica-modibo
TL:MLI:event:1920:colony-of-french-soudan,MLI:wiki-mali-federation
TL:MLI:event:1959:the-mali-federation-with-senegal,MLI:wiki-mali-federation
TL:MLI:event:1959:the-mali-federation-with-senegal,MLI:britannica-modibo
TL:MLI:event:1960:independence-of-the-republic-of-mali,MLI:blackpast-modibo
TL:MLI:event:1960:independence-of-the-republic-of-mali,MLI:britannica-modibo
TL:MLI:event:1960:independence-of-the-republic-of-mali,MLI:wiki-mali-federation
TL:MLI:event:1968:military-coup-ousts-modibo-keita,MLI:wiki-moussa-traore
TL:MLI:event:1968:military-coup-ousts-modibo-keita,MLI:aljazeera-timeline
TL:MLI:event:1991:fall-of-moussa-traore-and-democratic-transition,MLI:wiki-1991-coup
TL:MLI:event:1991:fall-of-moussa-traore-and-democratic-transition,MLI:nvc-mali-1991
TL:MLI:event:1991:fall-of-moussa-traore-and-democratic-transition,MLI:aljazeera-timeline
TL:MLI:event:2012:tuareg-rebellion-coup-and-jihadist-seizure-of,MLI:aljazeera-timeline
TL:MLI:event:2012:tuareg-rebellion-coup-and-jihadist-seizure-of,MLI:ctc-serval
TL:MLI:event:2012:tuareg-rebellion-coup-and-jihadist-seizure-of,MLI:unesco-timbuktu
TL:MLI:event:2013:france-launches-operation-serval,MLI:ctc-serval
TL:MLI:event:2013:france-launches-operation-serval,MLI:aljazeera-timeline
TL:MLI:event:2020:coup-ousts-president-ibrahim-boubacar-keita,MLI:wiki-2020-coup
TL:MLI:event:2020:coup-ousts-president-ibrahim-boubacar-keita,MLI:crisisgroup-mali
TL:MLI:event:2020:coup-ousts-president-ibrahim-boubacar-keita,MLI:aljazeera-timeline
TL:MLI:event:2021:second-coup-brings-assimi-goita-to-power,MLI:crisisgroup-mali
TL:MLI:event:2021:second-coup-brings-assimi-goita-to-power,MLI:aljazeera-timeline
TL:MLT:event:3600bce:the-temples-of-ggantija-raised-on-gozo,MLT:whe-temples
TL:MLT:event:3600bce:the-temples-of-ggantija-raised-on-gozo,MLT:heritage-ggantija
TL:MLT:event:3600bce:the-maltese-temple-culture-flourishes,MLT:whe-temples
TL:MLT:event:3000bce:the-hal-saflieni-hypogeum,MLT:whe-temples
TL:MLT:event:3000bce:the-hal-saflieni-hypogeum,MLT:whe-sleeping-lady
TL:MLT:event:2500bce:the-temple-builders-disappear,MLT:whe-temples
TL:MLT:event:600bce:carthaginian-malta,MLT:britannica-malta
TL:MLT:event:218bce:malta-becomes-roman,MLT:britannica-malta
TL:MLT:event:60:the-shipwreck-of-the-apostle-paul,MLT:ebsco-stpaul
TL:MLT:event:100:roman-municipium,MLT:britannica-malta
TL:MLT:event:870:arab-conquest-of-malta,MLT:britannica-malta
TL:MLT:event:870:arab-conquest-of-malta,MLT:britannica-maltese-people
TL:MLT:event:900:birth-of-the-maltese-language,MLT:britannica-maltese-people
TL:MLT:event:1091:norman-conquest-by-roger-i,MLT:britannica-roger-i
TL:MLT:event:1091:norman-conquest-by-roger-i,MLT:britannica-history-malta
TL:MLT:event:1283:rule-under-sicily-and-aragon,MLT:britannica-history-malta
TL:MLT:event:1530:charles-v-grants-malta-to-the-knights,MLT:whe-hospitaller
TL:MLT:event:1530:charles-v-grants-malta-to-the-knights,MLT:orderofmalta-uk
TL:MLT:event:1530:charles-v-grants-malta-to-the-knights,MLT:britannica-hospitallers
TL:MLT:event:1565:the-great-siege-of-malta,MLT:newworld-siege
TL:MLT:event:1565:the-great-siege-of-malta,MLT:britannica-siege-malta
TL:MLT:event:1565:the-great-siege-of-malta,MLT:britannica-valette
TL:MLT:event:1566:founding-of-valletta,MLT:britannica-valletta
TL:MLT:event:1566:founding-of-valletta,MLT:newworld-siege
TL:MLT:event:1571:two-and-a-half-centuries-of-the-order,MLT:orderofmalta-uk
TL:MLT:event:1571:two-and-a-half-centuries-of-the-order,MLT:britannica-hospitallers
TL:MLT:event:1798:napoleon-seizes-malta,MLT:britannica-history-malta
TL:MLT:event:1798:napoleon-seizes-malta,MLT:whe-hospitaller
TL:MLT:event:1798:maltese-uprising-and-french-surrender,MLT:britannica-history-malta
TL:MLT:event:1814:british-rule-confirmed-by-the-treaty-of-paris,MLT:britannica-treaty-paris
TL:MLT:event:1814:british-rule-confirmed-by-the-treaty-of-paris,MLT:britannica-history-malta
TL:MLT:event:1815:malta-as-a-naval-fortress,MLT:britannica-malta-modern
TL:MLT:event:1940:the-siege-of-malta,MLT:rafbf-georgecross
TL:MLT:event:1942:malta-awarded-the-george-cross,MLT:rafbf-georgecross
TL:MLT:event:1964:independence,MLT:britannica-malta-modern
TL:MLT:event:1974:malta-becomes-a-republic,MLT:britannica-malta-modern
TL:MLT:event:2004:accession-to-the-european-union,MLT:eu-malta
TL:MMR:event:200bce:rise-of-the-pyu-city-states,MMR:unesco-pyu
TL:MMR:event:200bce:rise-of-the-pyu-city-states,MMR:history-of-myanmar
TL:MMR:event:200:buddhism-takes-root,MMR:unesco-pyu
TL:MMR:event:832:decline-of-the-pyu,MMR:history-of-myanmar
TL:MMR:event:832:decline-of-the-pyu,MMR:pagan-kingdom
TL:MMR:event:849:founding-of-bagan,MMR:pagan-kingdom
TL:MMR:event:849:founding-of-bagan,MMR:unesco-bagan
TL:MMR:event:1044:reign-of-anawrahta,MMR:anawrahta
TL:MMR:event:1044:reign-of-anawrahta,MMR:pagan-kingdom
TL:MMR:event:1057:conquest-of-thaton,MMR:anawrahta
TL:MMR:event:1057:conquest-of-thaton,MMR:history-of-myanmar
TL:MMR:event:1287:mongol-invasion-and-collapse,MMR:pagan-kingdom
TL:MMR:event:1287:mongol-invasion-and-collapse,MMR:history-of-myanmar
TL:MMR:event:1551:reign-of-bayinnaung,MMR:bayinnaung
TL:MMR:event:1551:reign-of-bayinnaung,MMR:toungoo-dynasty
TL:MMR:event:1752:alaungpaya-founds-the-konbaung-dynasty,MMR:konbaung-dynasty
TL:MMR:event:1752:alaungpaya-founds-the-konbaung-dynasty,MMR:history-of-myanmar
TL:MMR:event:1757:reconquest-of-lower-burma,MMR:konbaung-dynasty
TL:MMR:event:1784:annexation-of-arakan,MMR:history-of-myanmar
TL:MMR:event:1784:annexation-of-arakan,MMR:anglo-burmese-wars
TL:MMR:event:1824:first-anglo-burmese-war,MMR:anglo-burmese-wars
TL:MMR:event:1824:first-anglo-burmese-war,MMR:treaty-of-yandabo
TL:MMR:event:1852:second-anglo-burmese-war,MMR:anglo-burmese-wars
TL:MMR:event:1885:third-anglo-burmese-war-and-the-end-of-the,MMR:anglo-burmese-wars
TL:MMR:event:1885:third-anglo-burmese-war-and-the-end-of-the,MMR:british-burma
TL:MMR:event:1937:burma-separated-from-british-india,MMR:british-burma
TL:MMR:event:1937:burma-separated-from-british-india,MMR:history-of-myanmar
TL:MMR:event:1947:assassination-of-aung-san,MMR:aung-san
TL:MMR:event:1947:assassination-of-aung-san,MMR:officehistorian-burma
TL:MMR:event:1948:independence-of-the-union-of-burma,MMR:history-of-myanmar
TL:MMR:event:1948:independence-of-the-union-of-burma,MMR:officehistorian-burma
TL:MMR:event:1962:ne-win-s-coup,MMR:ne-win
TL:MMR:event:1962:ne-win-s-coup,MMR:history-of-myanmar
TL:MMR:event:1988:the-8888-uprising,MMR:myanmar-since-1988
TL:MMR:event:1988:the-8888-uprising,MMR:aung-san-suu-kyi
TL:MMR:event:1990:annulled-nld-election-victory,MMR:aung-san-suu-kyi
TL:MMR:event:1990:annulled-nld-election-victory,MMR:myanmar-since-1988
TL:MMR:event:2007:the-saffron-revolution,MMR:myanmar-since-1988
TL:MMR:event:2011:reforms-under-thein-sein,MMR:thein-sein
TL:MMR:event:2011:reforms-under-thein-sein,MMR:myanmar-since-1988
TL:MMR:event:2015:nld-wins-free-elections,MMR:aung-san-suu-kyi
TL:MMR:event:2015:nld-wins-free-elections,MMR:myanmar-since-1988
TL:MMR:event:2017:rohingya-crisis-in-rakhine-state,MMR:ohchr-rohingya
TL:MMR:event:2021:military-coup,MMR:coup-2021
TL:MMR:event:2021:military-coup,MMR:myanmar-civil-war
TL:MNE:event:1042:duklja-wins-independence-from-byzantium,MNE:montenegro-history-britannica
TL:MNE:event:1042:duklja-wins-independence-from-byzantium,MNE:duklja-familysearch
TL:MNE:event:1077:mihailo-crowned-king-of-duklja,MNE:montenegro-history-britannica
TL:MNE:event:1077:mihailo-crowned-king-of-duklja,MNE:duklja-familysearch
TL:MNE:event:1356:principality-of-zeta-under-the-balsic,MNE:montenegro-history-britannica
TL:MNE:event:1356:principality-of-zeta-under-the-balsic,MNE:duklja-familysearch
TL:MNE:event:1494:the-oktoih-and-the-crnojevic-printing-press,MNE:crnojevic-press-nbcg
TL:MNE:event:1494:the-oktoih-and-the-crnojevic-printing-press,MNE:montenegro-history-britannica
TL:MNE:event:1516:rise-of-the-theocratic-prince-bishopric,MNE:vladika-britannica
TL:MNE:event:1516:rise-of-the-theocratic-prince-bishopric,MNE:montenegro-history-britannica
TL:MNE:event:1696:petrovic-njegos-dynasty-established,MNE:danilo-metropolitan-britannica
TL:MNE:event:1696:petrovic-njegos-dynasty-established,MNE:vladika-britannica
TL:MNE:event:1830:rule-of-petar-ii-petrovic-njegos,MNE:njegos-britannica
TL:MNE:event:1830:rule-of-petar-ii-petrovic-njegos,MNE:mountain-wreath-rastko
TL:MNE:event:1847:publication-of-the-mountain-wreath,MNE:mountain-wreath-rastko
TL:MNE:event:1847:publication-of-the-mountain-wreath,MNE:njegos-britannica
TL:MNE:event:1852:montenegro-becomes-a-secular-principality,MNE:montenegro-history-britannica
TL:MNE:event:1852:montenegro-becomes-a-secular-principality,MNE:danilo-prince-britannica
TL:MNE:event:1878:independence-recognised-at-the-congress-of,MNE:berlin-treaty-frus
TL:MNE:event:1878:independence-recognised-at-the-congress-of,MNE:berlin-congress-search
TL:MNE:event:1878:independence-recognised-at-the-congress-of,MNE:montenegro-history-britannica
TL:MNE:event:1905:first-montenegrin-constitution,MNE:nikola-i-britannica
TL:MNE:event:1905:first-montenegrin-constitution,MNE:montenegro-history-britannica
TL:MNE:event:1910:montenegro-proclaimed-a-kingdom,MNE:nikola-i-britannica
TL:MNE:event:1910:montenegro-proclaimed-a-kingdom,MNE:montenegro-history-britannica
TL:MNE:event:1912:the-balkan-wars,MNE:montenegro-history-britannica
TL:MNE:event:1912:the-balkan-wars,MNE:nikola-i-britannica
TL:MNE:event:1916:battle-of-mojkovac-and-austro-hungarian,MNE:ww1-montenegro-online
TL:MNE:event:1916:battle-of-mojkovac-and-austro-hungarian,MNE:mojkovac-traditiones
TL:MNE:event:1918:the-podgorica-assembly,MNE:ww1-montenegro-online
TL:MNE:event:1918:the-podgorica-assembly,MNE:montenegro-history-britannica
TL:MNE:event:1919:the-christmas-uprising-and-the-greens-whites,MNE:ww1-montenegro-online
TL:MNE:event:1919:the-christmas-uprising-and-the-greens-whites,MNE:mojkovac-traditiones
TL:MNE:event:1945:socialist-republic-of-montenegro,MNE:montenegro-history-britannica
TL:MNE:event:1992:federal-republic-of-yugoslavia,MNE:montenegro-history-britannica
TL:MNE:event:1992:federal-republic-of-yugoslavia,MNE:princeton-self-determination-search
TL:MNE:event:2002:unilateral-adoption-of-the-euro,MNE:cbcg-euroisation
TL:MNE:event:2003:state-union-of-serbia-and-montenegro,MNE:coe-referendum-report
TL:MNE:event:2003:state-union-of-serbia-and-montenegro,MNE:montenegro-history-britannica
TL:MNE:event:2006:independence-referendum,MNE:coe-referendum-report
TL:MNE:event:2006:independence-referendum,MNE:odihr-referendum
TL:MNE:event:2006:independence-referendum,MNE:montenegro-independence-britannica
TL:MNE:event:2006:restoration-of-independence,MNE:coe-referendum-report
TL:MNE:event:2006:restoration-of-independence,MNE:montenegro-independence-britannica
TL:MNE:event:2008:application-for-eu-membership,MNE:ec-enlargement-montenegro
TL:MNE:event:2010:eu-candidate-status,MNE:ec-enlargement-montenegro
TL:MNE:event:2015:kosovo-border-demarcation,MNE:kosovo-border-ewb
TL:MNE:event:2017:accession-to-nato,MNE:nato-accession
TL:MNE:event:2017:accession-to-nato,MNE:nato-accession-search
TL:MNG:event:209bce:the-xiongnu-confederation-reaches-its-height,MNG:britannica-xiongnu
TL:MNG:event:209bce:the-xiongnu-confederation-reaches-its-height,MNG:britannica-history-mongolia
TL:MNG:event:48:break-up-of-the-xiongnu-empire,MNG:britannica-xiongnu
TL:MNG:event:744:uyghur-khaganate-in-the-orkhon-valley,MNG:unesco-orkhon
TL:MNG:event:744:uyghur-khaganate-in-the-orkhon-valley,MNG:britannica-history-mongolia
TL:MNG:event:1206:temujin-proclaimed-chinggis-khan,MNG:britannica-genghis-khan
TL:MNG:event:1206:temujin-proclaimed-chinggis-khan,MNG:britannica-mongol-empire
TL:MNG:event:1206:temujin-proclaimed-chinggis-khan,MNG:britannica-yasa
TL:MNG:event:1219:conquest-of-the-khwarazmian-empire,MNG:britannica-genghis-khan
TL:MNG:event:1219:conquest-of-the-khwarazmian-empire,MNG:britannica-mongol-empire
TL:MNG:event:1227:death-of-chinggis-khan,MNG:britannica-genghis-khan
TL:MNG:event:1235:karakorum-becomes-the-imperial-capital,MNG:britannica-karakorum
TL:MNG:event:1235:karakorum-becomes-the-imperial-capital,MNG:unesco-orkhon
TL:MNG:event:1271:kublai-khan-founds-the-yuan-dynasty,MNG:britannica-kublai-khan
TL:MNG:event:1271:kublai-khan-founds-the-yuan-dynasty,MNG:britannica-mongol-empire
TL:MNG:event:1368:fall-of-the-yuan-and-retreat-to-the-steppe,MNG:britannica-kublai-khan
TL:MNG:event:1368:fall-of-the-yuan-and-retreat-to-the-steppe,MNG:britannica-mongol-empire
TL:MNG:event:1640:zanabazar-enthroned-as-first-javzandamba,MNG:britannica-zanabazar
TL:MNG:event:1640:zanabazar-enthroned-as-first-javzandamba,MNG:britannica-manchu-ascendancy
TL:MNG:event:1691:khalkha-mongols-submit-to-the-qing,MNG:britannica-manchu-ascendancy
TL:MNG:event:1691:khalkha-mongols-submit-to-the-qing,MNG:britannica-history-mongolia
TL:MNG:event:1911:independence-declared-under-the-bogd-khan,MNG:britannica-independence-revolution
TL:MNG:event:1911:independence-declared-under-the-bogd-khan,MNG:britannica-bogd-gegeen-khan
TL:MNG:event:1921:people-s-revolution-captures-the-capital,MNG:britannica-suhbaatar
TL:MNG:event:1921:people-s-revolution-captures-the-capital,MNG:britannica-independence-revolution
TL:MNG:event:1924:mongolian-people-s-republic-proclaimed,MNG:britannica-independence-revolution
TL:MNG:event:1924:mongolian-people-s-republic-proclaimed,MNG:britannica-bogd-gegeen-khan
TL:MNG:event:1937:the-great-repression,MNG:britannica-counterrevolution-japan
TL:MNG:event:1937:the-great-repression,MNG:loc-mongolia-country-study
TL:MNG:event:1961:mongolia-admitted-to-the-united-nations,MNG:loc-mongolia-country-study
TL:MNG:event:1961:mongolia-admitted-to-the-united-nations,MNG:britannica-history-mongolia
TL:MNG:event:1990:peaceful-democratic-revolution,MNG:britannica-reform-democracy
TL:MNG:event:1990:peaceful-democratic-revolution,MNG:britannica-mongolia-since-1990
TL:MNG:event:1992:democratic-constitution-adopted,MNG:britannica-mongolia-since-1990
TL:MNG:event:1992:democratic-constitution-adopted,MNG:britannica-mongolia
TL:MNG:event:2009:oyu-tolgoi-and-the-mining-boom,MNG:britannica-mongolia-since-1990
TL:MNG:event:2009:oyu-tolgoi-and-the-mining-boom,MNG:britannica-mongolia
TL:MOZ:event:947:sofala-recorded-as-a-gold-port,MOZ:britannica-sofala
TL:MOZ:event:947:sofala-recorded-as-a-gold-port,MOZ:africanhistoryextra-towns
TL:MOZ:event:947:sofala-recorded-as-a-gold-port,MOZ:wiki-sofala
TL:MOZ:event:1100:coastal-trading-towns-flourish,MOZ:britannica-moz
TL:MOZ:event:1100:coastal-trading-towns-flourish,MOZ:africanhistoryextra-towns
TL:MOZ:event:1300:kilwa-controls-the-sofala-gold-trade,MOZ:britannica-sofala
TL:MOZ:event:1300:kilwa-controls-the-sofala-gold-trade,MOZ:wiki-sofala
TL:MOZ:event:1450:rise-of-the-mutapa-state,MOZ:britannica-moz
TL:MOZ:event:1450:rise-of-the-mutapa-state,MOZ:africanhistoryextra-towns
TL:MOZ:event:1498:vasco-da-gama-reaches-the-coast,MOZ:britannica-dagama
TL:MOZ:event:1498:vasco-da-gama-reaches-the-coast,MOZ:wiki-history-moz
TL:MOZ:event:1498:vasco-da-gama-reaches-the-coast,MOZ:marinersmuseum-dagama
TL:MOZ:event:1505:portuguese-occupy-sofala,MOZ:britannica-moz
TL:MOZ:event:1505:portuguese-occupy-sofala,MOZ:wiki-history-moz
TL:MOZ:event:1522:chapel-of-nossa-senhora-do-baluarte-built,MOZ:unesco-ilha
TL:MOZ:event:1522:chapel-of-nossa-senhora-do-baluarte-built,MOZ:natgeo-ilha
TL:MOZ:event:1558:fort-sao-sebastiao-is-built,MOZ:unesco-ilha
TL:MOZ:event:1558:fort-sao-sebastiao-is-built,MOZ:wiki-fort-saosebastiao
TL:MOZ:event:1558:fort-sao-sebastiao-is-built,MOZ:natgeo-ilha
TL:MOZ:event:1698:omanis-take-fort-jesus-at-mombasa,MOZ:britannica-moz
TL:MOZ:event:1698:omanis-take-fort-jesus-at-mombasa,MOZ:wiki-history-moz
TL:MOZ:event:1700:prazo-estates-along-the-zambezi,MOZ:wiki-prazo
TL:MOZ:event:1700:prazo-estates-along-the-zambezi,MOZ:britannica-moz
TL:MOZ:event:1700:prazo-estates-along-the-zambezi,MOZ:historyrise-zambezia
TL:MOZ:event:1824:soshangane-founds-the-gaza-empire,MOZ:wiki-gaza-empire
TL:MOZ:event:1824:soshangane-founds-the-gaza-empire,MOZ:wiki-gungunhana
TL:MOZ:event:1884:berlin-conference-and-the-scramble,MOZ:britannica-moz
TL:MOZ:event:1884:berlin-conference-and-the-scramble,MOZ:wiki-history-moz
TL:MOZ:event:1895:defeat-and-capture-of-gungunhana,MOZ:wiki-gungunhana
TL:MOZ:event:1895:defeat-and-capture-of-gungunhana,MOZ:wiki-gaza-empire
TL:MOZ:event:1895:defeat-and-capture-of-gungunhana,MOZ:britannica-moz
TL:MOZ:event:1891:mozambique-company-chartered,MOZ:britannica-moz
TL:MOZ:event:1891:mozambique-company-chartered,MOZ:wiki-history-moz
TL:MOZ:event:1891:mozambique-company-chartered,MOZ:historyrise-zambezia
TL:MOZ:event:1926:estado-novo-and-tightened-control,MOZ:britannica-moz
TL:MOZ:event:1926:estado-novo-and-tightened-control,MOZ:wiki-chibalo
TL:MOZ:event:1930:forced-cotton-cultivation-and-chibalo,MOZ:wiki-chibalo
TL:MOZ:event:1930:forced-cotton-cultivation-and-chibalo,MOZ:slafnet-moz
TL:MOZ:event:1930:forced-cotton-cultivation-and-chibalo,MOZ:britannica-moz
TL:MOZ:event:1951:colonies-redesignated-overseas-provinces,MOZ:britannica-moz
TL:MOZ:event:1951:colonies-redesignated-overseas-provinces,MOZ:wiki-history-moz
TL:MOZ:event:1962:frelimo-is-founded,MOZ:ebsco-frelimo
TL:MOZ:event:1962:frelimo-is-founded,MOZ:wiki-war-of-independence
TL:MOZ:event:1962:frelimo-is-founded,MOZ:wiki-mondlane
TL:MOZ:event:1964:war-of-independence-begins,MOZ:wiki-war-of-independence
TL:MOZ:event:1964:war-of-independence-begins,MOZ:ebsco-frelimo
TL:MOZ:event:1969:assassination-of-eduardo-mondlane,MOZ:wiki-mondlane
TL:MOZ:event:1969:assassination-of-eduardo-mondlane,MOZ:wiki-machel
TL:MOZ:event:1974:carnation-revolution-and-the-lusaka-accord,MOZ:conciliation-context
TL:MOZ:event:1974:carnation-revolution-and-the-lusaka-accord,MOZ:wiki-war-of-independence
TL:MOZ:event:1975:independence-of-mozambique,MOZ:britannica-moz
TL:MOZ:event:1975:independence-of-mozambique,MOZ:wiki-machel
TL:MOZ:event:1975:independence-of-mozambique,MOZ:wiki-history-moz
TL:MOZ:event:1977:civil-war-and-the-rise-of-renamo,MOZ:blackpast-civil-war
TL:MOZ:event:1977:civil-war-and-the-rise-of-renamo,MOZ:conciliation-context
TL:MOZ:event:1977:civil-war-and-the-rise-of-renamo,MOZ:peaceagreements-moz
TL:MOZ:event:1986:death-of-samora-machel,MOZ:wiki-machel
TL:MOZ:event:1986:death-of-samora-machel,MOZ:wiki-history-moz
TL:MOZ:event:1992:rome-general-peace-accords,MOZ:wiki-rome-accords
TL:MOZ:event:1992:rome-general-peace-accords,MOZ:conciliation-context
TL:MOZ:event:1992:rome-general-peace-accords,MOZ:vatican-rome
TL:MOZ:event:1994:first-multiparty-elections,MOZ:conciliation-context
TL:MOZ:event:1994:first-multiparty-elections,MOZ:wiki-history-moz
TL:MOZ:event:2010:offshore-gas-discovered-in-the-rovuma-basin,MOZ:opendemocracy-gas
TL:MOZ:event:2010:offshore-gas-discovered-in-the-rovuma-basin,MOZ:theconversation-gas
TL:MOZ:event:2010:offshore-gas-discovered-in-the-rovuma-basin,MOZ:wiki-coral-field
TL:MOZ:event:2017:cabo-delgado-insurgency,MOZ:opendemocracy-gas
TL:MOZ:event:2017:cabo-delgado-insurgency,MOZ:theconversation-gas
TL:MOZ:event:2017:cabo-delgado-insurgency,MOZ:defenceweb-cabo
TL:MRT:event:700:ghana-empire-dominates-the-trade-routes,MRT:britannica-mauritania
TL:MRT:event:700:ghana-empire-dominates-the-trade-routes,MRT:wiki-history-mauritania
TL:MRT:event:800:koumbi-saleh-as-a-saharan-emporium,MRT:wiki-koumbi-saleh
TL:MRT:event:800:koumbi-saleh-as-a-saharan-emporium,MRT:wiki-history-mauritania
TL:MRT:event:1000:break-up-of-the-sanhaja-confederation,MRT:wiki-history-mauritania
TL:MRT:event:1000:break-up-of-the-sanhaja-confederation,MRT:britannica-almoravids
TL:MRT:event:1040:abdallah-ibn-yasin-founds-the-almoravid-movement,MRT:britannica-almoravids
TL:MRT:event:1040:abdallah-ibn-yasin-founds-the-almoravid-movement,MRT:wiki-ibn-yasin
TL:MRT:event:1059:death-of-ibn-yasin-abu-bakr-leads-the-desert,MRT:wiki-abu-bakr
TL:MRT:event:1059:death-of-ibn-yasin-abu-bakr-leads-the-desert,MRT:britannica-almoravids
TL:MRT:event:1076:almoravids-said-to-take-koumbi-saleh,MRT:wiki-history-mauritania
TL:MRT:event:1076:almoravids-said-to-take-koumbi-saleh,MRT:britannica-almoravids
TL:MRT:event:1076:almoravids-said-to-take-koumbi-saleh,MRT:wiki-koumbi-saleh
TL:MRT:event:1147:fall-of-the-almoravid-empire,MRT:britannica-almoravids
TL:MRT:event:1200:beni-hassan-arab-migration,MRT:wiki-beni-hassan
TL:MRT:event:1200:beni-hassan-arab-migration,MRT:wiki-history-mauritania
TL:MRT:event:1200:beni-hassan-arab-migration,MRT:britannica-mauritania
TL:MRT:event:1100:foundation-of-the-caravan-ksour,MRT:unesco-ksour
TL:MRT:event:1100:foundation-of-the-caravan-ksour,MRT:wiki-ksour
TL:MRT:event:1644:the-char-bouba-marabout-war,MRT:wiki-char-bouba
TL:MRT:event:1644:the-char-bouba-marabout-war,MRT:britannica-mauritania
TL:MRT:event:1680:rise-of-the-moorish-emirates,MRT:britannica-mauritania
TL:MRT:event:1680:rise-of-the-moorish-emirates,MRT:wiki-brakna
TL:MRT:event:1902:coppolani-s-pacification-campaign-begins,MRT:britannica-mauritania
TL:MRT:event:1902:coppolani-s-pacification-campaign-begins,MRT:wiki-history-mauritania
TL:MRT:event:1904:mauritania-organised-within-french-west-africa,MRT:wiki-history-mauritania
TL:MRT:event:1904:mauritania-organised-within-french-west-africa,MRT:britannica-mauritania
TL:MRT:event:1905:assassination-of-coppolani,MRT:wiki-history-mauritania
TL:MRT:event:1905:assassination-of-coppolani,MRT:britannica-mauritania
TL:MRT:event:1934:completion-of-the-conquest,MRT:britannica-mauritania
TL:MRT:event:1934:completion-of-the-conquest,MRT:wiki-history-mauritania
TL:MRT:event:1958:autonomous-republic-and-nouakchott,MRT:britannica-mauritania
TL:MRT:event:1958:autonomous-republic-and-nouakchott,MRT:blackpast-daddah
TL:MRT:event:1960:independence-of-the-islamic-republic,MRT:britannica-daddah
TL:MRT:event:1960:independence-of-the-islamic-republic,MRT:blackpast-daddah
TL:MRT:event:1960:independence-of-the-islamic-republic,MRT:britannica-mauritania
TL:MRT:event:1973:national-currency-and-arab-orientation,MRT:britannica-mauritania
TL:MRT:event:1973:national-currency-and-arab-orientation,MRT:blackpast-daddah
TL:MRT:event:1976:annexation-of-southern-western-sahara,MRT:wiki-annexation-wsahara
TL:MRT:event:1976:annexation-of-southern-western-sahara,MRT:britannica-mauritania
TL:MRT:event:1978:coup-ends-the-daddah-era,MRT:britannica-daddah
TL:MRT:event:1978:coup-ends-the-daddah-era,MRT:britannica-mauritania
TL:MRT:event:1979:withdrawal-from-western-sahara,MRT:wiki-annexation-wsahara
TL:MRT:event:1979:withdrawal-from-western-sahara,MRT:britannica-polisario
TL:MRT:event:1981:slavery-formally-abolished,MRT:antislavery-mauritania
TL:MRT:event:1981:slavery-formally-abolished,MRT:minorityrights-mauritania
TL:MRT:event:1984:ould-taya-takes-power,MRT:britannica-mauritania
TL:MRT:event:2005:coup-ends-the-taya-era,MRT:britannica-mauritania
TL:MRT:event:2007:slavery-criminalised,MRT:antislavery-mauritania
TL:MRT:event:2007:slavery-criminalised,MRT:minorityrights-mauritania
TL:MUS:event:1000:known-to-arab-and-malay-sailors,MUS:eb-mauritius
TL:MUS:event:1000:known-to-arab-and-malay-sailors,MUS:wiki-mauritius
TL:MUS:event:1000:known-to-arab-and-malay-sailors,MUS:govmu-explore
TL:MUS:event:1507:portuguese-chart-the-mascarenes,MUS:wiki-mauritius
TL:MUS:event:1507:portuguese-chart-the-mascarenes,MUS:eb-mauritius
TL:MUS:event:1598:the-dutch-name-the-island-mauritius,MUS:eb-mauritius
TL:MUS:event:1598:the-dutch-name-the-island-mauritius,MUS:govmu-explore
TL:MUS:event:1598:the-dutch-name-the-island-mauritius,MUS:wiki-mauritius
TL:MUS:event:1638:first-permanent-dutch-settlement,MUS:wiki-mauritius
TL:MUS:event:1638:first-permanent-dutch-settlement,MUS:eb-mauritius
TL:MUS:event:1662:extinction-of-the-dodo,MUS:nhm-dodo
TL:MUS:event:1662:extinction-of-the-dodo,MUS:wiki-dodo
TL:MUS:event:1710:the-dutch-abandon-mauritius,MUS:eb-mauritius
TL:MUS:event:1710:the-dutch-abandon-mauritius,MUS:wiki-mauritius
TL:MUS:event:1715:france-claims-the-isle-de-france,MUS:eb-mauritius
TL:MUS:event:1715:france-claims-the-isle-de-france,MUS:wiki-isledefrance
TL:MUS:event:1735:la-bourdonnais-founds-port-louis,MUS:eb-mauritius
TL:MUS:event:1735:la-bourdonnais-founds-port-louis,MUS:wiki-isledefrance
TL:MUS:event:1723:a-slave-worked-plantation-economy,MUS:wiki-isledefrance
TL:MUS:event:1723:a-slave-worked-plantation-economy,MUS:unesco-lemorne
TL:MUS:event:1761:maroons-of-le-morne-brabant,MUS:unesco-lemorne
TL:MUS:event:1761:maroons-of-le-morne-brabant,MUS:wiki-lemorne
TL:MUS:event:1810:british-capture-of-the-isle-de-france,MUS:eb-grandport
TL:MUS:event:1810:british-capture-of-the-isle-de-france,MUS:eb-mauritius
TL:MUS:event:1814:treaty-of-paris-confirms-british-rule,MUS:eb-mauritius
TL:MUS:event:1814:treaty-of-paris-confirms-british-rule,MUS:wiki-mauritius
TL:MUS:event:1835:abolition-of-slavery,MUS:eb-mauritius
TL:MUS:event:1835:abolition-of-slavery,MUS:unesco-lemorne
TL:MUS:event:1834:indian-indenture-and-the-aapravasi-ghat,MUS:eb-aapravasi
TL:MUS:event:1834:indian-indenture-and-the-aapravasi-ghat,MUS:unesco-aapravasi
TL:MUS:event:1936:founding-of-the-labour-party,MUS:blackpast-ramgoolam
TL:MUS:event:1936:founding-of-the-labour-party,MUS:eb-mauritius
TL:MUS:event:1965:chagos-detached-as-the-biot,MUS:eb-chagos
TL:MUS:event:1965:chagos-detached-as-the-biot,MUS:wiki-expulsion
TL:MUS:event:1968:independence-from-the-united-kingdom,MUS:eb-independence
TL:MUS:event:1968:independence-from-the-united-kingdom,MUS:blackpast-ramgoolam
TL:MUS:event:1971:diversification-beyond-sugar,MUS:eb-independence
TL:MUS:event:1971:diversification-beyond-sugar,MUS:worldbank-mauritius
TL:MUS:event:1992:mauritius-becomes-a-republic,MUS:eb-independence
TL:MUS:event:1992:mauritius-becomes-a-republic,MUS:wiki-mauritius
TL:MUS:event:2019:icj-advisory-opinion-on-chagos,MUS:eb-chagos
TL:MUS:event:2019:icj-advisory-opinion-on-chagos,MUS:commons-chagos
TL:MUS:event:2025:uk-mauritius-chagos-agreement,MUS:commons-chagos
TL:MUS:event:2025:uk-mauritius-chagos-agreement,MUS:fcdo-chagos
TL:MWI:event:1:bantu-speaking-farmers-settle-the-plateau,MWI:wiki-history-malawi
TL:MWI:event:1:bantu-speaking-farmers-settle-the-plateau,MWI:britannica-malawi
TL:MWI:event:1000:the-chewa-rock-painting-tradition-at-chongoni,MWI:unesco-chongoni
TL:MWI:event:1000:the-chewa-rock-painting-tradition-at-chongoni,MWI:wiki-chongoni
TL:MWI:event:1480:founding-of-the-maravi-confederacy,MWI:britannica-maravi
TL:MWI:event:1480:founding-of-the-maravi-confederacy,MWI:wiki-maravi
TL:MWI:event:1480:founding-of-the-maravi-confederacy,MWI:wiki-history-malawi
TL:MWI:event:1616:gaspar-bocarro-crosses-the-region,MWI:wiki-history-malawi
TL:MWI:event:1650:the-maravi-empire-at-its-peak,MWI:britannica-maravi
TL:MWI:event:1650:the-maravi-empire-at-its-peak,MWI:wiki-maravi
TL:MWI:event:1650:the-maravi-empire-at-its-peak,MWI:adf-maravi
TL:MWI:event:1700:decline-of-the-confederacy,MWI:britannica-maravi
TL:MWI:event:1700:decline-of-the-confederacy,MWI:wiki-maravi
TL:MWI:event:1820:ngoni-and-yao-migrations-reshape-the-region,MWI:britannica-malawi
TL:MWI:event:1820:ngoni-and-yao-migrations-reshape-the-region,MWI:wiki-history-malawi
TL:MWI:event:1840:the-jumbe-and-the-slave-trade-at-nkhotakota,MWI:britannica-malawi
TL:MWI:event:1840:the-jumbe-and-the-slave-trade-at-nkhotakota,MWI:wiki-history-malawi
TL:MWI:event:1859:livingstone-reaches-lake-nyasa,MWI:britannica-livingstone
TL:MWI:event:1859:livingstone-reaches-lake-nyasa,MWI:wiki-umca
TL:MWI:event:1875:scottish-missions-founded-at-livingstonia-and,MWI:wiki-livingstonia
TL:MWI:event:1875:scottish-missions-founded-at-livingstonia-and,MWI:britannica-livingstone
TL:MWI:event:1875:scottish-missions-founded-at-livingstonia-and,MWI:wiki-christianity-malawi
TL:MWI:event:1891:british-central-africa-protectorate-proclaimed,MWI:wiki-bca-protectorate
TL:MWI:event:1891:british-central-africa-protectorate-proclaimed,MWI:britannica-johnston
TL:MWI:event:1907:the-protectorate-renamed-nyasaland,MWI:wiki-bca-protectorate
TL:MWI:event:1907:the-protectorate-renamed-nyasaland,MWI:britannica-malawi
TL:MWI:event:1915:the-chilembwe-rising,MWI:britannica-chilembwe
TL:MWI:event:1915:the-chilembwe-rising,MWI:blackpast-chilembwe
TL:MWI:event:1915:the-chilembwe-rising,MWI:wiki-chilembwe
TL:MWI:event:1915:chilembwe-killed,MWI:britannica-chilembwe
TL:MWI:event:1915:chilembwe-killed,MWI:blackpast-chilembwe
TL:MWI:event:1944:founding-of-the-nyasaland-african-congress,MWI:britannica-malawi
TL:MWI:event:1944:founding-of-the-nyasaland-african-congress,MWI:wiki-history-malawi
TL:MWI:event:1953:federation-of-rhodesia-and-nyasaland-created,MWI:britannica-federation
TL:MWI:event:1953:federation-of-rhodesia-and-nyasaland-created,MWI:ebsco-federation
TL:MWI:event:1959:state-of-emergency-and-operation-sunrise,MWI:wiki-nyasaland-emergency
TL:MWI:event:1959:state-of-emergency-and-operation-sunrise,MWI:wiki-devlin
TL:MWI:event:1961:malawi-congress-party-wins-the-elections,MWI:britannica-malawi
TL:MWI:event:1961:malawi-congress-party-wins-the-elections,MWI:britannica-banda
TL:MWI:event:1963:the-federation-dissolved,MWI:britannica-federation
TL:MWI:event:1963:the-federation-dissolved,MWI:ebsco-federation
TL:MWI:event:1964:malawi-independent,MWI:statedept-malawi
TL:MWI:event:1964:malawi-independent,MWI:britannica-malawi
TL:MWI:event:1964:malawi-independent,MWI:britannica-banda
TL:MWI:event:1971:banda-declared-president-for-life,MWI:britannica-banda
TL:MWI:event:1971:banda-declared-president-for-life,MWI:blackpast-banda
TL:MWI:event:1971:three-decades-of-one-party-rule,MWI:britannica-banda
TL:MWI:event:1971:three-decades-of-one-party-rule,MWI:blackpast-banda
TL:MWI:event:1993:referendum-ends-the-one-party-state,MWI:wiki-1993-referendum
TL:MWI:event:1993:referendum-ends-the-one-party-state,MWI:britannica-malawi
TL:MWI:event:1994:first-multiparty-elections-banda-defeated,MWI:wiki-1994-election
TL:MWI:event:1994:first-multiparty-elections-banda-defeated,MWI:britannica-banda
TL:MWI:event:2012:joyce-banda-becomes-head-of-state,MWI:wiki-joyce-banda
TL:MWI:event:2012:joyce-banda-becomes-head-of-state,MWI:wiki-bingu
TL:MWI:event:2020:court-ordered-election-re-run,MWI:wiki-2020-election
TL:MWI:event:2020:court-ordered-election-re-run,MWI:wiki-chakwera
TL:MWI:event:2025:peaceful-alternation-of-power,MWI:wiki-2025-election
TL:MYS:event:671:rise-of-the-srivijaya-thalassocracy,MYS:britannica-srivijaya
TL:MYS:event:671:rise-of-the-srivijaya-thalassocracy,MYS:ebsco-srivijaya
TL:MYS:event:1025:chola-naval-raid-weakens-srivijaya,MYS:britannica-srivijaya
TL:MYS:event:1400:founding-of-malacca-by-paramesvara,MYS:britannica-paramesvara
TL:MYS:event:1400:founding-of-malacca-by-paramesvara,MYS:worldhistory-portuguese-malacca
TL:MYS:event:1409:malacca-islam-and-ties-with-ming-china,MYS:britannica-paramesvara
TL:MYS:event:1409:malacca-islam-and-ties-with-ming-china,MYS:worldhistory-portuguese-malacca
TL:MYS:event:1500:malacca-the-great-entrepot-of-the-strait,MYS:worldhistory-portuguese-malacca
TL:MYS:event:1500:malacca-the-great-entrepot-of-the-strait,MYS:unesco-melaka-georgetown
TL:MYS:event:1511:portuguese-capture-of-malacca,MYS:worldhistory-portuguese-malacca
TL:MYS:event:1511:portuguese-capture-of-malacca,MYS:ebsco-melaka-portuguese
TL:MYS:event:1641:dutch-conquest-of-malacca,MYS:worldhistory-portuguese-malacca
TL:MYS:event:1786:penang-singapore-and-the-straits-settlements,MYS:britannica-straits-settlements
TL:MYS:event:1841:james-brooke-becomes-raja-of-sarawak,MYS:britannica-malaya-borneo
TL:MYS:event:1942:japanese-occupation-and-the-fall-of-singapore,MYS:britannica-political-transformation
TL:MYS:event:1942:japanese-occupation-and-the-fall-of-singapore,MYS:nlb-fall-singapore
TL:MYS:event:1946:malayan-union-opposition-and-the-founding-of,MYS:britannica-political-transformation
TL:MYS:event:1948:the-malayan-emergency,MYS:britannica-malayan-emergency
TL:MYS:event:1957:merdeka-independence-of-malaya,MYS:britannica-federation-malaya
TL:MYS:event:1957:merdeka-independence-of-malaya,MYS:britannica-tunku
TL:MYS:event:1963:formation-of-the-federation-of-malaysia,MYS:britannica-federation-malaya
TL:MYS:event:1963:formation-of-the-federation-of-malaysia,MYS:britannica-political-transformation
TL:MYS:event:1963:indonesian-confrontation-konfrontasi,MYS:history-state-frus-malaysia
TL:MYS:event:1963:indonesian-confrontation-konfrontasi,MYS:britannica-political-transformation
TL:MYS:event:1965:singapore-s-separation-from-malaysia,MYS:britannica-political-transformation
TL:MYS:event:1965:singapore-s-separation-from-malaysia,MYS:history-state-frus-malaysia
TL:MYS:event:1969:the-13-may-communal-riots,MYS:britannica-political-transformation
TL:MYS:event:1971:the-new-economic-policy,MYS:iseas-nep
TL:MYS:event:1971:the-new-economic-policy,MYS:britannica-political-transformation
TL:MYS:event:1981:the-mahathir-era-and-rapid-modernisation,MYS:britannica-mahathir
TL:MYS:event:2008:melaka-and-george-town-inscribed-by-unesco,MYS:unesco-melaka-georgetown
TL:MYS:event:2018:1mdb-scandal-ends-barisan-nasional-rule,MYS:aljazeera-najib-1mdb
TL:MYS:event:2018:1mdb-scandal-ends-barisan-nasional-rule,MYS:aljazeera-anwar-timeline
TL:MYS:event:2022:anwar-ibrahim-becomes-prime-minister,MYS:aljazeera-anwar-timeline
TL:NAM:event:25000bce:san-hunter-gatherers-of-the-namib,NAM:britannica-namibia
TL:NAM:event:25000bce:san-hunter-gatherers-of-the-namib,NAM:wiki-history-namibia
TL:NAM:event:2000bce:the-engravings-of-twyfelfontein,NAM:britannica-twyfelfontein
TL:NAM:event:2000bce:the-engravings-of-twyfelfontein,NAM:unesco-twyfelfontein
TL:NAM:event:2000bce:the-engravings-of-twyfelfontein,NAM:wiki-twyfelfontein
TL:NAM:event:500bce:khoekhoe-and-damara-herders,NAM:britannica-namibia
TL:NAM:event:500bce:khoekhoe-and-damara-herders,NAM:wiki-history-namibia
TL:NAM:event:500:bantu-speaking-peoples-settle-the-north,NAM:britannica-namibia
TL:NAM:event:500:bantu-speaking-peoples-settle-the-north,NAM:wiki-history-namibia
TL:NAM:event:1485:diogo-cao-reaches-the-coast,NAM:britannica-namibia
TL:NAM:event:1485:diogo-cao-reaches-the-coast,NAM:wiki-history-namibia
TL:NAM:event:1823:jonker-afrikaner-and-the-orlam,NAM:wiki-jonker
TL:NAM:event:1823:jonker-afrikaner-and-the-orlam,NAM:wiki-history-namibia
TL:NAM:event:1878:britain-annexes-walvis-bay,NAM:britannica-namibia
TL:NAM:event:1878:britain-annexes-walvis-bay,NAM:wiki-namibia
TL:NAM:event:1884:germany-declares-a-protectorate,NAM:britannica-namibia
TL:NAM:event:1884:germany-declares-a-protectorate,NAM:wiki-history-namibia
TL:NAM:event:1904:the-herero-uprising-begins,NAM:wiki-genocide
TL:NAM:event:1904:the-herero-uprising-begins,NAM:britannica-herero-conflict
TL:NAM:event:1904:the-herero-uprising-begins,NAM:sahistory-genocide-timeline
TL:NAM:event:1904:battle-of-waterberg,NAM:wiki-genocide
TL:NAM:event:1904:battle-of-waterberg,NAM:britannica-herero-conflict
TL:NAM:event:1904:battle-of-waterberg,NAM:ehne-herero
TL:NAM:event:1904:von-trotha-s-extermination-order,NAM:wiki-genocide
TL:NAM:event:1904:von-trotha-s-extermination-order,NAM:britannica-genocide
TL:NAM:event:1904:von-trotha-s-extermination-order,NAM:ehne-herero
TL:NAM:event:1905:shark-island-and-the-concentration-camps,NAM:wiki-genocide
TL:NAM:event:1905:shark-island-and-the-concentration-camps,NAM:wiki-shark-island
TL:NAM:event:1905:shark-island-and-the-concentration-camps,NAM:montreal-herero
TL:NAM:event:1905:shark-island-and-the-concentration-camps,NAM:britannica-genocide
TL:NAM:event:1915:south-africa-conquers-the-colony,NAM:britannica-namibia
TL:NAM:event:1915:south-africa-conquers-the-colony,NAM:wiki-history-namibia
TL:NAM:event:1920:league-of-nations-mandate,NAM:britannica-namibia
TL:NAM:event:1920:league-of-nations-mandate,NAM:wiki-namibia
TL:NAM:event:1946:south-africa-refuses-un-trusteeship,NAM:britannica-namibia
TL:NAM:event:1946:south-africa-refuses-un-trusteeship,NAM:wiki-namibia
TL:NAM:event:1959:the-old-location-shootings,NAM:wiki-history-namibia
TL:NAM:event:1959:the-old-location-shootings,NAM:wiki-swapo
TL:NAM:event:1960:founding-of-swapo,NAM:wiki-swapo
TL:NAM:event:1960:founding-of-swapo,NAM:wiki-history-namibia
TL:NAM:event:1966:armed-struggle-begins-at-omugulugwombashe,NAM:wiki-swapo
TL:NAM:event:1966:armed-struggle-begins-at-omugulugwombashe,NAM:wiki-history-namibia
TL:NAM:event:1966:armed-struggle-begins-at-omugulugwombashe,NAM:wiki-border-war
TL:NAM:event:1966:un-revokes-the-mandate,NAM:britannica-namibia
TL:NAM:event:1966:un-revokes-the-mandate,NAM:wiki-namibia
TL:NAM:event:1971:icj-rules-the-occupation-illegal,NAM:icj-namibia
TL:NAM:event:1971:icj-rules-the-occupation-illegal,NAM:wiki-namibia
TL:NAM:event:1978:security-council-resolution-435,NAM:un-namibia-independence
TL:NAM:event:1978:security-council-resolution-435,NAM:wiki-namibia
TL:NAM:event:1978:security-council-resolution-435,NAM:britannica-namibia
TL:NAM:event:1989:un-supervised-elections,NAM:wiki-swapo
TL:NAM:event:1989:un-supervised-elections,NAM:wiki-untag
TL:NAM:event:1989:un-supervised-elections,NAM:un-namibia-independence
TL:NAM:event:1990:independence-and-nujoma-s-inauguration,NAM:wiki-namibia
TL:NAM:event:1990:independence-and-nujoma-s-inauguration,NAM:britannica-namibia
TL:NAM:event:1994:reincorporation-of-walvis-bay,NAM:wiki-namibia
TL:NAM:event:1994:reincorporation-of-walvis-bay,NAM:britannica-namibia
TL:NAM:event:2005:first-peaceful-transfer-of-power,NAM:wiki-namibia
TL:NAM:event:2005:first-peaceful-transfer-of-power,NAM:britannica-namibia
TL:NAM:event:2021:germany-acknowledges-the-genocide,NAM:britannica-genocide
TL:NAM:event:2021:germany-acknowledges-the-genocide,NAM:wiki-genocide
TL:NAM:event:2024:first-woman-president-elected,NAM:wiki-namibia
TL:NCL:event:1000bce:lapita-settlement-of-new-caledonia,NCL:britannica-lapita
TL:NCL:event:1000bce:lapita-settlement-of-new-caledonia,NCL:britannica-ncl
TL:NCL:event:500bce:emergence-of-the-kanak,NCL:britannica-ncl-history
TL:NCL:event:500bce:emergence-of-the-kanak,NCL:britannica-ncl
TL:NCL:event:1774:cook-names-new-caledonia,NCL:britannica-ncl-history
TL:NCL:event:1774:cook-names-new-caledonia,NCL:britannica-cook
TL:NCL:event:1840:sandalwood-traders-and-missionaries-arrive,NCL:britannica-ncl-history
TL:NCL:event:1853:france-annexes-new-caledonia,NCL:britannica-ncl-history
TL:NCL:event:1853:france-annexes-new-caledonia,NCL:britannica-ncl
TL:NCL:event:1864:penal-colony-established,NCL:britannica-ncl-history
TL:NCL:event:1864:penal-colony-established,NCL:ohist-ncl
TL:NCL:event:1878:the-revolt-of-atai,NCL:britannica-ncl-history
TL:NCL:event:1880:nickel-mining-begins,NCL:britannica-ncl
TL:NCL:event:1880:nickel-mining-begins,NCL:britannica-ncl-history
TL:NCL:event:1984:flnks-founded,NCL:britannica-ncl-history
TL:NCL:event:1984:flnks-founded,NCL:un-ncl
TL:NCL:event:1986:re-inscribed-on-the-un-decolonisation-list,NCL:un-ncl
TL:NCL:event:1988:ouvea-cave-crisis,NCL:britannica-ncl-history
TL:NCL:event:1988:ouvea-cave-crisis,NCL:un-ncl
TL:NCL:event:1988:matignon-accords,NCL:britannica-ncl-history
TL:NCL:event:1988:matignon-accords,NCL:un-ncl
TL:NCL:event:1998:noumea-accord-signed,NCL:noumea-accord
TL:NCL:event:1998:noumea-accord-signed,NCL:un-ncl
TL:NCL:event:1998:noumea-accord-signed,NCL:britannica-ncl-history
TL:NCL:event:1998:accord-ratified-by-referendum,NCL:noumea-accord
TL:NCL:event:1998:accord-ratified-by-referendum,NCL:un-ncl
TL:NCL:event:1998:the-tjibaou-cultural-centre-opens,NCL:adck-tjibaou
TL:NCL:event:2008:the-lagoons-join-the-world-heritage-list,NCL:unesco-lagoons
TL:NCL:event:2018:first-independence-referendum,NCL:un-ncl
TL:NCL:event:2018:first-independence-referendum,NCL:britannica-ncl-history
TL:NCL:event:2020:second-independence-referendum,NCL:un-ncl
TL:NCL:event:2020:second-independence-referendum,NCL:britannica-ncl-history
TL:NCL:event:2021:third-referendum-and-kanak-boycott,NCL:un-ncl
TL:NCL:event:2021:third-referendum-and-kanak-boycott,NCL:britannica-ncl-history
TL:NCL:event:2024:deadly-unrest-over-electoral-reform,NCL:un-ncl
TL:NCL:event:2024:deadly-unrest-over-electoral-reform,NCL:rnz-2024-unrest
TL:NCL:event:2025:bougival-agreement,NCL:un-ncl
TL:NCL:event:2025:bougival-agreement,NCL:ohist-ncl
TL:NCL:event:2025:the-census-counts-a-shrinking-territory,NCL:isee-recensement
TL:NCL:event:2026:the-elysee-oudinot-agreement,NCL:rnz-elysee-oudinot
TL:NCL:event:2026:the-elysee-oudinot-agreement,NCL:rnz-bougival
TL:NCL:event:2025:the-flnks-loses-its-moderates,NCL:rnz-flnks-split
TL:NCL:event:2024:nickel-still-the-ground-everyone-stands-on,NCL:usgs-mcs-ncl
TL:NER:event:8000bce:burials-begin-at-gobero,NER:gobero-wiki
TL:NER:event:8000bce:burials-begin-at-gobero,NER:uchicago-gobero
TL:NER:event:8000bce:burials-begin-at-gobero,NER:sereno-gobero
TL:NER:event:5000bce:the-tenerean-herders,NER:uchicago-gobero
TL:NER:event:5000bce:the-tenerean-herders,NER:sereno-gobero
TL:NER:event:5000bce:the-tenerean-herders,NER:gobero-wiki
TL:NER:event:4000bce:rock-art-of-a-green-sahara,NER:nigerheritage-archaeology
TL:NER:event:4000bce:rock-art-of-a-green-sahara,NER:hist-niger-wiki
TL:NER:event:2500bce:the-desert-returns,NER:hist-niger-wiki
TL:NER:event:2500bce:the-desert-returns,NER:nigerheritage-archaeology
TL:NER:event:1405:founding-of-the-sultanate-of-air,NER:sultanate-agadez-wiki
TL:NER:event:1405:founding-of-the-sultanate-of-air,NER:agadez-wiki
TL:NER:event:1405:founding-of-the-sultanate-of-air,NER:hist-niger-wiki
TL:NER:event:1500:songhai-pushes-into-air,NER:askia-britannica
TL:NER:event:1500:songhai-pushes-into-air,NER:songhai-lumen
TL:NER:event:1500:songhai-pushes-into-air,NER:hist-niger-wiki
TL:NER:event:1500:the-salt-caravans-of-bilma,NER:agadez-wiki
TL:NER:event:1500:the-salt-caravans-of-bilma,NER:hist-niger-wiki
TL:NER:event:2013:agadez-inscribed-by-unesco,NER:agadez-wiki
TL:NER:event:2013:agadez-inscribed-by-unesco,NER:worldheritage-agadez
TL:NER:event:1731:founding-of-the-sultanate-of-damagaram,NER:damagaram-wiki
TL:NER:event:1731:founding-of-the-sultanate-of-damagaram,NER:africanhistory-damagaram
TL:NER:event:1800:zinder-a-trans-saharan-hub,NER:damagaram-wiki
TL:NER:event:1800:zinder-a-trans-saharan-hub,NER:africanhistory-damagaram
TL:NER:event:1804:sokoto-jihad-reshapes-the-hausa-lands,NER:hist-niger-wiki
TL:NER:event:1804:sokoto-jihad-reshapes-the-hausa-lands,NER:britannica-niger-ref
TL:NER:event:1851:bornu-s-enduring-influence,NER:hist-niger-wiki
TL:NER:event:1851:bornu-s-enduring-influence,NER:britannica-niger-ref
TL:NER:event:1899:the-voulet-chanoine-mission,NER:voulet-chanoine-wiki
TL:NER:event:1899:the-voulet-chanoine-mission,NER:ictj-niger
TL:NER:event:1899:the-voulet-chanoine-mission,NER:hist-niger-wiki
TL:NER:event:1916:the-kaocen-revolt-at-agadez,NER:hist-niger-wiki
TL:NER:event:1916:the-kaocen-revolt-at-agadez,NER:britannica-niger-ref
TL:NER:event:1922:niger-becomes-a-french-colony,NER:hist-niger-wiki
TL:NER:event:1922:niger-becomes-a-french-colony,NER:britannica-niger-ref
TL:NER:event:1958:autonomous-republic-within-the-french-community,NER:diori-britannica
TL:NER:event:1958:autonomous-republic-within-the-french-community,NER:diori-blackpast
TL:NER:event:1958:autonomous-republic-within-the-french-community,NER:hist-niger-wiki
TL:NER:event:1960:niger-gains-independence,NER:statedept-niger
TL:NER:event:1960:niger-gains-independence,NER:diori-britannica
TL:NER:event:1960:niger-gains-independence,NER:diori-blackpast
TL:NER:event:1968:the-great-sahel-drought,NER:sahel-drought-env
TL:NER:event:1968:the-great-sahel-drought,NER:hist-niger-wiki
TL:NER:event:1971:uranium-mining-begins-at-arlit,NER:world-nuclear-niger
TL:NER:event:1971:uranium-mining-begins-at-arlit,NER:somair-wiki
TL:NER:event:1974:kountche-s-coup-ousts-diori,NER:coup-1974-wiki
TL:NER:event:1974:kountche-s-coup-ousts-diori,NER:hist-niger-wiki
TL:NER:event:1974:kountche-s-coup-ousts-diori,NER:diori-britannica
TL:NER:event:1993:transition-to-multiparty-democracy,NER:hist-niger-wiki
TL:NER:event:1993:transition-to-multiparty-democracy,NER:britannica-niger-ref
TL:NER:event:1990:first-tuareg-rebellion,NER:tuareg-90s-wiki
TL:NER:event:1990:first-tuareg-rebellion,NER:minorityrights-tuareg
TL:NER:event:2007:second-tuareg-rebellion,NER:tuareg-2007-wiki
TL:NER:event:2007:second-tuareg-rebellion,NER:minorityrights-tuareg
TL:NER:event:2010:coup-ousts-president-tandja,NER:hist-niger-wiki
TL:NER:event:2010:coup-ousts-president-tandja,NER:coup-2023-wiki
TL:NER:event:2023:coup-against-president-bazoum,NER:coup-2023-wiki
TL:NER:event:2023:coup-against-president-bazoum,NER:hrw-niger-2023
TL:NGA:event:1500bce:rise-of-the-nok-culture,NGA:met-nok
TL:NGA:event:1500bce:rise-of-the-nok-culture,NGA:britannica-nigeria
TL:NGA:event:1500bce:rise-of-the-nok-culture,NGA:breunig-nok
TL:NGA:event:1928:nok-terracottas-first-recognised,NGA:met-nok
TL:NGA:event:1928:nok-terracottas-first-recognised,NGA:britannica-nigeria
TL:NGA:event:850:the-bronzes-of-igbo-ukwu,NGA:britannica-nigeria
TL:NGA:event:850:the-bronzes-of-igbo-ukwu,NGA:blackpast-hausa
TL:NGA:event:800:rise-of-the-kanem-empire,NGA:lumen-bornu
TL:NGA:event:800:rise-of-the-kanem-empire,NGA:britannica-nigeria
TL:NGA:event:1400:shift-from-kanem-to-bornu,NGA:lumen-bornu
TL:NGA:event:1400:shift-from-kanem-to-bornu,NGA:britannica-nigeria
TL:NGA:event:1570:peak-of-bornu-under-idris-alooma,NGA:idris-alooma-wiki
TL:NGA:event:1570:peak-of-bornu-under-idris-alooma,NGA:lumen-bornu
TL:NGA:event:1300:flourishing-of-benin-and-oyo,NGA:britannica-oyo
TL:NGA:event:1300:flourishing-of-benin-and-oyo,NGA:britannica-benin-bronzes
TL:NGA:event:1300:flourishing-of-benin-and-oyo,NGA:britannica-nigeria
TL:NGA:event:1500:the-atlantic-slave-trade,NGA:slavevoyages
TL:NGA:event:1500:the-atlantic-slave-trade,NGA:slaveryremembrance-biafra
TL:NGA:event:1500:the-atlantic-slave-trade,NGA:britannica-nigeria
TL:NGA:event:1804:usman-dan-fodio-launches-his-jihad,NGA:blackpast-sokoto
TL:NGA:event:1804:usman-dan-fodio-launches-his-jihad,NGA:usman-wiki
TL:NGA:event:1808:founding-of-the-sokoto-caliphate,NGA:blackpast-sokoto
TL:NGA:event:1808:founding-of-the-sokoto-caliphate,NGA:usman-wiki
TL:NGA:event:1807:britain-abolishes-its-slave-trade,NGA:britannica-nigeria
TL:NGA:event:1807:britain-abolishes-its-slave-trade,NGA:slaveryremembrance-biafra
TL:NGA:event:1861:britain-annexes-lagos,NGA:britannica-nigeria
TL:NGA:event:1861:britain-annexes-lagos,NGA:statedept-nigeria
TL:NGA:event:1897:british-sack-of-benin-city,NGA:britannica-benin-bronzes
TL:NGA:event:1897:british-sack-of-benin-city,NGA:britishmuseum-benin
TL:NGA:event:1897:british-sack-of-benin-city,NGA:nms-benin
TL:NGA:event:1903:fall-of-the-sokoto-caliphate,NGA:attahiru-wiki
TL:NGA:event:1903:fall-of-the-sokoto-caliphate,NGA:britannica-nigeria
TL:NGA:event:1914:amalgamation-of-nigeria,NGA:britannica-nigeria
TL:NGA:event:1914:amalgamation-of-nigeria,NGA:statedept-nigeria
TL:NGA:event:1960:nigeria-gains-independence,NGA:britannica-nigeria
TL:NGA:event:1960:nigeria-gains-independence,NGA:statedept-nigeria
TL:NGA:event:1960:nigeria-gains-independence,NGA:sahistory-independence
TL:NGA:event:1966:military-coups-and-unrest,NGA:britannica-nigeria
TL:NGA:event:1966:military-coups-and-unrest,NGA:britannica-civil-war
TL:NGA:event:1967:secession-of-biafra,NGA:britannica-civil-war
TL:NGA:event:1967:secession-of-biafra,NGA:history-civil-war
TL:NGA:event:1967:the-nigerian-civil-war,NGA:britannica-civil-war
TL:NGA:event:1967:the-nigerian-civil-war,NGA:history-civil-war
TL:NGA:event:1976:abuja-chosen-as-new-capital,NGA:britannica-nigeria
TL:NGA:event:1993:annulled-election-and-abacha-s-rule,NGA:cfr-transition
TL:NGA:event:1993:annulled-election-and-abacha-s-rule,NGA:britannica-nigeria
TL:NGA:event:1999:return-to-civilian-rule-and-the-fourth-republic,NGA:cfr-transition
TL:NGA:event:1999:return-to-civilian-rule-and-the-fourth-republic,NGA:britannica-nigeria
TL:NGA:event:2014:africa-s-largest-economy,NGA:aljazeera-economy
TL:NGA:event:2014:africa-s-largest-economy,NGA:britannica-nigeria
TL:NGA:event:2015:first-opposition-election-victory,NGA:sais-democracy
TL:NGA:event:2015:first-opposition-election-victory,NGA:britannica-nigeria
TL:NIC:event:800:nicarao-and-chorotega-settle-the-pacific,NIC:britannica-nicarao
TL:NIC:event:800:nicarao-and-chorotega-settle-the-pacific,NIC:britannica-nicaragua
TL:NIC:event:1522:first-spanish-contact,NIC:britannica-history-nicaragua
TL:NIC:event:1522:first-spanish-contact,NIC:britannica-nicaragua
TL:NIC:event:1524:founding-of-leon-and-granada,NIC:unesco-leon-viejo
TL:NIC:event:1524:founding-of-leon-and-granada,NIC:britannica-leon
TL:NIC:event:1524:founding-of-leon-and-granada,NIC:britannica-history-nicaragua
TL:NIC:event:1610:leon-viejo-abandoned,NIC:unesco-leon-viejo
TL:NIC:event:1655:british-protectorate-over-the-mosquito-coast,NIC:britannica-mosquito-coast
TL:NIC:event:1821:independence-from-spain,NIC:britannica-history-nicaragua
TL:NIC:event:1821:independence-from-spain,NIC:britannica-nicaragua
TL:NIC:event:1838:separation-from-the-central-american-federation,NIC:britannica-history-nicaragua
TL:NIC:event:1855:william-walker-s-filibuster,NIC:britannica-william-walker
TL:NIC:event:1855:william-walker-s-filibuster,NIC:history-state-filibuster
TL:NIC:event:1860:treaty-of-managua,NIC:britannica-mosquito-coast
TL:NIC:event:1894:incorporation-of-the-mosquito-coast,NIC:britannica-mosquito-coast
TL:NIC:event:1894:incorporation-of-the-mosquito-coast,NIC:britannica-history-nicaragua
TL:NIC:event:1912:united-states-marine-occupation,NIC:britannica-history-nicaragua
TL:NIC:event:1912:united-states-marine-occupation,NIC:history-state-filibuster
TL:NIC:event:1927:sandino-s-resistance,NIC:britannica-sandino
TL:NIC:event:1934:assassination-of-sandino,NIC:britannica-sandino
TL:NIC:event:1934:assassination-of-sandino,NIC:britannica-somoza-family
TL:NIC:event:1936:rise-of-the-somoza-dynasty,NIC:britannica-somoza-family
TL:NIC:event:1936:rise-of-the-somoza-dynasty,NIC:britannica-somoza-garcia
TL:NIC:event:1979:sandinista-revolution,NIC:britannica-sandinista
TL:NIC:event:1979:sandinista-revolution,NIC:britannica-sandinista-government
TL:NIC:event:1979:sandinista-revolution,NIC:britannica-somoza-debayle
TL:NIC:event:1980:the-contra-war,NIC:britannica-contra
TL:NIC:event:1980:the-contra-war,NIC:britannica-sandinista-government
TL:NIC:event:1987:esquipulas-ii-peace-accord,NIC:britannica-sandinista-government
TL:NIC:event:1990:chamorro-defeats-ortega,NIC:britannica-ortega
TL:NIC:event:1990:chamorro-defeats-ortega,NIC:britannica-sandinista-government
TL:NIC:event:2007:ortega-returns-to-power,NIC:britannica-ortega
TL:NIC:event:2007:ortega-returns-to-power,NIC:britannica-ortega-return
TL:NIC:event:2014:re-election-limits-removed,NIC:britannica-ortega-return
TL:NIC:event:2018:the-2018-crisis,NIC:britannica-ortega-return
TL:NIC:event:2018:the-2018-crisis,NIC:ohchr-nicaragua-2018
TL:NIC:event:2018:the-2018-crisis,NIC:iachr-nicaragua-2018
TL:NIC:event:2021:contested-re-election,NIC:britannica-ortega
TL:NIC:event:2021:contested-re-election,NIC:britannica-ortega-return
TL:NLD:event:57bce:caesar-campaigns-in-the-low-countries,NLD:britannica-netherlands
TL:NLD:event:57bce:caesar-campaigns-in-the-low-countries,NLD:rmo-roman
TL:NLD:event:69:the-batavian-revolt,NLD:britannica-netherlands
TL:NLD:event:69:the-batavian-revolt,NLD:rmo-roman
TL:NLD:event:690:christianisation-of-the-frisians,NLD:britannica-netherlands
TL:NLD:event:1287:st-lucia-s-flood,NLD:britannica-netherlands
TL:NLD:event:1421:st-elizabeth-s-flood,NLD:britannica-st-elizabeth
TL:NLD:event:1421:st-elizabeth-s-flood,NLD:rijksmuseum
TL:NLD:event:1477:habsburg-inheritance,NLD:britannica-netherlands
TL:NLD:event:1543:the-seventeen-provinces-united,NLD:britannica-netherlands
TL:NLD:event:1549:pragmatic-sanction,NLD:britannica-netherlands
TL:NLD:event:1555:abdication-of-charles-v,NLD:britannica-netherlands
TL:NLD:event:1555:abdication-of-charles-v,NLD:britannica-eighty-years-war
TL:NLD:event:1566:the-beeldenstorm-iconoclasm,NLD:britannica-eighty-years-war
TL:NLD:event:1568:eighty-years-war-begins,NLD:britannica-eighty-years-war
TL:NLD:event:1579:union-of-utrecht,NLD:britannica-union-utrecht
TL:NLD:event:1581:act-of-abjuration,NLD:britannica-eighty-years-war
TL:NLD:event:1581:act-of-abjuration,NLD:britannica-union-utrecht
TL:NLD:event:1648:peace-of-munster-westphalia,NLD:britannica-westphalia
TL:NLD:event:1648:peace-of-munster-westphalia,NLD:britannica-eighty-years-war
TL:NLD:event:1602:founding-of-the-voc,NLD:britannica-voc
TL:NLD:event:1621:founding-of-the-dutch-west-india-company,NLD:britannica-netherlands
TL:NLD:event:1621:founding-of-the-dutch-west-india-company,NLD:rijksmuseum-slavery
TL:NLD:event:1642:rembrandt-paints-the-night-watch,NLD:rijksmuseum
TL:NLD:event:1672:the-rampjaar-disaster-year,NLD:britannica-netherlands
TL:NLD:event:1795:the-batavian-republic,NLD:britannica-batavian-republic
TL:NLD:event:1815:kingdom-of-the-netherlands-founded,NLD:royal-house-kingdom
TL:NLD:event:1815:kingdom-of-the-netherlands-founded,NLD:britannica-netherlands
TL:NLD:event:1830:belgian-revolution,NLD:britannica-netherlands
TL:NLD:event:1848:liberal-constitution-of-thorbecke,NLD:britannica-netherlands
TL:NLD:event:1863:abolition-of-slavery,NLD:rijksmuseum-slavery
TL:NLD:event:1863:abolition-of-slavery,NLD:britannica-netherlands
TL:NLD:event:1940:german-invasion-and-occupation,NLD:ushmm-netherlands
TL:NLD:event:1942:the-holocaust-in-the-netherlands,NLD:ushmm-netherlands
TL:NLD:event:1942:the-holocaust-in-the-netherlands,NLD:annefrank-victims
TL:NLD:event:1949:indonesian-independence,NLD:britannica-netherlands
TL:NLD:event:1949:indonesian-independence,NLD:niod-indonesia
TL:NLD:event:1953:north-sea-flood-and-the-delta-works,NLD:britannica-north-sea-flood
TL:NLD:event:1975:suriname-becomes-independent,NLD:britannica-netherlands
TL:NLD:event:1975:suriname-becomes-independent,NLD:rijksmuseum-slavery
TL:NOR:event:872:battle-of-hafrsfjord,NOR:harald-snl
TL:NOR:event:900:control-of-the-coastal-trade-routes,NOR:harald-snl
TL:NOR:event:930:death-of-harald-fairhair-and-fragmentation,NOR:harald-snl
TL:NOR:event:1066:conventional-close-of-the-viking-age,NOR:norway-kiel-britannica
TL:NOR:event:1024:moster-assembly-and-christian-law,NOR:olav-snl
TL:NOR:event:1030:battle-of-stiklestad-and-the-death-of-st-olaf,NOR:olav-snl
TL:NOR:event:1274:the-national-law-of-magnus-the-lawmender,NOR:norway-kiel-britannica
TL:NOR:event:1350:the-hanseatic-kontor-at-bryggen,NOR:bryggen-snl
TL:NOR:event:1350:the-hanseatic-kontor-at-bryggen,NOR:bryggen-unesco
TL:NOR:event:1349:the-black-death-reaches-norway,NOR:kalmar-snl
TL:NOR:event:1349:the-black-death-reaches-norway,NOR:norway-kiel-britannica
TL:NOR:event:1397:the-kalmar-union,NOR:kalmar-snl
TL:NOR:event:1537:norway-reduced-to-a-danish-province,NOR:kalmar-snl
TL:NOR:event:1537:norway-reduced-to-a-danish-province,NOR:norway-kiel-britannica
TL:NOR:event:1814:the-treaty-of-kiel,NOR:kiel-snl
TL:NOR:event:1814:the-treaty-of-kiel,NOR:kiel-event-britannica
TL:NOR:event:1814:the-treaty-of-kiel,NOR:norway-kiel-britannica
TL:NOR:event:1814:the-constitution-of-eidsvoll,NOR:eidsvoll-1814
TL:NOR:event:1814:the-constitution-of-eidsvoll,NOR:norway-union-britannica
TL:NOR:event:1814:union-with-sweden,NOR:eidsvoll-1814
TL:NOR:event:1814:union-with-sweden,NOR:norway-union-britannica
TL:NOR:event:1864:romantic-nationalism-and-a-national-culture,NOR:nasjonalromantikk-snl
TL:NOR:event:1884:parliamentarism-and-the-consular-dispute,NOR:norway-union-britannica
TL:NOR:event:1905:dissolution-of-the-union-with-sweden,NOR:norway-union-britannica
TL:NOR:event:1905:dissolution-of-the-union-with-sweden,NOR:haakon-britannica
TL:NOR:event:1905:election-of-king-haakon-vii,NOR:haakon-britannica
TL:NOR:event:1920:the-svalbard-spitsbergen-treaty,NOR:svalbard-storting
TL:NOR:event:1920:the-svalbard-spitsbergen-treaty,NOR:svalbard-snl
TL:NOR:event:1933:eastern-greenland-case,NOR:greenland-pcij
TL:NOR:event:1940:german-invasion-and-the-quisling-regime,NOR:quisling-regjeringen
TL:NOR:event:1940:german-invasion-and-the-quisling-regime,NOR:norway-ww2-britannica
TL:NOR:event:1949:norway-joins-nato,NOR:norway-ww2-britannica
TL:NOR:event:1969:oil-discovered-at-ekofisk,NOR:ekofisk-industriminne
TL:NOR:event:1972:first-referendum-rejects-the-european-community,NOR:eu-norway-gov
TL:NOR:event:1994:second-referendum-rejects-the-european-union,NOR:eu-norway-gov
TL:NOR:event:2010:barents-sea-delimitation-treaty-with-russia,NOR:barents-regjeringen
TL:NOR:event:2010:barents-sea-delimitation-treaty-with-russia,NOR:barents-faq-regjeringen
TL:NOR:event:2010:barents-sea-delimitation-treaty-with-russia,NOR:barents-asil
TL:NPL:event:450:rise-of-the-licchavi-dynasty,NPL:britannica-licchavi
TL:NPL:event:450:rise-of-the-licchavi-dynasty,NPL:britannica-nepal-history
TL:NPL:event:500:licchavi-stone-inscriptions,NPL:britannica-licchavi
TL:NPL:event:723:traditional-founding-of-kathmandu,NPL:britannica-nepal-history
TL:NPL:event:563bce:birth-of-the-buddha-at-lumbini,NPL:unesco-lumbini
TL:NPL:event:249bce:ashoka-s-pillar-at-lumbini,NPL:unesco-lumbini
TL:NPL:event:1997:lumbini-inscribed-as-world-heritage,NPL:unesco-lumbini
TL:NPL:event:1200:malla-dynasty-rules-the-valley,NPL:britannica-malla
TL:NPL:event:1200:malla-dynasty-rules-the-valley,NPL:britannica-nepal-history
TL:NPL:event:1482:valley-divided-into-three-kingdoms,NPL:britannica-yaksha-malla
TL:NPL:event:1482:valley-divided-into-three-kingdoms,NPL:britannica-malla
TL:NPL:event:1300:the-durbar-squares-and-newar-art,NPL:unesco-kathmandu
TL:NPL:event:1768:conquest-of-the-kathmandu-valley,NPL:britannica-prithvi
TL:NPL:event:1768:conquest-of-the-kathmandu-valley,NPL:britannica-nepal-history
TL:NPL:event:1814:anglo-nepalese-war,NPL:britannica-anglo-nepalese
TL:NPL:event:1814:anglo-nepalese-war,NPL:britannica-sugauli
TL:NPL:event:1816:treaty-of-sugauli,NPL:britannica-sugauli
TL:NPL:event:1816:treaty-of-sugauli,NPL:britannica-anglo-nepalese
TL:NPL:event:1846:jung-bahadur-founds-rana-rule,NPL:britannica-jung-bahadur
TL:NPL:event:1846:jung-bahadur-founds-rana-rule,NPL:britannica-rana
TL:NPL:event:1951:revolution-restores-the-monarchy,NPL:britannica-nepal-fall
TL:NPL:event:1951:revolution-restores-the-monarchy,NPL:britannica-rana
TL:NPL:event:1962:panchayat-autocracy,NPL:britannica-nepal-fall
TL:NPL:event:1990:people-s-movement-restores-democracy,NPL:britannica-nepal-fall
TL:NPL:event:1996:maoist-insurgency,NPL:britannica-nepal-fall
TL:NPL:event:2008:monarchy-abolished-republic-declared,NPL:britannica-nepal-fall
TL:NPL:event:2008:monarchy-abolished-republic-declared,NPL:britannica-nepal-federal
TL:NPL:event:2015:gorkha-earthquake,NPL:usgs-gorkha
TL:NPL:event:2015:gorkha-earthquake,NPL:britannica-quake-2015
TL:NPL:event:2015:gorkha-earthquake,NPL:unesco-kathmandu
TL:NPL:event:2015:federal-constitution-promulgated,NPL:britannica-nepal-federal
TL:NZL:event:1300:polynesian-voyagers-settle-aotearoa,NZL:nzh-voyaging
TL:NZL:event:1300:polynesian-voyagers-settle-aotearoa,NZL:teara-arrival
TL:NZL:event:1300:polynesian-voyagers-settle-aotearoa,NZL:brit-nz
TL:NZL:event:1350:the-maori-world-takes-shape,NZL:teara-arrival
TL:NZL:event:1350:the-maori-world-takes-shape,NZL:brit-nz
TL:NZL:event:1500:settlement-of-the-chatham-islands,NZL:nzh-voyaging
TL:NZL:event:1500:settlement-of-the-chatham-islands,NZL:teara-arrival
TL:NZL:event:1642:abel-tasman-sights-new-zealand,NZL:nzh-european
TL:NZL:event:1642:abel-tasman-sights-new-zealand,NZL:teara-european
TL:NZL:event:1642:abel-tasman-sights-new-zealand,NZL:brit-nz
TL:NZL:event:1769:james-cook-charts-the-islands,NZL:nzh-european
TL:NZL:event:1769:james-cook-charts-the-islands,NZL:teara-european
TL:NZL:event:1769:james-cook-charts-the-islands,NZL:brit-nz
TL:NZL:event:1814:first-christian-mission,NZL:nzh-marsden
TL:NZL:event:1814:first-christian-mission,NZL:teara-marsden
TL:NZL:event:1820:the-musket-wars,NZL:teara-musket
TL:NZL:event:1820:the-musket-wars,NZL:nzh-terauparaha
TL:NZL:event:1840:treaty-of-waitangi-signed,NZL:nzh-treaty-differences
TL:NZL:event:1840:treaty-of-waitangi-signed,NZL:teara-tiriti
TL:NZL:event:1840:treaty-of-waitangi-signed,NZL:brit-nz
TL:NZL:event:1860:the-new-zealand-wars,NZL:brit-nz-wars
TL:NZL:event:1860:the-new-zealand-wars,NZL:teara-nz-wars
TL:NZL:event:1863:land-confiscation-legalised-raupatu,NZL:nzh-raupatu
TL:NZL:event:1863:land-confiscation-legalised-raupatu,NZL:teara-nz-wars
TL:NZL:event:1882:first-refrigerated-meat-shipment,NZL:brit-nz
TL:NZL:event:1893:women-win-the-vote,NZL:nzh-suffrage
TL:NZL:event:1893:women-win-the-vote,NZL:brit-sheppard
TL:NZL:event:1907:new-zealand-becomes-a-dominion,NZL:nzh-statute
TL:NZL:event:1907:new-zealand-becomes-a-dominion,NZL:brit-nz
TL:NZL:event:1915:gallipoli-and-the-anzac-legend,NZL:brit-nz
TL:NZL:event:1938:the-welfare-state,NZL:teara-social-security
TL:NZL:event:1938:the-welfare-state,NZL:brit-nz
TL:NZL:event:1947:statute-of-westminster-adopted,NZL:nzh-statute
TL:NZL:event:1947:statute-of-westminster-adopted,NZL:brit-nz
TL:NZL:event:1975:waitangi-tribunal-established,NZL:teara-tribunal
TL:NZL:event:1975:waitangi-tribunal-established,NZL:nzh-treaty-differences
TL:NZL:event:1987:te-reo-maori-made-official,NZL:teara-tereo
TL:NZL:event:1987:te-reo-maori-made-official,NZL:teara-tribunal
TL:NZL:event:1995:waikato-tainui-settlement-and-crown-apology,NZL:teara-settlements
TL:NZL:event:1995:waikato-tainui-settlement-and-crown-apology,NZL:nzh-raupatu
TL:NZL:event:1993:unesco-world-heritage-recognition,NZL:unesco-tongariro
TL:NZL:event:1993:unesco-world-heritage-recognition,NZL:unesco-tewahipounamu
TL:OMN:event:2300bce:magan-supplies-copper-to-mesopotamia,OMN:loc-ancient-oman
TL:OMN:event:2300bce:magan-supplies-copper-to-mesopotamia,OMN:britannica-oman
TL:OMN:event:3000bce:beehive-tombs-and-towers-at-bat,OMN:unesco-bat
TL:OMN:event:2000bce:the-frankincense-trade-flourishes-in-dhofar,OMN:unesco-frankincense
TL:OMN:event:2000bce:the-frankincense-trade-flourishes-in-dhofar,OMN:loc-ancient-oman
TL:OMN:event:300bce:khor-rori-and-the-incense-ports,OMN:unesco-frankincense
TL:OMN:event:630:oman-accepts-islam,OMN:britannica-oman
TL:OMN:event:630:oman-accepts-islam,OMN:fanack-imamates
TL:OMN:event:750:the-first-ibadi-imamate,OMN:fanack-imamates
TL:OMN:event:750:the-first-ibadi-imamate,OMN:britannica-ibadiyyah
TL:OMN:event:751:ibadism-becomes-oman-s-defining-school,OMN:britannica-ibadiyyah
TL:OMN:event:751:ibadism-becomes-oman-s-defining-school,OMN:fanack-imamates
TL:OMN:event:1507:albuquerque-captures-muscat,OMN:britannica-oman
TL:OMN:event:1507:albuquerque-captures-muscat,OMN:loc-ancient-oman
TL:OMN:event:1624:rise-of-the-yarubid-imamate,OMN:britannica-yarubid
TL:OMN:event:1624:rise-of-the-yarubid-imamate,OMN:britannica-oman
TL:OMN:event:1650:expulsion-of-the-portuguese-from-muscat,OMN:britannica-yarubid
TL:OMN:event:1650:expulsion-of-the-portuguese-from-muscat,OMN:britannica-oman
TL:OMN:event:1737:persian-invasion-amid-yarubid-civil-war,OMN:britannica-oman
TL:OMN:event:1737:persian-invasion-amid-yarubid-civil-war,OMN:britannica-ahmad
TL:OMN:event:1744:ahmad-bin-said-founds-the-al-bu-said-dynasty,OMN:britannica-ahmad
TL:OMN:event:1744:ahmad-bin-said-founds-the-al-bu-said-dynasty,OMN:britannica-albusaid
TL:OMN:event:1833:treaty-of-amity-and-commerce-with-the-united,OMN:usembassy-history
TL:OMN:event:1833:treaty-of-amity-and-commerce-with-the-united,OMN:britannica-said
TL:OMN:event:1840:said-bin-sultan-moves-the-capital-to-zanzibar,OMN:britannica-said
TL:OMN:event:1840:said-bin-sultan-moves-the-capital-to-zanzibar,OMN:britannica-albusaid
TL:OMN:event:1856:death-of-said-and-the-split-of-the-empire,OMN:britannica-said
TL:OMN:event:1856:death-of-said-and-the-split-of-the-empire,OMN:britannica-albusaid
TL:OMN:event:1861:zanzibar-separated-from-oman,OMN:britannica-albusaid
TL:OMN:event:1861:zanzibar-separated-from-oman,OMN:britannica-said
TL:OMN:event:1932:accession-of-sultan-said-bin-taimur,OMN:britannica-said-taimur
TL:OMN:event:1932:accession-of-sultan-said-bin-taimur,OMN:britannica-oman
TL:OMN:event:1965:outbreak-of-the-dhofar-rebellion,OMN:britannica-oman
TL:OMN:event:1965:outbreak-of-the-dhofar-rebellion,OMN:loc-ancient-oman
TL:OMN:event:1967:oil-exports-begin,OMN:britannica-restoration
TL:OMN:event:1967:oil-exports-begin,OMN:britannica-oman
TL:OMN:event:1970:qaboos-accedes-in-a-palace-coup,OMN:britannica-qaboos
TL:OMN:event:1970:qaboos-accedes-in-a-palace-coup,OMN:britannica-restoration
TL:OMN:event:1975:defeat-of-the-dhofar-rebellion,OMN:britannica-oman
TL:OMN:event:1975:defeat-of-the-dhofar-rebellion,OMN:britannica-restoration
TL:OMN:event:1996:promulgation-of-the-basic-law,OMN:britannica-qaboos
TL:OMN:event:1996:promulgation-of-the-basic-law,OMN:britannica-restoration
TL:OMN:event:2020:death-of-qaboos-and-accession-of-haitham,OMN:britannica-haitham
TL:OMN:event:2020:death-of-qaboos-and-accession-of-haitham,OMN:britannica-qaboos
TL:OMN:event:2021:new-basic-statute-and-vision-2040,OMN:britannica-haitham
TL:OMN:event:2021:new-basic-statute-and-vision-2040,OMN:oman-fm-history
TL:PAK:event:2600bce:mature-phase-of-the-indus-cities,PAK:britannica-indus
TL:PAK:event:2600bce:mature-phase-of-the-indus-cities,PAK:britannica-mohenjodaro
TL:PAK:event:2600bce:mohenjo-daro-flourishes,PAK:unesco-mohenjodaro
TL:PAK:event:2600bce:mohenjo-daro-flourishes,PAK:britannica-mohenjodaro
TL:PAK:event:1900bce:decline-of-the-harappan-cities,PAK:britannica-indus
TL:PAK:event:518bce:achaemenid-persia-annexes-the-indus-lands,PAK:loc-pakistan
TL:PAK:event:518bce:achaemenid-persia-annexes-the-indus-lands,PAK:britannica-taxila
TL:PAK:event:326bce:alexander-defeats-porus-at-the-hydaspes,PAK:britannica-taxila
TL:PAK:event:326bce:alexander-defeats-porus-at-the-hydaspes,PAK:loc-pakistan
TL:PAK:event:127:kanishka-and-the-gandhara-golden-age,PAK:britannica-kanishka
TL:PAK:event:127:kanishka-and-the-gandhara-golden-age,PAK:britannica-taxila
TL:PAK:event:711:muhammad-ibn-qasim-conquers-sindh,PAK:loc-pakistan
TL:PAK:event:1206:rise-of-the-delhi-sultanate,PAK:loc-pakistan
TL:PAK:event:1526:babur-founds-the-mughal-empire,PAK:britannica-mughal
TL:PAK:event:1526:babur-founds-the-mughal-empire,PAK:loc-pakistan
TL:PAK:event:1671:badshahi-mosque-built-at-lahore,PAK:unesco-lahore
TL:PAK:event:1671:badshahi-mosque-built-at-lahore,PAK:britannica-mughal
TL:PAK:event:1849:britain-annexes-the-punjab,PAK:loc-pakistan
TL:PAK:event:1906:founding-of-the-all-india-muslim-league,PAK:loc-pakistan
TL:PAK:event:1906:founding-of-the-all-india-muslim-league,PAK:britannica-jinnah
TL:PAK:event:1940:the-lahore-resolution,PAK:britannica-jinnah
TL:PAK:event:1940:the-lahore-resolution,PAK:loc-pakistan
TL:PAK:event:1947:indian-independence-act-passed,PAK:britannica-independenceact
TL:PAK:event:1947:independence-of-pakistan,PAK:britannica-jinnah
TL:PAK:event:1947:independence-of-pakistan,PAK:britannica-independenceact
TL:PAK:event:1947:partition-migration-and-violence,PAK:britannica-radcliffe
TL:PAK:event:1947:partition-migration-and-violence,PAK:britannica-independenceact
TL:PAK:event:1951:assassination-of-liaquat-ali-khan,PAK:britannica-liaquat
TL:PAK:event:1958:ayub-khan-s-military-coup,PAK:loc-pakistan
TL:PAK:event:1958:ayub-khan-s-military-coup,PAK:britannica-zia
TL:PAK:event:1971:loss-of-east-pakistan-and-birth-of-bangladesh,PAK:britannica-bangladesh
TL:PAK:event:1971:loss-of-east-pakistan-and-birth-of-bangladesh,PAK:britannica-1971war
TL:PAK:event:1979:execution-of-zulfikar-ali-bhutto,PAK:britannica-bhutto
TL:PAK:event:1979:execution-of-zulfikar-ali-bhutto,PAK:britannica-zia
TL:PAK:event:1998:pakistan-conducts-nuclear-tests,PAK:loc-pakistan
TL:PAK:event:2007:assassination-of-benazir-bhutto,PAK:britannica-bhutto
TL:PAN:event:1501:spanish-reach-the-isthmus,PAN:loc-panama
TL:PAN:event:1501:spanish-reach-the-isthmus,PAN:britannica-panama
TL:PAN:event:1513:balboa-sights-the-pacific,PAN:britannica-balboa
TL:PAN:event:1519:balboa-executed,PAN:britannica-balboa
TL:PAN:event:1519:founding-of-panama-viejo,PAN:unesco-panama-viejo
TL:PAN:event:1519:founding-of-panama-viejo,PAN:britannica-panama
TL:PAN:event:1597:trade-shifts-to-portobelo,PAN:unesco-portobelo
TL:PAN:event:1597:trade-shifts-to-portobelo,PAN:loc-panama
TL:PAN:event:1671:henry-morgan-sacks-panama,PAN:britannica-morgan
TL:PAN:event:1671:henry-morgan-sacks-panama,PAN:unesco-panama-viejo
TL:PAN:event:1821:independence-from-spain-and-union,PAN:britannica-panama
TL:PAN:event:1821:independence-from-spain-and-union,PAN:loc-panama
TL:PAN:event:1855:panama-railroad-completed,PAN:loc-panama
TL:PAN:event:1855:panama-railroad-completed,PAN:britannica-panama
TL:PAN:event:1880:french-canal-attempt-fails,PAN:state-building-canal
TL:PAN:event:1880:french-canal-attempt-fails,PAN:britannica-panama
TL:PAN:event:1903:separation-from-colombia,PAN:state-panama-canal
TL:PAN:event:1903:separation-from-colombia,PAN:britannica-hay-bunau-varilla
TL:PAN:event:1903:hay-bunau-varilla-treaty,PAN:britannica-hay-bunau-varilla
TL:PAN:event:1903:hay-bunau-varilla-treaty,PAN:state-panama-canal
TL:PAN:event:1914:panama-canal-opens,PAN:state-building-canal
TL:PAN:event:1914:panama-canal-opens,PAN:britannica-panama
TL:PAN:event:1964:the-flag-riots,PAN:state-panama-canal
TL:PAN:event:1964:the-flag-riots,PAN:britannica-panama
TL:PAN:event:1968:torrijos-takes-power,PAN:britannica-torrijos
TL:PAN:event:1968:torrijos-takes-power,PAN:loc-panama
TL:PAN:event:1977:torrijos-carter-treaties,PAN:state-panama-canal
TL:PAN:event:1977:torrijos-carter-treaties,PAN:britannica-torrijos
TL:PAN:event:1989:u-s-invasion-ousts-noriega,PAN:britannica-just-cause
TL:PAN:event:1999:canal-transferred-to-panama,PAN:state-panama-canal
TL:PAN:event:1999:canal-transferred-to-panama,PAN:britannica-panama
TL:PAN:event:2000:panama-administers-the-canal,PAN:state-panama-canal
TL:PAN:event:2000:panama-administers-the-canal,PAN:britannica-panama
TL:PAN:event:2016:expanded-canal-opens,PAN:britannica-canal-expansion
TL:PAN:event:2016:expanded-canal-opens,PAN:britannica-panama
TL:PER:event:3000bce:the-sacred-city-of-caral-supe,PER:unesco-caral
TL:PER:event:3000bce:the-sacred-city-of-caral-supe,PER:britannica-peru-history
TL:PER:event:900bce:rise-of-chavin-de-huantar,PER:unesco-chavin
TL:PER:event:900bce:rise-of-chavin-de-huantar,PER:britannica-peru-history
TL:PER:event:100:moche-and-nazca-cultures,PER:unesco-nazca
TL:PER:event:100:moche-and-nazca-cultures,PER:britannica-peru-history
TL:PER:event:600:the-wari-state,PER:britannica-peru-history
TL:PER:event:1438:pachacuti-transforms-the-inca-state,PER:britannica-pachacuti
TL:PER:event:1438:pachacuti-transforms-the-inca-state,PER:britannica-peru-history
TL:PER:event:1450:building-of-machu-picchu,PER:unesco-machu-picchu
TL:PER:event:1471:empire-at-its-height,PER:britannica-pachacuti
TL:PER:event:1471:empire-at-its-height,PER:unesco-cusco
TL:PER:event:1529:inca-civil-war,PER:britannica-atahualpa
TL:PER:event:1532:capture-of-atahualpa-at-cajamarca,PER:britannica-cajamarca
TL:PER:event:1532:capture-of-atahualpa-at-cajamarca,PER:britannica-pizarro
TL:PER:event:1533:execution-of-atahualpa,PER:britannica-atahualpa
TL:PER:event:1533:execution-of-atahualpa,PER:britannica-pizarro
TL:PER:event:1535:founding-of-lima,PER:britannica-viceroyalty-peru
TL:PER:event:1535:founding-of-lima,PER:britannica-pizarro
TL:PER:event:1542:viceroyalty-of-peru-established,PER:britannica-viceroyalty-peru
TL:PER:event:1545:the-silver-of-potosi,PER:britannica-viceroyalty-peru
TL:PER:event:1545:the-silver-of-potosi,PER:britannica-peru-history
TL:PER:event:1780:revolt-of-tupac-amaru-ii,PER:britannica-tupac-amaru-ii
TL:PER:event:1780:revolt-of-tupac-amaru-ii,PER:britannica-peru-history
TL:PER:event:1781:execution-of-tupac-amaru-ii,PER:britannica-tupac-amaru-ii
TL:PER:event:1821:independence-proclaimed-by-san-martin,PER:britannica-peru-independence
TL:PER:event:1821:independence-proclaimed-by-san-martin,PER:britannica-san-martin
TL:PER:event:1824:battle-of-junin,PER:britannica-peru-independence
TL:PER:event:1824:battle-of-ayacucho,PER:britannica-ayacucho
TL:PER:event:1824:battle-of-ayacucho,PER:britannica-peru-independence
TL:PER:event:1840:the-guano-boom,PER:britannica-peru-history
TL:PER:event:1879:war-of-the-pacific,PER:britannica-war-pacific
TL:PER:event:1879:war-of-the-pacific,PER:britannica-peru-history
TL:PER:event:1883:treaty-of-ancon,PER:britannica-war-pacific
TL:PER:event:1919:the-leguia-era,PER:britannica-peru-history
TL:PER:event:1924:founding-of-the-aprista-movement,PER:britannica-peru-history
TL:PER:event:1968:velasco-and-the-military-reforms,PER:britannica-peru-history
TL:PER:event:1980:shining-path-launches-its-insurgency,PER:britannica-shining-path
TL:PER:event:1980:shining-path-launches-its-insurgency,PER:britannica-guzman
TL:PER:event:1992:capture-of-abimael-guzman,PER:britannica-guzman
TL:PER:event:1992:capture-of-abimael-guzman,PER:britannica-shining-path
TL:PER:event:2003:truth-and-reconciliation-commission-report,PER:britannica-shining-path
TL:PER:event:2003:truth-and-reconciliation-commission-report,PER:britannica-peru-history
TL:PER:event:2022:impeachment-of-pedro-castillo,PER:britannica-peru-history
TL:PER:event:2022:impeachment-of-pedro-castillo,PER:britannica-peru-government
TL:PHL:event:900:the-laguna-copperplate-inscription,PHL:britannica-philippines
TL:PHL:event:1457:founding-of-the-sultanate-of-sulu,PHL:britannica-sulu
TL:PHL:event:1515:islam-consolidates-in-maguindanao,PHL:britannica-maguindanao
TL:PHL:event:1565:legazpi-founds-the-first-spanish-settlement-at,PHL:britannica-spanish-period
TL:PHL:event:1571:founding-of-manila,PHL:britannica-spanish-period
TL:PHL:event:1565:the-manila-acapulco-galleon-trade,PHL:britannica-galleon
TL:PHL:event:1892:founding-of-the-katipunan,PHL:britannica-revolution
TL:PHL:event:1896:outbreak-of-the-philippine-revolution,PHL:britannica-revolution
TL:PHL:event:1896:execution-of-jose-rizal,PHL:nhcp-rizal
TL:PHL:event:1896:execution-of-jose-rizal,PHL:britannica-revolution
TL:PHL:event:1898:declaration-of-philippine-independence,PHL:britannica-independence-day
TL:PHL:event:1898:declaration-of-philippine-independence,PHL:loc-aguinaldo
TL:PHL:event:1898:treaty-of-paris-spain-cedes-the-philippines-to,PHL:statedept-philamwar
TL:PHL:event:1899:the-philippine-american-war,PHL:statedept-philamwar
TL:PHL:event:1899:the-philippine-american-war,PHL:britannica-philamwar
TL:PHL:event:1935:establishment-of-the-commonwealth,PHL:britannica-philamwar
TL:PHL:event:1942:japanese-occupation,PHL:ww2museum-1946
TL:PHL:event:1946:independence-of-the-republic-of-the-philippines,PHL:statedept-philippines
TL:PHL:event:1946:independence-of-the-republic-of-the-philippines,PHL:ww2museum-1946
TL:PHL:event:1972:marcos-declares-martial-law,PHL:britannica-martial-law
TL:PHL:event:1972:marcos-declares-martial-law,PHL:britannica-marcos
TL:PHL:event:1986:people-power-revolution,PHL:britannica-marcos
TL:PHL:event:1987:new-democratic-constitution,PHL:britannica-philippines
TL:PHL:event:2022:return-of-the-marcos-name-to-power,PHL:britannica-marcos
TL:PNG:event:50000bce:first-settlement-of-new-guinea,PNG:brit-png
TL:PNG:event:50000bce:first-settlement-of-new-guinea,PNG:brit-png-history
TL:PNG:event:5000bce:independent-invention-of-agriculture-at-kuk,PNG:unesco-kuk
TL:PNG:event:5000bce:independent-invention-of-agriculture-at-kuk,PNG:brit-kuk
TL:PNG:event:500bce:austronesian-speakers-reach-the-coasts,PNG:bbc-png
TL:PNG:event:1000bce:more-than-800-languages-emerge,PNG:brit-png-languages
TL:PNG:event:1000bce:more-than-800-languages-emerge,PNG:brit-png
TL:PNG:event:1526:the-first-european-visitor,PNG:bbc-png
TL:PNG:event:1800:the-kula-ring-and-the-trading-seas,PNG:bbc-png
TL:PNG:event:1873:traders-missionaries-and-labour-recruiters,PNG:slnsw-png
TL:PNG:event:1873:traders-missionaries-and-labour-recruiters,PNG:brit-png-history
TL:PNG:event:1884:the-island-is-partitioned,PNG:brit-png-colonial
TL:PNG:event:1884:the-island-is-partitioned,PNG:natarchives-uk-png
TL:PNG:event:1895:gold-on-the-mambare,PNG:bbc-png
TL:PNG:event:1906:australia-takes-over-papua,PNG:brit-png-colonial
TL:PNG:event:1906:australia-takes-over-papua,PNG:peo-papua
TL:PNG:event:1914:australia-occupies-german-new-guinea,PNG:brit-png-colonial
TL:PNG:event:1914:australia-occupies-german-new-guinea,PNG:natarchives-uk-png
TL:PNG:event:1921:league-of-nations-mandate-over-new-guinea,PNG:brit-png-colonial
TL:PNG:event:1921:league-of-nations-mandate-over-new-guinea,PNG:brit-mandate
TL:PNG:event:1926:the-bulolo-gold-rush,PNG:bbc-png
TL:PNG:event:1933:first-contact-in-the-highlands,PNG:brit-png-history
TL:PNG:event:1933:first-contact-in-the-highlands,PNG:brit-png
TL:PNG:event:1942:the-kokoda-track-campaign,PNG:awm-kokoda
TL:PNG:event:1942:the-kokoda-track-campaign,PNG:anzac-kokoda
TL:PNG:event:1942:papuan-carriers-and-soldiers,PNG:awm-kokoda
TL:PNG:event:1942:papuan-carriers-and-soldiers,PNG:anzac-kokoda
TL:PNG:event:1944:the-bougainville-campaign,PNG:awm-bougainville-ww2
TL:PNG:event:1944:the-bougainville-campaign,PNG:anzac-kokoda
TL:PNG:event:1945:papua-and-new-guinea-united,PNG:brit-png-colonial
TL:PNG:event:1945:papua-and-new-guinea-united,PNG:naa-png-independence
TL:PNG:event:1961:the-first-elections-with-indigenous-voters,PNG:bbc-png
TL:PNG:event:1963:west-new-guinea-transferred-to-indonesia,PNG:bbc-png
TL:PNG:event:1964:an-elected-indigenous-majority,PNG:bbc-png
TL:PNG:event:1971:the-country-is-named-papua-new-guinea,PNG:bbc-png
TL:PNG:event:1973:internal-self-government,PNG:naa-png-independence
TL:PNG:event:1973:internal-self-government,PNG:brit-png-history
TL:PNG:event:1975:independence,PNG:naa-png-independence
TL:PNG:event:1975:independence,PNG:statedept-png
TL:PNG:event:1988:the-bougainville-conflict,PNG:concil-bougainville
TL:PNG:event:1988:the-bougainville-conflict,PNG:globalsec-bougainville
TL:PNG:event:1997:sandline-the-mutiny-and-the-burnham-truce,PNG:bbc-png
TL:PNG:event:2001:bougainville-peace-agreement,PNG:concil-bougainville
TL:PNG:event:2001:bougainville-peace-agreement,PNG:unimelb-bougainville
TL:PNG:event:2019:bougainville-independence-referendum,PNG:unimelb-bougainville
TL:PNG:event:2019:bougainville-independence-referendum,PNG:cnn-bougainville
TL:POL:event:966:the-baptism-of-poland,POL:mieszko-britannica
TL:POL:event:966:the-baptism-of-poland,POL:culture-baptism
TL:POL:event:1000:congress-of-gniezno,POL:poland-history-britannica
TL:POL:event:1025:coronation-of-boleslaw-i-the-brave,POL:poland-history-britannica
TL:POL:event:1025:coronation-of-boleslaw-i-the-brave,POL:pma-crown
TL:POL:event:1138:testament-of-boleslaw-iii-and-fragmentation,POL:poland-history-britannica
TL:POL:event:1333:reign-of-casimir-iii-the-great,POL:casimir-britannica
TL:POL:event:1333:reign-of-casimir-iii-the-great,POL:poland-history-britannica
TL:POL:event:1385:union-of-krewo-and-the-jagiellonian-dynasty,POL:poland-history-britannica
TL:POL:event:1385:union-of-krewo-and-the-jagiellonian-dynasty,POL:lublin-britannica
TL:POL:event:1410:battle-of-grunwald,POL:grunwald-britannica
TL:POL:event:1543:copernicus-publishes-on-the-revolutions,POL:copernicus-britannica
TL:POL:event:1569:union-of-lublin,POL:lublin-britannica
TL:POL:event:1569:union-of-lublin,POL:lublin-unesco
TL:POL:event:1683:relief-of-vienna,POL:sobieski-britannica
TL:POL:event:1655:the-deluge,POL:deluge-reference
TL:POL:event:1655:the-deluge,POL:poland-history-britannica
TL:POL:event:1772:the-partitions-of-poland,POL:partitions-britannica
TL:POL:event:1772:the-partitions-of-poland,POL:constitution1791-reference
TL:POL:event:1815:congress-of-vienna-and-the-congress-kingdom,POL:partitioned-poland-reference
TL:POL:event:1815:congress-of-vienna-and-the-congress-kingdom,POL:partitions-britannica
TL:POL:event:1830:the-november-uprising,POL:partitioned-poland-reference
TL:POL:event:1863:the-january-uprising,POL:partitioned-poland-reference
TL:POL:event:1918:restoration-of-independence,POL:partitioned-poland-reference
TL:POL:event:1918:restoration-of-independence,POL:partitions-britannica
TL:POL:event:1920:battle-of-warsaw,POL:pilsudski-britannica
TL:POL:event:1920:battle-of-warsaw,POL:partitions-britannica
TL:POL:event:1939:german-and-soviet-invasion-of-poland,POL:invasion-ushmm
TL:POL:event:1939:german-and-soviet-invasion-of-poland,POL:invasion-britannica
TL:POL:event:1940:auschwitz-birkenau-and-the-holocaust-on-polish,POL:auschwitz-unesco
TL:POL:event:1940:auschwitz-birkenau-and-the-holocaust-on-polish,POL:polish-victims-ushmm
TL:POL:event:1944:the-warsaw-uprising,POL:polish-victims-ushmm
TL:POL:event:1947:establishment-of-communist-rule,POL:walesa-britannica
TL:POL:event:1947:establishment-of-communist-rule,POL:solidarity-britannica
TL:POL:event:1980:birth-of-solidarity,POL:solidarity-britannica
TL:POL:event:1980:birth-of-solidarity,POL:walesa-britannica
TL:POL:event:1981:martial-law,POL:solidarity-britannica
TL:POL:event:1981:martial-law,POL:walesa-britannica
TL:POL:event:1989:semi-free-elections-and-the-fall-of-communism,POL:solidarity-britannica
TL:POL:event:1989:semi-free-elections-and-the-fall-of-communism,POL:walesa-britannica
TL:POL:event:2004:accession-to-the-european-union,POL:poland-eu-gov
TL:PRI:event:1000:taino-settle-boriken,PRI:britannica-pr-history
TL:PRI:event:1493:columbus-claims-the-island,PRI:britannica-pr-history
TL:PRI:event:1508:ponce-de-leon-founds-caparra,PRI:britannica-ponce-de-leon
TL:PRI:event:1508:ponce-de-leon-founds-caparra,PRI:britannica-caparra
TL:PRI:event:1539:el-morro-and-the-fortification-of-san-juan,PRI:nps-saju-elmorro
TL:PRI:event:1539:el-morro-and-the-fortification-of-san-juan,PRI:unesco-la-fortaleza
TL:PRI:event:1595:el-morro-repels-francis-drake,PRI:nps-saju-elmorro
TL:PRI:event:1868:grito-de-lares,PRI:loc-lares-1868
TL:PRI:event:1873:abolition-of-slavery,PRI:loc-lares-1868
TL:PRI:event:1897:charter-of-autonomy,PRI:loc-lares-1868
TL:PRI:event:1897:charter-of-autonomy,PRI:loc-1898-pr-overview
TL:PRI:event:1898:treaty-of-paris-cedes-puerto-rico,PRI:history-state-spanish-american-war
TL:PRI:event:1898:treaty-of-paris-cedes-puerto-rico,PRI:loc-treaty-of-paris
TL:PRI:event:1898:u-s-takes-control-of-puerto-rico,PRI:loc-1898-pr-overview
TL:PRI:event:1898:u-s-takes-control-of-puerto-rico,PRI:britannica-us-rule
TL:PRI:event:1917:jones-shafroth-act-grants-citizenship,PRI:loc-jones-act
TL:PRI:event:1917:jones-shafroth-act-grants-citizenship,PRI:britannica-jones-act
TL:PRI:event:1930:albizu-campos-leads-the-nationalists,PRI:britannica-albizu-campos
TL:PRI:event:1948:first-elected-governor,PRI:britannica-munoz-marin
TL:PRI:event:1948:first-elected-governor,PRI:britannica-commonwealth
TL:PRI:event:1952:commonwealth-established,PRI:britannica-commonwealth
TL:PRI:event:1952:commonwealth-established,PRI:loc-pr-constitution
TL:PRI:event:1967:status-plebiscites,PRI:britannica-status-debate
TL:PRI:event:2003:u-s-navy-leaves-vieques,PRI:britannica-status-debate
TL:PRI:event:2016:debt-crisis-and-promesa,PRI:britannica-status-debate
TL:PRI:event:2017:hurricane-maria,PRI:britannica-hurricane-maria
TL:PRI:event:2017:statehood-plebiscites,PRI:britannica-status-debate
TL:PRK:event:2333bce:legendary-founding-of-gojoseon,PRK:korea-place
TL:PRK:event:2333bce:legendary-founding-of-gojoseon,PRK:gojoseon-whe
TL:PRK:event:668:silla-unifies-the-peninsula,PRK:korea-place
TL:PRK:event:668:silla-unifies-the-peninsula,PRK:three-kingdoms
TL:PRK:event:918:goryeo-dynasty-founded,PRK:korea-place
TL:PRK:event:1392:joseon-dynasty-founded,PRK:joseon-dynasty
TL:PRK:event:1392:joseon-dynasty-founded,PRK:korea-place
TL:PRK:event:1910:japanese-annexation-of-korea,PRK:korea-japanese-rule
TL:PRK:event:1910:japanese-annexation-of-korea,PRK:korea-place
TL:PRK:event:1945:liberation-and-division-at-the-38th-parallel,PRK:state-korean-war
TL:PRK:event:1945:liberation-and-division-at-the-38th-parallel,PRK:archives-korean-conflict
TL:PRK:event:1948:founding-of-the-dprk,PRK:history-north-korea
TL:PRK:event:1948:founding-of-the-dprk,PRK:kim-il-sung
TL:PRK:event:1950:north-korea-invades-the-south,PRK:state-korean-war
TL:PRK:event:1950:north-korea-invades-the-south,PRK:history-state-korean-war-short
TL:PRK:event:1950:china-enters-the-war,PRK:state-korean-war
TL:PRK:event:1950:china-enters-the-war,PRK:history-state-korean-war-short
TL:PRK:event:1953:korean-war-armistice,PRK:state-korean-war
TL:PRK:event:1953:korean-war-armistice,PRK:archives-korean-conflict
TL:PRK:event:1972:socialist-constitution-adopted,PRK:juche
TL:PRK:event:1972:socialist-constitution-adopted,PRK:history-north-korea
TL:PRK:event:1980:kim-jong-il-designated-successor,PRK:kim-jong-il
TL:PRK:event:1980:kim-jong-il-designated-successor,PRK:history-north-korea
TL:PRK:event:1991:north-and-south-korea-join-the-un,PRK:un-membership
TL:PRK:event:1991:north-and-south-korea-join-the-un,PRK:history-north-korea
TL:PRK:event:1994:death-of-kim-il-sung,PRK:kim-il-sung
TL:PRK:event:1994:death-of-kim-il-sung,PRK:kim-jong-il
TL:PRK:event:1994:the-arduous-march-famine,PRK:history-north-korea
TL:PRK:event:1994:the-arduous-march-famine,PRK:loc-country-study
TL:PRK:event:2000:first-inter-korean-summit,PRK:history-north-korea
TL:PRK:event:2000:first-inter-korean-summit,PRK:kim-jong-il
TL:PRK:event:2006:first-nuclear-test,PRK:acatimeline
TL:PRK:event:2006:first-nuclear-test,PRK:crs-nuclear
TL:PRK:event:2011:death-of-kim-jong-il,PRK:kim-jong-il
TL:PRK:event:2011:death-of-kim-jong-il,PRK:kim-jong-un
TL:PRK:event:2017:largest-nuclear-test-and-icbm-launches,PRK:kim-jong-un
TL:PRK:event:2017:largest-nuclear-test-and-icbm-launches,PRK:crs-nuclear
TL:PRK:event:2018:singapore-summit-with-the-united-states,PRK:acatimeline
TL:PRK:event:2018:singapore-summit-with-the-united-states,PRK:kim-jong-un
TL:PRK:event:2019:hanoi-summit-collapses,PRK:acatimeline
TL:PRK:event:2019:hanoi-summit-collapses,PRK:kim-jong-un
TL:PRK:event:2024:south-korea-declared-principal-enemy,PRK:crs-nuclear
TL:PRK:event:2024:south-korea-declared-principal-enemy,PRK:kim-jong-un
TL:PRT:event:1139:battle-of-ourique,PRT:afonso-britannica
TL:PRT:event:1139:battle-of-ourique,PRT:portugal-reconquista-britannica
TL:PRT:event:1143:recognition-of-autonomy-at-zamora,PRT:afonso-britannica
TL:PRT:event:1143:recognition-of-autonomy-at-zamora,PRT:portugal-history-britannica
TL:PRT:event:1147:capture-of-lisbon,PRT:afonso-britannica
TL:PRT:event:1179:papal-recognition-in-manifestis-probatum,PRT:afonso-britannica
TL:PRT:event:1179:papal-recognition-in-manifestis-probatum,PRT:portugal-reconquista-britannica
TL:PRT:event:1297:treaty-of-alcanices,PRT:alcanices-britannica
TL:PRT:event:1297:treaty-of-alcanices,PRT:dinis-britannica
TL:PRT:event:1415:capture-of-ceuta,PRT:henry-britannica
TL:PRT:event:1488:dias-rounds-the-cape-of-good-hope,PRT:dias-britannica
TL:PRT:event:1494:treaty-of-tordesillas,PRT:tordesillas-britannica
TL:PRT:event:1498:vasco-da-gama-reaches-india,PRT:gama-britannica
TL:PRT:event:1500:cabral-reaches-brazil,PRT:cabral-britannica
TL:PRT:event:1578:disaster-at-alcacer-quibir,PRT:iberian-union-britannica
TL:PRT:event:1580:iberian-union-under-philip-ii,PRT:iberian-union-britannica
TL:PRT:event:1640:restoration-and-the-house-of-braganza,PRT:iberian-union-britannica
TL:PRT:event:1668:spain-recognises-independence,PRT:iberian-union-britannica
TL:PRT:event:1668:spain-recognises-independence,PRT:portugal-history-britannica
TL:PRT:event:1755:the-great-lisbon-earthquake,PRT:lisbon-quake-britannica
TL:PRT:event:1755:the-great-lisbon-earthquake,PRT:pombal-britannica
TL:PRT:event:1807:court-flees-to-brazil,PRT:peninsular-britannica
TL:PRT:event:1807:court-flees-to-brazil,PRT:john-vi-britannica
TL:PRT:event:1808:the-peninsular-war,PRT:peninsular-britannica
TL:PRT:event:1822:independence-of-brazil,PRT:pedro-i-britannica
TL:PRT:event:1822:independence-of-brazil,PRT:john-vi-britannica
TL:PRT:event:1932:salazar-and-the-estado-novo,PRT:salazar-britannica
TL:PRT:event:1932:salazar-and-the-estado-novo,PRT:estado-novo-britannica
TL:PRT:event:1801:the-olivenca-dispute,PRT:olivenca-eulex
TL:PRT:event:1801:the-olivenca-dispute,PRT:alcanices-britannica
TL:PRT:event:1974:the-carnation-revolution,PRT:carnation-britannica
TL:PRT:event:1975:decolonisation-of-the-african-empire,PRT:carnation-britannica
TL:PRT:event:1975:decolonisation-of-the-african-empire,PRT:estado-novo-britannica
TL:PRT:event:1986:accession-to-the-european-communities,PRT:portugal-eu
TL:PRT:event:2013:the-savage-islands-maritime-dispute,PRT:selvagens-state
TL:PRY:event:8000bce:peopling-of-the-river-basins,PRY:loc-paraguay-study
TL:PRY:event:8000bce:peopling-of-the-river-basins,PRY:britannica-paraguay
TL:PRY:event:1537:founding-of-asuncion,PRY:britannica-asuncion
TL:PRY:event:1537:founding-of-asuncion,PRY:britannica-paraguay
TL:PRY:event:1541:asuncion-becomes-the-spanish-base,PRY:britannica-asuncion
TL:PRY:event:1609:the-jesuit-reducciones,PRY:britannica-paraguay-colonial
TL:PRY:event:1609:the-jesuit-reducciones,PRY:unesco-jesuit-missions
TL:PRY:event:1750:treaty-of-madrid-and-the-guarani-war,PRY:britannica-paraguay-colonial
TL:PRY:event:1767:expulsion-of-the-jesuits,PRY:britannica-paraguay-colonial
TL:PRY:event:1767:expulsion-of-the-jesuits,PRY:unesco-jesuit-missions
TL:PRY:event:1776:viceroyalty-of-the-rio-de-la-plata,PRY:britannica-paraguay-colonial
TL:PRY:event:1811:independence-from-spain,PRY:britannica-history-paraguay
TL:PRY:event:1811:independence-from-spain,PRY:britannica-paraguay-colonial
TL:PRY:event:1814:the-dictatorship-of-dr-francia,PRY:britannica-francia
TL:PRY:event:1814:the-dictatorship-of-dr-francia,PRY:britannica-history-paraguay
TL:PRY:event:1841:carlos-antonio-lopez-modernises-paraguay,PRY:britannica-carlos-lopez
TL:PRY:event:1841:carlos-antonio-lopez-modernises-paraguay,PRY:britannica-history-paraguay
TL:PRY:event:1862:francisco-solano-lopez-takes-power,PRY:britannica-solano-lopez
TL:PRY:event:1864:paraguay-invades-mato-grosso,PRY:britannica-triple-alliance
TL:PRY:event:1864:paraguay-invades-mato-grosso,PRY:britannica-solano-lopez
TL:PRY:event:1865:treaty-of-the-triple-alliance,PRY:britannica-triple-alliance
TL:PRY:event:1866:battle-of-tuyuti,PRY:britannica-solano-lopez
TL:PRY:event:1870:death-of-lopez-at-cerro-cora,PRY:britannica-triple-alliance
TL:PRY:event:1870:death-of-lopez-at-cerro-cora,PRY:britannica-solano-lopez
TL:PRY:event:1870:death-of-lopez-at-cerro-cora,PRY:britannica-history-paraguay
TL:PRY:event:1870:rebuilding-and-the-party-system,PRY:britannica-history-paraguay
TL:PRY:event:1932:the-chaco-war,PRY:britannica-chaco-war
TL:PRY:event:1932:the-chaco-war,PRY:britannica-history-paraguay
TL:PRY:event:1947:paraguayan-civil-war,PRY:britannica-history-paraguay
TL:PRY:event:1954:stroessner-seizes-power,PRY:britannica-stroessner
TL:PRY:event:1954:stroessner-seizes-power,PRY:britannica-history-paraguay
TL:PRY:event:1984:itaipu-dam-begins-generating,PRY:britannica-itaipu
TL:PRY:event:1989:overthrow-of-stroessner,PRY:britannica-stroessner
TL:PRY:event:1989:overthrow-of-stroessner,PRY:britannica-history-paraguay
TL:PRY:event:1992:new-democratic-constitution,PRY:britannica-history-paraguay
TL:PRY:event:1992:new-democratic-constitution,PRY:britannica-guarani-language
TL:PRY:event:2008:first-opposition-victory,PRY:britannica-lugo
TL:PSE:event:3000bce:canaanite-city-states-of-the-bronze-age,PSE:britannica-palestine
TL:PSE:event:3000bce:canaanite-city-states-of-the-bronze-age,PSE:wiki-canaan
TL:PSE:event:1175bce:arrival-of-the-philistines,PSE:britannica-philistines
TL:PSE:event:1175bce:arrival-of-the-philistines,PSE:wiki-philistines
TL:PSE:event:586bce:babylonian-conquest-of-jerusalem,PSE:britannica-palestine
TL:PSE:event:539bce:persian-rule-under-the-achaemenids,PSE:britannica-palestine
TL:PSE:event:332bce:hellenistic-conquest,PSE:britannica-palestine
TL:PSE:event:63bce:roman-conquest,PSE:britannica-palestine
TL:PSE:event:135:province-renamed-syria-palaestina,PSE:wiki-syria-palaestina
TL:PSE:event:135:province-renamed-syria-palaestina,PSE:britannica-palestine
TL:PSE:event:326:a-christian-holy-land,PSE:britannica-palestine
TL:PSE:event:638:arab-muslim-conquest-of-jerusalem,PSE:wiki-muslim-conquest-jerusalem
TL:PSE:event:638:arab-muslim-conquest-of-jerusalem,PSE:britannica-palestine
TL:PSE:event:691:building-of-the-dome-of-the-rock,PSE:britannica-dome-of-the-rock
TL:PSE:event:1099:crusaders-capture-jerusalem,PSE:britannica-crusades
TL:PSE:event:1187:saladin-retakes-jerusalem,PSE:britannica-saladin
TL:PSE:event:1187:saladin-retakes-jerusalem,PSE:britannica-crusades
TL:PSE:event:1291:mamluk-rule-established,PSE:britannica-palestine
TL:PSE:event:1517:ottoman-conquest,PSE:britannica-palestine
TL:PSE:event:1882:first-waves-of-zionist-immigration,PSE:britannica-palestine
TL:PSE:event:1882:first-waves-of-zionist-immigration,PSE:un-origins-palestine
TL:PSE:event:1897:first-zionist-congress,PSE:un-origins-palestine
TL:PSE:event:1917:balfour-declaration,PSE:un-origins-palestine
TL:PSE:event:1917:balfour-declaration,PSE:britannica-balfour
TL:PSE:event:1922:british-mandate-for-palestine,PSE:un-origins-palestine
TL:PSE:event:1922:british-mandate-for-palestine,PSE:britannica-palestine
TL:PSE:event:1936:arab-revolt-in-palestine,PSE:britannica-palestine
TL:PSE:event:1947:un-partition-plan-resolution-181,PSE:un-resolution-181
TL:PSE:event:1947:un-partition-plan-resolution-181,PSE:britannica-palestine
TL:PSE:event:1948:the-nakba,PSE:un-about-nakba
TL:PSE:event:1948:the-nakba,PSE:wiki-nakba
TL:PSE:event:1948:the-nakba,PSE:britannica-palestine
TL:PSE:event:1964:founding-of-the-plo,PSE:britannica-plo
TL:PSE:event:1967:israeli-occupation-of-the-west-bank-and-gaza,PSE:britannica-six-day-war
TL:PSE:event:1967:israeli-occupation-of-the-west-bank-and-gaza,PSE:britannica-palestine
TL:PSE:event:1987:first-intifada,PSE:britannica-intifada
TL:PSE:event:1988:declaration-of-the-state-of-palestine,PSE:wiki-declaration-independence
TL:PSE:event:1988:declaration-of-the-state-of-palestine,PSE:britannica-palestine
TL:PSE:event:1993:oslo-accords,PSE:britannica-palestine
TL:PSE:event:2000:second-intifada,PSE:britannica-intifada
TL:PSE:event:2007:blockade-of-the-gaza-strip,PSE:britannica-gaza-blockade
TL:PSE:event:2007:blockade-of-the-gaza-strip,PSE:wiki-gaza-blockade
TL:PSE:event:2012:un-recognition-as-non-member-observer-state,PSE:un-res-67-19
TL:PSE:event:2012:un-recognition-as-non-member-observer-state,PSE:wiki-res-67-19
TL:PSE:event:2023:the-gaza-war,PSE:wiki-gaza-war
TL:PSE:event:2023:the-gaza-war,PSE:ohchr-coi-genocide
TL:PSE:event:2024:icj-provisional-measures-order-in-south-africa,PSE:icj-order-26jan2024
TL:PSE:event:2024:icj-provisional-measures-order-in-south-africa,PSE:icj-case-192
TL:PSE:event:2024:un-special-rapporteur-s-anatomy-of-a-genocide,PSE:un-anatomy-genocide
TL:PSE:event:2024:un-special-rapporteur-s-anatomy-of-a-genocide,PSE:ohchr-albanese-report
TL:PSE:event:2024:amnesty-international-and-human-rights-watch,PSE:amnesty-genocide-report
TL:PSE:event:2024:amnesty-international-and-human-rights-watch,PSE:hrw-genocide-water
TL:PSE:event:2025:un-commission-of-inquiry-finds-genocide,PSE:ohchr-coi-genocide
TL:QAT:event:2000bce:pearling-and-fishing-villages-on-the-gulf-coast,QAT:unesco-zubarah
TL:QAT:event:2000bce:pearling-and-fishing-villages-on-the-gulf-coast,QAT:loc-gulf-studies
TL:QAT:event:1766:founding-of-al-zubarah,QAT:qm-zubarah
TL:QAT:event:1766:founding-of-al-zubarah,QAT:loc-gulf-studies
TL:QAT:event:1811:destruction-of-al-zubarah,QAT:qm-zubarah
TL:QAT:event:1811:destruction-of-al-zubarah,QAT:unesco-zubarah
TL:QAT:event:1867:bahraini-attack-and-the-qatari-bahraini-conflict,QAT:eb-history-qatar
TL:QAT:event:1867:bahraini-attack-and-the-qatari-bahraini-conflict,QAT:diwan-mohammed
TL:QAT:event:1868:british-agreement-with-sheikh-mohammed-bin-thani,QAT:eb-qatar-history
TL:QAT:event:1868:british-agreement-with-sheikh-mohammed-bin-thani,QAT:diwan-mohammed
TL:QAT:event:1871:ottoman-garrison-established,QAT:eb-qatar-history
TL:QAT:event:1871:ottoman-garrison-established,QAT:qatar-gov-wajba
TL:QAT:event:1878:sheikh-jassim-succeeds-as-ruler,QAT:qatar-gov-wajba
TL:QAT:event:1878:sheikh-jassim-succeeds-as-ruler,QAT:diwan-mohammed
TL:QAT:event:1893:battle-of-al-wajba,QAT:qatar-gov-wajba
TL:QAT:event:1893:battle-of-al-wajba,QAT:eb-history-qatar
TL:QAT:event:1916:anglo-qatari-treaty-british-protectorate,QAT:qdl-treaty-1916
TL:QAT:event:1916:anglo-qatari-treaty-british-protectorate,QAT:eb-qatar-history
TL:QAT:event:1935:first-oil-concession-signed,QAT:eb-qatar-history
TL:QAT:event:1939:oil-discovered-at-dukhan,QAT:eb-qatar-history
TL:QAT:event:1949:first-oil-exports-begin,QAT:eb-qatar-history
TL:QAT:event:1949:first-oil-exports-begin,QAT:loc-gulf-studies
TL:QAT:event:1971:independence-from-britain,QAT:soh-qatar
TL:QAT:event:1971:independence-from-britain,QAT:eb-qatar-history
TL:QAT:event:1995:sheikh-hamad-bin-khalifa-takes-power,QAT:eb-hamad
TL:QAT:event:1995:sheikh-hamad-bin-khalifa-takes-power,QAT:eb-qatar-history
TL:QAT:event:1996:al-jazeera-launched,QAT:eb-aljazeera
TL:QAT:event:1996:al-jazeera-launched,QAT:eb-hamad
TL:QAT:event:1997:north-field-lng-development,QAT:eb-qatar-history
TL:QAT:event:2013:hamad-abdicates-in-favour-of-tamim,QAT:eb-hamad
TL:QAT:event:2013:hamad-abdicates-in-favour-of-tamim,QAT:eb-tamim
TL:QAT:event:2013:sheikh-tamim-becomes-emir,QAT:eb-tamim
TL:QAT:event:2017:blockade-by-neighbouring-states,QAT:eb-tamim
TL:QAT:event:2017:blockade-by-neighbouring-states,QAT:eb-qatar-history
TL:QAT:event:2021:al-ula-declaration-ends-the-blockade,QAT:eb-tamim
TL:QAT:event:2022:qatar-hosts-the-fifa-world-cup,QAT:eb-worldcup-2022
TL:QAT:event:2022:qatar-hosts-the-fifa-world-cup,QAT:eb-tamim
TL:ROU:event:82bce:the-dacian-kingdom,ROU:dacia-britannica
TL:ROU:event:82bce:the-dacian-kingdom,ROU:dacian-fortresses-unesco
TL:ROU:event:101:trajan-s-first-dacian-war,ROU:trajan-britannica
TL:ROU:event:101:trajan-s-first-dacian-war,ROU:decebalus-britannica
TL:ROU:event:106:conquest-of-dacia-and-the-roman-province,ROU:decebalus-britannica
TL:ROU:event:106:conquest-of-dacia-and-the-roman-province,ROU:dacia-worldhistory
TL:ROU:event:106:conquest-of-dacia-and-the-roman-province,ROU:history-romania-britannica
TL:ROU:event:113:trajan-s-column-commemorates-the-conquest,ROU:trajans-column-worldhistory
TL:ROU:event:271:aurelian-abandons-dacia,ROU:dacia-worldhistory
TL:ROU:event:271:aurelian-abandons-dacia,ROU:dacia-britannica
TL:ROU:event:1330:basarab-i-founds-wallachia,ROU:walachia-britannica
TL:ROU:event:1359:bogdan-i-founds-moldavia,ROU:walachia-britannica
TL:ROU:event:1475:stephen-the-great-s-victory-at-vaslui,ROU:stephen-britannica
TL:ROU:event:1475:stephen-the-great-s-victory-at-vaslui,ROU:moldavia-churches-unesco
TL:ROU:event:1462:vlad-iii-the-impaler-resists-the-ottomans,ROU:vlad-britannica
TL:ROU:event:1711:the-phanariot-regime,ROU:walachia-britannica
TL:ROU:event:1711:the-phanariot-regime,ROU:history-romania-britannica
TL:ROU:event:1690:horezu-monastery-and-brancovan-art,ROU:horezu-unesco
TL:ROU:event:1859:union-of-the-principalities,ROU:union-actmedia
TL:ROU:event:1864:cuza-s-reforms,ROU:union-actmedia
TL:ROU:event:1878:independence-recognised-at-the-congress-of,ROU:carol-encyclopedia
TL:ROU:event:1878:independence-recognised-at-the-congress-of,ROU:union-actmedia
TL:ROU:event:1881:kingdom-of-romania-proclaimed,ROU:carol-encyclopedia
TL:ROU:event:1916:romania-enters-the-first-world-war,ROU:trianon-britannica
TL:ROU:event:1918:union-of-transylvania-with-romania,ROU:trianon-britannica
TL:ROU:event:1918:greater-romania,ROU:trianon-britannica
TL:ROU:event:1918:greater-romania,ROU:ushmm-romania
TL:ROU:event:1920:treaty-of-trianon,ROU:trianon-britannica
TL:ROU:event:1940:soviet-seizure-of-bessarabia-and-northern,ROU:ushmm-romania
TL:ROU:event:1940:soviet-seizure-of-bessarabia-and-northern,ROU:moldova-romania-origins
TL:ROU:event:1940:second-vienna-award-and-southern-dobruja,ROU:ushmm-romania
TL:ROU:event:1940:romania-joins-the-axis,ROU:ushmm-romania
TL:ROU:event:1940:romania-joins-the-axis,ROU:antonescu-britannica
TL:ROU:event:1947:communist-takeover-and-the-people-s-republic,ROU:ushmm-romania
TL:ROU:event:1947:communist-takeover-and-the-people-s-republic,ROU:ceausescu-ebsco
TL:ROU:event:1965:the-ceausescu-dictatorship,ROU:ceausescu-ebsco
TL:ROU:event:1989:the-romanian-revolution,ROU:ceausescu-ebsco
TL:ROU:event:2004:romania-joins-nato,ROU:nato-2004
TL:ROU:event:2007:accession-to-the-european-union,ROU:eu-ecb-2007
TL:ROU:event:1991:moldova-s-independence-and-the-romanian-bond,ROU:moldova-britannica
TL:ROU:event:1991:moldova-s-independence-and-the-romanian-bond,ROU:moldova-romania-origins
TL:ROU:event:2009:icj-black-sea-boundary-with-ukraine,ROU:icj-black-sea
TL:RUS:event:882:oleg-seizes-kiev-and-founds-kievan-rus,RUS:britannica-russia
TL:RUS:event:882:oleg-seizes-kiev-and-founds-kievan-rus,RUS:britannica-kyivan-rus
TL:RUS:event:988:vladimir-the-great-adopts-orthodox-christianity,RUS:britannica-russia
TL:RUS:event:988:vladimir-the-great-adopts-orthodox-christianity,RUS:wiki-christianization-rus
TL:RUS:event:1019:yaroslav-the-wise-and-the-russkaya-pravda,RUS:britannica-russia
TL:RUS:event:1019:yaroslav-the-wise-and-the-russkaya-pravda,RUS:britannica-kyivan-rus
TL:RUS:event:1237:mongol-invasion-and-the-fall-of-kiev,RUS:britannica-russia
TL:RUS:event:1237:mongol-invasion-and-the-fall-of-kiev,RUS:wiki-batu-khan
TL:RUS:event:1480:the-great-stand-on-the-ugra-ends-the-mongol-yoke,RUS:britannica-russia
TL:RUS:event:1547:ivan-iv-crowned-first-tsar-of-all-russia,RUS:britannica-russia
TL:RUS:event:1547:ivan-iv-crowned-first-tsar-of-all-russia,RUS:britannica-ivan-iv
TL:RUS:event:1552:conquest-of-the-khanate-of-kazan,RUS:britannica-russia
TL:RUS:event:1552:conquest-of-the-khanate-of-kazan,RUS:britannica-ivan-iv
TL:RUS:event:1598:the-time-of-troubles,RUS:britannica-russia
TL:RUS:event:1613:michael-romanov-elected-tsar,RUS:britannica-russia
TL:RUS:event:1639:russian-explorers-reach-the-pacific,RUS:britannica-russia
TL:RUS:event:1721:peter-the-great-proclaims-the-russian-empire,RUS:britannica-russia
TL:RUS:event:1721:peter-the-great-proclaims-the-russian-empire,RUS:britannica-peter
TL:RUS:event:1762:the-reign-of-catherine-the-great,RUS:britannica-russia
TL:RUS:event:1762:the-reign-of-catherine-the-great,RUS:britannica-catherine
TL:RUS:event:1812:napoleon-s-invasion-and-retreat-from-moscow,RUS:britannica-russia
TL:RUS:event:1861:emancipation-of-the-serfs,RUS:britannica-russia
TL:RUS:event:1861:emancipation-of-the-serfs,RUS:britannica-emancipation
TL:RUS:event:1905:the-revolution-of-1905,RUS:britannica-russia
TL:RUS:event:1905:the-revolution-of-1905,RUS:britannica-russian-revolution
TL:RUS:event:1917:february-revolution-and-the-abdication-of,RUS:britannica-russian-revolution
TL:RUS:event:1917:february-revolution-and-the-abdication-of,RUS:britannica-nicholas-ii
TL:RUS:event:1917:the-october-revolution,RUS:britannica-russian-revolution
TL:RUS:event:1918:execution-of-the-romanov-family,RUS:britannica-nicholas-ii
TL:RUS:event:1918:execution-of-the-romanov-family,RUS:britannica-russian-revolution
TL:RUS:event:1918:the-russian-civil-war,RUS:britannica-russian-revolution
TL:RUS:event:1918:the-russian-civil-war,RUS:britannica-russia
TL:RUS:event:1922:founding-of-the-soviet-union,RUS:britannica-soviet-union
TL:RUS:event:1922:founding-of-the-soviet-union,RUS:britannica-russia
TL:RUS:event:1932:the-holodomor-and-the-soviet-famine,RUS:britannica-holodomor
TL:RUS:event:1932:the-holodomor-and-the-soviet-famine,RUS:britannica-soviet-union
TL:RUS:event:1937:the-great-terror,RUS:britannica-great-purge
TL:RUS:event:1937:the-great-terror,RUS:britannica-soviet-union
TL:RUS:event:1941:the-great-patriotic-war,RUS:britannica-stalingrad
TL:RUS:event:1941:the-great-patriotic-war,RUS:ushmm-eastern-front
TL:RUS:event:1941:the-great-patriotic-war,RUS:wiki-soviet-casualties
TL:RUS:event:1961:yuri-gagarin-becomes-the-first-human-in-space,RUS:britannica-soviet-union
TL:RUS:event:1961:yuri-gagarin-becomes-the-first-human-in-space,RUS:britannica-russia
TL:RUS:event:1991:dissolution-of-the-soviet-union,RUS:britannica-collapse-ussr
TL:RUS:event:1991:dissolution-of-the-soviet-union,RUS:britannica-soviet-union
TL:RUS:event:1991:birth-of-the-russian-federation,RUS:britannica-russia
TL:RUS:event:1991:birth-of-the-russian-federation,RUS:britannica-collapse-ussr
TL:RUS:event:1993:constitutional-crisis-and-new-constitution,RUS:britannica-russia
TL:RUS:event:2000:vladimir-putin-becomes-president,RUS:britannica-russia
TL:RUS:event:2014:annexation-of-crimea,RUS:britannica-russia
TL:RUS:event:2014:annexation-of-crimea,RUS:wiki-annexation-crimea
TL:RUS:event:2022:full-scale-invasion-of-ukraine,RUS:britannica-russia
TL:RUS:event:2022:full-scale-invasion-of-ukraine,RUS:wiki-annexation-crimea
TL:RWA:event:1400:clans-coalesce-into-kingdoms,RWA:wiki-history-rwanda
TL:RWA:event:1400:clans-coalesce-into-kingdoms,RWA:wiki-kingdom-rwanda
TL:RWA:event:1400:clans-coalesce-into-kingdoms,RWA:ebsco-rise-rwanda
TL:RWA:event:1700:a-centralised-tutsi-led-state,RWA:wiki-history-rwanda
TL:RWA:event:1700:a-centralised-tutsi-led-state,RWA:un-historical-background
TL:RWA:event:1867:reign-of-kigeri-iv-rwabugiri,RWA:wiki-rwabugiri
TL:RWA:event:1867:reign-of-kigeri-iv-rwabugiri,RWA:wiki-history-rwanda
TL:RWA:event:1895:death-of-rwabugiri,RWA:wiki-rwabugiri
TL:RWA:event:1894:first-european-contact,RWA:wiki-history-rwanda
TL:RWA:event:1894:first-european-contact,RWA:ebsco-rise-rwanda
TL:RWA:event:1916:belgium-occupies-rwanda,RWA:wiki-history-rwanda
TL:RWA:event:1916:belgium-occupies-rwanda,RWA:ushmm-divided
TL:RWA:event:1931:belgians-depose-mwami-musinga,RWA:wiki-musinga
TL:RWA:event:1931:belgians-depose-mwami-musinga,RWA:wiki-history-rwanda
TL:RWA:event:1933:ethnic-identity-cards-introduced,RWA:ushmm-divided
TL:RWA:event:1933:ethnic-identity-cards-introduced,RWA:un-historical-background
TL:RWA:event:1933:ethnic-identity-cards-introduced,RWA:preventgenocide-idcard
TL:RWA:event:1957:the-hutu-manifesto,RWA:wiki-rwandan-revolution
TL:RWA:event:1957:the-hutu-manifesto,RWA:ushmm-divided
TL:RWA:event:1959:the-hutu-social-revolution,RWA:wiki-rwandan-revolution
TL:RWA:event:1959:the-hutu-social-revolution,RWA:un-historical-background
TL:RWA:event:1959:the-hutu-social-revolution,RWA:ushmm-divided
TL:RWA:event:1961:monarchy-abolished-by-referendum,RWA:wiki-1961-referendum
TL:RWA:event:1961:monarchy-abolished-by-referendum,RWA:wiki-history-rwanda
TL:RWA:event:1962:independence-from-belgium,RWA:wiki-history-rwanda
TL:RWA:event:1962:independence-from-belgium,RWA:ebsco-rise-rwanda
TL:RWA:event:1963:reprisals-against-the-tutsi,RWA:wiki-history-rwanda
TL:RWA:event:1963:reprisals-against-the-tutsi,RWA:un-historical-background
TL:RWA:event:1973:habyarimana-seizes-power,RWA:wiki-history-rwanda
TL:RWA:event:1973:habyarimana-seizes-power,RWA:eb-habyarimana
TL:RWA:event:1990:rpf-invasion-begins-the-civil-war,RWA:un-historical-background
TL:RWA:event:1990:rpf-invasion-begins-the-civil-war,RWA:ushmm-massacre
TL:RWA:event:1993:arusha-accords-signed,RWA:un-historical-background
TL:RWA:event:1993:arusha-accords-signed,RWA:ushmm-massacre
TL:RWA:event:1994:habyarimana-s-plane-shot-down,RWA:ushmm-massacre
TL:RWA:event:1994:habyarimana-s-plane-shot-down,RWA:un-prevent-genocide
TL:RWA:event:1994:habyarimana-s-plane-shot-down,RWA:eb-habyarimana
TL:RWA:event:1994:the-killing-begins,RWA:un-prevent-genocide
TL:RWA:event:1994:the-killing-begins,RWA:ushmm-massacre
TL:RWA:event:1994:the-killing-begins,RWA:ictr-genocide
TL:RWA:event:1994:genocide-against-the-tutsi,RWA:un-prevent-genocide
TL:RWA:event:1994:genocide-against-the-tutsi,RWA:un-historical-background
TL:RWA:event:1994:genocide-against-the-tutsi,RWA:ushmm-massacre
TL:RWA:event:1994:genocide-against-the-tutsi,RWA:ictr-genocide
TL:RWA:event:1994:rpf-victory-ends-the-genocide,RWA:un-historical-background
TL:RWA:event:1994:rpf-victory-ends-the-genocide,RWA:ushmm-massacre
TL:RWA:event:1994:rpf-victory-ends-the-genocide,RWA:wiki-history-rwanda
TL:RWA:event:1994:refugee-crisis-and-the-congo-wars,RWA:un-historical-background
TL:RWA:event:1994:refugee-crisis-and-the-congo-wars,RWA:wiki-history-rwanda
TL:RWA:event:1994:international-criminal-tribunal-for-rwanda,RWA:ictr-genocide
TL:RWA:event:1994:international-criminal-tribunal-for-rwanda,RWA:un-prevent-genocide
TL:RWA:event:2002:the-gacaca-community-courts,RWA:eb-gacaca
TL:RWA:event:2002:the-gacaca-community-courts,RWA:marquette-justice
TL:RWA:event:2000:kagame-becomes-president,RWA:wiki-history-rwanda
TL:RWA:event:2000:kagame-becomes-president,RWA:ushmm-massacre
TL:SAU:event:3000bce:the-dilmun-trading-culture-flourishes,SAU:majalla-kingdoms
TL:SAU:event:500bce:the-kingdom-of-lihyan-rises-at-dadan,SAU:wiki-lihyan
TL:SAU:event:500bce:the-kingdom-of-lihyan-rises-at-dadan,SAU:majalla-kingdoms
TL:SAU:event:100bce:the-nabataeans-make-hegra-their-southern-capital,SAU:unesco-hegra
TL:SAU:event:100bce:the-nabataeans-make-hegra-their-southern-capital,SAU:saudipedia-hegra
TL:SAU:event:106:rome-annexes-the-nabataean-kingdom,SAU:unesco-hegra
TL:SAU:event:106:rome-annexes-the-nabataean-kingdom,SAU:majalla-kingdoms
TL:SAU:event:570:birth-of-muhammad-in-mecca,SAU:britannica-hijrah
TL:SAU:event:570:birth-of-muhammad-in-mecca,SAU:wiki-muhammad
TL:SAU:event:610:the-first-revelations,SAU:wiki-muhammad
TL:SAU:event:610:the-first-revelations,SAU:britannica-hijrah
TL:SAU:event:622:the-hijra-to-medina,SAU:britannica-hijrah
TL:SAU:event:622:the-hijra-to-medina,SAU:wiki-muhammad
TL:SAU:event:630:the-submission-of-mecca,SAU:wiki-muhammad
TL:SAU:event:632:death-of-muhammad,SAU:wiki-muhammad
TL:SAU:event:632:death-of-muhammad,SAU:britannica-arabia
TL:SAU:event:632:medina-as-capital-of-the-early-caliphate,SAU:britannica-arabia
TL:SAU:event:632:medina-as-capital-of-the-early-caliphate,SAU:wiki-sharifate
TL:SAU:event:661:umayyad-and-abbasid-rule-over-the-hejaz,SAU:britannica-arabia
TL:SAU:event:968:the-sharifate-of-mecca-takes-shape,SAU:wiki-sharifate
TL:SAU:event:1517:ottoman-suzerainty-over-the-hejaz,SAU:wiki-sharifate
TL:SAU:event:1744:the-diriyah-pact-founds-the-first-saudi-state,SAU:wiki-first-state
TL:SAU:event:1744:the-diriyah-pact-founds-the-first-saudi-state,SAU:saudipedia-first-state
TL:SAU:event:1744:the-diriyah-pact-founds-the-first-saudi-state,SAU:unesco-diriyah
TL:SAU:event:1811:the-ottoman-egyptian-campaign-against-the-saudis,SAU:wiki-siege-diriyah
TL:SAU:event:1811:the-ottoman-egyptian-campaign-against-the-saudis,SAU:saudipedia-first-state
TL:SAU:event:1818:the-fall-and-destruction-of-diriyah,SAU:wiki-siege-diriyah
TL:SAU:event:1818:the-fall-and-destruction-of-diriyah,SAU:unesco-diriyah
TL:SAU:event:1824:turki-ibn-abdullah-founds-the-second-saudi-state,SAU:wiki-second-state
TL:SAU:event:1824:turki-ibn-abdullah-founds-the-second-saudi-state,SAU:saudipedia-second-state
TL:SAU:event:1891:the-al-rashid-end-the-second-saudi-state,SAU:wiki-second-state
TL:SAU:event:1891:the-al-rashid-end-the-second-saudi-state,SAU:britannica-saudi-kingdom
TL:SAU:event:1902:abdulaziz-captures-riyadh,SAU:wiki-battle-riyadh
TL:SAU:event:1902:abdulaziz-captures-riyadh,SAU:britannica-ibn-saud
TL:SAU:event:1925:conquest-of-the-hejaz-and-the-holy-cities,SAU:wiki-unification
TL:SAU:event:1925:conquest-of-the-hejaz-and-the-holy-cities,SAU:britannica-saudi-kingdom
TL:SAU:event:1927:the-treaty-of-jeddah,SAU:britannica-jeddah
TL:SAU:event:1927:the-treaty-of-jeddah,SAU:wiki-jeddah-treaty
TL:SAU:event:1932:proclamation-of-the-kingdom-of-saudi-arabia,SAU:wiki-proclamation
TL:SAU:event:1932:proclamation-of-the-kingdom-of-saudi-arabia,SAU:britannica-saudi-kingdom
TL:SAU:event:1932:proclamation-of-the-kingdom-of-saudi-arabia,SAU:saudipedia-unification
TL:SAU:event:1933:the-oil-concession-is-granted,SAU:saudipedia-oil
TL:SAU:event:1933:the-oil-concession-is-granted,SAU:wiki-oil-history
TL:SAU:event:1938:oil-struck-at-dammam-well-no-7,SAU:wiki-dammam7
TL:SAU:event:1938:oil-struck-at-dammam-well-no-7,SAU:saudipedia-oil
TL:SAU:event:1973:the-arab-oil-embargo,SAU:britannica-saudi-kingdom
TL:SAU:event:1973:the-arab-oil-embargo,SAU:baker-embargo
TL:SAU:event:2008:hegra-becomes-a-unesco-world-heritage-site,SAU:unesco-hegra
TL:SAU:event:2016:vision-2030-is-launched,SAU:vision2030-gov
TL:SAU:event:2016:vision-2030-is-launched,SAU:pif-vision2030
TL:SDN:event:2400bce:the-kerma-culture,SDN:wiki-kush
TL:SDN:event:2400bce:the-kerma-culture,SDN:wh-kush
TL:SDN:event:1070bce:kush-independent-at-napata,SDN:wiki-kush
TL:SDN:event:1070bce:kush-independent-at-napata,SDN:eb-sudan-kush
TL:SDN:event:727bce:piye-conquers-egypt-the-25th-dynasty,SDN:wiki-kush
TL:SDN:event:727bce:piye-conquers-egypt-the-25th-dynasty,SDN:wh-kush
TL:SDN:event:671bce:assyrians-expel-the-kushites-from-egypt,SDN:wiki-kush
TL:SDN:event:591bce:capital-moves-to-meroe,SDN:wiki-kush
TL:SDN:event:591bce:capital-moves-to-meroe,SDN:eb-sudan-kush
TL:SDN:event:550:nubia-converts-to-christianity,SDN:wiki-christian-nubia
TL:SDN:event:550:nubia-converts-to-christianity,SDN:ebsco-baqt
TL:SDN:event:652:the-baqt-treaty,SDN:wiki-baqt
TL:SDN:event:652:the-baqt-treaty,SDN:ebsco-baqt
TL:SDN:event:1317:decline-of-makuria,SDN:wiki-christian-nubia
TL:SDN:event:1504:fall-of-alodia,SDN:wiki-funj
TL:SDN:event:1504:fall-of-alodia,SDN:wiki-christian-nubia
TL:SDN:event:1504:funj-sultanate-founded-at-sennar,SDN:wiki-funj
TL:SDN:event:1504:funj-sultanate-founded-at-sennar,SDN:eb-sudan-funj
TL:SDN:event:1650:sultanate-of-darfur-founded,SDN:wiki-darfur
TL:SDN:event:1690:sennar-at-its-height,SDN:wiki-funj
TL:SDN:event:1792:darfur-s-capital-fixed-at-al-fashir,SDN:wiki-darfur
TL:SDN:event:1820:turco-egyptian-conquest-khartoum-founded,SDN:eb-sudan-turco
TL:SDN:event:1820:turco-egyptian-conquest-khartoum-founded,SDN:blackpast-khartoum
TL:SDN:event:1881:muhammad-ahmad-proclaims-himself-the-mahdi,SDN:wiki-mahdist
TL:SDN:event:1881:muhammad-ahmad-proclaims-himself-the-mahdi,SDN:eb-omdurman
TL:SDN:event:1885:fall-of-khartoum-death-of-gordon,SDN:wiki-mahdist
TL:SDN:event:1885:fall-of-khartoum-death-of-gordon,SDN:eb-siege-khartoum
TL:SDN:event:1898:battle-of-omdurman,SDN:eb-omdurman
TL:SDN:event:1898:battle-of-omdurman,SDN:wiki-mahdist
TL:SDN:event:1899:anglo-egyptian-condominium-established,SDN:eb-condominium
TL:SDN:event:1899:anglo-egyptian-condominium-established,SDN:wiki-anglo-egyptian
TL:SDN:event:1956:independence-of-the-sudan,SDN:eb-condominium
TL:SDN:event:1956:independence-of-the-sudan,SDN:wiki-sudan
TL:SDN:event:1955:first-civil-war,SDN:wiki-first-civil-war
TL:SDN:event:1955:first-civil-war,SDN:wiki-addis-ababa
TL:SDN:event:1983:second-civil-war-begins,SDN:encyclopedia-civil-wars
TL:SDN:event:1983:second-civil-war-begins,SDN:wiki-sudan
TL:SDN:event:1989:bashir-seizes-power,SDN:wiki-sudan
TL:SDN:event:2005:comprehensive-peace-agreement,SDN:encyclopedia-civil-wars
TL:SDN:event:2005:comprehensive-peace-agreement,SDN:wiki-sudan
TL:SDN:event:2003:war-in-darfur-begins,SDN:wiki-darfur-war
TL:SDN:event:2009:icc-indicts-bashir,SDN:icc-bashir
TL:SDN:event:2009:icc-indicts-bashir,SDN:ushmm-bashir
TL:SDN:event:2011:south-sudan-secedes,SDN:wiki-sudan
TL:SDN:event:2011:south-sudan-secedes,SDN:usip-south-sudan
TL:SDN:event:2019:revolution-ousts-bashir,SDN:wiki-2019-coup
TL:SDN:event:2019:revolution-ousts-bashir,SDN:hrw-bashir
TL:SDN:event:2023:war-between-saf-and-rsf,SDN:wiki-sudan
TL:SDN:event:2023:war-between-saf-and-rsf,SDN:wiki-darfur-war
TL:SDS:event:3000bce:cattle-herding-cultures-in-the-sudd,SDS:wiki-history-ss
TL:SDS:event:3000bce:cattle-herding-cultures-in-the-sudd,SDS:oxford-precolonial
TL:SDS:event:1400:nilotic-expansion-across-the-upper-nile,SDS:wiki-history-ss
TL:SDS:event:1400:nilotic-expansion-across-the-upper-nile,SDS:oxford-precolonial
TL:SDS:event:1450:founding-of-the-shilluk-kingdom,SDS:wiki-shilluk
TL:SDS:event:1450:founding-of-the-shilluk-kingdom,SDS:oxford-precolonial
TL:SDS:event:1690:fashoda-made-the-shilluk-royal-seat,SDS:wiki-shilluk
TL:SDS:event:1821:turco-egyptian-conquest-reaches-sudan,SDS:wiki-turco-egyptian
TL:SDS:event:1821:turco-egyptian-conquest-reaches-sudan,SDS:blackpast-khartoum
TL:SDS:event:1860:zariba-slave-and-ivory-raids,SDS:wiki-history-ss
TL:SDS:event:1860:zariba-slave-and-ivory-raids,SDS:wiki-zubayr
TL:SDS:event:1869:equatoria-province-established,SDS:wiki-history-ss
TL:SDS:event:1885:mahdist-revolt-and-the-fall-of-khartoum,SDS:britannica-condominium
TL:SDS:event:1898:mahdist-state-crushed-at-omdurman,SDS:britannica-condominium
TL:SDS:event:1899:anglo-egyptian-condominium-established,SDS:britannica-condominium
TL:SDS:event:1899:anglo-egyptian-condominium-established,SDS:wiki-history-ss
TL:SDS:event:1922:closed-district-ordinances,SDS:lse-southern-policy
TL:SDS:event:1922:closed-district-ordinances,SDS:wiki-history-ss
TL:SDS:event:1930:the-southern-policy-formalised,SDS:lse-southern-policy
TL:SDS:event:1930:the-southern-policy-formalised,SDS:wiki-history-ss
TL:SDS:event:1946:britain-reverses-course,SDS:wiki-history-ss
TL:SDS:event:1947:juba-conference,SDS:wiki-history-ss
TL:SDS:event:1955:torit-mutiny-begins-the-first-civil-war,SDS:wiki-history-ss
TL:SDS:event:1955:torit-mutiny-begins-the-first-civil-war,SDS:britannica-addis
TL:SDS:event:1956:sudan-s-independence-the-south-sidelined,SDS:wiki-history-ss
TL:SDS:event:1972:addis-ababa-agreement,SDS:britannica-addis
TL:SDS:event:1972:addis-ababa-agreement,SDS:wiki-addis
TL:SDS:event:1983:second-civil-war-and-the-rise-of-the-splm-spla,SDS:wiki-history-ss
TL:SDS:event:1983:second-civil-war-and-the-rise-of-the-splm-spla,SDS:britannica-cpa
TL:SDS:event:1983:an-estimated-two-million-dead,SDS:britannica-cpa
TL:SDS:event:1983:an-estimated-two-million-dead,SDS:cfr-cpa
TL:SDS:event:2005:comprehensive-peace-agreement-signed,SDS:britannica-cpa
TL:SDS:event:2005:comprehensive-peace-agreement-signed,SDS:cfr-cpa
TL:SDS:event:2005:death-of-john-garang,SDS:britannica-cpa
TL:SDS:event:2005:death-of-john-garang,SDS:cfr-cpa
TL:SDS:event:2011:self-determination-referendum,SDS:un-referendum
TL:SDS:event:2011:self-determination-referendum,SDS:wiki-history-ss
TL:SDS:event:2011:independence-of-south-sudan,SDS:state-ss-relations
TL:SDS:event:2011:independence-of-south-sudan,SDS:wiki-history-ss
TL:SDS:event:2011:admission-to-the-united-nations,SDS:wiki-history-ss
TL:SDS:event:2013:civil-war-erupts-in-juba,SDS:commons-primer
TL:SDS:event:2013:civil-war-erupts-in-juba,SDS:wiki-history-ss
TL:SDS:event:2017:famine-declared-in-unity-state,SDS:un-famine
TL:SDS:event:2017:famine-declared-in-unity-state,SDS:wiki-famine
TL:SDS:event:2018:an-estimated-383-000-dead,SDS:lshtm-mortality
TL:SDS:event:2018:an-estimated-383-000-dead,SDS:commons-primer
TL:SDS:event:2018:revitalised-peace-agreement-r-arcss,SDS:accord-rtgonu
TL:SDS:event:2018:revitalised-peace-agreement-r-arcss,SDS:commons-primer
TL:SDS:event:2020:unity-government-formed,SDS:accord-rtgonu
TL:SEN:event:850:islam-reaches-the-senegal-river,SEN:blackpast-islam-wa
TL:SEN:event:850:islam-reaches-the-senegal-river,SEN:wiki-takrur
TL:SEN:event:850:islam-reaches-the-senegal-river,SEN:wiki-islam-senegal
TL:SEN:event:1035:war-jabi-adopts-islamic-law-in-takrur,SEN:wiki-takrur
TL:SEN:event:1035:war-jabi-adopts-islamic-law-in-takrur,SEN:blackpast-islam-wa
TL:SEN:event:1086:takruri-forces-and-the-almoravids,SEN:wiki-takrur
TL:SEN:event:1286:takrur-drawn-into-mali-s-orbit,SEN:wiki-takrur
TL:SEN:event:1350:rise-of-the-jolof-empire,SEN:worldhistory-wolof
TL:SEN:event:1350:rise-of-the-jolof-empire,SEN:britannica-jolof
TL:SEN:event:1335:guelowar-dynasty-in-sine-and-saloum,SEN:wiki-guelowar
TL:SEN:event:1444:portuguese-reach-the-senegambian-coast,SEN:openstax-african-trade
TL:SEN:event:1444:portuguese-reach-the-senegambian-coast,SEN:wiki-french-conquest
TL:SEN:event:1556:cayor-breaks-from-jolof,SEN:worldhistory-wolof
TL:SEN:event:1556:cayor-breaks-from-jolof,SEN:wiki-cayor
TL:SEN:event:1556:cayor-breaks-from-jolof,SEN:wiki-baol
TL:SEN:event:1659:france-founds-saint-louis,SEN:wiki-french-conquest
TL:SEN:event:1659:france-founds-saint-louis,SEN:britannica-saintlouis
TL:SEN:event:1677:france-takes-goree,SEN:wiki-french-conquest
TL:SEN:event:1677:france-takes-goree,SEN:unesco-goree
TL:SEN:event:1776:house-of-slaves-built-on-goree,SEN:wiki-house-of-slaves
TL:SEN:event:1776:house-of-slaves-built-on-goree,SEN:unesco-goree
TL:SEN:event:1848:citizenship-granted-to-coastal-towns,SEN:wiki-four-communes
TL:SEN:event:1855:faidherbe-begins-the-conquest,SEN:wiki-french-conquest
TL:SEN:event:1883:amadou-bamba-founds-the-mourides,SEN:wiki-amadou-bamba
TL:SEN:event:1895:bamba-exiled-french-west-africa-formed,SEN:wiki-amadou-bamba
TL:SEN:event:1895:bamba-exiled-french-west-africa-formed,SEN:wiki-french-conquest
TL:SEN:event:1914:blaise-diagne-elected-to-the-french-parliament,SEN:wiki-four-communes
TL:SEN:event:1914:blaise-diagne-elected-to-the-french-parliament,SEN:blackpast-diagne
TL:SEN:event:1916:the-diagne-law-confirms-citizenship,SEN:wiki-four-communes
TL:SEN:event:1916:the-diagne-law-confirms-citizenship,SEN:blackpast-diagne
TL:SEN:event:1959:mali-federation-formed,SEN:britannica-mali-fed
TL:SEN:event:1959:mali-federation-formed,SEN:wiki-mali-fed
TL:SEN:event:1960:independence-within-the-mali-federation,SEN:britannica-mali-fed
TL:SEN:event:1960:independence-within-the-mali-federation,SEN:wiki-mali-fed
TL:SEN:event:1960:senegal-proclaims-separate-independence,SEN:wiki-mali-fed
TL:SEN:event:1960:senegal-proclaims-separate-independence,SEN:asc-senghor
TL:SEN:event:1980:senghor-resigns-peacefully,SEN:asc-senghor
TL:SEN:event:1980:senghor-resigns-peacefully,SEN:usip-senegal
TL:SEN:event:1982:casamance-insurgency-begins,SEN:wiki-mfdc
TL:SEN:event:1982:casamance-insurgency-begins,SEN:newhumanitarian-casamance
TL:SEN:event:2000:wade-defeats-diouf,SEN:usip-senegal
TL:SEN:event:2000:wade-defeats-diouf,SEN:cdsafrica-senegal
TL:SEN:event:2012:macky-sall-elected,SEN:wiki-macky-sall
TL:SEN:event:2012:macky-sall-elected,SEN:cdsafrica-senegal
TL:SEN:event:2022:casamance-peace-agreement,SEN:wiki-mfdc
TL:SEN:event:2022:casamance-peace-agreement,SEN:newhumanitarian-casamance
TL:SEN:event:2024:faye-wins-after-democratic-crisis,SEN:usip-senegal
TL:SEN:event:2024:faye-wins-after-democratic-crisis,SEN:wiki-faye
TL:SLB:event:30000bce:papuan-settlers-reach-the-islands,SLB:eb-history-slb
TL:SLB:event:1000bce:arrival-of-the-lapita,SLB:eb-history-slb
TL:SLB:event:1000bce:arrival-of-the-lapita,SLB:iao-lapita
TL:SLB:event:1568:mendana-reaches-and-names-the-islands,SLB:eb-history-slb
TL:SLB:event:1568:mendana-reaches-and-names-the-islands,SLB:eb-mendana
TL:SLB:event:1595:mendana-s-failed-colony,SLB:eb-mendana
TL:SLB:event:1595:mendana-s-failed-colony,SLB:eb-history-slb
TL:SLB:event:1863:the-blackbirding-labour-trade,SLB:eb-blackbirding
TL:SLB:event:1863:the-blackbirding-labour-trade,SLB:eb-history-slb
TL:SLB:event:1871:killing-of-bishop-patteson,SLB:anglican-patteson
TL:SLB:event:1871:killing-of-bishop-patteson,SLB:anu-melanesianmission
TL:SLB:event:1893:british-protectorate-proclaimed,SLB:uq-protectorate
TL:SLB:event:1893:british-protectorate-proclaimed,SLB:eb-history-slb
TL:SLB:event:1899:germany-cedes-the-northern-islands,SLB:uq-protectorate
TL:SLB:event:1899:germany-cedes-the-northern-islands,SLB:eb-history-slb
TL:SLB:event:1942:us-landings-on-guadalcanal,SLB:awm-guadalcanal
TL:SLB:event:1942:us-landings-on-guadalcanal,SLB:ww2museum-guadalcanal
TL:SLB:event:1943:japanese-evacuate-guadalcanal,SLB:eb-guadalcanal
TL:SLB:event:1943:japanese-evacuate-guadalcanal,SLB:ww2museum-guadalcanal
TL:SLB:event:1944:the-maasina-rule-movement,SLB:uq-protectorate
TL:SLB:event:1944:the-maasina-rule-movement,SLB:eb-history-slb
TL:SLB:event:1976:internal-self-government,SLB:eb-history-slb
TL:SLB:event:1976:internal-self-government,SLB:eb-kenilorea
TL:SLB:event:1978:independence-from-the-united-kingdom,SLB:eb-kenilorea
TL:SLB:event:1978:independence-from-the-united-kingdom,SLB:statedept-slb
TL:SLB:event:1978:independence-from-the-united-kingdom,SLB:eb-history-slb
TL:SLB:event:1978:the-united-states-recognises-the-new-state,SLB:statedept-solomon
TL:SLB:event:1988:the-melanesian-spearhead-group,SLB:bbc-solomon
TL:SLB:event:1998:the-tensions,SLB:dva-ramsi
TL:SLB:event:1998:the-tensions,SLB:eb-history-slb
TL:SLB:event:1998:east-rennell-inscribed-and-later-imperilled,SLB:unesco-rennell
TL:SLB:event:2000:the-malaita-eagle-force-coup,SLB:bbc-solomon
TL:SLB:event:2002:cyclone-zoe-strikes-tikopia,SLB:bbc-solomon
TL:SLB:event:2003:ramsi-intervention,SLB:dva-ramsi
TL:SLB:event:2003:harold-keke-surrenders,SLB:bbc-solomon
TL:SLB:event:2019:switch-from-taiwan-to-china,SLB:voa-chinaswitch
TL:SLB:event:2021:honiara-riots,SLB:csis-crisis
TL:SLB:event:2021:honiara-riots,SLB:voa-chinaswitch
TL:SLB:event:2022:the-security-agreement-with-china,SLB:csis-crisis
TL:SLB:event:2022:the-security-agreement-with-china,SLB:asiasociety-2024
TL:SLB:event:2024:jeremiah-manele-becomes-prime-minister,SLB:voa-manele
TL:SLB:event:2024:jeremiah-manele-becomes-prime-minister,SLB:asiasociety-2024
TL:SLE:event:1462:portuguese-chart-the-lion-mountains,SLE:britannica-sierra-leone
TL:SLE:event:1462:portuguese-chart-the-lion-mountains,SLE:pedro-de-sintra-wiki
TL:SLE:event:1500:the-rice-coast-chiefdoms,SLE:britannica-sierra-leone
TL:SLE:event:1500:the-rice-coast-chiefdoms,SLE:encyclopaedia-africana-sl
TL:SLE:event:1550:the-mane-incursions,SLE:mane-people-wiki
TL:SLE:event:1550:the-mane-incursions,SLE:history-of-sl-wiki
TL:SLE:event:1580:emergence-of-the-mende,SLE:mane-people-wiki
TL:SLE:event:1580:emergence-of-the-mende,SLE:history-of-sl-wiki
TL:SLE:event:1562:the-coast-enters-the-atlantic-trade,SLE:slavery-remembrance-sl
TL:SLE:event:1562:the-coast-enters-the-atlantic-trade,SLE:britannica-sierra-leone
TL:SLE:event:1670:bunce-island-slave-fort-established,SLE:sl-heritage-bunce
TL:SLE:event:1670:bunce-island-slave-fort-established,SLE:yale-glc-bunce
TL:SLE:event:1750:bunce-island-at-its-height,SLE:sl-heritage-bunce
TL:SLE:event:1750:bunce-island-at-its-height,SLE:yale-glc-bunce
TL:SLE:event:1750:bunce-island-at-its-height,SLE:rhs-bunce
TL:SLE:event:1807:britain-abolishes-the-slave-trade,SLE:britannica-sierra-leone
TL:SLE:event:1807:britain-abolishes-the-slave-trade,SLE:rhs-bunce
TL:SLE:event:1787:the-province-of-freedom-founded,SLE:blackpast-founding-sl
TL:SLE:event:1787:the-province-of-freedom-founded,SLE:branch-foundings-sl
TL:SLE:event:1791:the-sierra-leone-company-chartered,SLE:britannica-sierra-leone
TL:SLE:event:1791:the-sierra-leone-company-chartered,SLE:blackpast-freetown
TL:SLE:event:1792:nova-scotian-settlers-found-freetown,SLE:blackpast-freetown
TL:SLE:event:1792:nova-scotian-settlers-found-freetown,SLE:nova-scotian-settlers-wiki
TL:SLE:event:1800:jamaican-maroons-arrive,SLE:blackpast-freetown
TL:SLE:event:1800:jamaican-maroons-arrive,SLE:britannica-sierra-leone
TL:SLE:event:1808:sierra-leone-becomes-a-crown-colony,SLE:britannica-sierra-leone
TL:SLE:event:1808:sierra-leone-becomes-a-crown-colony,SLE:liberated-africans-wiki
TL:SLE:event:1808:the-west-africa-squadron-frees-the-recaptives,SLE:liberated-africans-wiki
TL:SLE:event:1808:the-west-africa-squadron-frees-the-recaptives,SLE:britannica-sierra-leone
TL:SLE:event:1827:fourah-bay-college-founded,SLE:blackpast-fourah-bay
TL:SLE:event:1827:fourah-bay-college-founded,SLE:fourah-bay-wiki
TL:SLE:event:1840:the-krio-community-takes-shape,SLE:liberated-africans-wiki
TL:SLE:event:1840:the-krio-community-takes-shape,SLE:saro-people-wiki
TL:SLE:event:1896:the-protectorate-proclaimed,SLE:britannica-sierra-leone
TL:SLE:event:1896:the-protectorate-proclaimed,SLE:hut-tax-war-wiki
TL:SLE:event:1898:the-hut-tax-war,SLE:hut-tax-war-wiki
TL:SLE:event:1898:the-hut-tax-war,SLE:bai-bureh-wiki
TL:SLE:event:1951:rise-of-the-sierra-leone-people-s-party,SLE:britannica-sierra-leone
TL:SLE:event:1951:rise-of-the-sierra-leone-people-s-party,SLE:blackpast-margai
TL:SLE:event:1961:independence-from-the-united-kingdom,SLE:statedept-sierra-leone
TL:SLE:event:1961:independence-from-the-united-kingdom,SLE:blackpast-margai
TL:SLE:event:1971:sierra-leone-becomes-a-republic,SLE:britannica-stevens
TL:SLE:event:1971:sierra-leone-becomes-a-republic,SLE:usembassy-sl-history
TL:SLE:event:1978:one-party-state-under-the-apc,SLE:britannica-stevens
TL:SLE:event:1978:one-party-state-under-the-apc,SLE:usembassy-sl-history
TL:SLE:event:1991:civil-war-begins,SLE:blackpast-sl-civil-war
TL:SLE:event:1991:civil-war-begins,SLE:foday-sankoh-wiki
TL:SLE:event:2000:british-intervention-and-unamsil,SLE:operation-palliser-wiki
TL:SLE:event:2000:british-intervention-and-unamsil,SLE:sl-civil-war-wiki
TL:SLE:event:2002:the-civil-war-ends,SLE:blackpast-sl-civil-war
TL:SLE:event:2002:the-civil-war-ends,SLE:sl-civil-war-wiki
TL:SLE:event:2012:charles-taylor-convicted,SLE:rscsl-taylor
TL:SLE:event:2012:charles-taylor-convicted,SLE:un-news-taylor
TL:SLE:event:2014:the-ebola-epidemic,SLE:who-ebola-sl
TL:SLE:event:2014:the-ebola-epidemic,SLE:ebola-sl-wiki
TL:SLV:event:600:joya-de-ceren-buried-by-ash,SLV:unesco-joya-ceren
TL:SLV:event:1200:rise-of-pipil-cuzcatlan,SLV:britannica-cuscatlan
TL:SLV:event:1200:rise-of-pipil-cuzcatlan,SLV:britannica-pipil
TL:SLV:event:1993:joya-de-ceren-named-world-heritage,SLV:unesco-joya-ceren
TL:SLV:event:1524:alvarado-s-conquest-begins,SLV:britannica-history-elsalvador
TL:SLV:event:1524:alvarado-s-conquest-begins,SLV:britannica-elsalvador-colonial
TL:SLV:event:1528:san-salvador-permanently-founded,SLV:britannica-history-elsalvador
TL:SLV:event:1811:first-cry-of-independence,SLV:britannica-elsalvador-colonial
TL:SLV:event:1821:independence-from-spain-declared,SLV:loc-acta-independencia
TL:SLV:event:1821:independence-from-spain-declared,SLV:history-central-american-federation
TL:SLV:event:1821:independence-from-spain-declared,SLV:britannica-central-america-independence
TL:SLV:event:1824:federal-republic-of-central-america,SLV:britannica-united-provinces
TL:SLV:event:1824:federal-republic-of-central-america,SLV:history-central-american-federation
TL:SLV:event:1841:el-salvador-becomes-sovereign,SLV:britannica-central-america-independence
TL:SLV:event:1841:el-salvador-becomes-sovereign,SLV:history-el-salvador
TL:SLV:event:1881:communal-lands-abolished,SLV:britannica-coffee-republic
TL:SLV:event:1932:uprising-and-la-matanza,SLV:britannica-matanza
TL:SLV:event:1932:uprising-and-la-matanza,SLV:britannica-military-dictatorships
TL:SLV:event:1932:uprising-and-la-matanza,SLV:britannica-marti
TL:SLV:event:1932:execution-of-farabundo-marti,SLV:britannica-marti
TL:SLV:event:1931:hernandez-martinez-seizes-power,SLV:britannica-military-dictatorships
TL:SLV:event:1980:assassination-of-archbishop-romero,SLV:britannica-romero
TL:SLV:event:1980:assassination-of-archbishop-romero,SLV:britannica-civil-war
TL:SLV:event:1981:el-mozote-massacre,SLV:britannica-postconflict
TL:SLV:event:1981:el-mozote-massacre,SLV:britannica-civil-war
TL:SLV:event:1992:chapultepec-peace-accords,SLV:britannica-chapultepec
TL:SLV:event:1992:chapultepec-peace-accords,SLV:un-chapultepec-agreement
TL:SLV:event:1993:truth-commission-report,SLV:un-truth-report
TL:SLV:event:1993:truth-commission-report,SLV:britannica-civil-war
TL:SLV:event:2001:dollarisation,SLV:britannica-postconflict
TL:SLV:event:2019:bukele-wins-the-presidency,SLV:britannica-bukele
TL:SLV:event:2019:bukele-wins-the-presidency,SLV:britannica-postconflict
TL:SLV:event:2021:bitcoin-made-legal-tender,SLV:britannica-bukele
TL:SLV:event:2022:state-of-exception-and-gang-crackdown,SLV:britannica-bukele
TL:SLV:event:2022:state-of-exception-and-gang-crackdown,SLV:britannica-cecot
TL:SLV:event:2024:bukele-re-elected,SLV:britannica-bukele
TL:SMR:event:301:foundation-by-saint-marinus,SMR:sms-origins
TL:SMR:event:301:foundation-by-saint-marinus,SMR:vsm-history
TL:SMR:event:301:foundation-by-saint-marinus,SMR:worldatlas-oldest
TL:SMR:event:301:foundation-by-saint-marinus,SMR:britannica-sanmarino-history
TL:SMR:event:301:i-leave-you-free-from-both-men,SMR:sms-origins
TL:SMR:event:885:the-placito-feretrano,SMR:sms-origins
TL:SMR:event:1000:refuge-on-a-fortified-mountain,SMR:unesco-titano
TL:SMR:event:1000:refuge-on-a-fortified-mountain,SMR:worldatlas-oldest
TL:SMR:event:1243:first-captains-regent,SMR:consulate-institutions
TL:SMR:event:1243:first-captains-regent,SMR:vsm-history
TL:SMR:event:1253:the-earliest-statutes,SMR:vsm-history
TL:SMR:event:1296:self-government-affirmed-within-papal-romagna,SMR:vsm-history
TL:SMR:event:1296:self-government-affirmed-within-papal-romagna,SMR:newworld-recognition
TL:SMR:event:1600:promulgation-of-the-leges-statutae,SMR:consulate-institutions
TL:SMR:event:1600:promulgation-of-the-leges-statutae,SMR:worldatlas-oldest
TL:SMR:event:1631:an-island-within-the-papal-states,SMR:vsm-history
TL:SMR:event:1631:an-island-within-the-papal-states,SMR:newworld-recognition
TL:SMR:event:1739:the-alberoni-occupation,SMR:officeholidays-liberation
TL:SMR:event:1739:the-alberoni-occupation,SMR:vsm-history
TL:SMR:event:1739:civil-resistance,SMR:officeholidays-liberation
TL:SMR:event:1740:independence-restored-by-clement-xii,SMR:officeholidays-liberation
TL:SMR:event:1797:napoleon-s-offer-declined,SMR:vsm-history
TL:SMR:event:1797:napoleon-s-offer-declined,SMR:sms-eighteenth
TL:SMR:event:1797:napoleon-s-offer-declined,SMR:newworld-recognition
TL:SMR:event:1815:recognition-at-the-congress-of-vienna,SMR:newworld-recognition
TL:SMR:event:1849:garibaldi-given-refuge,SMR:sms-eighteenth
TL:SMR:event:1849:garibaldi-given-refuge,SMR:vsm-history
TL:SMR:event:1861:lincoln-made-an-honorary-citizen,SMR:statedept-sanmarino
TL:SMR:event:1861:lincoln-made-an-honorary-citizen,SMR:mystic-lincoln
TL:SMR:event:1862:first-treaty-of-friendship-with-italy,SMR:newworld-recognition
TL:SMR:event:1862:first-treaty-of-friendship-with-italy,SMR:vsm-history
TL:SMR:event:1906:the-arengo-and-the-end-of-oligarchy,SMR:officeholidays-arengo
TL:SMR:event:1906:first-modern-democratic-elections,SMR:officeholidays-arengo
TL:SMR:event:1923:fascist-seizure-of-power,SMR:sms-worldwars
TL:SMR:event:1923:fascist-seizure-of-power,SMR:officeholidays-fascism
TL:SMR:event:1944:the-bombing-of-san-marino,SMR:sms-worldwars
TL:SMR:event:1944:the-bombing-of-san-marino,SMR:ww2db-sanmarino
TL:SMR:event:1944:refuge-for-100-000-and-liberation,SMR:sms-worldwars
TL:SMR:event:1944:refuge-for-100-000-and-liberation,SMR:vsm-history
TL:SMR:event:1992:admission-to-the-united-nations,SMR:un-growth
TL:SMR:event:1992:admission-to-the-united-nations,SMR:unscr-744
TL:SMR:event:1992:admission-to-the-united-nations,SMR:britannica-sanmarino
TL:SMR:event:1862:treaties-of-friendship-with-italy,SMR:newworld-recognition
TL:SMR:event:1862:treaties-of-friendship-with-italy,SMR:vsm-history
TL:SMR:event:1988:member-of-the-council-of-europe,SMR:britannica-sanmarino
TL:SMR:event:1988:member-of-the-council-of-europe,SMR:newworld-recognition
TL:SMR:event:2012:euro-monetary-agreement,SMR:bcsm-euro
TL:SOL:event:700:islam-takes-root-on-the-gulf-of-aden-coast,SOL:wiki-zeila
TL:SOL:event:700:islam-takes-root-on-the-gulf-of-aden-coast,SOL:africanhistoryextra-zeila
TL:SOL:event:700:islam-takes-root-on-the-gulf-of-aden-coast,SOL:lumen-sultanates
TL:SOL:event:900:zeila-flourishes-as-a-trading-emporium,SOL:wiki-zeila
TL:SOL:event:900:zeila-flourishes-as-a-trading-emporium,SOL:africanhistoryextra-zeila
TL:SOL:event:1415:rise-of-the-adal-sultanate,SOL:lumen-sultanates
TL:SOL:event:1415:rise-of-the-adal-sultanate,SOL:wiki-zeila
TL:SOL:event:1884:britain-establishes-the-somaliland-protectorate,SOL:wiki-british-somaliland
TL:SOL:event:1884:britain-establishes-the-somaliland-protectorate,SOL:worldhistory-british-somaliland
TL:SOL:event:1899:the-dervish-resistance-of-sayyid-muhammad,SOL:wiki-british-somaliland
TL:SOL:event:1899:the-dervish-resistance-of-sayyid-muhammad,SOL:worldhistory-british-somaliland
TL:SOL:event:1940:italian-occupation-and-british-reconquest,SOL:wiki-british-somaliland
TL:SOL:event:1940:italian-occupation-and-british-reconquest,SOL:worldhistory-british-somaliland
TL:SOL:event:1960:independence-of-the-state-of-somaliland,SOL:wiki-state-of-somaliland
TL:SOL:event:1960:independence-of-the-state-of-somaliland,SOL:wiki-british-somaliland
TL:SOL:event:1960:union-with-the-south-forms-the-somali-republic,SOL:wiki-state-of-somaliland
TL:SOL:event:1960:union-with-the-south-forms-the-somali-republic,SOL:wiki-british-somaliland
TL:SOL:event:1961:early-northern-discontent-with-the-union,SOL:wiki-state-of-somaliland
TL:SOL:event:1961:early-northern-discontent-with-the-union,SOL:africanarguments-30
TL:SOL:event:1969:siad-barre-seizes-power-in-somalia,SOL:britannica-somaliland
TL:SOL:event:1969:siad-barre-seizes-power-in-somalia,SOL:wiki-isaaq-genocide
TL:SOL:event:1981:founding-of-the-somali-national-movement,SOL:wiki-isaaq-genocide
TL:SOL:event:1981:founding-of-the-somali-national-movement,SOL:africanarguments-30
TL:SOL:event:1988:bombardment-of-hargeisa-and-burao,SOL:wiki-isaaq-genocide
TL:SOL:event:1988:bombardment-of-hargeisa-and-burao,SOL:wiki-bombardment-1988
TL:SOL:event:1988:mass-killing-of-isaaq-civilians-isaaq-genocide,SOL:wiki-isaaq-genocide
TL:SOL:event:1988:mass-killing-of-isaaq-civilians-isaaq-genocide,SOL:aljazeera-genocide
TL:SOL:event:1991:declaration-restoring-somaliland-s-independence,SOL:wiki-declaration
TL:SOL:event:1991:declaration-restoring-somaliland-s-independence,SOL:africanarguments-30
TL:SOL:event:1993:borama-conference-and-the-guurti,SOL:boell-democracy
TL:SOL:event:1993:borama-conference-and-the-guurti,SOL:wiki-egal
TL:SOL:event:2001:constitution-approved-by-referendum,SOL:wiki-2001-referendum
TL:SOL:event:2001:constitution-approved-by-referendum,SOL:globalex-somaliland
TL:SOL:event:2010:peaceful-transfer-of-power-by-election,SOL:africanarguments-30
TL:SOL:event:2010:peaceful-transfer-of-power-by-election,SOL:rusi-democracy
TL:SOL:event:2023:dispute-over-sool-and-sanaag,SOL:aljazeera-lasanod
TL:SOL:event:2023:dispute-over-sool-and-sanaag,SOL:iss-puntland
TL:SOL:event:2024:memorandum-of-understanding-with-ethiopia,SOL:crisisgroup-ethiopia
TL:SOL:event:2024:memorandum-of-understanding-with-ethiopia,SOL:aljazeera-ethiopia-mou
TL:SOL:event:2025:israel-recognises-somaliland,SOL:aljazeera-israel
TL:SOL:event:2025:israel-recognises-somaliland,SOL:un-sc-meeting
TL:SOL:event:2025:israel-recognises-somaliland,SOL:britannica-who-recognizes
TL:SOL:event:2026:status-still-disputed-and-unresolved,SOL:wiki-international-recognition
TL:SOL:event:2026:status-still-disputed-and-unresolved,SOL:britannica-who-recognizes
TL:SOL:event:2026:status-still-disputed-and-unresolved,SOL:un-sc-meeting
TL:SOM:event:1470bce:hatshepsut-s-expedition-to-punt,SOM:britannica-punt
TL:SOM:event:1470bce:hatshepsut-s-expedition-to-punt,SOM:worldhistory-punt
TL:SOM:event:2500bce:egyptian-trade-with-punt-begins,SOM:britannica-punt
TL:SOM:event:2500bce:egyptian-trade-with-punt-begins,SOM:worldhistory-punt
TL:SOM:event:60:periplus-of-the-erythraean-sea,SOM:britannica-somalia
TL:SOM:event:60:periplus-of-the-erythraean-sea,SOM:wikipedia-somali-maritime
TL:SOM:event:100:cushitic-pastoralists-spread-across-the-horn,SOM:britannica-somalia
TL:SOM:event:100:cushitic-pastoralists-spread-across-the-horn,SOM:wikipedia-history-somalia
TL:SOM:event:900:islam-established-on-the-somali-coast,SOM:britannica-somalia
TL:SOM:event:900:islam-established-on-the-somali-coast,SOM:wikipedia-history-somalia
TL:SOM:event:1000:zeila-berbera-and-mogadishu-flourish,SOM:britannica-somalia
TL:SOM:event:1000:zeila-berbera-and-mogadishu-flourish,SOM:wikipedia-somali-maritime
TL:SOM:event:1331:ibn-battuta-visits-mogadishu,SOM:wikipedia-history-somalia
TL:SOM:event:1331:ibn-battuta-visits-mogadishu,SOM:wikipedia-somali-maritime
TL:SOM:event:1529:wars-of-ahmad-ibn-ibrahim-al-ghazi,SOM:britannica-ahmad-gran
TL:SOM:event:1529:wars-of-ahmad-ibn-ibrahim-al-ghazi,SOM:wikipedia-adal
TL:SOM:event:1529:wars-of-ahmad-ibn-ibrahim-al-ghazi,SOM:wikipedia-ethiopian-adal-war
TL:SOM:event:1543:death-of-ahmad-and-decline-of-adal,SOM:britannica-ahmad-gran
TL:SOM:event:1543:death-of-ahmad-and-decline-of-adal,SOM:wikipedia-adal
TL:SOM:event:1300:the-ajuran-sultanate,SOM:lumen-sultanates
TL:SOM:event:1300:the-ajuran-sultanate,SOM:wikipedia-history-somalia
TL:SOM:event:1700:rise-of-the-geledi-sultanate,SOM:lumen-sultanates
TL:SOM:event:1700:rise-of-the-geledi-sultanate,SOM:wikipedia-geledi
TL:SOM:event:1800:majeerteen-and-hobyo-sultanates,SOM:wikipedia-majeerteen
TL:SOM:event:1800:majeerteen-and-hobyo-sultanates,SOM:lumen-sultanates
TL:SOM:event:1843:geledi-at-the-height-of-its-power,SOM:wikipedia-geledi
TL:SOM:event:1843:geledi-at-the-height-of-its-power,SOM:lumen-sultanates
TL:SOM:event:1884:british-somaliland-protectorate,SOM:britannica-somalia
TL:SOM:event:1884:british-somaliland-protectorate,SOM:wikipedia-british-somaliland
TL:SOM:event:1889:italy-s-protectorates-and-italian-somaliland,SOM:wikipedia-italian-somaliland
TL:SOM:event:1889:italy-s-protectorates-and-italian-somaliland,SOM:britannica-somalia
TL:SOM:event:1899:the-dervish-resistance,SOM:wikipedia-dervish
TL:SOM:event:1899:the-dervish-resistance,SOM:face2face-hassan
TL:SOM:event:1920:raf-bombing-ends-the-dervish-state,SOM:wikipedia-dervish
TL:SOM:event:1920:raf-bombing-ends-the-dervish-state,SOM:wikipedia-fifth-expedition
TL:SOM:event:1936:italian-somaliland-joins-italian-east-africa,SOM:wikipedia-italian-somaliland
TL:SOM:event:1936:italian-somaliland-joins-italian-east-africa,SOM:britannica-somalia
TL:SOM:event:1960:birth-of-the-somali-republic,SOM:britannica-somalia
TL:SOM:event:1960:birth-of-the-somali-republic,SOM:state-somalia-bgn
TL:SOM:event:1960:birth-of-the-somali-republic,SOM:wikipedia-trust-territory
TL:SOM:event:1969:siad-barre-seizes-power,SOM:britannica-siad-barre
TL:SOM:event:1969:siad-barre-seizes-power,SOM:wikipedia-1969-coup
TL:SOM:event:1972:somali-written-in-latin-script,SOM:britannica-siad-barre
TL:SOM:event:1972:somali-written-in-latin-script,SOM:trt-siad-barre
TL:SOM:event:1977:the-ogaden-war,SOM:britannica-siad-barre
TL:SOM:event:1977:the-ogaden-war,SOM:wikipedia-history-somalia
TL:SOM:event:1988:war-in-the-north,SOM:britannica-somalia
TL:SOM:event:1988:war-in-the-north,SOM:wikipedia-history-somalia
TL:SOM:event:1991:fall-of-siad-barre,SOM:britannica-somalia
TL:SOM:event:1991:fall-of-siad-barre,SOM:congress-somalia
TL:SOM:event:1991:state-collapse-and-somaliland-s-declaration,SOM:britannica-somalia
TL:SOM:event:1991:state-collapse-and-somaliland-s-declaration,SOM:congress-somalia
TL:SOM:event:1992:famine-and-operation-restore-hope,SOM:wikipedia-1992-famine
TL:SOM:event:1992:famine-and-operation-restore-hope,SOM:wikipedia-unitaf
TL:SOM:event:1993:battle-of-mogadishu-black-hawk-down,SOM:wikipedia-gothic-serpent
TL:SOM:event:1993:battle-of-mogadishu-black-hawk-down,SOM:congress-somalia
TL:SOM:event:2006:islamic-courts-union-and-the-rise-of-al-shabaab,SOM:congress-alshabaab
TL:SOM:event:2006:islamic-courts-union-and-the-rise-of-al-shabaab,SOM:amisom-background
TL:SOM:event:2012:federal-government-of-somalia-established,SOM:wikipedia-fgs
TL:SOM:event:2012:federal-government-of-somalia-established,SOM:congress-somalia
TL:SOM:event:2022:drought-famine-risk-and-renewed-offensive,SOM:congress-somalia
TL:SOM:event:2022:drought-famine-risk-and-renewed-offensive,SOM:congress-alshabaab
TL:SRB:event:1166:stefan-nemanja-founds-the-nemanjic-state,SRB:stefan-nemanja-britannica
TL:SRB:event:1166:stefan-nemanja-founds-the-nemanjic-state,SRB:nemanjic-britannica
TL:SRB:event:1190:foundation-of-studenica-monastery,SRB:studenica-unesco
TL:SRB:event:1217:stefan-the-first-crowned-becomes-king,SRB:stephen-firstcrowned-britannica
TL:SRB:event:1217:stefan-the-first-crowned-becomes-king,SRB:nemanjic-britannica
TL:SRB:event:1219:autocephaly-of-the-serbian-orthodox-church,SRB:saint-sava-britannica
TL:SRB:event:1346:imperial-coronation-of-stefan-dusan,SRB:stefan-dusan-britannica
TL:SRB:event:1346:imperial-coronation-of-stefan-dusan,SRB:nemanjic-britannica
TL:SRB:event:1355:death-of-dusan-and-the-empire-s-collapse,SRB:stefan-dusan-britannica
TL:SRB:event:1355:death-of-dusan-and-the-empire-s-collapse,SRB:serbia-history-britannica
TL:SRB:event:1389:the-battle-of-kosovo,SRB:battle-kosovo-britannica
TL:SRB:event:1402:the-serbian-despotate,SRB:serbia-history-britannica
TL:SRB:event:1459:ottoman-conquest-of-serbia,SRB:serbia-history-britannica
TL:SRB:event:1346:patriarchate-of-pec,SRB:kosovo-monuments-unesco
TL:SRB:event:1804:first-serbian-uprising,SRB:karadjordje-britannica
TL:SRB:event:1804:first-serbian-uprising,SRB:serbia-ottoman-britannica
TL:SRB:event:1815:second-uprising-and-autonomy-under-milos,SRB:serbia-ottoman-britannica
TL:SRB:event:1878:independence-recognised-at-the-congress-of,SRB:serbia-ottoman-britannica
TL:SRB:event:1878:independence-recognised-at-the-congress-of,SRB:statedept-serbia
TL:SRB:event:1912:the-balkan-wars,SRB:serbia-history-britannica
TL:SRB:event:1914:assassination-at-sarajevo,SRB:serbia-history-britannica
TL:SRB:event:1918:kingdom-of-serbs-croats-and-slovenes-proclaimed,SRB:ksc-britannica
TL:SRB:event:1918:kingdom-of-serbs-croats-and-slovenes-proclaimed,SRB:serbia-yugoslav-kingdom-britannica
TL:SRB:event:1929:royal-dictatorship-and-renaming-as-yugoslavia,SRB:ksc-britannica
TL:SRB:event:1941:axis-invasion-and-occupation,SRB:tito-britannica
TL:SRB:event:1941:axis-invasion-and-occupation,SRB:serbia-history-britannica
TL:SRB:event:1945:socialist-yugoslavia-under-tito,SRB:tito-britannica
TL:SRB:event:1974:autonomy-for-vojvodina-and-kosovo,SRB:serbia-history-britannica
TL:SRB:event:1989:milosevic-curtails-kosovo-s-autonomy,SRB:milosevic-britannica
TL:SRB:event:1989:milosevic-curtails-kosovo-s-autonomy,SRB:serbia-tenyears-britannica
TL:SRB:event:1991:wars-in-croatia-and-bosnia,SRB:serbia-tenyears-britannica
TL:SRB:event:1991:wars-in-croatia-and-bosnia,SRB:milosevic-britannica
TL:SRB:event:1999:kosovo-war-and-nato-bombing,SRB:kosovo-conflict-britannica
TL:SRB:event:1999:un-security-council-resolution-1244,SRB:unsc1244-unmik
TL:SRB:event:2000:fall-of-milosevic,SRB:milosevic-britannica
TL:SRB:event:2000:fall-of-milosevic,SRB:icty-milosevic
TL:SRB:event:2006:montenegro-s-independence-and-the-end-of-the,SRB:montenegro-independence-britannica
TL:SRB:event:2006:montenegro-s-independence-and-the-end-of-the,SRB:statedept-serbia
TL:SRB:event:2008:kosovo-declares-independence,SRB:icj-kosovo
TL:SRB:event:2008:kosovo-declares-independence,SRB:kosovo-conflict-britannica
TL:SRB:event:2010:icj-advisory-opinion-on-kosovo,SRB:icj-kosovo
TL:SRB:event:2013:brussels-agreement,SRB:brussels-ohrid-eeas
TL:SRB:event:2023:agreement-on-the-path-to-normalisation-ohrid,SRB:brussels-ohrid-eeas
TL:STP:event:1470:portuguese-reach-the-uninhabited-islands,STP:britannica-stp
TL:STP:event:1470:portuguese-reach-the-uninhabited-islands,STP:wiki-history-stp
TL:STP:event:1470:portuguese-reach-the-uninhabited-islands,STP:wiki-stp
TL:STP:event:1493:sao-tome-settled-by-alvaro-caminha,STP:wiki-history-stp
TL:STP:event:1493:sao-tome-settled-by-alvaro-caminha,STP:britannica-stp
TL:STP:event:1493:deportation-of-jewish-children-and-convicts,STP:wiki-history-stp
TL:STP:event:1493:deportation-of-jewish-children-and-convicts,STP:britannica-stp
TL:STP:event:1500:settlement-of-principe,STP:wiki-history-stp
TL:STP:event:1520:the-first-sugar-slavery-plantations,STP:worldhistory-stp
TL:STP:event:1520:the-first-sugar-slavery-plantations,STP:britannica-stp
TL:STP:event:1520:the-first-sugar-slavery-plantations,STP:wiki-history-stp
TL:STP:event:1550:sao-tome-a-leading-sugar-producer,STP:worldhistory-stp
TL:STP:event:1550:sao-tome-a-leading-sugar-producer,STP:britannica-stp
TL:STP:event:1540:the-angolar-maroon-community,STP:britannica-forros
TL:STP:event:1540:the-angolar-maroon-community,STP:saotomeexpert-angolares
TL:STP:event:1540:the-angolar-maroon-community,STP:wiki-history-stp
TL:STP:event:1595:the-revolt-of-rei-amador,STP:wiki-rei-amador
TL:STP:event:1595:the-revolt-of-rei-amador,STP:worldhistory-stp
TL:STP:event:1595:the-revolt-of-rei-amador,STP:wiki-history-stp
TL:STP:event:1596:capture-and-execution-of-rei-amador,STP:wiki-rei-amador
TL:STP:event:1596:capture-and-execution-of-rei-amador,STP:worldhistory-stp
TL:STP:event:1641:dutch-sack-of-sao-tome,STP:wiki-history-stp
TL:STP:event:1641:dutch-sack-of-sao-tome,STP:britannica-stp
TL:STP:event:1822:coffee-and-cocoa-introduced,STP:wiki-history-stp
TL:STP:event:1822:coffee-and-cocoa-introduced,STP:britannica-stp
TL:STP:event:1869:portugal-decrees-abolition-of-slavery,STP:wiki-history-stp
TL:STP:event:1869:portugal-decrees-abolition-of-slavery,STP:chocolateclass-stp
TL:STP:event:1905:world-s-largest-cocoa-producer,STP:wiki-history-stp
TL:STP:event:1905:world-s-largest-cocoa-producer,STP:chocolateclass-stp
TL:STP:event:1905:world-s-largest-cocoa-producer,STP:saotomeexpert-servicais
TL:STP:event:1906:nevinson-exposes-a-modern-slavery,STP:chocolateclass-stp
TL:STP:event:1906:nevinson-exposes-a-modern-slavery,STP:saotomeexpert-servicais
TL:STP:event:1909:cadbury-and-the-cocoa-boycott,STP:chocolateclass-stp
TL:STP:event:1909:cadbury-and-the-cocoa-boycott,STP:saotomeexpert-servicais
TL:STP:event:1953:the-batepa-massacre,STP:museu-batepa
TL:STP:event:1953:the-batepa-massacre,STP:wiki-batepa
TL:STP:event:1953:the-batepa-massacre,STP:academia-batepa
TL:STP:event:1960:founding-of-the-mlstp,STP:britannica-stp-independence
TL:STP:event:1960:founding-of-the-mlstp,STP:wiki-mlstp
TL:STP:event:1974:carnation-revolution-in-portugal,STP:wiki-history-stp
TL:STP:event:1974:carnation-revolution-in-portugal,STP:britannica-stp-independence
TL:STP:event:1974:transfer-of-power-negotiated,STP:wiki-history-stp
TL:STP:event:1974:transfer-of-power-negotiated,STP:britannica-stp-independence
TL:STP:event:1975:independence-proclaimed,STP:wiki-history-stp
TL:STP:event:1975:independence-proclaimed,STP:britannica-stp-independence
TL:STP:event:1975:independence-proclaimed,STP:blackpast-pinto-da-costa
TL:STP:event:1975:one-party-socialist-state,STP:britannica-stp-independence
TL:STP:event:1975:one-party-socialist-state,STP:blackpast-pinto-da-costa
TL:STP:event:1975:one-party-socialist-state,STP:wiki-mlstp
TL:STP:event:1990:multiparty-constitution-adopted,STP:britannica-stp-independence
TL:STP:event:1990:multiparty-constitution-adopted,STP:wiki-stp
TL:STP:event:1991:first-free-elections,STP:britannica-stp-independence
TL:STP:event:1991:first-free-elections,STP:wiki-stp
TL:STP:event:2003:short-lived-military-coup,STP:wiki-stp
TL:STP:event:2003:short-lived-military-coup,STP:britannica-stp-independence
TL:STP:event:2021:carlos-vila-nova-elected-president,STP:wiki-stp
TL:SUR:event:3000bce:indigenous-settlement,SUR:britannica-suriname-people
TL:SUR:event:3000bce:indigenous-settlement,SUR:britannica-suriname
TL:SUR:event:1498:european-voyages-sight-the-coast,SUR:britannica-suriname
TL:SUR:event:1651:english-settlement-under-willoughby,SUR:britannica-willoughby
TL:SUR:event:1651:english-settlement-under-willoughby,SUR:britannica-suriname
TL:SUR:event:1667:dutch-capture-of-the-colony,SUR:britannica-suriname
TL:SUR:event:1667:dutch-capture-of-the-colony,SUR:britannica-breda
TL:SUR:event:1667:treaty-of-breda,SUR:britannica-breda
TL:SUR:event:1667:treaty-of-breda,SUR:nycourts-breda
TL:SUR:event:1667:the-sugar-slavery-economy,SUR:britannica-suriname
TL:SUR:event:1667:the-sugar-slavery-economy,SUR:unesco-paramaribo
TL:SUR:event:1760:maroon-peace-treaties,SUR:britannica-suriname
TL:SUR:event:1760:maroon-peace-treaties,SUR:britannica-suriname-people
TL:SUR:event:1793:death-of-the-maroon-leader-boni,SUR:britannica-suriname-people
TL:SUR:event:1793:death-of-the-maroon-leader-boni,SUR:britannica-suriname
TL:SUR:event:1863:abolition-of-slavery,SUR:britannica-suriname
TL:SUR:event:1863:abolition-of-slavery,SUR:radboud-hindustani
TL:SUR:event:1873:hindustani-indentured-labour,SUR:radboud-hindustani
TL:SUR:event:1873:hindustani-indentured-labour,SUR:britannica-suriname-people
TL:SUR:event:1890:javanese-indentured-labour,SUR:britannica-suriname-people
TL:SUR:event:1890:javanese-indentured-labour,SUR:britannica-suriname
TL:SUR:event:1975:independence-from-the-netherlands,SUR:statedept-suriname
TL:SUR:event:1975:independence-from-the-netherlands,SUR:blackpast-ferrier
TL:SUR:event:1980:military-coup,SUR:britannica-suriname
TL:SUR:event:1980:military-coup,SUR:loc-crs-suriname
TL:SUR:event:1982:the-december-murders,SUR:nuhanovic-december
TL:SUR:event:1982:the-december-murders,SUR:britannica-suriname
TL:SUR:event:1986:the-interior-war,SUR:nl-prosecution-interiorwar
TL:SUR:event:1986:the-interior-war,SUR:britannica-suriname
TL:SUR:event:2002:paramaribo-named-world-heritage,SUR:unesco-paramaribo
TL:SUR:event:2023:bouterse-conviction-upheld,SUR:nuhanovic-december
TL:SUR:event:2023:bouterse-conviction-upheld,SUR:loc-crs-suriname
TL:SUR:event:2024:granmorgu-oil-decision,SUR:totalenergies-granmorgu
TL:SUR:event:2025:first-woman-president,SUR:britannica-geerlings-simons
TL:SUR:event:2025:first-woman-president,SUR:idea-suriname-2025
TL:SVK:event:833:founding-of-great-moravia,SVK:slovakia-travel-history
TL:SVK:event:833:founding-of-great-moravia,SVK:moravia-britannica
TL:SVK:event:863:mission-of-cyril-and-methodius,SVK:cyril-methodius-britannica
TL:SVK:event:863:mission-of-cyril-and-methodius,SVK:slovakia-travel-history
TL:SVK:event:870:reign-of-svatopluk-i,SVK:svatopluk-britannica
TL:SVK:event:870:reign-of-svatopluk-i,SVK:moravia-britannica
TL:SVK:event:907:fall-of-great-moravia-to-the-magyars,SVK:moravia-britannica
TL:SVK:event:907:fall-of-great-moravia-to-the-magyars,SVK:slovakia-travel-history
TL:SVK:event:1000:incorporation-into-the-kingdom-of-hungary,SVK:slovakia-travel-history
TL:SVK:event:1000:incorporation-into-the-kingdom-of-hungary,SVK:slovakia-britannica
TL:SVK:event:1467:universitas-istropolitana-at-pressburg,SVK:slovakia-travel-history
TL:SVK:event:1536:pressburg-made-capital-of-hungary,SVK:slovakia-travel-history
TL:SVK:event:1536:pressburg-made-capital-of-hungary,SVK:bratislava-coronation
TL:SVK:event:1563:pressburg-the-coronation-city,SVK:bratislava-coronation
TL:SVK:event:1787:bernolak-s-first-written-slovak,SVK:slovak-literature-britannica
TL:SVK:event:1787:bernolak-s-first-written-slovak,SVK:slovakia-travel-history
TL:SVK:event:1843:stur-codifies-literary-slovak,SVK:stur-britannica
TL:SVK:event:1843:stur-codifies-literary-slovak,SVK:slovak-literature-britannica
TL:SVK:event:1843:stur-codifies-literary-slovak,SVK:slovakia-travel-history
TL:SVK:event:1867:magyarization-under-the-compromise,SVK:slovakia-britannica
TL:SVK:event:1867:magyarization-under-the-compromise,SVK:slovak-literature-britannica
TL:SVK:event:1848:slovaks-in-the-revolutions-of-1848,SVK:stur-britannica
TL:SVK:event:1848:slovaks-in-the-revolutions-of-1848,SVK:slovakia-travel-history
TL:SVK:event:1918:czechoslovakia-and-the-martin-declaration,SVK:czechoslovakia-britannica
TL:SVK:event:1918:czechoslovakia-and-the-martin-declaration,SVK:slovakia-travel-history
TL:SVK:event:1939:proclamation-of-the-slovak-state,SVK:tiso-ushmm
TL:SVK:event:1939:proclamation-of-the-slovak-state,SVK:holocaust-slovakia-ushmm
TL:SVK:event:1942:deportation-of-slovak-jews,SVK:holocaust-slovakia-ushmm
TL:SVK:event:1942:deportation-of-slovak-jews,SVK:tiso-ushmm
TL:SVK:event:1944:slovak-national-uprising,SVK:snp-ww2museum
TL:SVK:event:1944:slovak-national-uprising,SVK:slovakia-travel-history
TL:SVK:event:1948:communist-takeover,SVK:czechoslovakia-britannica
TL:SVK:event:1948:communist-takeover,SVK:velvet-revolution-britannica
TL:SVK:event:1968:federalization-of-czechoslovakia,SVK:czechoslovakia-britannica
TL:SVK:event:1989:the-velvet-revolution,SVK:velvet-revolution-britannica
TL:SVK:event:1989:the-velvet-revolution,SVK:slovakia-travel-history
TL:SVK:event:1993:the-velvet-divorce,SVK:czechoslovakia-britannica
TL:SVK:event:1993:the-velvet-divorce,SVK:state-dept-slovakia
TL:SVK:event:1997:icj-judgment-on-gabcikovo-nagymaros,SVK:icj-gabcikovo
TL:SVK:event:1997:icj-judgment-on-gabcikovo-nagymaros,SVK:icj-gabcikovo-summary
TL:SVK:event:2004:slovakia-joins-nato,SVK:nato-slovakia
TL:SVK:event:2004:accession-to-the-european-union,SVK:state-dept-slovakia
TL:SVK:event:2004:accession-to-the-european-union,SVK:eu-slovakia-euro
TL:SVK:event:2009:slovakia-adopts-the-euro,SVK:eu-slovakia-euro
TL:SVN:event:600:slavic-settlement-of-the-eastern-alps,SVN:slovenia-si-past
TL:SVN:event:600:slavic-settlement-of-the-eastern-alps,SVN:govsi-history
TL:SVN:event:658:founding-of-carantania,SVN:slovenia-si-past
TL:SVN:event:658:founding-of-carantania,SVN:govsi-history
TL:SVN:event:745:carantania-under-frankish-overlordship,SVN:slovenia-si-past
TL:SVN:event:745:carantania-under-frankish-overlordship,SVN:govsi-history
TL:SVN:event:973:carniola-first-attested,SVN:govsi-history
TL:SVN:event:973:carniola-first-attested,SVN:slovenia-britannica-middle-ages
TL:SVN:event:1335:habsburgs-acquire-carniola-and-carinthia,SVN:slovenia-britannica-middle-ages
TL:SVN:event:1335:habsburgs-acquire-carniola-and-carinthia,SVN:govsi-history
TL:SVN:event:1364:carniola-raised-to-a-duchy,SVN:slovenia-britannica-middle-ages
TL:SVN:event:1364:carniola-raised-to-a-duchy,SVN:ljubljana-britannica
TL:SVN:event:1550:first-books-printed-in-slovene,SVN:trubar-britannica
TL:SVN:event:1550:first-books-printed-in-slovene,SVN:culture-si-protestantism
TL:SVN:event:1550:first-books-printed-in-slovene,SVN:stb-reformation
TL:SVN:event:1584:dalmatin-s-bible-and-bohoric-s-grammar,SVN:govsi-history
TL:SVN:event:1584:dalmatin-s-bible-and-bohoric-s-grammar,SVN:stb-reformation
TL:SVN:event:1490:mercury-found-at-idrija,SVN:idrija-unesco
TL:SVN:event:1809:the-illyrian-provinces,SVN:illyrian-britannica-history
TL:SVN:event:1809:the-illyrian-provinces,SVN:govsi-history
TL:SVN:event:1815:austria-regains-the-slovene-lands,SVN:illyrian-britannica-history
TL:SVN:event:1815:austria-regains-the-slovene-lands,SVN:ljubljana-britannica
TL:SVN:event:1844:preseren-writes-zdravljica,SVN:preseren-britannica
TL:SVN:event:1848:the-united-slovenia-programme,SVN:govsi-history
TL:SVN:event:1848:the-united-slovenia-programme,SVN:slovenia-si-past
TL:SVN:event:1918:birth-of-the-yugoslav-kingdom,SVN:scs-britannica
TL:SVN:event:1918:birth-of-the-yugoslav-kingdom,SVN:slovenia-britannica-since-1918
TL:SVN:event:1920:the-carinthian-plebiscite,SVN:carinthia-plebiscite-mdpi
TL:SVN:event:1920:the-carinthian-plebiscite,SVN:slovenia-britannica-since-1918
TL:SVN:event:1920:treaty-of-rapallo-and-the-italian-border,SVN:slovenia-britannica-since-1918
TL:SVN:event:1941:axis-partition-of-slovenia,SVN:slovenia-britannica-since-1918
TL:SVN:event:1941:axis-partition-of-slovenia,SVN:govsi-history
TL:SVN:event:1945:slovenia-within-socialist-yugoslavia,SVN:slovenia-britannica-since-1918
TL:SVN:event:1954:london-memorandum-on-trieste,SVN:trieste-frus
TL:SVN:event:1954:london-memorandum-on-trieste,SVN:osimo-reference
TL:SVN:event:1975:treaty-of-osimo,SVN:osimo-reference
TL:SVN:event:1990:plebiscite-on-independence,SVN:govsi-independence
TL:SVN:event:1990:plebiscite-on-independence,SVN:govsi-history
TL:SVN:event:1991:independence-and-the-ten-day-war,SVN:govsi-independence
TL:SVN:event:1991:independence-and-the-ten-day-war,SVN:slovenia-britannica-since-1918
TL:SVN:event:1991:independence-and-the-ten-day-war,SVN:brioni-reference
TL:SVN:event:2004:slovenia-joins-nato,SVN:govsi-nato
TL:SVN:event:2004:slovenia-joins-nato,SVN:eu-slovenia
TL:SVN:event:2004:accession-to-the-european-union,SVN:eu-slovenia
TL:SVN:event:2007:adoption-of-the-euro,SVN:eu-slovenia
TL:SVN:event:2009:arbitration-agreement-with-croatia,SVN:govsi-arbitration
TL:SVN:event:2009:arbitration-agreement-with-croatia,SVN:pca-case
TL:SVN:event:2017:pca-award-on-the-piran-bay-border,SVN:pca-case
TL:SVN:event:2017:pca-award-on-the-piran-bay-border,SVN:govsi-arbitration
TL:SWE:event:750:the-trading-town-of-birka,SWE:birka-unesco
TL:SWE:event:750:the-trading-town-of-birka,SWE:sweden-history-britannica
TL:SWE:event:830:ansgar-s-mission-and-the-first-christian,SWE:birka-unesco
TL:SWE:event:830:ansgar-s-mission-and-the-first-christian,SWE:sweden-history-britannica
TL:SWE:event:860:the-rus-and-the-eastern-river-routes,SWE:birka-unesco
TL:SWE:event:860:the-rus-and-the-eastern-river-routes,SWE:sweden-history-britannica
TL:SWE:event:1008:christianization-advances-under-royal-patronage,SWE:sweden-history-britannica
TL:SWE:event:1397:formation-of-the-kalmar-union,SWE:kalmar-britannica
TL:SWE:event:1397:formation-of-the-kalmar-union,SWE:historiska-kalmar
TL:SWE:event:1434:swedish-revolts-and-the-sture-regents,SWE:historiska-kalmar
TL:SWE:event:1434:swedish-revolts-and-the-sture-regents,SWE:sweden-history-britannica
TL:SWE:event:1520:the-stockholm-bloodbath,SWE:bloodbath-britannica
TL:SWE:event:1520:the-stockholm-bloodbath,SWE:historiska-bloodbath
TL:SWE:event:1521:the-swedish-war-of-liberation,SWE:vasa-britannica
TL:SWE:event:1521:the-swedish-war-of-liberation,SWE:sweden-vasa-kings-britannica
TL:SWE:event:1523:gustav-vasa-elected-king,SWE:vasa-britannica
TL:SWE:event:1523:gustav-vasa-elected-king,SWE:riksdagen-decisions
TL:SWE:event:1523:gustav-vasa-elected-king,SWE:sweden-vasa-kings-britannica
TL:SWE:event:1523:reign-of-gustav-i-vasa,SWE:vasa-britannica
TL:SWE:event:1523:reign-of-gustav-i-vasa,SWE:sweden-vasa-kings-britannica
TL:SWE:event:1527:the-reformation-at-vasteras,SWE:historiska-reformation
TL:SWE:event:1527:the-reformation-at-vasteras,SWE:riksdagen-decisions
TL:SWE:event:1527:the-reformation-at-vasteras,SWE:sweden-vasa-kings-britannica
TL:SWE:event:1541:the-complete-swedish-bible,SWE:historiska-reformation
TL:SWE:event:1544:the-crown-made-hereditary,SWE:sweden-vasa-kings-britannica
TL:SWE:event:1630:sweden-enters-the-thirty-years-war,SWE:westphalia-britannica
TL:SWE:event:1630:sweden-enters-the-thirty-years-war,SWE:sweden-vasa-kings-britannica
TL:SWE:event:1648:peace-of-westphalia,SWE:westphalia-britannica
TL:SWE:event:1658:treaty-of-roskilde,SWE:roskilde-britannica
TL:SWE:event:1709:battle-of-poltava,SWE:poltava-britannica
TL:SWE:event:1721:treaty-of-nystad-ends-the-empire,SWE:nystad-reference
TL:SWE:event:1721:treaty-of-nystad-ends-the-empire,SWE:poltava-britannica
TL:SWE:event:1809:treaty-of-fredrikshamn-the-loss-of-finland,SWE:hamina-britannica
TL:SWE:event:1809:treaty-of-fredrikshamn-the-loss-of-finland,SWE:sweden-history-britannica
TL:SWE:event:1810:bernadotte-chosen-as-heir,SWE:kiel-britannica
TL:SWE:event:1810:bernadotte-chosen-as-heir,SWE:sweden-history-britannica
TL:SWE:event:1814:treaty-of-kiel-and-the-union-with-norway,SWE:kiel-britannica
TL:SWE:event:1814:treaty-of-kiel-and-the-union-with-norway,SWE:norway-union-britannica
TL:SWE:event:1846:the-great-emigration-to-america,SWE:loc-swedes
TL:SWE:event:1905:peaceful-dissolution-of-the-union-with-norway,SWE:norway-union-britannica
TL:SWE:event:1921:universal-suffrage-and-democracy,SWE:riksdagen-decisions
TL:SWE:event:1921:universal-suffrage-and-democracy,SWE:welfare-britannica
TL:SWE:event:1928:the-people-s-home-folkhemmet,SWE:welfare-britannica
TL:SWE:event:1939:neutrality-in-the-second-world-war,SWE:welfare-britannica
TL:SWE:event:1939:neutrality-in-the-second-world-war,SWE:sweden-history-britannica
TL:SWE:event:1995:accession-to-the-european-union,SWE:welfare-britannica
TL:SWE:event:1995:accession-to-the-european-union,SWE:sweden-history-britannica
TL:SWE:event:2024:sweden-joins-nato,SWE:nato-sweden
TL:SWE:event:2024:sweden-joins-nato,SWE:nato-flag
TL:SWZ:event:1500:nguni-peoples-move-south,SWZ:wiki-history-sz
TL:SWZ:event:1500:nguni-peoples-move-south,SWZ:britannica-eswatini
TL:SWZ:event:1745:reign-of-ngwane-iii,SWZ:wiki-ngwane-iii
TL:SWZ:event:1745:reign-of-ngwane-iii,SWZ:wiki-history-sz
TL:SWZ:event:1745:reign-of-ngwane-iii,SWZ:kiddle-history-sz
TL:SWZ:event:1815:accession-of-sobhuza-i,SWZ:britannica-sobhuza-i
TL:SWZ:event:1815:accession-of-sobhuza-i,SWZ:sahistory-sobhuza-i
TL:SWZ:event:1815:accession-of-sobhuza-i,SWZ:wiki-history-sz
TL:SWZ:event:1820:migration-into-central-eswatini,SWZ:britannica-sobhuza-i
TL:SWZ:event:1820:migration-into-central-eswatini,SWZ:sahistory-sobhuza-i
TL:SWZ:event:1840:reign-of-mswati-ii-begins,SWZ:britannica-mswati-ii
TL:SWZ:event:1840:reign-of-mswati-ii-begins,SWZ:wiki-mswati-ii
TL:SWZ:event:1840:reign-of-mswati-ii-begins,SWZ:wiki-history-sz
TL:SWZ:event:1868:death-of-mswati-ii,SWZ:britannica-mswati-ii
TL:SWZ:event:1868:death-of-mswati-ii,SWZ:wiki-mswati-ii
TL:SWZ:event:1875:mbandzeni-becomes-king,SWZ:wiki-mbandzeni
TL:SWZ:event:1875:mbandzeni-becomes-king,SWZ:encyaf-mbandzeni
TL:SWZ:event:1880:the-concessions-era,SWZ:wiki-mbandzeni
TL:SWZ:event:1880:the-concessions-era,SWZ:nationsency-swaziland
TL:SWZ:event:1880:the-concessions-era,SWZ:wiki-history-sz
TL:SWZ:event:1894:protectorate-of-the-south-african-republic,SWZ:nationsency-swaziland
TL:SWZ:event:1894:protectorate-of-the-south-african-republic,SWZ:wiki-history-sz
TL:SWZ:event:1894:protectorate-of-the-south-african-republic,SWZ:britannica-eswatini
TL:SWZ:event:1906:a-high-commission-territory,SWZ:britannica-colonial-sz
TL:SWZ:event:1906:a-high-commission-territory,SWZ:wiki-history-sz
TL:SWZ:event:1906:a-high-commission-territory,SWZ:familysearch-sz
TL:SWZ:event:1910:kept-out-of-the-union-of-south-africa,SWZ:britannica-colonial-sz
TL:SWZ:event:1910:kept-out-of-the-union-of-south-africa,SWZ:wiki-history-sz
TL:SWZ:event:1910:kept-out-of-the-union-of-south-africa,SWZ:familysearch-sz
TL:SWZ:event:1921:sobhuza-ii-becomes-ngwenyama,SWZ:britannica-sobhuza-ii
TL:SWZ:event:1921:sobhuza-ii-becomes-ngwenyama,SWZ:wiki-history-sz
TL:SWZ:event:1967:self-government-and-elections,SWZ:wiki-history-sz
TL:SWZ:event:1967:self-government-and-elections,SWZ:statedept-swaziland
TL:SWZ:event:1968:independence-of-swaziland,SWZ:statedept-swaziland
TL:SWZ:event:1968:independence-of-swaziland,SWZ:britannica-sobhuza-ii
TL:SWZ:event:1968:independence-of-swaziland,SWZ:wiki-history-sz
TL:SWZ:event:1973:sobhuza-ii-repeals-the-constitution,SWZ:wiki-constitution-sz
TL:SWZ:event:1973:sobhuza-ii-repeals-the-constitution,SWZ:blackpast-sobhuza-ii
TL:SWZ:event:1973:sobhuza-ii-repeals-the-constitution,SWZ:statedept-swaziland
TL:SWZ:event:1982:death-of-sobhuza-ii,SWZ:britannica-sobhuza-ii
TL:SWZ:event:1982:death-of-sobhuza-ii,SWZ:blackpast-sobhuza-ii
TL:SWZ:event:1986:coronation-of-mswati-iii,SWZ:wiki-mswati-iii
TL:SWZ:event:1986:coronation-of-mswati-iii,SWZ:wiki-history-sz
TL:SWZ:event:2018:swaziland-becomes-eswatini,SWZ:wiki-mswati-iii
TL:SWZ:event:2018:swaziland-becomes-eswatini,SWZ:wiki-history-sz
TL:SWZ:event:2018:swaziland-becomes-eswatini,SWZ:statedept-recognition
TL:SWZ:event:2021:pro-democracy-protests,SWZ:commons-eswatini-protests
TL:SWZ:event:2021:pro-democracy-protests,SWZ:natgeo-eswatini
TL:SYC:event:1502:portuguese-navigators-sight-the-islands,SYC:wiki-history
TL:SYC:event:1502:portuguese-navigators-sight-the-islands,SYC:seyvillas
TL:SYC:event:1609:first-recorded-landing-by-the-ascension,SYC:wiki-history
TL:SYC:event:1609:first-recorded-landing-by-the-ascension,SYC:holidify
TL:SYC:event:1700:a-haunt-of-pirates,SYC:holidify
TL:SYC:event:1700:a-haunt-of-pirates,SYC:seyvillas
TL:SYC:event:1756:france-claims-and-names-the-islands,SYC:wiki-history
TL:SYC:event:1756:france-claims-and-names-the-islands,SYC:kreol-mag
TL:SYC:event:1770:first-permanent-settlement,SYC:wiki-history
TL:SYC:event:1770:first-permanent-settlement,SYC:seyvillas
TL:SYC:event:1771:spice-and-plantation-economy,SYC:kreol-mag
TL:SYC:event:1771:spice-and-plantation-economy,SYC:liquisearch
TL:SYC:event:1794:capitulations-during-the-napoleonic-wars,SYC:wiki-history
TL:SYC:event:1794:capitulations-during-the-napoleonic-wars,SYC:seyvillas
TL:SYC:event:1814:cession-to-britain-by-the-treaty-of-paris,SYC:wiki-history
TL:SYC:event:1814:cession-to-britain-by-the-treaty-of-paris,SYC:seyvillas
TL:SYC:event:1835:abolition-of-slavery,SYC:wiki-history
TL:SYC:event:1835:abolition-of-slavery,SYC:sey-museum-slavery
TL:SYC:event:1861:liberated-africans-resettled,SYC:sey-museum-slavery
TL:SYC:event:1861:liberated-africans-resettled,SYC:sna-creole
TL:SYC:event:1903:separate-crown-colony,SYC:wiki-history
TL:SYC:event:1903:separate-crown-colony,SYC:state-gov-old
TL:SYC:event:1982:aldabra-atoll-inscribed-by-unesco,SYC:unesco-aldabra
TL:SYC:event:1982:aldabra-atoll-inscribed-by-unesco,SYC:sna-aldabra
TL:SYC:event:1983:vallee-de-mai-inscribed-by-unesco,SYC:unesco-valleedemai
TL:SYC:event:1983:vallee-de-mai-inscribed-by-unesco,SYC:sif-vdm
TL:SYC:event:1976:independence-from-the-united-kingdom,SYC:wiki-history
TL:SYC:event:1976:independence-from-the-united-kingdom,SYC:uca-seychelles
TL:SYC:event:1977:coup-brings-rene-to-power,SYC:wiki-history
TL:SYC:event:1977:coup-brings-rene-to-power,SYC:uca-seychelles
TL:SYC:event:1979:one-party-socialist-state,SYC:uca-seychelles
TL:SYC:event:1979:one-party-socialist-state,SYC:ascleiden-mancham
TL:SYC:event:1981:mike-hoare-s-mercenary-raid-fails,SYC:wiki-1981coup
TL:SYC:event:1993:return-to-multiparty-democracy,SYC:uca-seychelles
TL:SYC:event:1993:return-to-multiparty-democracy,SYC:ascleiden-mancham
TL:SYC:event:2015:high-income-tourism-and-tuna-economy,SYC:wiki-economy
TL:SYC:event:2015:high-income-tourism-and-tuna-economy,SYC:cia-factbook
TL:SYR:event:2400bce:the-kingdom-of-ebla,SYR:britannica-ebla
TL:SYR:event:1800bce:mari-and-the-palace-of-zimri-lim,SYR:britannica-mari
TL:SYR:event:1400bce:the-ugaritic-alphabet,SYR:britannica-ugaritic-alphabet
TL:SYR:event:1000bce:the-aramaeans-and-aram-damascus,SYR:britannica-aramaean
TL:SYR:event:1000bce:the-aramaeans-and-aram-damascus,SYR:britannica-damascus
TL:SYR:event:64bce:pompey-annexes-syria-to-rome,SYR:britannica-syria
TL:SYR:event:64bce:pompey-annexes-syria-to-rome,SYR:britannica-damascus
TL:SYR:event:272:zenobia-palmyra-and-the-war-with-rome,SYR:britannica-zenobia
TL:SYR:event:272:zenobia-palmyra-and-the-war-with-rome,SYR:unesco-palmyra
TL:SYR:event:636:the-muslim-conquest-of-syria,SYR:britannica-syria
TL:SYR:event:636:the-muslim-conquest-of-syria,SYR:britannica-umayyad
TL:SYR:event:661:damascus-capital-of-the-umayyad-caliphate,SYR:britannica-umayyad
TL:SYR:event:661:damascus-capital-of-the-umayyad-caliphate,SYR:britannica-syria
TL:SYR:event:715:the-great-mosque-of-damascus,SYR:britannica-great-mosque-damascus
TL:SYR:event:715:the-great-mosque-of-damascus,SYR:unesco-damascus
TL:SYR:event:1099:the-first-crusade-reaches-syria,SYR:britannica-saladin
TL:SYR:event:1187:saladin-recaptures-jerusalem,SYR:britannica-saladin
TL:SYR:event:1187:saladin-recaptures-jerusalem,SYR:britannica-ayyubid
TL:SYR:event:1250:mamluk-rule-over-syria,SYR:britannica-mamluk
TL:SYR:event:1516:ottoman-conquest-of-syria,SYR:britannica-syria
TL:SYR:event:1516:ottoman-conquest-of-syria,SYR:britannica-mamluk
TL:SYR:event:1918:end-of-ottoman-rule,SYR:britannica-syria
TL:SYR:event:1918:end-of-ottoman-rule,SYR:historian-syria
TL:SYR:event:1920:arab-kingdom-of-syria-and-the-french-mandate,SYR:britannica-syria
TL:SYR:event:1920:arab-kingdom-of-syria-and-the-french-mandate,SYR:historian-syria
TL:SYR:event:1946:independence-evacuation-of-french-troops,SYR:historian-syria
TL:SYR:event:1946:independence-evacuation-of-french-troops,SYR:britannica-syria
TL:SYR:event:1958:union-with-egypt-the-united-arab-republic,SYR:britannica-uar
TL:SYR:event:1958:union-with-egypt-the-united-arab-republic,SYR:britannica-syria
TL:SYR:event:1970:hafez-al-assad-seizes-power,SYR:britannica-syria
TL:SYR:event:2000:bashar-al-assad-succeeds-his-father,SYR:britannica-bashar
TL:SYR:event:2011:uprising-and-the-start-of-the-civil-war,SYR:britannica-bashar-civilwar
TL:SYR:event:2022:human-cost-of-the-war,SYR:ohchr-syria-deaths
TL:SYR:event:2022:human-cost-of-the-war,SYR:unhcr-syria
TL:SYR:event:2024:the-assad-government-falls,SYR:britannica-bashar
TL:TCD:event:2001:discovery-of-toumai,TCD:nature-sahelanthropus
TL:TCD:event:2001:discovery-of-toumai,TCD:australian-museum-sahelanthropus
TL:TCD:event:2001:discovery-of-toumai,TCD:smithsonian-toumai
TL:TCD:event:600bce:rise-of-the-sao-culture,TCD:wiki-sao
TL:TCD:event:600bce:rise-of-the-sao-culture,TCD:ancient-origins-sao
TL:TCD:event:1075:hummay-founds-the-sayfawa-dynasty,TCD:wiki-kanem-bornu
TL:TCD:event:1075:hummay-founds-the-sayfawa-dynasty,TCD:wiki-hummay
TL:TCD:event:1210:zenith-under-dunama-dibalemi,TCD:wiki-kanem-bornu
TL:TCD:event:1210:zenith-under-dunama-dibalemi,TCD:ebsco-dunama
TL:TCD:event:1380:sayfawa-flee-kanem-for-bornu,TCD:wiki-kanem-bornu
TL:TCD:event:1571:golden-age-under-idris-alooma,TCD:wiki-kanem-bornu
TL:TCD:event:1571:golden-age-under-idris-alooma,TCD:lumen-bornu
TL:TCD:event:1846:end-of-the-sayfawa-line,TCD:wiki-kanem-bornu
TL:TCD:event:1635:founding-of-the-wadai-sultanate,TCD:wiki-wadai
TL:TCD:event:1635:founding-of-the-wadai-sultanate,TCD:britannica-wadai
TL:TCD:event:1804:wadai-s-commercial-expansion,TCD:britannica-wadai
TL:TCD:event:1804:wadai-s-commercial-expansion,TCD:wiki-wadai
TL:TCD:event:1600:baguirmi-and-the-slave-trade,TCD:wiki-bagirmi
TL:TCD:event:1893:rabih-conquers-bornu,TCD:wiki-rabih
TL:TCD:event:1900:battle-of-kousseri,TCD:wiki-kousseri
TL:TCD:event:1900:battle-of-kousseri,TCD:wiki-rabih
TL:TCD:event:1910:chad-joins-french-equatorial-africa,TCD:britannica-chad-independence
TL:TCD:event:1910:chad-joins-french-equatorial-africa,TCD:wiki-french-chad
TL:TCD:event:1958:autonomous-republic-proclaimed,TCD:britannica-chad-independence
TL:TCD:event:1960:independence-under-tombalbaye,TCD:britannica-chad-independence
TL:TCD:event:1960:independence-under-tombalbaye,TCD:wiki-tombalbaye
TL:TCD:event:1966:frolinat-and-the-civil-war,TCD:ebsco-civil-war
TL:TCD:event:1966:frolinat-and-the-civil-war,TCD:wiki-tombalbaye
TL:TCD:event:1975:coup-kills-tombalbaye,TCD:ebsco-civil-war
TL:TCD:event:1975:coup-kills-tombalbaye,TCD:wiki-malloum
TL:TCD:event:1982:habre-seizes-power,TCD:britannica-chad-independence
TL:TCD:event:1982:habre-seizes-power,TCD:factbook-chad
TL:TCD:event:1987:the-toyota-war-with-libya,TCD:history-defined-toyota-war
TL:TCD:event:1987:the-toyota-war-with-libya,TCD:icj-aouzou
TL:TCD:event:1990:idriss-deby-seizes-power,TCD:britannica-idriss-deby
TL:TCD:event:1990:idriss-deby-seizes-power,TCD:wiki-mps
TL:TCD:event:1994:icj-awards-aouzou-strip-to-chad,TCD:icj-aouzou
TL:TCD:event:2016:habre-convicted-of-crimes-against-humanity,TCD:hrw-habre
TL:TCD:event:2016:habre-convicted-of-crimes-against-humanity,TCD:fidh-habre
TL:TCD:event:2021:death-of-idriss-deby-son-takes-power,TCD:france24-mahamat-deby
TL:TCD:event:2021:death-of-idriss-deby-son-takes-power,TCD:britannica-mahamat-deby
TL:TGO:event:1200:ewe-ancestors-present-in-the-region,TGO:ewe-exodus-wiki
TL:TGO:event:1200:ewe-ancestors-present-in-the-region,TGO:britannica-togo
TL:TGO:event:1200:ewe-ancestors-present-in-the-region,TGO:togo-wiki
TL:TGO:event:1500:the-ewe-exodus-from-notse,TGO:ewe-exodus-wiki
TL:TGO:event:1500:the-ewe-exodus-from-notse,TGO:britannica-togo
TL:TGO:event:1400:northern-peoples-and-the-batammariba,TGO:unesco-koutammakou
TL:TGO:event:1400:northern-peoples-and-the-batammariba,TGO:smarthistory-takienta
TL:TGO:event:1400:northern-peoples-and-the-batammariba,TGO:kabye-wiki
TL:TGO:event:1400:northern-peoples-and-the-batammariba,TGO:history-of-togo-wiki
TL:TGO:event:1663:founding-of-aneho-petit-popo,TGO:aneho-wiki
TL:TGO:event:1663:founding-of-aneho-petit-popo,TGO:britannica-togo
TL:TGO:event:1700:the-slave-coast-and-the-atlantic-trade,TGO:aneho-wiki
TL:TGO:event:1700:the-slave-coast-and-the-atlantic-trade,TGO:britannica-togo
TL:TGO:event:1850:from-slaving-to-legitimate-trade,TGO:britannica-togo
TL:TGO:event:1850:from-slaving-to-legitimate-trade,TGO:togoland-wiki
TL:TGO:event:1884:nachtigal-proclaims-a-protectorate,TGO:togoland-wiki
TL:TGO:event:1884:nachtigal-proclaims-a-protectorate,TGO:britannica-togo
TL:TGO:event:1884:nachtigal-proclaims-a-protectorate,TGO:nachtigal-wiki
TL:TGO:event:1884:the-berlin-conference-recognises-togoland,TGO:togoland-wiki
TL:TGO:event:1884:the-berlin-conference-recognises-togoland,TGO:britannica-togo
TL:TGO:event:1897:lome-becomes-the-colonial-capital,TGO:aneho-wiki
TL:TGO:event:1897:lome-becomes-the-colonial-capital,TGO:togoland-wiki
TL:TGO:event:1900:a-model-colony-built-on-forced-labour,TGO:togoland-wiki
TL:TGO:event:1900:a-model-colony-built-on-forced-labour,TGO:germany-togo-wiki
TL:TGO:event:1900:a-model-colony-built-on-forced-labour,TGO:britannica-togo
TL:TGO:event:1914:anglo-french-conquest-of-togoland,TGO:togoland-wiki
TL:TGO:event:1914:anglo-french-conquest-of-togoland,TGO:britannica-togo
TL:TGO:event:1922:partition-into-british-and-french-mandates,TGO:togoland-wiki
TL:TGO:event:1922:partition-into-british-and-french-mandates,TGO:britishtogoland-wiki
TL:TGO:event:1922:partition-into-british-and-french-mandates,TGO:britannica-togo
TL:TGO:event:1956:british-togoland-votes-to-join-ghana,TGO:britishtogoland-plebiscite-wiki
TL:TGO:event:1956:british-togoland-votes-to-join-ghana,TGO:britishtogoland-wiki
TL:TGO:event:1956:british-togoland-votes-to-join-ghana,TGO:history-of-togo-wiki
TL:TGO:event:1958:olympio-s-cut-wins-the-elections,TGO:olympio-wiki
TL:TGO:event:1958:olympio-s-cut-wins-the-elections,TGO:frenchtogoland-wiki
TL:TGO:event:1958:olympio-s-cut-wins-the-elections,TGO:britannica-togo
TL:TGO:event:1960:independence-of-the-republic-of-togo,TGO:olympio-wiki
TL:TGO:event:1960:independence-of-the-republic-of-togo,TGO:frenchtogoland-wiki
TL:TGO:event:1960:independence-of-the-republic-of-togo,TGO:statedept-togo
TL:TGO:event:1960:independence-of-the-republic-of-togo,TGO:aaregistry-togo
TL:TGO:event:1960:independence-of-the-republic-of-togo,TGO:britannica-togo
TL:TGO:event:1963:assassination-of-sylvanus-olympio,TGO:olympio-wiki
TL:TGO:event:1963:assassination-of-sylvanus-olympio,TGO:eyadema-wiki
TL:TGO:event:1963:grunitzky-installed-as-president,TGO:britannica-togo
TL:TGO:event:1963:grunitzky-installed-as-president,TGO:eyadema-wiki
TL:TGO:event:1967:eyadema-seizes-power,TGO:eyadema-wiki
TL:TGO:event:1967:eyadema-seizes-power,TGO:britannica-togo
TL:TGO:event:1969:founding-of-the-rpt-one-party-state,TGO:eyadema-wiki
TL:TGO:event:1969:founding-of-the-rpt-one-party-state,TGO:britannica-togo
TL:TGO:event:1992:pro-democracy-pressure-and-a-new-constitution,TGO:britannica-togo
TL:TGO:event:1992:pro-democracy-pressure-and-a-new-constitution,TGO:eyadema-wiki
TL:TGO:event:2005:death-of-eyadema-and-dynastic-succession,TGO:eyadema-wiki
TL:TGO:event:2005:death-of-eyadema-and-dynastic-succession,TGO:faure-wiki
TL:TGO:event:2005:faure-gnassingbe-elected-amid-violence,TGO:faure-wiki
TL:TGO:event:2005:faure-gnassingbe-elected-amid-violence,TGO:britannica-togo
TL:THA:event:1238:founding-of-the-sukhothai-kingdom,THA:eb-sukhothai
TL:THA:event:1238:founding-of-the-sukhothai-kingdom,THA:unesco-sukhothai
TL:THA:event:1283:creation-of-the-thai-script,THA:eb-ramkhamhaeng
TL:THA:event:1279:reign-of-ramkhamhaeng-the-great,THA:eb-ramkhamhaeng
TL:THA:event:1279:reign-of-ramkhamhaeng-the-great,THA:eb-sukhothai
TL:THA:event:1438:sukhothai-absorbed-by-ayutthaya,THA:eb-sukhothai
TL:THA:event:1438:sukhothai-absorbed-by-ayutthaya,THA:eb-thailand
TL:THA:event:1351:foundation-of-ayutthaya,THA:eb-thailand
TL:THA:event:1351:foundation-of-ayutthaya,THA:unesco-ayutthaya
TL:THA:event:1569:first-burmese-conquest-of-ayutthaya,THA:eb-thailand
TL:THA:event:1656:reign-of-king-narai-and-the-french-embassies,THA:eb-thailand
TL:THA:event:1656:reign-of-king-narai-and-the-french-embassies,THA:unesco-ayutthaya
TL:THA:event:1767:sack-of-ayutthaya-by-burma,THA:eb-thailand
TL:THA:event:1767:sack-of-ayutthaya-by-burma,THA:eb-taksin
TL:THA:event:1767:sack-of-ayutthaya-by-burma,THA:unesco-ayutthaya
TL:THA:event:1767:taksin-establishes-thonburi,THA:eb-taksin
TL:THA:event:1782:founding-of-the-chakri-dynasty-and-bangkok,THA:eb-rama-i
TL:THA:event:1782:founding-of-the-chakri-dynasty-and-bangkok,THA:eb-thailand
TL:THA:event:1782:reign-of-rama-i,THA:eb-rama-i
TL:THA:event:1855:the-bowring-treaty,THA:eb-bowring
TL:THA:event:1855:the-bowring-treaty,THA:eb-mongkut
TL:THA:event:1868:reforms-of-chulalongkorn-rama-v,THA:eb-chulalongkorn
TL:THA:event:1868:reforms-of-chulalongkorn-rama-v,THA:eb-thailand
TL:THA:event:1893:franco-siamese-crisis-and-loss-of-laos,THA:eb-thailand
TL:THA:event:1896:anglo-french-guarantee-of-siam-s-independence,THA:siam-society-1896
TL:THA:event:1896:anglo-french-guarantee-of-siam-s-independence,THA:eb-thailand
TL:THA:event:1932:constitutional-revolution,THA:eb-pridi
TL:THA:event:1932:constitutional-revolution,THA:eb-thailand
TL:THA:event:1939:siam-renamed-thailand,THA:eb-thailand
TL:THA:event:1942:alliance-with-japan-in-world-war-ii,THA:eb-thailand
TL:THA:event:1942:alliance-with-japan-in-world-war-ii,THA:eb-pridi
TL:THA:event:1946:death-of-king-ananda-and-accession-of-bhumibol,THA:eb-bhumibol
TL:THA:event:1946:death-of-king-ananda-and-accession-of-bhumibol,THA:eb-thailand
TL:THA:event:1973:student-uprising-ends-military-rule,THA:eb-bhumibol
TL:THA:event:1973:student-uprising-ends-military-rule,THA:eb-thailand
TL:THA:event:2006:coup-against-thaksin-shinawatra,THA:eb-bhumibol
TL:THA:event:2006:coup-against-thaksin-shinawatra,THA:eb-thailand
TL:THA:event:2014:coup-against-yingluck-shinawatra,THA:eb-vajiralongkorn
TL:THA:event:2014:coup-against-yingluck-shinawatra,THA:eb-thailand
TL:THA:event:2016:death-of-bhumibol-accession-of-vajiralongkorn,THA:eb-bhumibol
TL:THA:event:2016:death-of-bhumibol-accession-of-vajiralongkorn,THA:eb-vajiralongkorn
TL:TJK:event:3500bce:the-proto-urban-settlement-of-sarazm,TJK:unesco-sarazm
TL:TJK:event:3500bce:the-proto-urban-settlement-of-sarazm,TJK:loc-centralasia
TL:TJK:event:329bce:alexander-the-great-in-sogdiana-and-bactria,TJK:britannica-sogdiana
TL:TJK:event:329bce:alexander-the-great-in-sogdiana-and-bactria,TJK:britannica-history-tajikistan
TL:TJK:event:500:sogdian-merchants-dominate-the-silk-road,TJK:britannica-sogdiana
TL:TJK:event:500:sogdian-merchants-dominate-the-silk-road,TJK:loc-centralasia
TL:TJK:event:819:the-samanid-empire-centred-on-bukhara,TJK:britannica-samanid
TL:TJK:event:819:the-samanid-empire-centred-on-bukhara,TJK:britannica-sogdiana
TL:TJK:event:892:the-reign-of-ismail-samani,TJK:britannica-ismail
TL:TJK:event:892:the-reign-of-ismail-samani,TJK:loc-centralasia
TL:TJK:event:940:rudaki-and-the-rebirth-of-persian-poetry,TJK:britannica-rudaki
TL:TJK:event:940:rudaki-and-the-rebirth-of-persian-poetry,TJK:britannica-samanid
TL:TJK:event:999:karakhanid-conquest-of-bukhara,TJK:britannica-samanid
TL:TJK:event:999:karakhanid-conquest-of-bukhara,TJK:britannica-history-tajikistan
TL:TJK:event:1220:the-mongol-conquest-of-transoxania,TJK:britannica-history-tajikistan
TL:TJK:event:1220:the-mongol-conquest-of-transoxania,TJK:loc-centralasia
TL:TJK:event:1370:timur-makes-samarkand-his-capital,TJK:britannica-history-tajikistan
TL:TJK:event:1747:division-between-bukhara-and-kokand,TJK:loc-centralasia
TL:TJK:event:1747:division-between-bukhara-and-kokand,TJK:britannica-history-tajikistan
TL:TJK:event:1868:bukhara-becomes-a-russian-protectorate,TJK:britannica-history-tajikistan
TL:TJK:event:1868:bukhara-becomes-a-russian-protectorate,TJK:loc-centralasia
TL:TJK:event:1924:creation-of-the-tajik-assr,TJK:loc-centralasia
TL:TJK:event:1924:creation-of-the-tajik-assr,TJK:britannica-history-tajikistan
TL:TJK:event:1929:the-tajik-ssr-and-the-loss-of-bukhara-and,TJK:loc-centralasia
TL:TJK:event:1929:the-tajik-ssr-and-the-loss-of-bukhara-and,TJK:britannica-history-tajikistan
TL:TJK:event:1991:declaration-of-independence,TJK:britannica-independence
TL:TJK:event:1991:declaration-of-independence,TJK:britannica-history-tajikistan
TL:TJK:event:1992:the-tajik-civil-war,TJK:britannica-independence
TL:TJK:event:1992:the-tajik-civil-war,TJK:loc-centralasia
TL:TJK:event:1994:emomali-rahmon-elected-president-unmot,TJK:britannica-rahmon
TL:TJK:event:1994:emomali-rahmon-elected-president-unmot,TJK:un-unmot
TL:TJK:event:1997:un-brokered-general-peace-agreement,TJK:un-unmot
TL:TJK:event:1997:un-brokered-general-peace-agreement,TJK:britannica-independence
TL:TJK:event:2013:tajik-national-park-inscribed-by-unesco,TJK:unesco-tajiknationalpark
TL:TJK:event:2015:rahmon-named-leader-of-the-nation,TJK:mfa-leader
TL:TJK:event:2015:rahmon-named-leader-of-the-nation,TJK:britannica-rahmon
TL:TJK:event:2024:a-remittance-dependent-economy,TJK:worldbank-tajikistan
TL:TJK:event:2024:a-remittance-dependent-economy,TJK:iom-labourmigration
TL:TKM:event:2300bce:the-margiana-oasis-civilisation-bmac,TKM:britannica-turkmenistan
TL:TKM:event:2300bce:the-margiana-oasis-civilisation-bmac,TKM:loc-turkmenistan
TL:TKM:event:247bce:rise-of-the-parthian-empire,TKM:britannica-parthia
TL:TKM:event:247bce:rise-of-the-parthian-empire,TKM:whe-parthia
TL:TKM:event:200bce:royal-city-of-nisa,TKM:unesco-nisa
TL:TKM:event:200bce:royal-city-of-nisa,TKM:britannica-parthia
TL:TKM:event:2007:nisa-inscribed-by-unesco,TKM:unesco-nisa
TL:TKM:event:651:merv-under-the-arab-caliphate,TKM:unesco-merv
TL:TKM:event:651:merv-under-the-arab-caliphate,TKM:britannica-turkmenistan
TL:TKM:event:1118:merv-as-seljuk-capital-under-sultan-sanjar,TKM:britannica-seljuq
TL:TKM:event:1118:merv-as-seljuk-capital-under-sultan-sanjar,TKM:unesco-merv
TL:TKM:event:1157:mausoleum-of-sultan-sanjar,TKM:unesco-merv
TL:TKM:event:1157:mausoleum-of-sultan-sanjar,TKM:britannica-seljuq
TL:TKM:event:1221:mongol-destruction-of-merv,TKM:unesco-merv
TL:TKM:event:1221:mongol-destruction-of-merv,TKM:britannica-mongol
TL:TKM:event:1760:magtymguly-pyragy-and-turkmen-poetry,TKM:britannica-turkmen-history
TL:TKM:event:1760:magtymguly-pyragy-and-turkmen-poetry,TKM:loc-turkmenistan
TL:TKM:event:1869:russians-found-krasnovodsk,TKM:britannica-turkmen-history
TL:TKM:event:1881:battle-of-geok-tepe,TKM:britannica-gok-tepe
TL:TKM:event:1881:battle-of-geok-tepe,TKM:britannica-turkmen-history
TL:TKM:event:1885:russian-annexation-completed,TKM:britannica-turkmen-history
TL:TKM:event:1885:russian-annexation-completed,TKM:loc-turkmenistan
TL:TKM:event:1924:creation-of-the-turkmen-ssr,TKM:loc-turkmenistan
TL:TKM:event:1924:creation-of-the-turkmen-ssr,TKM:britannica-turkmenistan
TL:TKM:event:1930:collectivisation-and-cotton,TKM:loc-turkmenistan
TL:TKM:event:1930:collectivisation-and-cotton,TKM:britannica-turkmenistan
TL:TKM:event:1948:ashgabat-earthquake,TKM:loc-turkmenistan
TL:TKM:event:1948:ashgabat-earthquake,TKM:britannica-turkmenistan
TL:TKM:event:1954:the-kara-kum-canal,TKM:britannica-turkmenistan
TL:TKM:event:1954:the-kara-kum-canal,TKM:loc-turkmenistan
TL:TKM:event:1991:independence-declared,TKM:history-state-tkm
TL:TKM:event:1991:independence-declared,TKM:britannica-turkmenistan
TL:TKM:event:1995:permanent-neutrality-recognised-by-the-un,TKM:un-neutrality
TL:TKM:event:1995:permanent-neutrality-recognised-by-the-un,TKM:britannica-turkmenistan
TL:TKM:event:1999:niyazov-declared-president-for-life,TKM:britannica-niyazov
TL:TKM:event:2007:gurbanguly-berdimuhamedow-elected,TKM:britannica-gurbanguly
TL:TKM:event:2007:gurbanguly-berdimuhamedow-elected,TKM:britannica-turkmenistan
TL:TKM:event:2022:serdar-berdimuhamedow-succeeds-his-father,TKM:britannica-serdar
TL:TKM:event:2022:serdar-berdimuhamedow-succeeds-his-father,TKM:britannica-gurbanguly
TL:TLS:event:1000bce:society-of-the-liurai,TLS:britannica-east-timor
TL:TLS:event:1000bce:society-of-the-liurai,TLS:loc-indonesia-study
TL:TLS:event:500bce:the-sandalwood-trade,TLS:britannica-east-timor
TL:TLS:event:1515:portuguese-arrival-and-missions,TLS:britannica-east-timor
TL:TLS:event:1769:capital-established-at-dili,TLS:britannica-east-timor
TL:TLS:event:1769:capital-established-at-dili,TLS:britannica-dili
TL:TLS:event:1859:partition-of-the-island,TLS:britannica-east-timor
TL:TLS:event:1859:partition-of-the-island,TLS:pca-timor-boundaries
TL:TLS:event:1974:decolonization-begins,TLS:britannica-east-timor
TL:TLS:event:1974:decolonization-begins,TLS:britannica-1975-invasion
TL:TLS:event:1975:declaration-of-independence,TLS:britannica-1975-invasion
TL:TLS:event:1975:declaration-of-independence,TLS:britannica-east-timor
TL:TLS:event:1975:indonesian-invasion,TLS:britannica-1975-invasion
TL:TLS:event:1975:indonesian-invasion,TLS:history-state-timor
TL:TLS:event:1976:annexation-as-27th-province,TLS:britannica-1975-invasion
TL:TLS:event:1976:annexation-as-27th-province,TLS:un-untaet-background
TL:TLS:event:1991:santa-cruz-massacre,TLS:britannica-santa-cruz
TL:TLS:event:1991:santa-cruz-massacre,TLS:britannica-east-timor
TL:TLS:event:1992:capture-of-xanana-gusmao,TLS:timorleste-gov-gusmao
TL:TLS:event:1992:capture-of-xanana-gusmao,TLS:britannica-gusmao
TL:TLS:event:1996:nobel-peace-prize,TLS:nobel-1996
TL:TLS:event:1996:nobel-peace-prize,TLS:un-sg-nobel-1996
TL:TLS:event:1999:independence-referendum,TLS:un-untaet-background
TL:TLS:event:1999:independence-referendum,TLS:britannica-east-timor
TL:TLS:event:1999:post-ballot-violence-and-interfet,TLS:un-untaet-background
TL:TLS:event:1999:un-administration-established,TLS:un-untaet-background
TL:TLS:event:1999:un-administration-established,TLS:un-untaet-page
TL:TLS:event:2002:restoration-of-independence,TLS:history-state-timor
TL:TLS:event:2002:restoration-of-independence,TLS:un-untaet-background
TL:TLS:event:2006:the-2006-crisis,TLS:britannica-east-timor
TL:TLS:event:2008:attack-on-the-president,TLS:britannica-east-timor
TL:TLS:event:2018:maritime-boundary-treaty-with-australia,TLS:britannica-east-timor
TL:TLS:event:2025:asean-membership,TLS:state-asean-2025
TL:TLS:event:2025:asean-membership,TLS:diplomat-asean-2025
TL:TTO:event:5000bce:the-first-settlers-reach-the-islands,TTO:national-trust-timeline
TL:TTO:event:5000bce:the-first-settlers-reach-the-islands,TTO:britannica-tt-history
TL:TTO:event:1000:arawak-and-carib-peoples-established,TTO:britannica-tt
TL:TTO:event:1000:arawak-and-carib-peoples-established,TTO:national-trust-timeline
TL:TTO:event:1498:columbus-sights-trinidad-and-tobago,TTO:britannica-tt-history
TL:TTO:event:1498:columbus-sights-trinidad-and-tobago,TTO:national-trust-timeline
TL:TTO:event:1498:columbus-sights-trinidad-and-tobago,TTO:statedept-tt
TL:TTO:event:1592:spain-founds-san-jose-de-oruna,TTO:britannica-tt-history
TL:TTO:event:1592:spain-founds-san-jose-de-oruna,TTO:national-trust-timeline
TL:TTO:event:1595:raleigh-raids-the-spanish-settlement,TTO:national-trust-timeline
TL:TTO:event:1783:the-cedula-de-poblacion,TTO:britannica-tt-history
TL:TTO:event:1783:the-cedula-de-poblacion,TTO:national-trust-timeline
TL:TTO:event:1797:britain-captures-trinidad,TTO:national-trust-timeline
TL:TTO:event:1797:britain-captures-trinidad,TTO:britannica-tt-history
TL:TTO:event:1802:trinidad-ceded-to-britain-by-treaty,TTO:britannica-tt-history
TL:TTO:event:1802:trinidad-ceded-to-britain-by-treaty,TTO:national-trust-timeline
TL:TTO:event:1814:tobago-ceded-to-britain,TTO:visit-tobago-timeline
TL:TTO:event:1814:tobago-ceded-to-britain,TTO:britannica-tt-history
TL:TTO:event:1834:abolition-of-slavery,TTO:britannica-tt-history
TL:TTO:event:1834:abolition-of-slavery,TTO:national-trust-timeline
TL:TTO:event:1838:full-emancipation,TTO:britannica-tt-history
TL:TTO:event:1838:full-emancipation,TTO:nalis-arrival-day
TL:TTO:event:1845:arrival-of-the-fatel-razack,TTO:nalis-arrival-day
TL:TTO:event:1845:arrival-of-the-fatel-razack,TTO:national-trust-indenture
TL:TTO:event:1889:tobago-united-with-trinidad,TTO:national-archives-unification
TL:TTO:event:1889:tobago-united-with-trinidad,TTO:britannica-tt-history
TL:TTO:event:1908:commercial-oil-production-begins,TTO:energy-petroleum-history
TL:TTO:event:1908:commercial-oil-production-begins,TTO:britannica-tt-history
TL:TTO:event:1917:end-of-indian-indentureship,TTO:national-trust-indenture
TL:TTO:event:1917:end-of-indian-indentureship,TTO:nalis-arrival-day
TL:TTO:event:1937:the-1937-labour-revolution,TTO:nalis-labour-day
TL:TTO:event:1937:the-1937-labour-revolution,TTO:national-trust-1937
TL:TTO:event:1937:the-1937-labour-revolution,TTO:britannica-tt-history
TL:TTO:event:1956:eric-williams-founds-the-pnm,TTO:britannica-eric-williams
TL:TTO:event:1956:eric-williams-founds-the-pnm,TTO:britannica-tt-history
TL:TTO:event:1962:independence-from-britain,TTO:statedept-tt
TL:TTO:event:1962:independence-from-britain,TTO:britannica-eric-williams
TL:TTO:event:1962:independence-from-britain,TTO:britannica-tt-history
TL:TTO:event:1970:the-black-power-uprising,TTO:britannica-tt-history
TL:TTO:event:1976:trinidad-and-tobago-becomes-a-republic,TTO:britannica-tt-history
TL:TTO:event:1976:trinidad-and-tobago-becomes-a-republic,TTO:statedept-tt
TL:TTO:event:1990:the-jamaat-al-muslimeen-coup-attempt,TTO:jamestown-jam
TL:TTO:event:1990:the-jamaat-al-muslimeen-coup-attempt,TTO:britannica-tt-history
TL:TTO:event:1999:atlantic-lng-begins-exports,TTO:energy-petroleum-history
TL:TTO:event:1940:birth-of-the-steelpan,TTO:nalis-steelband
TL:TTO:event:2025:persad-bissessar-returns-as-prime-minister,TTO:finance-economy-2025
TL:TUN:event:814bce:foundation-of-carthage,TUN:eb-carthage146
TL:TUN:event:814bce:foundation-of-carthage,TUN:wiki-tunisia-history
TL:TUN:event:218bce:hannibal-s-war-on-rome,TUN:eb-punicwars
TL:TUN:event:218bce:hannibal-s-war-on-rome,TUN:whe-punicwars
TL:TUN:event:146bce:rome-destroys-carthage,TUN:eb-carthage146
TL:TUN:event:146bce:rome-destroys-carthage,TUN:africaproconsularis
TL:TUN:event:29bce:augustus-refounds-carthage,TUN:africaproconsularis
TL:TUN:event:29bce:augustus-refounds-carthage,TUN:wiki-tunisia-history
TL:TUN:event:238:amphitheatre-of-el-djem,TUN:unesco-eljem
TL:TUN:event:439:vandals-take-carthage,TUN:wiki-tunisia-history
TL:TUN:event:439:vandals-take-carthage,TUN:africaproconsularis
TL:TUN:event:534:byzantine-reconquest,TUN:wiki-tunisia-history
TL:TUN:event:670:founding-of-kairouan,TUN:unesco-kairouan
TL:TUN:event:670:founding-of-kairouan,TUN:smarthistory-kairouan
TL:TUN:event:800:aghlabid-dynasty,TUN:smarthistory-kairouan
TL:TUN:event:800:aghlabid-dynasty,TUN:wiki-tunisia-history
TL:TUN:event:909:fatimid-caliphate,TUN:smarthistory-kairouan
TL:TUN:event:909:fatimid-caliphate,TUN:wiki-tunisia-history
TL:TUN:event:1229:hafsid-dynasty-rules-from-tunis,TUN:wiki-tunisia-history
TL:TUN:event:1229:hafsid-dynasty-rules-from-tunis,TUN:smarthistory-kairouan
TL:TUN:event:1574:ottoman-conquest-of-tunis,TUN:wiki-ottoman-tunisia
TL:TUN:event:1574:ottoman-conquest-of-tunis,TUN:eb-husaynid
TL:TUN:event:1705:husaynid-dynasty-founded,TUN:eb-husaynid
TL:TUN:event:1705:husaynid-dynasty-founded,TUN:wiki-husaynid
TL:TUN:event:1861:first-written-constitution,TUN:wiki-tunisia-history
TL:TUN:event:1881:treaty-of-bardo,TUN:wiki-bardo
TL:TUN:event:1881:treaty-of-bardo,TUN:wiki-french-protectorate
TL:TUN:event:1934:neo-destour-founded,TUN:wiki-neodestour
TL:TUN:event:1934:neo-destour-founded,TUN:eb-bourguiba
TL:TUN:event:1956:tunisian-independence,TUN:wiki-independence
TL:TUN:event:1956:tunisian-independence,TUN:eb-bourguiba
TL:TUN:event:1957:republic-proclaimed,TUN:eb-bourguiba
TL:TUN:event:1956:code-of-personal-status,TUN:wiki-personal-status
TL:TUN:event:1956:code-of-personal-status,TUN:eb-bourguiba
TL:TUN:event:1987:ben-ali-takes-power,TUN:eb-jasmine
TL:TUN:event:1987:ben-ali-takes-power,TUN:wiki-jasmine
TL:TUN:event:2010:mohamed-bouazizi-self-immolation,TUN:eb-jasmine
TL:TUN:event:2010:mohamed-bouazizi-self-immolation,TUN:wiki-jasmine
TL:TUN:event:2011:jasmine-revolution-ousts-ben-ali,TUN:eb-jasmine
TL:TUN:event:2011:jasmine-revolution-ousts-ben-ali,TUN:wiki-jasmine
TL:TUR:event:7100bce:the-neolithic-town-of-catalhoyuk,TUR:unesco-catalhoyuk
TL:TUR:event:7100bce:the-neolithic-town-of-catalhoyuk,TUR:natgeo-catalhoyuk
TL:TUR:event:1650bce:hattusa-becomes-the-hittite-capital,TUR:whe-hittites
TL:TUR:event:1650bce:hattusa-becomes-the-hittite-capital,TUR:britannica-anatolia
TL:TUR:event:1274bce:battle-of-kadesh-and-the-hittite-egyptian-treaty,TUR:whe-hittites
TL:TUR:event:1274bce:battle-of-kadesh-and-the-hittite-egyptian-treaty,TUR:britannica-anatolia
TL:TUR:event:1250bce:troy-of-the-iliad,TUR:unesco-troy
TL:TUR:event:1250bce:troy-of-the-iliad,TUR:whe-troy
TL:TUR:event:1180bce:bronze-age-collapse,TUR:whe-hittites
TL:TUR:event:1180bce:bronze-age-collapse,TUR:britannica-anatolia
TL:TUR:event:547bce:fall-of-lydia-and-croesus,TUR:britannica-anatolia
TL:TUR:event:330:constantine-refounds-constantinople,TUR:britannica-constantine
TL:TUR:event:330:constantine-refounds-constantinople,TUR:britannica-byzantine
TL:TUR:event:537:justinian-completes-the-hagia-sophia,TUR:britannica-byzantine
TL:TUR:event:1071:battle-of-manzikert,TUR:britannica-manzikert
TL:TUR:event:1071:battle-of-manzikert,TUR:whe-osman
TL:TUR:event:1077:sultanate-of-rum-at-konya,TUR:britannica-ottoman
TL:TUR:event:1077:sultanate-of-rum-at-konya,TUR:whe-osman
TL:TUR:event:1299:foundation-of-the-ottoman-emirate,TUR:whe-osman
TL:TUR:event:1299:foundation-of-the-ottoman-emirate,TUR:britannica-ottoman
TL:TUR:event:1389:battle-of-kosovo,TUR:britannica-ottoman
TL:TUR:event:1402:battle-of-ankara-and-the-interregnum,TUR:britannica-ottoman
TL:TUR:event:1453:fall-of-constantinople,TUR:britannica-constantinople
TL:TUR:event:1453:fall-of-constantinople,TUR:britannica-ottoman
TL:TUR:event:1520:reign-of-suleyman-the-magnificent,TUR:met-suleyman
TL:TUR:event:1520:reign-of-suleyman-the-magnificent,TUR:britannica-ottoman
TL:TUR:event:1529:first-siege-of-vienna,TUR:britannica-ottoman
TL:TUR:event:1529:first-siege-of-vienna,TUR:met-suleyman
TL:TUR:event:1699:treaty-of-karlowitz,TUR:britannica-ottoman
TL:TUR:event:1839:the-tanzimat-reforms,TUR:britannica-ottoman
TL:TUR:event:1908:young-turk-revolution,TUR:britannica-ottoman
TL:TUR:event:1908:young-turk-revolution,TUR:britannica-ataturk
TL:TUR:event:1915:the-armenian-genocide,TUR:ushmm-armenian
TL:TUR:event:1915:the-armenian-genocide,TUR:britannica-armenian
TL:TUR:event:1915:gallipoli-campaign,TUR:britannica-ataturk
TL:TUR:event:1920:treaty-of-sevres,TUR:britannica-ataturk
TL:TUR:event:1920:treaty-of-sevres,TUR:britannica-ottoman
TL:TUR:event:1919:turkish-war-of-independence,TUR:britannica-ataturk
TL:TUR:event:1923:treaty-of-lausanne,TUR:britannica-ataturk
TL:TUR:event:1923:treaty-of-lausanne,TUR:britannica-ottoman
TL:TUR:event:1924:abolition-of-the-caliphate,TUR:britannica-ataturk
TL:TUR:event:1928:the-alphabet-and-language-reforms,TUR:britannica-ataturk
TL:TUR:event:1950:first-multiparty-election,TUR:britannica-democrat-party
TL:TUR:event:1952:turkey-joins-nato,TUR:britannica-ataturk
TL:TUR:event:2022:registered-at-the-un-as-turkiye,TUR:un-turkiye
TL:TUR:event:2022:registered-at-the-un-as-turkiye,TUR:britannica-turkey
TL:TWN:event:1624:dutch-found-fort-zeelandia,TWN:britannica-taiwan
TL:TWN:event:1624:dutch-found-fort-zeelandia,TWN:loh-history
TL:TWN:event:1626:spanish-settle-the-northern-coast,TWN:britannica-taiwan
TL:TWN:event:1642:dutch-expel-the-spanish,TWN:britannica-taiwan
TL:TWN:event:1662:koxinga-expels-the-dutch,TWN:britannica-koxinga
TL:TWN:event:1683:qing-conquest-of-the-zheng-regime,TWN:britannica-koxinga
TL:TWN:event:1683:qing-conquest-of-the-zheng-regime,TWN:britannica-nanjing
TL:TWN:event:1885:taiwan-made-a-qing-province,TWN:britannica-taiwan
TL:TWN:event:1895:treaty-of-shimonoseki-cedes-taiwan-to-japan,TWN:britannica-shimonoseki
TL:TWN:event:1895:treaty-of-shimonoseki-cedes-taiwan-to-japan,TWN:britannica-sino-japanese-war
TL:TWN:event:1895:japanese-colonial-administration,TWN:britannica-taiwan
TL:TWN:event:1945:roc-takes-over-taiwan,TWN:britannica-nationalist-rule
TL:TWN:event:1947:february-28-incident,TWN:britannica-nationalist-rule
TL:TWN:event:1947:february-28-incident,TWN:britannica-white-terror
TL:TWN:event:1949:people-s-republic-of-china-proclaimed,TWN:state-chinese-rev
TL:TWN:event:1949:roc-government-relocates-to-taiwan,TWN:state-chinese-rev
TL:TWN:event:1949:roc-government-relocates-to-taiwan,TWN:britannica-chiang
TL:TWN:event:1971:un-seat-transferred-to-the-prc,TWN:state-rapprochement
TL:TWN:event:1972:shanghai-communique,TWN:state-rapprochement
TL:TWN:event:1979:u-s-switches-recognition-to-the-prc,TWN:state-china-policy
TL:TWN:event:1965:national-palace-museum-opens-in-taipei,TWN:npm
TL:TWN:event:1987:martial-law-lifted,TWN:britannica-lee
TL:TWN:event:1987:martial-law-lifted,TWN:britannica-successors
TL:TWN:event:1996:first-direct-presidential-election,TWN:britannica-lee
TL:TWN:event:1996:first-direct-presidential-election,TWN:britannica-successors
TL:TWN:event:2026:ongoing-cross-strait-dispute,TWN:britannica-taiwan
TL:TWN:event:2026:ongoing-cross-strait-dispute,TWN:state-china-policy
TL:TZA:event:3600000bce:hominins-leave-footprints-at-laetoli,TZA:britannica-laetoli
TL:TZA:event:3600000bce:hominins-leave-footprints-at-laetoli,TZA:wiki-laetoli
TL:TZA:event:3600000bce:hominins-leave-footprints-at-laetoli,TZA:ncaa-laetoli
TL:TZA:event:1800000bce:homo-habilis-and-oldowan-tools-at-olduvai,TZA:wiki-olduvai
TL:TZA:event:1800000bce:homo-habilis-and-oldowan-tools-at-olduvai,TZA:iugs-laetoli-olduvai
TL:TZA:event:1959:mary-leakey-finds-the-zinjanthropus-skull,TZA:wiki-olduvai
TL:TZA:event:1959:mary-leakey-finds-the-zinjanthropus-skull,TZA:wiki-mary-leakey
TL:TZA:event:1976:discovery-of-the-laetoli-footprints,TZA:britannica-laetoli
TL:TZA:event:1976:discovery-of-the-laetoli-footprints,TZA:wiki-laetoli
TL:TZA:event:1976:discovery-of-the-laetoli-footprints,TZA:ncaa-laetoli
TL:TZA:event:500bce:bantu-farmers-reach-the-coast,TZA:wiki-history-tanzania
TL:TZA:event:500bce:bantu-farmers-reach-the-coast,TZA:wiki-swahili-language
TL:TZA:event:800:rise-of-the-swahili-coast,TZA:britannica-swahili-language
TL:TZA:event:800:rise-of-the-swahili-coast,TZA:wiki-swahili-language
TL:TZA:event:1100:shirazi-dynasty-founds-kilwa,TZA:whc-kilwa
TL:TZA:event:1100:shirazi-dynasty-founds-kilwa,TZA:wiki-kilwa
TL:TZA:event:1300:kilwa-dominates-the-gold-trade,TZA:whc-kilwa
TL:TZA:event:1300:kilwa-dominates-the-gold-trade,TZA:wiki-kilwa
TL:TZA:event:1300:kilwa-dominates-the-gold-trade,TZA:natgeo-kilwa
TL:TZA:event:1331:ibn-battuta-visits-kilwa,TZA:whc-kilwa
TL:TZA:event:1331:ibn-battuta-visits-kilwa,TZA:wiki-kilwa
TL:TZA:event:1498:vasco-da-gama-reaches-the-coast,TZA:wiki-portuguese-east-africa
TL:TZA:event:1498:vasco-da-gama-reaches-the-coast,TZA:worldhistory-portuguese-east-africa
TL:TZA:event:1840:said-bin-sultan-moves-his-capital-to-zanzibar,TZA:britannica-said-ibn-sultan
TL:TZA:event:1840:said-bin-sultan-moves-his-capital-to-zanzibar,TZA:blackpast-zanzibar-sultanate
TL:TZA:event:1840:clove-plantations-and-the-caravan-trade,TZA:britannica-said-ibn-sultan
TL:TZA:event:1840:clove-plantations-and-the-caravan-trade,TZA:blackpast-zanzibar-sultanate
TL:TZA:event:1840:clove-plantations-and-the-caravan-trade,TZA:wiki-slavery-zanzibar
TL:TZA:event:1856:zanzibar-becomes-a-separate-sultanate,TZA:blackpast-zanzibar-sultanate
TL:TZA:event:1856:zanzibar-becomes-a-separate-sultanate,TZA:britannica-said-ibn-sultan
TL:TZA:event:1873:zanzibar-bans-the-seaborne-slave-trade,TZA:wiki-slavery-zanzibar
TL:TZA:event:1873:zanzibar-bans-the-seaborne-slave-trade,TZA:ebsco-zanzibar-slavery
TL:TZA:event:1885:germany-establishes-german-east-africa,TZA:britannica-german-east-africa
TL:TZA:event:1885:germany-establishes-german-east-africa,TZA:worldhistory-german-east-africa
TL:TZA:event:1905:maji-maji-rebellion,TZA:britannica-maji-maji
TL:TZA:event:1905:maji-maji-rebellion,TZA:wiki-maji-maji
TL:TZA:event:1905:maji-maji-rebellion,TZA:blackpast-maji-maji
TL:TZA:event:1906:scorched-earth-and-the-great-hunger,TZA:wiki-maji-maji
TL:TZA:event:1906:scorched-earth-and-the-great-hunger,TZA:blackpast-maji-maji
TL:TZA:event:1919:tanganyika-becomes-a-british-mandate,TZA:britannica-german-east-africa
TL:TZA:event:1919:tanganyika-becomes-a-british-mandate,TZA:wiki-tanganyika-territory
TL:TZA:event:1954:founding-of-tanu,TZA:britannica-nyerere
TL:TZA:event:1954:founding-of-tanu,TZA:wiki-tanganyika-1961
TL:TZA:event:1961:tanganyika-gains-independence,TZA:britannica-nyerere
TL:TZA:event:1961:tanganyika-gains-independence,TZA:wiki-tanganyika-1961
TL:TZA:event:1964:zanzibar-revolution,TZA:blackpast-zanzibar-revolution
TL:TZA:event:1964:zanzibar-revolution,TZA:britannica-tanzania-independence
TL:TZA:event:1964:union-of-tanganyika-and-zanzibar,TZA:wiki-articles-of-union
TL:TZA:event:1964:union-of-tanganyika-and-zanzibar,TZA:britannica-tanzania-independence
TL:TZA:event:1967:the-arusha-declaration,TZA:britannica-arusha-declaration
TL:TZA:event:1967:the-arusha-declaration,TZA:wiki-arusha-declaration
TL:TZA:event:1967:the-arusha-declaration,TZA:blackpast-arusha-declaration
TL:TZA:event:1985:nyerere-steps-down,TZA:britannica-nyerere
TL:TZA:event:1985:nyerere-steps-down,TZA:wiki-president-tanzania
TL:TZA:event:1992:return-to-multiparty-politics,TZA:wiki-history-tanzania
TL:TZA:event:1992:return-to-multiparty-politics,TZA:wiki-president-tanzania
TL:TZA:event:1996:dodoma-confirmed-as-capital,TZA:wiki-history-tanzania
TL:TZA:event:2021:samia-suluhu-hassan-becomes-president,TZA:wiki-samia-suluhu
TL:TZA:event:2021:samia-suluhu-hassan-becomes-president,TZA:wiki-president-tanzania
TL:UGA:event:500bce:bantu-farmers-settle-the-lakes-region,UGA:wiki-history-uganda
TL:UGA:event:500bce:bantu-farmers-settle-the-lakes-region,UGA:britannica-uganda-bunyoro-buganda
TL:UGA:event:1000:rise-of-bunyoro-kitara,UGA:wiki-history-buganda
TL:UGA:event:1000:rise-of-bunyoro-kitara,UGA:britannica-uganda-bunyoro-buganda
TL:UGA:event:1400:foundation-of-buganda,UGA:wiki-history-buganda
TL:UGA:event:1400:foundation-of-buganda,UGA:buganda-history
TL:UGA:event:1650:buganda-expands-at-bunyoro-s-expense,UGA:britannica-uganda-bunyoro-buganda
TL:UGA:event:1650:buganda-expands-at-bunyoro-s-expense,UGA:wiki-history-buganda
TL:UGA:event:1844:swahili-arab-traders-reach-buganda,UGA:monitor-arab-traders
TL:UGA:event:1844:swahili-arab-traders-reach-buganda,UGA:vilhanova-islam-uganda
TL:UGA:event:1877:anglican-missionaries-arrive,UGA:wiki-history-uganda
TL:UGA:event:1877:anglican-missionaries-arrive,UGA:vilhanova-islam-uganda
TL:UGA:event:1879:catholic-white-fathers-arrive,UGA:wiki-history-uganda
TL:UGA:event:1879:catholic-white-fathers-arrive,UGA:vilhanova-islam-uganda
TL:UGA:event:1886:martyrdom-of-charles-lwanga,UGA:britannica-martyrs-uganda
TL:UGA:event:1886:martyrdom-of-charles-lwanga,UGA:wiki-uganda-martyrs
TL:UGA:event:1885:killing-of-the-uganda-martyrs,UGA:britannica-martyrs-uganda
TL:UGA:event:1885:killing-of-the-uganda-martyrs,UGA:wiki-uganda-martyrs
TL:UGA:event:1894:uganda-protectorate-declared,UGA:wiki-uganda-protectorate
TL:UGA:event:1894:uganda-protectorate-declared,UGA:britannica-history-uganda
TL:UGA:event:1896:the-uganda-railway-is-built,UGA:wiki-uganda-railway
TL:UGA:event:1896:the-uganda-railway-is-built,UGA:monitor-uganda-railway
TL:UGA:event:1900:the-buganda-agreement,UGA:wiki-buganda-agreement
TL:UGA:event:1900:the-buganda-agreement,UGA:britannica-history-uganda
TL:UGA:event:1962:path-to-independence-negotiated,UGA:britannica-history-uganda
TL:UGA:event:1962:path-to-independence-negotiated,UGA:statedept-uganda
TL:UGA:event:1962:uganda-gains-independence,UGA:britannica-history-uganda
TL:UGA:event:1962:uganda-gains-independence,UGA:statedept-uganda
TL:UGA:event:1962:uganda-gains-independence,UGA:blackpast-obote
TL:UGA:event:1963:mutesa-ii-becomes-first-president,UGA:wiki-mutesa-ii
TL:UGA:event:1963:mutesa-ii-becomes-first-president,UGA:statehouse-mutesa
TL:UGA:event:1966:battle-of-mengo-and-the-fall-of-buganda,UGA:wiki-mengo-crisis
TL:UGA:event:1966:battle-of-mengo-and-the-fall-of-buganda,UGA:britannica-history-uganda
TL:UGA:event:1967:kingdoms-abolished,UGA:wiki-mengo-crisis
TL:UGA:event:1967:kingdoms-abolished,UGA:britannica-history-uganda
TL:UGA:event:1971:amin-s-coup,UGA:britannica-idi-amin
TL:UGA:event:1971:amin-s-coup,UGA:origins-amin-coup
TL:UGA:event:1972:expulsion-of-the-asian-community,UGA:wiki-asian-expulsion
TL:UGA:event:1972:expulsion-of-the-asian-community,UGA:lords-library-asians
TL:UGA:event:1971:mass-killings-under-amin,UGA:britannica-idi-amin
TL:UGA:event:1971:mass-killings-under-amin,UGA:ebsco-amin-terror
TL:UGA:event:1977:murder-of-archbishop-luwum,UGA:britannica-idi-amin
TL:UGA:event:1977:murder-of-archbishop-luwum,UGA:ebsco-amin-terror
TL:UGA:event:1978:uganda-tanzania-war,UGA:wiki-uganda-tanzania-war
TL:UGA:event:1978:uganda-tanzania-war,UGA:britannica-idi-amin
TL:UGA:event:1980:obote-returns-to-power,UGA:wiki-binaisa
TL:UGA:event:1980:obote-returns-to-power,UGA:britannica-obote
TL:UGA:event:1981:the-ugandan-bush-war,UGA:wiki-bush-war
TL:UGA:event:1981:the-ugandan-bush-war,UGA:wiki-nra
TL:UGA:event:1986:museveni-captures-kampala,UGA:ebsco-museveni-kampala
TL:UGA:event:1986:museveni-captures-kampala,UGA:britannica-museveni
TL:UGA:event:1987:rise-of-the-lord-s-resistance-army,UGA:hrw-kony-lra
TL:UGA:event:1987:rise-of-the-lord-s-resistance-army,UGA:wiki-lra-insurgency
TL:UGA:event:1993:cultural-kingdoms-restored,UGA:britannica-history-uganda
TL:UGA:event:1993:cultural-kingdoms-restored,UGA:buganda-history
TL:UGA:event:2005:term-limits-removed,UGA:britannica-museveni
TL:UGA:event:2005:term-limits-removed,UGA:loc-uganda-agelimit
TL:UGA:event:2006:lra-driven-from-uganda,UGA:hrw-kony-lra
TL:UGA:event:2006:lra-driven-from-uganda,UGA:wiki-lra-insurgency
TL:UKR:event:988:the-baptism-of-rus,UKR:vladimir-britannica
TL:UKR:event:988:the-baptism-of-rus,UKR:kyivanrus-britannica
TL:UKR:event:988:the-baptism-of-rus,UKR:kyiv-unesco
TL:UKR:event:1019:reign-of-yaroslav-the-wise,UKR:yaroslav-britannica
TL:UKR:event:1019:reign-of-yaroslav-the-wise,UKR:kyiv-unesco
TL:UKR:event:1037:saint-sophia-cathedral-begun-in-kyiv,UKR:kyiv-unesco
TL:UKR:event:1037:saint-sophia-cathedral-begun-in-kyiv,UKR:yaroslav-britannica
TL:UKR:event:1199:principality-of-galicia-volhynia-formed,UKR:history-ukraine-britannica
TL:UKR:event:1199:principality-of-galicia-volhynia-formed,UKR:kyivanrus-britannica
TL:UKR:event:1240:mongol-sack-of-kyiv,UKR:kyivanrus-britannica
TL:UKR:event:1240:mongol-sack-of-kyiv,UKR:history-ukraine-britannica
TL:UKR:event:1340:rus-lands-pass-to-lithuania-and-poland,UKR:history-ukraine-britannica
TL:UKR:event:1500:rise-of-the-cossacks,UKR:cossacks-britannica
TL:UKR:event:1500:rise-of-the-cossacks,UKR:zaporozhian-britannica
TL:UKR:event:1556:the-zaporozhian-sich,UKR:zaporozhian-britannica
TL:UKR:event:1556:the-zaporozhian-sich,UKR:cossacks-britannica
TL:UKR:event:1569:union-of-lublin-brings-ukraine-into-the,UKR:history-ukraine-britannica
TL:UKR:event:1648:khmelnytsky-s-uprising,UKR:khmelnytsky-britannica
TL:UKR:event:1648:khmelnytsky-s-uprising,UKR:cossacks-britannica
TL:UKR:event:1654:council-of-pereiaslav,UKR:khmelnytsky-britannica
TL:UKR:event:1654:council-of-pereiaslav,UKR:history-ukraine-britannica
TL:UKR:event:1667:partition-along-the-dnieper,UKR:history-ukraine-britannica
TL:UKR:event:1667:partition-along-the-dnieper,UKR:khmelnytsky-britannica
TL:UKR:event:1775:destruction-of-the-zaporozhian-sich,UKR:zaporozhian-britannica
TL:UKR:event:1775:destruction-of-the-zaporozhian-sich,UKR:cossacks-britannica
TL:UKR:event:1772:galicia-to-austria-right-bank-to-russia,UKR:history-ukraine-britannica
TL:UKR:event:1840:shevchenko-publishes-kobzar,UKR:shevchenko-reference
TL:UKR:event:1840:shevchenko-publishes-kobzar,UKR:history-ukraine-britannica
TL:UKR:event:1917:ukrainian-people-s-republic-proclaimed,UKR:wwi-ukraine-britannica
TL:UKR:event:1917:ukrainian-people-s-republic-proclaimed,UKR:history-ukraine-britannica
TL:UKR:event:1918:declaration-of-independence,UKR:wwi-ukraine-britannica
TL:UKR:event:1921:defeat-and-soviet-incorporation,UKR:wwi-ukraine-britannica
TL:UKR:event:1921:defeat-and-soviet-incorporation,UKR:history-ukraine-britannica
TL:UKR:event:1932:the-holodomor,UKR:holodomor-britannica
TL:UKR:event:1932:the-holodomor,UKR:holodomor-europarl
TL:UKR:event:1941:babyn-yar-massacre,UKR:babynyar-ushmm
TL:UKR:event:1941:babyn-yar-massacre,UKR:babiyar-britannica
TL:UKR:event:1954:crimea-transferred-to-the-ukrainian-ssr,UKR:crimea-transfer-reference
TL:UKR:event:1954:crimea-transferred-to-the-ukrainian-ssr,UKR:history-ukraine-britannica
TL:UKR:event:1986:chernobyl-disaster,UKR:history-ukraine-britannica
TL:UKR:event:1991:declaration-of-independence,UKR:history-ukraine-britannica
TL:UKR:event:1994:budapest-memorandum,UKR:budapest-untreaty
TL:UKR:event:2004:the-orange-revolution,UKR:orange-britannica
TL:UKR:event:2014:revolution-of-dignity-euromaidan,UKR:ukraine-crisis-britannica
TL:UKR:event:2014:russia-annexes-crimea-un-resolution-68-262,UKR:ukraine-crisis-britannica
TL:UKR:event:2014:russia-annexes-crimea-un-resolution-68-262,UKR:unga-68-262
TL:UKR:event:2014:russia-annexes-crimea-un-resolution-68-262,UKR:unga-68-262-lawmonitor
TL:UKR:event:2022:full-scale-invasion-un-resolution-es-11-1,UKR:invasion-2022-britannica
TL:UKR:event:2022:full-scale-invasion-un-resolution-es-11-1,UKR:unga-es11-1
TL:UKR:event:2022:purported-annexation-of-four-oblasts-un,UKR:unga-es11-4
TL:UKR:event:2022:purported-annexation-of-four-oblasts-un,UKR:invasion-2022-britannica
TL:URY:event:3000bce:indigenous-peoples-of-the-grasslands,URY:britannica-charrua
TL:URY:event:3000bce:indigenous-peoples-of-the-grasslands,URY:britannica-uruguay
TL:URY:event:1516:solis-reaches-the-rio-de-la-plata,URY:britannica-uruguay
TL:URY:event:1611:cattle-turn-the-plains-to-wealth,URY:britannica-uruguay
TL:URY:event:1680:portugal-founds-colonia-del-sacramento,URY:britannica-colonia
TL:URY:event:1680:portugal-founds-colonia-del-sacramento,URY:unesco-colonia
TL:URY:event:1724:spain-expels-the-portuguese-at-montevideo,URY:britannica-montevideo
TL:URY:event:1724:spain-expels-the-portuguese-at-montevideo,URY:britannica-zabala
TL:URY:event:1726:founding-of-montevideo,URY:britannica-montevideo
TL:URY:event:1726:founding-of-montevideo,URY:britannica-zabala
TL:URY:event:1776:viceroyalty-of-the-rio-de-la-plata,URY:britannica-uruguay
TL:URY:event:1995:colonia-listed-by-unesco,URY:unesco-colonia
TL:URY:event:1815:artigas-and-the-federal-league,URY:britannica-artigas
TL:URY:event:1815:artigas-and-the-federal-league,URY:britannica-uruguay
TL:URY:event:1816:portuguese-invasion-and-artigas-in-exile,URY:britannica-artigas
TL:URY:event:1816:portuguese-invasion-and-artigas-in-exile,URY:britannica-uruguay
TL:URY:event:1825:the-thirty-three-orientals-declare-independence,URY:britannica-lavalleja
TL:URY:event:1825:the-thirty-three-orientals-declare-independence,URY:britannica-uruguay-struggle
TL:URY:event:1828:treaty-of-montevideo-creates-uruguay,URY:statedept-uruguay
TL:URY:event:1828:treaty-of-montevideo-creates-uruguay,URY:britannica-uruguay-struggle
TL:URY:event:1830:first-constitution-sworn,URY:britannica-uruguay-struggle
TL:URY:event:1831:massacre-of-the-charrua-at-salsipuedes,URY:britannica-charrua
TL:URY:event:1831:massacre-of-the-charrua-at-salsipuedes,URY:britannica-uruguay-struggle
TL:URY:event:1839:the-guerra-grande,URY:britannica-uruguay-struggle
TL:URY:event:1839:the-guerra-grande,URY:britannica-uruguay
TL:URY:event:1851:end-of-the-long-war,URY:britannica-uruguay-struggle
TL:URY:event:1860:cattle-economy-and-immigration,URY:britannica-uruguay
TL:URY:event:1903:batlle-y-ordonez-becomes-president,URY:britannica-batlle
TL:URY:event:1903:batlle-y-ordonez-becomes-president,URY:britannica-uruguay
TL:URY:event:1911:the-great-reforms,URY:britannica-batlle
TL:URY:event:1917:a-new-welfare-constitution,URY:britannica-batlle
TL:URY:event:1917:a-new-welfare-constitution,URY:britannica-uruguay
TL:URY:event:1933:terra-s-authoritarian-interlude,URY:britannica-uruguay
TL:URY:event:1963:rise-of-the-tupamaros,URY:britannica-tupamaro
TL:URY:event:1963:rise-of-the-tupamaros,URY:britannica-uruguay
TL:URY:event:1973:military-takes-power,URY:britannica-tupamaro
TL:URY:event:1973:military-takes-power,URY:britannica-uruguay
TL:URY:event:1985:return-to-democracy,URY:britannica-uruguay
TL:URY:event:1985:return-to-democracy,URY:britannica-tupamaro
TL:URY:event:2004:frente-amplio-breaks-the-duopoly,URY:britannica-uruguay
TL:URY:event:2004:frente-amplio-breaks-the-duopoly,URY:britannica-mujica
TL:URY:event:2013:cannabis-and-progressive-reform,URY:britannica-mujica
TL:USA:event:13000bce:peopling-of-the-americas,USA:loc-overview
TL:USA:event:1100:cahokia-at-its-height,USA:loc-overview
TL:USA:event:1492:columbus-reaches-the-caribbean,USA:brit-jamestown
TL:USA:event:1607:founding-of-jamestown,USA:brit-jamestown
TL:USA:event:1619:first-africans-landed-in-virginia,USA:nps-1619
TL:USA:event:1620:pilgrims-found-plymouth,USA:brit-plymouth
TL:USA:event:1620:pilgrims-found-plymouth,USA:brit-mayflower
TL:USA:event:1754:french-and-indian-war,USA:loc-overview
TL:USA:event:1776:declaration-of-independence,USA:nara-declaration
TL:USA:event:1783:treaty-of-paris,USA:loc-overview
TL:USA:event:1788:constitution-ratified,USA:nara-declaration
TL:USA:event:1803:louisiana-purchase,USA:brit-lewis-clark
TL:USA:event:1838:trail-of-tears,USA:loc-overview
TL:USA:event:1861:american-civil-war,USA:brit-civil-war
TL:USA:event:1863:emancipation-proclamation,USA:nara-emancipation
TL:USA:event:1865:thirteenth-amendment-abolishes-slavery,USA:nara-13th
TL:USA:event:1868:fourteenth-amendment,USA:loc-overview
TL:USA:event:1869:transcontinental-railroad-completed,USA:loc-overview
TL:USA:event:1929:great-depression,USA:loc-overview
TL:USA:event:1941:attack-on-pearl-harbor,USA:nara-pearl-harbor
TL:USA:event:1954:brown-v-board-of-education,USA:loc-overview
TL:USA:event:1964:civil-rights-act,USA:brit-civil-rights-act
TL:USA:event:1965:voting-rights-act,USA:brit-civil-rights-act
TL:USA:event:1969:apollo-11-moon-landing,USA:loc-overview
TL:USA:event:1991:end-of-the-cold-war,USA:loc-overview
TL:UZB:event:1000bce:sogdiana-settled-and-under-achaemenid-rule,UZB:britannica-sogdiana
TL:UZB:event:1000bce:sogdiana-settled-and-under-achaemenid-rule,UZB:britannica-samarkand
TL:UZB:event:329bce:alexander-the-great-conquers-sogdiana,UZB:britannica-samarkand
TL:UZB:event:329bce:alexander-the-great-conquers-sogdiana,UZB:worldhistory-alexander
TL:UZB:event:327bce:alexander-marries-roxana-of-bactria,UZB:britannica-roxana
TL:UZB:event:500:sogdians-dominate-silk-road-trade,UZB:britannica-sogdiana
TL:UZB:event:712:arab-conquest-of-bukhara-and-samarkand,UZB:britannica-qutaybah
TL:UZB:event:712:arab-conquest-of-bukhara-and-samarkand,UZB:britannica-bukhara
TL:UZB:event:751:battle-of-talas,UZB:britannica-qutaybah
TL:UZB:event:875:samanid-bukhara-a-centre-of-the-islamic-golden,UZB:britannica-samanid
TL:UZB:event:875:samanid-bukhara-a-centre-of-the-islamic-golden,UZB:britannica-bukhara
TL:UZB:event:810:imam-al-bukhari-and-the-sahih,UZB:britannica-albukhari
TL:UZB:event:1220:genghis-khan-sacks-bukhara-and-samarkand,UZB:britannica-samarkand
TL:UZB:event:1220:genghis-khan-sacks-bukhara-and-samarkand,UZB:worldhistory-genghis
TL:UZB:event:1370:timur-takes-power-and-makes-samarkand-his,UZB:britannica-timur
TL:UZB:event:1370:timur-takes-power-and-makes-samarkand-his,UZB:britannica-samarkand
TL:UZB:event:1399:the-bibi-khanym-mosque-and-timurid-samarkand,UZB:unesco-samarkand
TL:UZB:event:1399:the-bibi-khanym-mosque-and-timurid-samarkand,UZB:britannica-timur
TL:UZB:event:1428:ulugh-beg-builds-his-observatory,UZB:britannica-ulughbeg
TL:UZB:event:1500:shaybanid-uzbeks-conquer-transoxiana,UZB:britannica-shaybanid
TL:UZB:event:1500:shaybanid-uzbeks-conquer-transoxiana,UZB:britannica-earlyuzbeks
TL:UZB:event:1512:the-khanate-of-khiva-is-founded,UZB:britannica-khiva
TL:UZB:event:1512:the-khanate-of-khiva-is-founded,UZB:unesco-khiva
TL:UZB:event:1709:the-khanate-of-kokand-emerges,UZB:britannica-earlyuzbeks
TL:UZB:event:1619:islamic-monuments-of-bukhara-and-khiva,UZB:unesco-bukhara
TL:UZB:event:1619:islamic-monuments-of-bukhara-and-khiva,UZB:unesco-khiva
TL:UZB:event:1865:russia-takes-tashkent,UZB:loc-russianconquest
TL:UZB:event:1865:russia-takes-tashkent,UZB:britannica-russiansoviet
TL:UZB:event:1876:khanates-absorbed-into-russian-turkestan,UZB:loc-russianconquest
TL:UZB:event:1876:khanates-absorbed-into-russian-turkestan,UZB:britannica-russiansoviet
TL:UZB:event:1924:creation-of-the-uzbek-ssr,UZB:britannica-russiansoviet
TL:UZB:event:1924:creation-of-the-uzbek-ssr,UZB:loc-russianconquest
TL:UZB:event:1960:cotton-monoculture-and-the-death-of-the-aral-sea,UZB:soviethistory-aral
TL:UZB:event:1960:cotton-monoculture-and-the-death-of-the-aral-sea,UZB:britannica-russiansoviet
TL:UZB:event:1991:uzbekistan-declares-independence,UZB:statedept-uzbekistan
TL:UZB:event:1991:uzbekistan-declares-independence,UZB:britannica-karimov
TL:UZB:event:2005:the-andijan-events,UZB:britannica-karimov
TL:UZB:event:2016:mirziyoyev-succeeds-karimov-and-opens-reforms,UZB:britannica-mirziyoyev
TL:UZB:event:2022:end-of-systemic-forced-labour-in-cotton,UZB:hrw-forcedlabor
TL:VAT:event:64:martyrdom-of-saint-peter,VAT:sanpietro-tomb
TL:VAT:event:64:martyrdom-of-saint-peter,VAT:papacy-britannica
TL:VAT:event:160:the-trophy-of-gaius-marks-the-grave,VAT:sanpietro-tomb
TL:VAT:event:330:constantine-builds-old-st-peter-s-basilica,VAT:sanpietro-tomb
TL:VAT:event:330:constantine-builds-old-st-peter-s-basilica,VAT:stpeters-britannica
TL:VAT:event:380:the-bishops-of-rome-and-apostolic-succession,VAT:papacy-britannica
TL:VAT:event:380:the-bishops-of-rome-and-apostolic-succession,VAT:apostolic-britannica
TL:VAT:event:756:the-donation-of-pepin-creates-the-papal-states,VAT:papalstates-britannica
TL:VAT:event:756:the-donation-of-pepin-creates-the-papal-states,VAT:papalstates-summary
TL:VAT:event:1309:the-avignon-papacy,VAT:avignon-britannica
TL:VAT:event:1377:gregory-xi-returns-the-papacy-to-rome,VAT:gregoryxi-britannica
TL:VAT:event:1377:gregory-xi-returns-the-papacy-to-rome,VAT:avignon-britannica
TL:VAT:event:1378:the-western-schism,VAT:avignon-britannica
TL:VAT:event:1483:the-sistine-chapel-completed,VAT:sistine-vatican
TL:VAT:event:1506:first-stone-of-the-new-saint-peter-s,VAT:stpeters-britannica
TL:VAT:event:1508:michelangelo-paints-the-sistine-ceiling,VAT:sistine-vatican
TL:VAT:event:1508:michelangelo-paints-the-sistine-ceiling,VAT:stpeters-britannica
TL:VAT:event:1506:origins-of-the-vatican-museums,VAT:museums-vatican
TL:VAT:event:1861:the-kingdom-of-italy-claims-rome,VAT:italy-unification-britannica
TL:VAT:event:1870:the-capture-of-rome,VAT:italy-unification-britannica
TL:VAT:event:1870:the-capture-of-rome,VAT:romanquestion-britannica
TL:VAT:event:1871:pius-ix-prisoner-in-the-vatican,VAT:romanquestion-britannica
TL:VAT:event:1874:the-roman-question,VAT:romanquestion-britannica
TL:VAT:event:1874:the-roman-question,VAT:lateran-britannica
TL:VAT:event:1929:signing-of-the-lateran-treaty,VAT:lateran-britannica
TL:VAT:event:1929:signing-of-the-lateran-treaty,VAT:ewtn-vatican-country
TL:VAT:event:1929:the-state-of-vatican-city-comes-into-being,VAT:lateran-britannica
TL:VAT:event:1929:the-state-of-vatican-city-comes-into-being,VAT:ewtn-vatican-country
TL:VAT:event:1929:the-roman-question-resolved,VAT:lateran-britannica
TL:VAT:event:1929:the-roman-question-resolved,VAT:romanquestion-britannica
TL:VAT:event:1944:wartime-neutrality-and-the-liberation-of-rome,VAT:piusxii-britannica
TL:VAT:event:1962:the-second-vatican-council,VAT:vaticanii-britannica
TL:VAT:event:1964:the-holy-see-becomes-a-un-permanent-observer,VAT:holysee-un
TL:VAT:event:1964:the-holy-see-becomes-a-un-permanent-observer,VAT:holysee-diplomatic
TL:VAT:event:1984:vatican-city-inscribed-as-a-world-heritage-site,VAT:unesco-vatican
TL:VAT:event:1984:vatican-city-inscribed-as-a-world-heritage-site,VAT:unesco-rome
TL:VAT:event:1984:diplomatic-relations-with-the-united-states,VAT:stategov-holysee
TL:VEN:event:1000bce:indigenous-peoples-of-coast-plains-and-andes,VEN:loc-venezuela
TL:VEN:event:1000bce:indigenous-peoples-of-coast-plains-and-andes,VEN:britannica-venezuela
TL:VEN:event:1498:columbus-reaches-the-gulf-of-paria,VEN:loc-venezuela
TL:VEN:event:1498:columbus-reaches-the-gulf-of-paria,VEN:britannica-venezuela
TL:VEN:event:1499:the-naming-of-little-venice,VEN:britannica-venezuela
TL:VEN:event:1527:founding-of-coro,VEN:unesco-coro
TL:VEN:event:1527:founding-of-coro,VEN:britannica-venezuela
TL:VEN:event:1567:founding-of-caracas,VEN:britannica-venezuela
TL:VEN:event:1567:founding-of-caracas,VEN:loc-venezuela
TL:VEN:event:1600:a-cacao-and-slave-economy,VEN:loc-venezuela
TL:VEN:event:1600:a-cacao-and-slave-economy,VEN:britannica-venezuela
TL:VEN:event:1777:captaincy-general-of-venezuela-created,VEN:britannica-venezuela
TL:VEN:event:1777:captaincy-general-of-venezuela-created,VEN:loc-venezuela
TL:VEN:event:1810:junta-deposes-the-captain-general,VEN:britannica-independence
TL:VEN:event:1810:junta-deposes-the-captain-general,VEN:britannica-miranda
TL:VEN:event:1811:first-declaration-of-independence-in-spanish,VEN:britannica-independence
TL:VEN:event:1811:first-declaration-of-independence-in-spanish,VEN:britannica-venezuela
TL:VEN:event:1816:death-of-francisco-de-miranda,VEN:britannica-miranda
TL:VEN:event:1821:battle-of-carabobo,VEN:britannica-carabobo
TL:VEN:event:1821:battle-of-carabobo,VEN:britannica-bolivar
TL:VEN:event:1830:separation-from-gran-colombia,VEN:britannica-paez
TL:VEN:event:1830:separation-from-gran-colombia,VEN:britannica-venezuela
TL:VEN:event:1859:the-federal-war,VEN:encyclopedia-federal-war
TL:VEN:event:1859:the-federal-war,VEN:britannica-venezuela
TL:VEN:event:1870:the-era-of-guzman-blanco,VEN:britannica-venezuela
TL:VEN:event:1870:the-era-of-guzman-blanco,VEN:loc-venezuela
TL:VEN:event:1908:the-dictatorship-of-juan-vicente-gomez,VEN:loc-venezuela
TL:VEN:event:1908:the-dictatorship-of-juan-vicente-gomez,VEN:britannica-venezuela
TL:VEN:event:1922:oil-gusher-at-lake-maracaibo,VEN:cfr-petrostate
TL:VEN:event:1922:oil-gusher-at-lake-maracaibo,VEN:loc-venezuela
TL:VEN:event:1958:fall-of-perez-jimenez-and-the-punto-fijo-pact,VEN:britannica-venezuela
TL:VEN:event:1958:fall-of-perez-jimenez-and-the-punto-fijo-pact,VEN:loc-venezuela
TL:VEN:event:1976:nationalisation-of-the-oil-industry,VEN:cfr-petrostate
TL:VEN:event:1976:nationalisation-of-the-oil-industry,VEN:britannica-venezuela
TL:VEN:event:1989:the-caracazo,VEN:britannica-venezuela
TL:VEN:event:1989:the-caracazo,VEN:cfr-petrostate
TL:VEN:event:1992:chavez-s-failed-coup,VEN:britannica-chavez
TL:VEN:event:1992:chavez-s-failed-coup,VEN:britannica-venezuela
TL:VEN:event:1998:chavez-elected-president,VEN:britannica-chavez
TL:VEN:event:1998:chavez-elected-president,VEN:britannica-venezuela
TL:VEN:event:1999:the-bolivarian-constitution,VEN:britannica-chavez
TL:VEN:event:1999:the-bolivarian-constitution,VEN:britannica-venezuela
TL:VEN:event:2013:death-of-chavez-maduro-elected,VEN:britannica-chavez
TL:VEN:event:2013:death-of-chavez-maduro-elected,VEN:crs-venezuela
TL:VEN:event:2016:economic-collapse-and-exodus,VEN:unhcr-venezuela
TL:VEN:event:2016:economic-collapse-and-exodus,VEN:crs-venezuela
TL:VEN:event:2019:disputed-interim-presidency,VEN:crs-venezuela
TL:VEN:event:2019:disputed-interim-presidency,VEN:history-state-venezuela
TL:VEN:event:2024:disputed-presidential-election,VEN:crs-venezuela
TL:VEN:event:2024:disputed-presidential-election,VEN:history-state-venezuela
TL:VNM:event:2879bce:legendary-founding-of-van-lang,VNM:hung-vuong
TL:VNM:event:2879bce:legendary-founding-of-van-lang,VNM:vietnam-place
TL:VNM:event:257bce:kingdom-of-au-lac-and-co-loa,VNM:vietnam-place
TL:VNM:event:111bce:han-conquest-begins-chinese-rule,VNM:vietnam-place
TL:VNM:event:40:revolt-of-the-trung-sisters,VNM:trung-sisters
TL:VNM:event:40:revolt-of-the-trung-sisters,VNM:vietnam-place
TL:VNM:event:938:battle-of-bach-dang-and-independence,VNM:ngo-quyen
TL:VNM:event:938:battle-of-bach-dang-and-independence,VNM:vietnam-place
TL:VNM:event:1009:founding-of-the-ly-dynasty,VNM:vietnam-place
TL:VNM:event:1258:tran-defeat-of-the-mongol-invasions,VNM:tran-dynasty
TL:VNM:event:1258:tran-defeat-of-the-mongol-invasions,VNM:tran-hung-dao
TL:VNM:event:1407:ming-china-occupies-dai-viet,VNM:le-loi
TL:VNM:event:1407:ming-china-occupies-dai-viet,VNM:vietnam-place
TL:VNM:event:1428:le-loi-expels-the-ming-and-founds-the-le-dynasty,VNM:le-loi
TL:VNM:event:1471:conquest-of-champa-s-capital,VNM:vietnam-place
TL:VNM:event:1771:tay-son-rebellion,VNM:gia-long
TL:VNM:event:1771:tay-son-rebellion,VNM:vietnam-place
TL:VNM:event:1802:gia-long-founds-the-nguyen-dynasty,VNM:gia-long
TL:VNM:event:1802:gia-long-founds-the-nguyen-dynasty,VNM:nguyen-dynasty
TL:VNM:event:1804:the-name-vietnam-adopted,VNM:nguyen-dynasty
TL:VNM:event:1804:the-name-vietnam-adopted,VNM:vietnam-place
TL:VNM:event:1820:reign-of-minh-mang,VNM:nguyen-dynasty
TL:VNM:event:1858:french-attack-on-da-nang,VNM:french-indochina
TL:VNM:event:1858:french-attack-on-da-nang,VNM:vietnam-place
TL:VNM:event:1862:france-annexes-cochinchina,VNM:french-indochina
TL:VNM:event:1862:france-annexes-cochinchina,VNM:vietnam-place
TL:VNM:event:1887:french-indochina-established,VNM:french-indochina
TL:VNM:event:1930:founding-of-the-indochinese-communist-party,VNM:ho-chi-minh
TL:VNM:event:1930:founding-of-the-indochinese-communist-party,VNM:vietnam-place
TL:VNM:event:1945:great-vietnamese-famine,VNM:vietnam-place
TL:VNM:event:1945:declaration-of-independence,VNM:declaration-1945
TL:VNM:event:1945:declaration-of-independence,VNM:ho-chi-minh
TL:VNM:event:1946:first-indochina-war,VNM:first-indochina-war
TL:VNM:event:1946:first-indochina-war,VNM:dien-bien-phu
TL:VNM:event:1954:geneva-accords-divide-vietnam,VNM:geneva-accords
TL:VNM:event:1954:geneva-accords-divide-vietnam,VNM:dien-bien-phu
TL:VNM:event:1964:gulf-of-tonkin-and-u-s-escalation,VNM:gulf-of-tonkin
TL:VNM:event:1964:gulf-of-tonkin-and-u-s-escalation,VNM:vietnam-war
TL:VNM:event:1968:tet-offensive,VNM:vietnam-war
TL:VNM:event:1975:fall-of-saigon-and-reunification,VNM:vietnam-war
TL:VNM:event:1975:fall-of-saigon-and-reunification,VNM:vietnam-place
TL:VNM:event:1979:sino-vietnamese-war,VNM:vietnam-place
TL:VNM:event:1986:doi-moi-reforms-launched,VNM:doi-moi
TL:VNM:event:1986:doi-moi-reforms-launched,VNM:vietnam-place
TL:VNM:event:1995:normalization-with-the-u-s-and-asean-membership,VNM:vietnam-place
TL:VNM:event:2007:accession-to-the-world-trade-organization,VNM:doi-moi
TL:VNM:event:2007:accession-to-the-world-trade-organization,VNM:vietnam-place
TL:VUT:event:1000bce:lapita-seafarers-settle-the-archipelago,VUT:britannica-history
TL:VUT:event:1000bce:lapita-seafarers-settle-the-archipelago,VUT:anu-teouma
TL:VUT:event:1000bce:lapita-seafarers-settle-the-archipelago,VUT:humanities-teouma
TL:VUT:event:1000bce:the-teouma-cemetery-on-efate,VUT:anu-teouma
TL:VUT:event:1000bce:the-teouma-cemetery-on-efate,VUT:humanities-teouma
TL:VUT:event:1600:reign-of-the-paramount-chief-roi-mata,VUT:unesco-crmd
TL:VUT:event:1600:reign-of-the-paramount-chief-roi-mata,VUT:unesco-legendary
TL:VUT:event:1600:reign-of-the-paramount-chief-roi-mata,VUT:vanuatu-tourism-crmd
TL:VUT:event:1606:quiros-reaches-espiritu-santo,VUT:britannica-espiritusanto
TL:VUT:event:1606:quiros-reaches-espiritu-santo,VUT:slnsw-spanish
TL:VUT:event:1768:bougainville-sails-through-the-group,VUT:britannica-history
TL:VUT:event:1774:cook-names-the-new-hebrides,VUT:britannica-history
TL:VUT:event:1774:cook-names-the-new-hebrides,VUT:dailypost-newhebrides
TL:VUT:event:1839:missionaries-arrive-williams-killed-at-erromango,VUT:anu-christianity
TL:VUT:event:1839:missionaries-arrive-williams-killed-at-erromango,VUT:britannica-history
TL:VUT:event:1863:the-blackbirding-labour-trade,VUT:paclii-blackbirding
TL:VUT:event:1863:the-blackbirding-labour-trade,VUT:anu-christianity
TL:VUT:event:1870:depopulation-by-introduced-disease,VUT:anu-christianity
TL:VUT:event:1870:depopulation-by-introduced-disease,VUT:britannica-history
TL:VUT:event:1906:anglo-french-condominium-established,VUT:britannica-history
TL:VUT:event:1906:anglo-french-condominium-established,VUT:state-vanuatu
TL:VUT:event:1942:u-s-wartime-bases-on-efate-and-santo,VUT:britannica-history
TL:VUT:event:1940:rise-of-the-john-frum-movement,VUT:britannica-history
TL:VUT:event:1971:vanua-aku-pati-founded-under-walter-lini,VUT:britannica-history
TL:VUT:event:1971:vanua-aku-pati-founded-under-walter-lini,VUT:state-vanuatu
TL:VUT:event:1980:the-coconut-war-on-espiritu-santo,VUT:britannica-history
TL:VUT:event:1980:republic-of-vanuatu-proclaimed,VUT:britannica-history
TL:VUT:event:1980:republic-of-vanuatu-proclaimed,VUT:state-vanuatu
TL:VUT:event:2008:chief-roi-mata-s-domain-joins-world-heritage,VUT:unesco-crmd
TL:VUT:event:2008:chief-roi-mata-s-domain-joins-world-heritage,VUT:vanuatu-tourism-crmd
TL:VUT:event:2015:cyclone-pam-devastates-the-islands,VUT:reliefweb-harold
TL:VUT:event:2015:cyclone-pam-devastates-the-islands,VUT:uncdf-vanuatu
TL:VUT:event:2023:un-asks-the-icj-on-climate-obligations,VUT:vanuatu-icj
TL:VUT:event:2023:un-asks-the-icj-on-climate-obligations,VUT:reliefweb-icj
TL:VUT:event:2025:icj-delivers-landmark-climate-opinion,VUT:icj-case187
TL:VUT:event:2025:icj-delivers-landmark-climate-opinion,VUT:earthorg-icj
TL:YEM:event:800bce:the-kingdom-of-saba-flourishes-at-marib,YEM:britannica-saba
TL:YEM:event:800bce:the-kingdom-of-saba-flourishes-at-marib,YEM:britannica-marib
TL:YEM:event:700bce:construction-of-the-great-dam-of-marib,YEM:britannica-marib
TL:YEM:event:700bce:construction-of-the-great-dam-of-marib,YEM:britannica-saba
TL:YEM:event:110bce:rise-of-the-himyarite-kingdom,YEM:britannica-yemen-history
TL:YEM:event:110bce:rise-of-the-himyarite-kingdom,YEM:openstax-aksum-himyar
TL:YEM:event:525:aksumite-conquest-and-the-viceroy-abraha,YEM:britannica-abraha
TL:YEM:event:525:aksumite-conquest-and-the-viceroy-abraha,YEM:britannica-yemen-history
TL:YEM:event:628:yemen-embraces-islam,YEM:britannica-yemen-history
TL:YEM:event:628:yemen-embraces-islam,YEM:unesco-sanaa
TL:YEM:event:897:founding-of-the-zaidi-imamate,YEM:britannica-yemen-history
TL:YEM:event:1517:ottomans-claim-yemen,YEM:britannica-yemen-history
TL:YEM:event:1993:zabid-recognised-as-a-centre-of-islamic-learning,YEM:unesco-zabid
TL:YEM:event:1839:britain-captures-aden,YEM:britannica-aden
TL:YEM:event:1839:britain-captures-aden,YEM:iwm-aden
TL:YEM:event:1872:ottoman-return-to-the-highlands,YEM:britannica-yemen-history
TL:YEM:event:1911:imam-yahya-wins-highland-autonomy,YEM:britannica-yemen-history
TL:YEM:event:1911:imam-yahya-wins-highland-autonomy,YEM:ushistorian-yemen
TL:YEM:event:1937:aden-becomes-a-crown-colony,YEM:britannica-aden
TL:YEM:event:1918:independent-kingdom-of-north-yemen,YEM:britannica-yemen-history
TL:YEM:event:1918:independent-kingdom-of-north-yemen,YEM:ushistorian-yemen
TL:YEM:event:1962:revolution-founds-the-yemen-arab-republic,YEM:britannica-yemen-history
TL:YEM:event:1962:revolution-founds-the-yemen-arab-republic,YEM:ushistorian-yemen
TL:YEM:event:1963:the-aden-emergency,YEM:iwm-aden
TL:YEM:event:1963:the-aden-emergency,YEM:britannica-aden
TL:YEM:event:1967:independence-of-south-yemen,YEM:ushistorian-yemen
TL:YEM:event:1967:independence-of-south-yemen,YEM:britannica-yemen-history
TL:YEM:event:1990:unification-of-the-republic-of-yemen,YEM:ushistorian-yemen
TL:YEM:event:1990:unification-of-the-republic-of-yemen,YEM:britannica-yemen-history
TL:YEM:event:1994:civil-war-and-the-defeat-of-southern-secession,YEM:britannica-yemen-history
TL:YEM:event:1994:civil-war-and-the-defeat-of-southern-secession,YEM:britannica-yemeni-civil-war
TL:YEM:event:1986:old-city-of-sanaa-joins-the-world-heritage-list,YEM:unesco-sanaa
TL:YEM:event:1982:shibam-the-manhattan-of-the-desert-is-listed,YEM:unesco-shibam
TL:YEM:event:2011:arab-spring-uprising-and-saleh-s-removal,YEM:britannica-arab-spring
TL:YEM:event:2011:arab-spring-uprising-and-saleh-s-removal,YEM:britannica-yemeni-civil-war
TL:YEM:event:2014:houthi-forces-seize-sanaa,YEM:britannica-yemeni-civil-war
TL:YEM:event:2015:saudi-led-coalition-intervenes,YEM:britannica-yemeni-civil-war
TL:YEM:event:2021:un-estimates-377-000-war-related-deaths,YEM:un-undp-yemen
TL:YEM:event:2021:un-estimates-377-000-war-related-deaths,YEM:unnews-undp-yemen
TL:YEM:event:2022:un-mediated-nationwide-truce,YEM:un-osesgy-truce
TL:ZAF:event:100000bce:the-cradle-of-humankind,ZAF:unesco-hominid
TL:ZAF:event:100000bce:the-cradle-of-humankind,ZAF:britannica-sahistory
TL:ZAF:event:100000bce:the-cradle-of-humankind,ZAF:sahistory-cradle
TL:ZAF:event:2000bce:san-and-khoekhoe-of-the-subcontinent,ZAF:britannica-sahistory
TL:ZAF:event:2000bce:san-and-khoekhoe-of-the-subcontinent,ZAF:sahistory-cradle
TL:ZAF:event:300:bantu-speaking-farmers-spread-south,ZAF:britannica-sahistory
TL:ZAF:event:300:bantu-speaking-farmers-spread-south,ZAF:sahistory-cradle
TL:ZAF:event:1220:the-kingdom-of-mapungubwe,ZAF:unesco-mapungubwe
TL:ZAF:event:1220:the-kingdom-of-mapungubwe,ZAF:britannica-sahistory
TL:ZAF:event:1652:van-riebeeck-founds-the-cape-station,ZAF:britannica-vanriebeeck
TL:ZAF:event:1652:van-riebeeck-founds-the-cape-station,ZAF:sahistory-vanriebeeck
TL:ZAF:event:1652:van-riebeeck-founds-the-cape-station,ZAF:britannica-sahistory
TL:ZAF:event:1658:slavery-at-the-cape,ZAF:sahistory-slavery
TL:ZAF:event:1658:slavery-at-the-cape,ZAF:britannica-sahistory
TL:ZAF:event:1713:smallpox-devastates-the-khoekhoe,ZAF:britannica-sahistory
TL:ZAF:event:1713:smallpox-devastates-the-khoekhoe,ZAF:sahistory-slavery
TL:ZAF:event:1779:first-cape-frontier-war,ZAF:britannica-sahistory
TL:ZAF:event:1806:britain-seizes-the-cape,ZAF:britannica-sahistory
TL:ZAF:event:1806:britain-seizes-the-cape,ZAF:sahistory-slavery
TL:ZAF:event:1816:rise-of-the-zulu-kingdom-and-the-mfecane,ZAF:britannica-mfecane
TL:ZAF:event:1816:rise-of-the-zulu-kingdom-and-the-mfecane,ZAF:britannica-shaka
TL:ZAF:event:1816:rise-of-the-zulu-kingdom-and-the-mfecane,ZAF:sahistory-revolution
TL:ZAF:event:1834:abolition-of-slavery-at-the-cape,ZAF:sahistory-slavery
TL:ZAF:event:1834:abolition-of-slavery-at-the-cape,ZAF:britannica-sahistory
TL:ZAF:event:1836:the-great-trek,ZAF:sahistory-bloodriver
TL:ZAF:event:1836:the-great-trek,ZAF:britannica-sahistory
TL:ZAF:event:1838:battle-of-blood-river,ZAF:sahistory-bloodriver
TL:ZAF:event:1838:battle-of-blood-river,ZAF:britannica-sahistory
TL:ZAF:event:1867:diamonds-discovered-at-kimberley,ZAF:britannica-minerals
TL:ZAF:event:1867:diamonds-discovered-at-kimberley,ZAF:sahistory-mineral-revolution
TL:ZAF:event:1886:gold-found-on-the-witwatersrand,ZAF:britannica-minerals
TL:ZAF:event:1886:gold-found-on-the-witwatersrand,ZAF:sahistory-mineral-revolution
TL:ZAF:event:1899:the-south-african-war,ZAF:sahistory-saw
TL:ZAF:event:1899:the-south-african-war,ZAF:britannica-saw
TL:ZAF:event:1899:the-south-african-war,ZAF:treaty-vereeniging-wiki
TL:ZAF:event:1902:treaty-of-vereeniging,ZAF:treaty-vereeniging-wiki
TL:ZAF:event:1902:treaty-of-vereeniging,ZAF:britannica-saw
TL:ZAF:event:1910:union-of-south-africa,ZAF:sahistory-union
TL:ZAF:event:1910:union-of-south-africa,ZAF:britannica-southafricaact
TL:ZAF:event:1910:union-of-south-africa,ZAF:britannica-sahistory
TL:ZAF:event:1948:national-party-institutes-apartheid,ZAF:britannica-apartheid
TL:ZAF:event:1948:national-party-institutes-apartheid,ZAF:sahistory-groupareas
TL:ZAF:event:1960:sharpeville-massacre,ZAF:britannica-sharpeville
TL:ZAF:event:1960:sharpeville-massacre,ZAF:sahistory-sharpeville
TL:ZAF:event:1960:sharpeville-massacre,ZAF:csvr-trc
TL:ZAF:event:1964:rivonia-trial-imprisons-mandela,ZAF:sahistory-mandela
TL:ZAF:event:1964:rivonia-trial-imprisons-mandela,ZAF:britannica-mandela
TL:ZAF:event:1976:soweto-uprising,ZAF:britannica-apartheid
TL:ZAF:event:1976:soweto-uprising,ZAF:sahistory-mineral-revolution
TL:ZAF:event:1976:soweto-uprising,ZAF:csvr-trc
TL:ZAF:event:1990:mandela-freed-and-the-anc-unbanned,ZAF:sahistory-mandela
TL:ZAF:event:1990:mandela-freed-and-the-anc-unbanned,ZAF:britannica-mandela
TL:ZAF:event:1990:mandela-freed-and-the-anc-unbanned,ZAF:britannica-apartheid
TL:ZAF:event:1994:first-democratic-election,ZAF:sahistory-1994
TL:ZAF:event:1994:first-democratic-election,ZAF:apartheidmuseum-1994
TL:ZAF:event:1994:first-democratic-election,ZAF:britannica-sahistory
TL:ZAF:event:1994:mandela-inaugurated-as-president,ZAF:sahistory-mandela
TL:ZAF:event:1994:mandela-inaugurated-as-president,ZAF:britannica-mandela
TL:ZAF:event:1996:truth-and-reconciliation-commission,ZAF:trc-wiki
TL:ZAF:event:1996:truth-and-reconciliation-commission,ZAF:csvr-trc
TL:ZAF:event:1996:a-new-constitution,ZAF:sahistory-constitution
TL:ZAF:event:1996:a-new-constitution,ZAF:britannica-sahistory
TL:ZAF:event:2024:anc-loses-its-majority,ZAF:britannica-sahistory
TL:ZMB:event:300:bantu-farmers-settle-the-plateau,ZMB:britannica-zambia-history
TL:ZMB:event:300:bantu-farmers-settle-the-plateau,ZMB:wiki-history-zambia
TL:ZMB:event:1000:the-tonga-of-the-zambezi,ZMB:wiki-history-zambia
TL:ZMB:event:1000:the-tonga-of-the-zambezi,ZMB:britannica-zambia-history
TL:ZMB:event:1450:trade-at-ingombe-ilede,ZMB:britannica-zambia-history
TL:ZMB:event:1450:trade-at-ingombe-ilede,ZMB:wiki-history-zambia
TL:ZMB:event:1600:rise-of-the-lozi-kingdom,ZMB:wiki-barotseland
TL:ZMB:event:1600:rise-of-the-lozi-kingdom,ZMB:britannica-zambia-history
TL:ZMB:event:1700:founding-of-the-kazembe-kingdom,ZMB:wiki-kazembe
TL:ZMB:event:1700:founding-of-the-kazembe-kingdom,ZMB:britannica-zambia-external
TL:ZMB:event:1798:lacerda-reaches-kazembe,ZMB:wiki-kazembe
TL:ZMB:event:1798:lacerda-reaches-kazembe,ZMB:britannica-zambia-external
TL:ZMB:event:1831:gamitto-s-mission-to-kazembe,ZMB:wiki-kazembe
TL:ZMB:event:1831:gamitto-s-mission-to-kazembe,ZMB:britannica-zambia-external
TL:ZMB:event:1840:kololo-conquest-of-the-lozi,ZMB:wiki-barotseland
TL:ZMB:event:1840:kololo-conquest-of-the-lozi,ZMB:wiki-history-zambia
TL:ZMB:event:1835:ngoni-incursions-from-the-south,ZMB:wiki-history-zambia
TL:ZMB:event:1835:ngoni-incursions-from-the-south,ZMB:britannica-zambia-history
TL:ZMB:event:1855:livingstone-reaches-victoria-falls,ZMB:nwe-livingstone
TL:ZMB:event:1855:livingstone-reaches-victoria-falls,ZMB:ebsco-livingstone
TL:ZMB:event:1860:swahili-arab-and-chikunda-slave-trade,ZMB:britannica-zambia-external
TL:ZMB:event:1860:swahili-arab-and-chikunda-slave-trade,ZMB:wiki-history-zambia
TL:ZMB:event:1864:lozi-restoration-under-sipopa,ZMB:wiki-barotseland
TL:ZMB:event:1890:the-lochner-concession,ZMB:wiki-barotseland
TL:ZMB:event:1890:the-lochner-concession,ZMB:wiki-northern-rhodesia
TL:ZMB:event:1911:creation-of-northern-rhodesia,ZMB:wiki-northern-rhodesia
TL:ZMB:event:1924:northern-rhodesia-becomes-a-crown-protectorate,ZMB:wiki-northern-rhodesia
TL:ZMB:event:1924:northern-rhodesia-becomes-a-crown-protectorate,ZMB:britannica-zambia-history
TL:ZMB:event:1928:copperbelt-copper-proven,ZMB:wiki-northern-rhodesia
TL:ZMB:event:1928:copperbelt-copper-proven,ZMB:britannica-zambia-history
TL:ZMB:event:1935:copperbelt-mineworkers-strike,ZMB:wiki-northern-rhodesia
TL:ZMB:event:1953:federation-of-rhodesia-and-nyasaland,ZMB:ebsco-federation
TL:ZMB:event:1953:federation-of-rhodesia-and-nyasaland,ZMB:wiki-northern-rhodesia
TL:ZMB:event:1958:kaunda-founds-zanc,ZMB:nwe-kaunda
TL:ZMB:event:1958:kaunda-founds-zanc,ZMB:wiki-northern-rhodesia
TL:ZMB:event:1961:the-cha-cha-cha-campaign,ZMB:wiki-northern-rhodesia
TL:ZMB:event:1961:the-cha-cha-cha-campaign,ZMB:globalsecurity-kaunda
TL:ZMB:event:1963:federation-dissolved,ZMB:wiki-northern-rhodesia
TL:ZMB:event:1963:federation-dissolved,ZMB:ebsco-federation
TL:ZMB:event:1964:independence-of-zambia,ZMB:nwe-kaunda
TL:ZMB:event:1964:independence-of-zambia,ZMB:ebsco-kaunda
TL:ZMB:event:1964:independence-of-zambia,ZMB:wiki-northern-rhodesia
TL:ZMB:event:1972:one-party-state-and-humanism,ZMB:nwe-kaunda
TL:ZMB:event:1972:one-party-state-and-humanism,ZMB:ebsco-kaunda
TL:ZMB:event:1975:copper-collapse-and-economic-decline,ZMB:nwe-kaunda
TL:ZMB:event:1975:copper-collapse-and-economic-decline,ZMB:britannica-zambia-history
TL:ZMB:event:1970:frontline-state-for-liberation,ZMB:nwe-kaunda
TL:ZMB:event:1970:frontline-state-for-liberation,ZMB:globalsecurity-kaunda
TL:ZMB:event:1991:return-to-multiparty-democracy,ZMB:nwe-kaunda
TL:ZMB:event:1991:return-to-multiparty-democracy,ZMB:globalsecurity-kaunda
TL:ZMB:event:2020:sovereign-debt-default,ZMB:findevlab-default
TL:ZMB:event:2020:sovereign-debt-default,ZMB:iss-zambia-default
TL:ZMB:event:2021:hichilema-elected-president,ZMB:findevlab-default
TL:ZMB:event:2021:hichilema-elected-president,ZMB:iss-zambia-default
TL:ZWE:event:1000:great-zimbabwe-is-built,ZWE:unesco-greatzim
TL:ZWE:event:1000:great-zimbabwe-is-built,ZWE:britannica-greatzim
TL:ZWE:event:1000:great-zimbabwe-is-built,ZWE:wiki-greatzim
TL:ZWE:event:1250:apex-of-the-gold-trade,ZWE:unesco-greatzim
TL:ZWE:event:1250:apex-of-the-gold-trade,ZWE:britannica-greatzim
TL:ZWE:event:1250:apex-of-the-gold-trade,ZWE:wiki-greatzim
TL:ZWE:event:1450:decline-and-abandonment,ZWE:britannica-greatzim
TL:ZWE:event:1450:decline-and-abandonment,ZWE:wiki-greatzim
TL:ZWE:event:1450:decline-and-abandonment,ZWE:britannica-zim-history
TL:ZWE:event:1986:inscribed-as-a-world-heritage-site,ZWE:unesco-greatzim
TL:ZWE:event:1450:rise-of-the-mutapa-empire,ZWE:britannica-zim-history
TL:ZWE:event:1450:rise-of-the-mutapa-empire,ZWE:wiki-mutapa
TL:ZWE:event:1450:rise-of-the-mutapa-empire,ZWE:britannica-torwa
TL:ZWE:event:1505:portuguese-intervention-in-the-gold-trade,ZWE:britannica-zim-history
TL:ZWE:event:1505:portuguese-intervention-in-the-gold-trade,ZWE:wiki-mutapa
TL:ZWE:event:1450:the-torwa-state-and-khami,ZWE:britannica-torwa
TL:ZWE:event:1450:the-torwa-state-and-khami,ZWE:unesco-khami
TL:ZWE:event:1680:the-rozvi-state-under-changamire-dombo,ZWE:wiki-rozvi
TL:ZWE:event:1680:the-rozvi-state-under-changamire-dombo,ZWE:britannica-torwa
TL:ZWE:event:1680:the-rozvi-state-under-changamire-dombo,ZWE:britannica-zim-history
TL:ZWE:event:1838:the-ndebele-settle-the-south-west,ZWE:britannica-mzilikazi
TL:ZWE:event:1838:the-ndebele-settle-the-south-west,ZWE:britannica-lobengula
TL:ZWE:event:1838:the-ndebele-settle-the-south-west,ZWE:britannica-zim-history
TL:ZWE:event:1888:rudd-concession-and-the-pioneer-column,ZWE:britannica-zim-history
TL:ZWE:event:1888:rudd-concession-and-the-pioneer-column,ZWE:britannica-lobengula
TL:ZWE:event:1888:rudd-concession-and-the-pioneer-column,ZWE:wiki-pioneer
TL:ZWE:event:1893:first-matabele-war,ZWE:britannica-lobengula
TL:ZWE:event:1893:first-matabele-war,ZWE:britannica-zim-history
TL:ZWE:event:1896:first-chimurenga-risings,ZWE:britannica-zim-history
TL:ZWE:event:1896:first-chimurenga-risings,ZWE:wiki-history-zim
TL:ZWE:event:1923:southern-rhodesia-becomes-a-self-governing,ZWE:britannica-zim-history
TL:ZWE:event:1923:southern-rhodesia-becomes-a-self-governing,ZWE:wiki-history-zim
TL:ZWE:event:1930:land-apportionment-act,ZWE:britannica-zim-history
TL:ZWE:event:1930:land-apportionment-act,ZWE:wiki-history-zim
TL:ZWE:event:1963:founding-of-zanu-and-zapu,ZWE:britannica-zim-history
TL:ZWE:event:1963:founding-of-zanu-and-zapu,ZWE:britannica-mugabe
TL:ZWE:event:1963:founding-of-zanu-and-zapu,ZWE:wiki-bushwar
TL:ZWE:event:1965:unilateral-declaration-of-independence,ZWE:britannica-smith
TL:ZWE:event:1965:unilateral-declaration-of-independence,ZWE:britannica-zim-history
TL:ZWE:event:1965:unilateral-declaration-of-independence,ZWE:wiki-udi
TL:ZWE:event:1972:the-liberation-war-second-chimurenga,ZWE:wiki-bushwar
TL:ZWE:event:1972:the-liberation-war-second-chimurenga,ZWE:britannica-zim-history
TL:ZWE:event:1972:the-liberation-war-second-chimurenga,ZWE:britannica-mugabe
TL:ZWE:event:1979:lancaster-house-agreement,ZWE:wiki-lancaster
TL:ZWE:event:1979:lancaster-house-agreement,ZWE:britannica-zim-history
TL:ZWE:event:1980:independence-under-robert-mugabe,ZWE:britannica-zim-history
TL:ZWE:event:1980:independence-under-robert-mugabe,ZWE:britannica-mugabe
TL:ZWE:event:1983:the-gukurahundi-massacres,ZWE:wiki-gukurahundi
TL:ZWE:event:1983:the-gukurahundi-massacres,ZWE:britannica-zim-history
TL:ZWE:event:2000:fast-track-land-reform,ZWE:britannica-zim-history
TL:ZWE:event:2000:fast-track-land-reform,ZWE:wiki-history-zim
TL:ZWE:event:2008:hyperinflation-and-dollarisation,ZWE:wiki-hyperinflation
TL:ZWE:event:2008:hyperinflation-and-dollarisation,ZWE:britannica-zim-history
TL:ZWE:event:2017:mugabe-forced-from-power,ZWE:britannica-mugabe
TL:ZWE:event:2017:mugabe-forced-from-power,ZWE:britannica-zim-history
TL:ZWE:event:2017:mugabe-forced-from-power,ZWE:wiki-history-zim
