source_key,country_code,source_id,label,publisher,url,kind,license,accessed
AFG:worldhistory-bactria,AFG,worldhistory-bactria,Bactria,World History Encyclopedia,https://www.worldhistory.org/Bactria/,encyclopedia,,
AFG:ebsco-grecobactria,AFG,ebsco-grecobactria,Greco-Bactrian Kingdom,EBSCO Research Starters,https://www.ebsco.com/research-starters/history/greco-bactrian-kingdom,reference,,
AFG:britannica-kushan,AFG,britannica-kushan,Kushan dynasty,Encyclopaedia Britannica,https://www.britannica.com/topic/Kushan-dynasty,encyclopedia,,
AFG:idp-kushan,AFG,idp-kushan,The Kushan Empire,"International Dunhuang Programme, British Library",https://idp.bl.uk/discover/learning/buddhism-on-the-silk-roads/articles/transmission-of-buddhism/the-kushan-empire/,museum,,
AFG:unesco-bamiyan,AFG,unesco-bamiyan,Cultural Landscape and Archaeological Remains of the Bamiyan Valley,UNESCO World Heritage Centre,https://whc.unesco.org/en/list/208/,gov,,
AFG:britannica-bamiyan,AFG,britannica-bamiyan,"Bamiyan — Afghanistan, History, Buddha Statues",Encyclopaedia Britannica,https://www.britannica.com/place/Bamiyan,encyclopedia,,
AFG:britannica-afghanistan,AFG,britannica-afghanistan,Afghanistan — history,Encyclopaedia Britannica,https://www.britannica.com/place/Afghanistan,encyclopedia,,
AFG:britannica-muslimdynasties,AFG,britannica-muslimdynasties,Afghanistan — The first Muslim dynasties,Encyclopaedia Britannica,https://www.britannica.com/place/Afghanistan/The-first-Muslim-dynasties,encyclopedia,,
AFG:loc-afghanistan,AFG,loc-afghanistan,Afghanistan: A Country Study,"Library of Congress, Federal Research Division",https://www.loc.gov/item/2019669455/,gov,,
AFG:britannica-ghaznavid,AFG,britannica-ghaznavid,Ghaznavid dynasty,Encyclopaedia Britannica,https://www.britannica.com/topic/Ghaznavid-dynasty,encyclopedia,,
AFG:britannica-mahmud,AFG,britannica-mahmud,Maḥmūd — sultan of Ghazna,Encyclopaedia Britannica,https://www.britannica.com/biography/Mahmud-king-of-Ghazna,encyclopedia,,
AFG:britannica-ghazni,AFG,britannica-ghazni,"Ghazni — Afghanistan, History",Encyclopaedia Britannica,https://www.britannica.com/place/Ghazni,encyclopedia,,
AFG:britannica-herat,AFG,britannica-herat,"Herat — Afghanistan, History",Encyclopaedia Britannica,https://www.britannica.com/place/Herat-Afghanistan,encyclopedia,,
AFG:britannica-durrani,AFG,britannica-durrani,"Ahmad Shah Durrani — History, Empire & Accomplishments",Encyclopaedia Britannica,https://www.britannica.com/biography/Ahmad-Shah-Durrani,encyclopedia,,
AFG:britannica-angloafghanwars,AFG,britannica-angloafghanwars,"Anglo-Afghan Wars — History, Significance & Facts",Encyclopaedia Britannica,https://www.britannica.com/event/Anglo-Afghan-Wars,encyclopedia,,
AFG:nam-thirdafghanwar,AFG,nam-thirdafghanwar,Third Afghan War and the Revolt in Waziristan,National Army Museum (UK),https://www.nam.ac.uk/explore/third-afghan-war-and-revolt-waziristan,museum,,
AFG:britannica-amanullah,AFG,britannica-amanullah,"Amānullāh Khan — Reformer, Monarch, Modernizer",Encyclopaedia Britannica,https://www.britannica.com/biography/Amanullah-Khan,encyclopedia,,
AFG:britannica-zahirshah,AFG,britannica-zahirshah,"Mohammad Zahir Shah — Reign, Abdication, Exile",Encyclopaedia Britannica,https://www.britannica.com/biography/Mohammad-Zahir-Shah,encyclopedia,,
AFG:statedept-sovietinvasion,AFG,statedept-sovietinvasion,"The Soviet Invasion of Afghanistan and the U.S. Response, 1978–1980","U.S. Department of State, Office of the Historian",https://history.state.gov/milestones/1977-1980/soviet-invasion-afghanistan,gov,,
AFG:britannica-sovietinvasion,AFG,britannica-sovietinvasion,Soviet invasion of Afghanistan — Summary & Facts,Encyclopaedia Britannica,https://www.britannica.com/event/Soviet-invasion-of-Afghanistan,encyclopedia,,
AFG:britannica-mullahomar,AFG,britannica-mullahomar,Mohammad Omar — Biography & Facts,Encyclopaedia Britannica,https://www.britannica.com/biography/Mohammad-Omar,encyclopedia,,
AFG:statedept-humanrights1996,AFG,statedept-humanrights1996,Afghanistan — 1996 Human Rights Report,U.S. Department of State,https://1997-2001.state.gov/global/human_rights/1996_hrp_report/afghanis.html,gov,,
AFG:statedept-usafghanrelations,AFG,statedept-usafghanrelations,NATO and Afghanistan,North Atlantic Treaty Organization,https://www.nato.int/en/what-we-do/operations-and-missions/nato-and-afghanistan,gov,,
AFG:statedept-dohaagreement,AFG,statedept-dohaagreement,"Agreement for Bringing Peace to Afghanistan (Doha Agreement, 29 Feb 2020)",U.S. Department of State,https://www.state.gov/wp-content/uploads/2020/02/Agreement-For-Bringing-Peace-to-Afghanistan-02.29.20.pdf,primary,,
AFG:wikipedia-durrani,AFG,wikipedia-durrani,Durrani Empire,Wikipedia,https://en.wikipedia.org/wiki/Durrani_Empire,reference,,
AFG:statedept-afghanistan,AFG,statedept-afghanistan,A Guide to the United States' History of Recognition: Afghanistan,"U.S. Department of State, Office of the Historian",https://history.state.gov/countries/afghanistan,gov,,
AGO:britannica-angola,AGO,britannica-angola,"Angola — Colonialism, Independence, Civil War (history)",Encyclopaedia Britannica,https://www.britannica.com/place/Angola,encyclopedia,,
AGO:britannica-mbundu,AGO,britannica-mbundu,Mbundu (people),Encyclopaedia Britannica,https://www.britannica.com/topic/Mbundu,encyclopedia,,
AGO:britannica-mpla,AGO,britannica-mpla,Popular Movement for the Liberation of Angola (MPLA),Encyclopaedia Britannica,https://www.britannica.com/topic/Popular-Movement-for-the-Liberation-of-Angola,encyclopedia,,
AGO:britannica-dos-santos,AGO,britannica-dos-santos,José Eduardo dos Santos,Encyclopaedia Britannica,https://www.britannica.com/biography/Jose-dos-Santos,encyclopedia,,
AGO:worldhistory-angola,AGO,worldhistory-angola,Portuguese Angola,World History Encyclopedia,https://www.worldhistory.org/Portuguese_Angola/,encyclopedia,,
AGO:oxford-njinga,AGO,oxford-njinga,Njinga a Mbande: Power and War in 17th-Century Angola,Oxford Research Encyclopedia of African History,https://oxfordre.com/africanhistory/,academic,,
AGO:slavevoyages,AGO,slavevoyages,Trans-Atlantic Slave Trade Database (Estimates),SlaveVoyages.org,https://www.slavevoyages.org/assessment/estimates,academic,,
AGO:blackpast-luanda,AGO,blackpast-luanda,"Luanda, Angola (1576– )",BlackPast.org,https://www.blackpast.org/global-african-history/luanda-angola-1576/,reference,,
AGO:blackpast-civil-war,AGO,blackpast-civil-war,Angolan Civil War (1975–2002),BlackPast.org,https://www.blackpast.org/global-african-history/angolan-civil-war-1975-2002/,reference,,
AGO:statedept-angola-crisis,AGO,statedept-angola-crisis,The Angola Crisis 1974–75,"U.S. Department of State, Office of the Historian",https://history.state.gov/milestones/1969-1976/angola,gov,,
AGO:aaregistry-independence,AGO,aaregistry-independence,Angola Gains Its Independence From Portugal,African American Registry,https://aaregistry.org/story/angola-gains-independence-from-portugal/,reference,,
AGO:museu-cassanje,AGO,museu-cassanje,Baixa do Cassange Revolt,"Museu do Aljube (Resistance and Freedom Museum, Lisbon)",https://www.museudoaljube.pt/en/2021/01/04/baixa-do-cassange-revolt/,museum,,
AGO:countrystudies-ovimbundu,AGO,countrystudies-ovimbundu,Angola — Ovimbundu and Kwanhama Kingdoms,U.S. Library of Congress Country Studies,https://countrystudies.us/angola/10.htm,gov,,
AGO:sahistory-civil-war,AGO,sahistory-civil-war,The Angolan Civil War (1975–2002): A Brief History,South African History Online,https://www.sahistory.org.za/article/angolan-civil-war-1975-2002-brief-history,reference,,
AGO:globalist-dos-santos,AGO,globalist-dos-santos,Beyond Mugabe: Angola's Strongman Also Bowed Out in 2017,The Globalist,https://www.theglobalist.com/angola-jose-eduardo-dos-santos-africa/,reference,,
AGO:wiki-kongo,AGO,wiki-kongo,Kingdom of Kongo,Wikipedia,https://en.wikipedia.org/wiki/Kingdom_of_Kongo,reference,,
AGO:wiki-ndongo,AGO,wiki-ndongo,Kingdom of Ndongo,Wikipedia,https://en.wikipedia.org/wiki/Kingdom_of_Ndongo,reference,,
AGO:wiki-nzinga,AGO,wiki-nzinga,Nzinga of Ndongo and Matamba,Wikipedia,https://en.wikipedia.org/wiki/Nzinga_of_Ndongo_and_Matamba,reference,,
AGO:wiki-portuguese-angola,AGO,wiki-portuguese-angola,Portuguese Angola,Wikipedia,https://en.wikipedia.org/wiki/Portuguese_Angola,reference,,
AGO:wiki-slavery-angola,AGO,wiki-slavery-angola,Slavery in Angola,Wikipedia,https://en.wikipedia.org/wiki/Slavery_in_Angola,reference,,
AGO:wiki-history-angola,AGO,wiki-history-angola,History of Angola,Wikipedia,https://en.wikipedia.org/wiki/History_of_Angola,reference,,
AGO:wiki-unita,AGO,wiki-unita,UNITA (National Union for the Total Independence of Angola),Wikipedia,https://en.wikipedia.org/wiki/UNITA,reference,,
AGO:wiki-civil-war,AGO,wiki-civil-war,Angolan Civil War,Wikipedia,https://en.wikipedia.org/wiki/Angolan_Civil_War,reference,,
AGO:wiki-dos-santos,AGO,wiki-dos-santos,José Eduardo dos Santos,Wikipedia,https://en.wikipedia.org/wiki/Jos%C3%A9_Eduardo_dos_Santos,reference,,
AGO:statedept-angola,AGO,statedept-angola,A Guide to the United States' History of Recognition: Angola,"U.S. Department of State, Office of the Historian",https://history.state.gov/countries/angola,gov,,
ALB:history-of-albania-britannica,ALB,history-of-albania-britannica,History of Albania,Encyclopaedia Britannica,https://www.britannica.com/topic/history-of-Albania,encyclopedia,,
ALB:albania-britannica,ALB,albania-britannica,Albania,Encyclopaedia Britannica,https://www.britannica.com/place/Albania,encyclopedia,,
ALB:albania-medieval-britannica,ALB,albania-medieval-britannica,Albania: Medieval Culture and Illyrian Tribes,Encyclopaedia Britannica,https://www.britannica.com/place/Albania/Medieval-culture,encyclopedia,,
ALB:albanian-nationalism-britannica,ALB,albanian-nationalism-britannica,"Albania: Nationalism, Ethnicity, Culture",Encyclopaedia Britannica,https://www.britannica.com/place/Albania/Albanian-nationalism,encyclopedia,,
ALB:skanderbeg-britannica,ALB,skanderbeg-britannica,Skanderbeg (Gjergj Kastrioti),Encyclopaedia Britannica,https://www.britannica.com/biography/Skanderbeg,encyclopedia,,
ALB:albanian-league-britannica,ALB,albanian-league-britannica,Albanian League (League of Prizren),Encyclopaedia Britannica,https://www.britannica.com/topic/Albanian-League,encyclopedia,,
ALB:naim-frasheri-britannica,ALB,naim-frasheri-britannica,Naim Frasheri,Encyclopaedia Britannica,https://www.britannica.com/biography/Naim-Frasheri,encyclopedia,,
ALB:vlore-proclamation-britannica,ALB,vlore-proclamation-britannica,Vlore proclamation,Encyclopaedia Britannica,https://www.britannica.com/event/Vlore-proclamation,encyclopedia,,
ALB:treaties-of-london-britannica,ALB,treaties-of-london-britannica,Treaties of London,Encyclopaedia Britannica,https://www.britannica.com/topic/Treaties-of-London,encyclopedia,,
ALB:enver-hoxha-britannica,ALB,enver-hoxha-britannica,Enver Hoxha,Encyclopaedia Britannica,https://www.britannica.com/biography/Enver-Hoxha,encyclopedia,,
ALB:kosovo-britannica,ALB,kosovo-britannica,Kosovo,Encyclopaedia Britannica,https://www.britannica.com/place/Kosovo,encyclopedia,,
ALB:butrint-unesco,ALB,butrint-unesco,Butrint,UNESCO World Heritage Centre,https://whc.unesco.org/en/list/570/,gov,,
ALB:berat-gjirokastra-unesco,ALB,berat-gjirokastra-unesco,Historic Centres of Berat and Gjirokastra,UNESCO World Heritage Centre,https://whc.unesco.org/en/list/569/,gov,,
ALB:qemali-rtsh,ALB,qemali-rtsh,"Ismail Qemali Leads Albania to Independence, November 1912",Radio Television of Albania (RTSH),https://rtsh.al/rti/en/ismail-qemali-leads-albania-to-independence-key-moments-from-november-1912/,reference,,
ALB:albania-us-relations,ALB,albania-us-relations,"A Guide to the United States' History of Recognition, Diplomatic, and Consular Relations: Albania","U.S. Department of State, Office of the Historian",https://history.state.gov/countries/albania,gov,,
ALB:kosovo-state-history,ALB,kosovo-state-history,"A Guide to the United States' History of Recognition, Diplomatic, and Consular Relations: Kosovo","U.S. Department of State, Office of the Historian",https://history.state.gov/countries/kosovo,gov,,
ALB:nato-albania-accession,ALB,nato-albania-accession,Ceremony marks the accession of Albania and Croatia to NATO,NATO,https://www.nato.int/cps/en/natolive/news_52902.htm,gov,,
ALB:nato-enlargement-crs,ALB,nato-enlargement-crs,"NATO Enlargement: Albania, Croatia, and Possible Future Candidates",U.S. Congressional Research Service,https://www.everycrsreport.com/reports/RL34701.html,gov,,
ALB:eu-albania-enlargement,ALB,eu-albania-enlargement,Albania (Enlargement and Eastern Neighbourhood),European Commission,https://enlargement.ec.europa.eu/countries/albania_en,gov,,
ALB:wikipedia-albanian-declaration,ALB,wikipedia-albanian-declaration,Albanian Declaration of Independence,Wikipedia,https://en.wikipedia.org/wiki/Albanian_Declaration_of_Independence,reference,,
ALB:statedept-albania,ALB,statedept-albania,A Guide to the United States' History of Recognition: Albania,"U.S. Department of State, Office of the Historian",https://history.state.gov/countries/albania,gov,,
AND:andorra-britannica,AND,andorra-britannica,"Andorra: History, Facts & Points of Interest",Encyclopaedia Britannica,https://www.britannica.com/place/Andorra,encyclopedia,,
AND:summary-britannica,AND,summary-britannica,"Andorra: geography, history, and system of government (summary)",Encyclopaedia Britannica,https://www.britannica.com/summary/Andorra,encyclopedia,,
AND:statedept-andorra,AND,statedept-andorra,Andorra: Countries,"U.S. Department of State, Office of the Historian",https://history.state.gov/countries/andorra,gov,,
AND:un-members,AND,un-members,Member States (Andorra admitted 28 July 1993),United Nations,https://www.un.org/en/about-us/member-states,gov,,
AND:coe-andorra,AND,coe-andorra,Andorra: Member state,Council of Europe,https://www.coe.int/en/web/portal/andorra,gov,,
AND:unesco-madriu,AND,unesco-madriu,Madriu-Perafita-Claror Valley,UNESCO World Heritage Centre,https://whc.unesco.org/en/list/1160/,gov,,
AND:casadelavall-andorra,AND,casadelavall-andorra,Six centuries of the Consell General,La Casa de la Vall (Consell General d'Andorra),https://www.casadelavall.ad/en/the-consell-general,gov,,
AND:constitute-andorra,AND,constitute-andorra,Andorra's Constitution of 1993,Constitute Project,https://www.constituteproject.org/constitution/Andorra_1993,primary,,
AND:ecb-andorra,AND,ecb-andorra,Andorra and the euro: monetary agreement,European Central Bank,https://www.ecb.europa.eu/euro/coins/html/ad.en.html,gov,,
AND:eurlex-monetary,AND,eurlex-monetary,Monetary Agreement between the European Union and the Principality of Andorra,EUR-Lex (European Union),https://eur-lex.europa.eu/legal-content/EN/TXT/PDF/?uri=CELEX:02011A1217(01)-20230313,primary,,
AND:eu-association,AND,eu-association,Proposal for the EU–Andorra Association Agreement (COM 2024/189),EUR-Lex (European Commission),https://eur-lex.europa.eu/legal-content/EN/TXT/?uri=celex:52024PC0189,gov,,
AND:ep-association,AND,ep-association,EU association agreement with Andorra and San Marino (briefing),European Parliament,https://www.europarl.europa.eu/RegData/etudes/BRIE/2024/766263/EPRS_BRI(2024)766263_EN.pdf,gov,,
AND:anthem-andorra,AND,anthem-andorra,El Gran Carlemany: National Anthem of Andorra and the Charlemagne tradition,nationalanthems.info,https://nationalanthems.info/ad.htm,reference,,
AND:wikipedia-andorra,AND,wikipedia-andorra,Andorra,Wikipedia,https://en.wikipedia.org/wiki/Andorra,reference,,
AND:nwe-andorra,AND,nwe-andorra,Andorra,New World Encyclopedia,https://www.newworldencyclopedia.org/entry/Andorra,encyclopedia,,
ARE:britannica-uae-history,ARE,britannica-uae-history,History of the United Arab Emirates,Encyclopaedia Britannica,https://www.britannica.com/topic/history-of-the-United-Arab-Emirates,encyclopedia,,
ARE:britannica-qasimi,ARE,britannica-qasimi,"Qasimi dynasty: Family, Origins, and Piracy Claims",Encyclopaedia Britannica,https://www.britannica.com/topic/Qasimi-dynasty,encyclopedia,,
ARE:britannica-perpetual-truce,ARE,britannica-perpetual-truce,Perpetual Maritime Truce of 1853,Encyclopaedia Britannica,https://www.britannica.com/topic/Perpetual-Maritime-Truce-of-1853,encyclopedia,,
ARE:britannica-exclusive,ARE,britannica-exclusive,Exclusive Agreement (British history),Encyclopaedia Britannica,https://www.britannica.com/topic/Exclusive-Agreement,encyclopedia,,
ARE:britannica-zayed,ARE,britannica-zayed,Sheikh Zayed ibn Sultan Al Nahyan,Encyclopaedia Britannica,https://www.britannica.com/biography/Sheikh-Zayid-ibn-Sultan-Al-Nahyan,encyclopedia,,
ARE:britannica-rashid,ARE,britannica-rashid,Sheikh Rashid ibn Saeed Al Maktoum,Encyclopaedia Britannica,https://www.britannica.com/biography/Rashid-bin-Saeed-Al-Maktoum,encyclopedia,,
ARE:britannica-rasalkhaimah,ARE,britannica-rasalkhaimah,"Ras al-Khaimah (emirate, United Arab Emirates)",Encyclopaedia Britannica,https://www.britannica.com/place/Ras-al-Khaimah,encyclopedia,,
ARE:britannica-mbz,ARE,britannica-mbz,Mohamed bin Zayed Al Nahyan (MBZ),Encyclopaedia Britannica,https://www.britannica.com/biography/Mohamed-bin-Zayed,encyclopedia,,
ARE:unesco-alain,ARE,unesco-alain,"Cultural Sites of Al Ain (Hafit, Hili, Bidaa Bint Saud and Oases Areas)",UNESCO World Heritage Centre,https://whc.unesco.org/en/list/1343/,gov,,
ARE:unesco-news774,ARE,unesco-news774,Six new sites inscribed on UNESCO's World Heritage List (2011),UNESCO World Heritage Centre,https://whc.unesco.org/en/news/774,gov,,
ARE:abudhabi-hili,ARE,abudhabi-hili,The Bronze Age Sites of Hili,"Department of Culture and Tourism, Abu Dhabi",https://abudhabiculture.ae/en//cultural-resources/publications/the-bronze-age-sites-of-hili,gov,,
ARE:uae-embassy-history,ARE,uae-embassy-history,History (Discover UAE),"Embassy of the United Arab Emirates, Washington DC",https://www.uae-embassy.org/discover-uae/history,gov,,
ARE:uae-mofa-history,ARE,uae-mofa-history,History of the United Arab Emirates,UAE Ministry of Foreign Affairs,https://www.mofa.gov.ae/en/the-uae/history,gov,,
ARE:uae-portal-history,ARE,uae-portal-history,History,The Official Platform of the UAE Government (u.ae),https://u.ae/en/about-the-uae/history,gov,,
ARE:loc-gulf-study,ARE,loc-gulf-study,Persian Gulf States: Country Studies (United Arab Emirates),"Federal Research Division, U.S. Library of Congress",https://www.loc.gov/item/93046476/,gov,,
ARE:wikipedia-trucial-states,ARE,wikipedia-trucial-states,Trucial States,Wikipedia,https://en.wikipedia.org/wiki/Trucial_States,reference,,
ARG:britannica-argentina,ARG,britannica-argentina,Argentina,Encyclopaedia Britannica,https://www.britannica.com/place/Argentina,encyclopedia,,
ARG:britannica-buenos-aires,ARG,britannica-buenos-aires,Buenos Aires: History,Encyclopaedia Britannica,https://www.britannica.com/place/Buenos-Aires,encyclopedia,,
ARG:britannica-mendoza,ARG,britannica-mendoza,Pedro de Mendoza,Encyclopaedia Britannica,https://www.britannica.com/biography/Pedro-de-Mendoza,encyclopedia,,
ARG:britannica-viceroyalty-rdlp,ARG,britannica-viceroyalty-rdlp,Viceroyalty of the Rio de la Plata,Encyclopaedia Britannica,https://www.britannica.com/place/Viceroyalty-of-the-Rio-de-la-Plata,encyclopedia,,
ARG:britannica-may-revolution,ARG,britannica-may-revolution,May Revolution,Encyclopaedia Britannica,https://www.britannica.com/topic/May-Revolution,encyclopedia,,
ARG:britannica-congress-tucuman,ARG,britannica-congress-tucuman,Congress of Tucuman,Encyclopaedia Britannica,https://www.britannica.com/topic/Congress-of-Tucuman,encyclopedia,,
ARG:argentine-declaration,ARG,argentine-declaration,Argentine Declaration of Independence,Wikipedia,https://en.wikipedia.org/wiki/Argentine_Declaration_of_Independence,reference,,
ARG:britannica-san-martin,ARG,britannica-san-martin,Jose de San Martin,Encyclopaedia Britannica,https://www.britannica.com/biography/Jose-de-San-Martin,encyclopedia,,
ARG:britannica-belgrano,ARG,britannica-belgrano,Manuel Belgrano,Encyclopaedia Britannica,https://www.britannica.com/biography/Manuel-Belgrano,encyclopedia,,
ARG:casarosada-flag,ARG,casarosada-flag,Flag Day: Homage to General Manuel Belgrano,"Casa Rosada, Presidency of Argentina",https://www.casarosada.gob.ar/,gov,,
ARG:britannica-rosas,ARG,britannica-rosas,Juan Manuel de Rosas,Encyclopaedia Britannica,https://www.britannica.com/biography/Juan-Manuel-de-Rosas,encyclopedia,,
ARG:britannica-urquiza,ARG,britannica-urquiza,Justo Jose de Urquiza,Encyclopaedia Britannica,https://www.britannica.com/biography/Justo-Jose-de-Urquiza,encyclopedia,,
ARG:great-immigration-wave,ARG,great-immigration-wave,Great European immigration wave to Argentina,Wikipedia,https://en.wikipedia.org/wiki/Great_European_immigration_wave_to_Argentina,reference,,
ARG:britannica-juan-peron,ARG,britannica-juan-peron,Juan Peron,Encyclopaedia Britannica,https://www.britannica.com/biography/Juan-Peron,encyclopedia,,
ARG:britannica-eva-peron,ARG,britannica-eva-peron,Eva Peron,Encyclopaedia Britannica,https://www.britannica.com/biography/Eva-Peron,encyclopedia,,
ARG:britannica-dirty-war,ARG,britannica-dirty-war,Dirty War (Argentina),Encyclopaedia Britannica,https://www.britannica.com/event/Dirty-War-Argentina,encyclopedia,,
ARG:britannica-desaparecidos,ARG,britannica-desaparecidos,Desaparecidos,Encyclopaedia Britannica,https://www.britannica.com/topic/desaparecidos,encyclopedia,,
ARG:britannica-falklands-war,ARG,britannica-falklands-war,Falkland Islands War,Encyclopaedia Britannica,https://www.britannica.com/event/Falkland-Islands-War,encyclopedia,,
ARG:britannica-alfonsin,ARG,britannica-alfonsin,Raul Alfonsin,Encyclopaedia Britannica,https://www.britannica.com/biography/Raul-Alfonsin,encyclopedia,,
ARG:conadep-nunca-mas,ARG,conadep-nunca-mas,"National Commission on the Disappearance of Persons (CONADEP), Nunca Mas",Wikipedia,https://en.wikipedia.org/wiki/National_Commission_on_the_Disappearance_of_Persons,reference,,
ARG:unesco-jesuit-missions,ARG,unesco-jesuit-missions,Jesuit Missions of the Guaranis,UNESCO World Heritage Centre,https://whc.unesco.org/en/list/275/,gov,,
ARG:unesco-cueva-manos,ARG,unesco-cueva-manos,"Cueva de las Manos, Rio Pinturas",UNESCO World Heritage Centre,https://whc.unesco.org/en/list/936/,gov,,
ARG:statedept-argentina,ARG,statedept-argentina,A Guide to the United States' History of Recognition: Argentina,"U.S. Department of State, Office of the Historian",https://history.state.gov/countries/argentina,gov,,
ARM:britannica-urartu,ARM,britannica-urartu,Urartu,Encyclopædia Britannica,https://www.britannica.com/place/Urartu,encyclopedia,,
ARM:britannica-tigranes,ARM,britannica-tigranes,"Tigranes II the Great, king of Armenia",Encyclopædia Britannica,https://www.britannica.com/biography/Tigranes-II-the-Great,encyclopedia,,
ARM:whe-tigranes,ARM,whe-tigranes,Tigranes the Great,World History Encyclopedia,https://www.worldhistory.org/Tigranes_the_Great/,encyclopedia,,
ARM:britannica-yerevan,ARM,britannica-yerevan,Yerevan,Encyclopædia Britannica,https://www.britannica.com/place/Yerevan,encyclopedia,,
ARM:britannica-tiridates,ARM,britannica-tiridates,"Tiridates III, king of Armenia",Encyclopædia Britannica,https://www.britannica.com/biography/Tiridates-III-king-of-Armenia,encyclopedia,,
ARM:whe-christianization,ARM,whe-christianization,The Early Christianization of Armenia,World History Encyclopedia,https://www.worldhistory.org/article/801/the-early-christianization-of-armenia/,encyclopedia,,
ARM:unesco-echmiatsin,ARM,unesco-echmiatsin,Cathedral and Churches of Echmiatsin and the Archaeological Site of Zvartnots,UNESCO World Heritage Centre,https://whc.unesco.org/en/list/1011/,gov,,
ARM:britannica-alphabet,ARM,britannica-alphabet,Armenian alphabet,Encyclopædia Britannica,https://www.britannica.com/topic/Armenian-alphabet,encyclopedia,,
ARM:whe-mashtots,ARM,whe-mashtots,Mesrop Mashtots,World History Encyclopedia,https://www.worldhistory.org/Mesrop_Mashtots/,encyclopedia,,
ARM:britannica-bagratid,ARM,britannica-bagratid,Bagratid dynasty (Armenian dynasty),Encyclopædia Britannica,https://www.britannica.com/topic/Bagratid-dynasty-Armenian-dynasty,encyclopedia,,
ARM:britannica-ani,ARM,britannica-ani,"Ani, historical city, Armenia",Encyclopædia Britannica,https://www.britannica.com/place/Ani-historical-city-Armenia,encyclopedia,,
ARM:britannica-little-armenia,ARM,britannica-little-armenia,Little Armenia (Cilician Armenia),Encyclopædia Britannica,https://www.britannica.com/place/Little-Armenia,encyclopedia,,
ARM:unesco-haghpat,ARM,unesco-haghpat,Monasteries of Haghpat and Sanahin,UNESCO World Heritage Centre,https://whc.unesco.org/en/list/777/,gov,,
ARM:unesco-geghard,ARM,unesco-geghard,Monastery of Geghard and the Upper Azat Valley,UNESCO World Heritage Centre,https://whc.unesco.org/en/list/960/,gov,,
ARM:britannica-armenia-modern,ARM,britannica-armenia-modern,"Armenia — Caucasus, Soviet Union, Genocide (Modern Armenia)",Encyclopædia Britannica,https://www.britannica.com/place/Armenia/Modern-Armenia,encyclopedia,,
ARM:ushmm-armenian,ARM,ushmm-armenian,The Armenian Genocide (1915–16): In Depth,United States Holocaust Memorial Museum,https://encyclopedia.ushmm.org/content/en/article/the-armenian-genocide-1915-16-in-depth,museum,,
ARM:britannica-genocide,ARM,britannica-genocide,Armenian Genocide,Encyclopædia Britannica,https://www.britannica.com/event/Armenian-Genocide,encyclopedia,,
ARM:britannica-nagorno-karabakh,ARM,britannica-nagorno-karabakh,Nagorno-Karabakh,Encyclopædia Britannica,https://www.britannica.com/place/Nagorno-Karabakh,encyclopedia,,
ARM:history-state-armenia,ARM,history-state-armenia,A Guide to the History of Recognition: Armenia,"U.S. Department of State, Office of the Historian",https://history.state.gov/countries/armenia,gov,,
ARM:wikipedia-kingdom-armenia,ARM,wikipedia-kingdom-armenia,Kingdom of Armenia (antiquity),Wikipedia,https://en.wikipedia.org/wiki/Kingdom_of_Armenia_(antiquity),reference,,
ARM:wikipedia-bagratid-armenia,ARM,wikipedia-bagratid-armenia,Bagratid Armenia,Wikipedia,https://en.wikipedia.org/wiki/Bagratid_Armenia,reference,,
ARM:wikipedia-first-republic-armenia,ARM,wikipedia-first-republic-armenia,First Republic of Armenia,Wikipedia,https://en.wikipedia.org/wiki/First_Republic_of_Armenia,reference,,
ARM:whe-armenia,ARM,whe-armenia,Armenia,World History Encyclopedia,https://www.worldhistory.org/Armenia/,encyclopedia,,
AUS:brit-australia,AUS,brit-australia,Australia (country),Encyclopaedia Britannica,https://www.britannica.com/place/Australia,encyclopedia,,
AUS:brit-aboriginal,AUS,brit-aboriginal,Australian Aboriginal peoples,Encyclopaedia Britannica,https://www.britannica.com/topic/Australian-Aboriginal,encyclopedia,,
AUS:brit-cook,AUS,brit-cook,James Cook,Encyclopaedia Britannica,https://www.britannica.com/biography/James-Cook,encyclopedia,,
AUS:brit-gold-rushes,AUS,brit-gold-rushes,Australian gold rushes,Encyclopaedia Britannica,https://www.britannica.com/event/Australian-gold-rushes,encyclopedia,,
AUS:nma-aboriginal,AUS,nma-aboriginal,Defining Moments: Aboriginal and Torres Strait Islander history,National Museum of Australia,https://www.nma.gov.au/defining-moments,museum,,
AUS:nma-cook,AUS,nma-cook,Defining Moments: Cook claims Australia,National Museum of Australia,https://www.nma.gov.au/defining-moments/resources/cook-claims-australia,museum,,
AUS:nma-first-fleet,AUS,nma-first-fleet,Defining Moments: Convict cargo and the First Fleet,National Museum of Australia,https://www.nma.gov.au/defining-moments/resources/convict-cargo,museum,,
AUS:nma-eureka,AUS,nma-eureka,Defining Moments: Eureka Stockade,National Museum of Australia,https://www.nma.gov.au/defining-moments/resources/eureka-stockade,museum,,
AUS:nma-federation,AUS,nma-federation,Defining Moments: Federation,National Museum of Australia,https://www.nma.gov.au/defining-moments/resources/federation,museum,,
AUS:nma-apology,AUS,nma-apology,Defining Moments: National Apology,National Museum of Australia,https://www.nma.gov.au/defining-moments/resources/national-apology,museum,,
AUS:naa-federation,AUS,naa-federation,The Federation of Australia,National Archives of Australia,https://www.naa.gov.au/students-and-teachers/learning-resources/learning-resource-themes/government-and-democracy/federation/federation-australia,gov,,
AUS:naa-immigration-restriction,AUS,naa-immigration-restriction,The Immigration Restriction Act 1901,National Archives of Australia,https://www.naa.gov.au/explore-collection/immigration-and-citizenship/immigration-restriction-act-1901,gov,,
AUS:awm-immigration-restriction,AUS,awm-immigration-restriction,The Immigration Restriction Act and the Anzacs,Australian War Memorial,https://www.awm.gov.au/learn/schools/resources/anzac-diversity/chinese-anzacs/immigration-restriction,gov,,
AUS:moadoph-1967,AUS,moadoph-1967,1967: Indigenous Affairs referendum,Museum of Australian Democracy,https://moadoph.gov.au/explore/democracy/1967-indigenous-affairs,museum,,
AUS:aiatsis-mabo,AUS,aiatsis-mabo,The Mabo Case,Australian Institute of Aboriginal and Torres Strait Islander Studies (AIATSIS),https://aiatsis.gov.au/explore/mabo-case,gov,,
AUS:statedept-australia,AUS,statedept-australia,A Guide to the United States' History of Recognition: Australia,"U.S. Department of State, Office of the Historian",https://history.state.gov/countries/australia,gov,,
AUT:habsburg-ostarrichi,AUT,habsburg-ostarrichi,Ostarrîchi: Austria under the Babenbergs,Die Welt der Habsburger (The World of the Habsburgs),https://www.habsburger.net/en/chapter/ostarrichi-austria-under-babenbergs,museum,,
AUT:habsburg-takeover,AUT,habsburg-takeover,The Habsburgs take over Austria,Die Welt der Habsburger (The World of the Habsburgs),https://www.habsburger.net/en/chapter/habsburgs-take-over-austria,museum,,
AUT:siege-1529,AUT,siege-1529,"The first Turkish siege of Vienna, 1529",Die Welt der Habsburger (The World of the Habsburgs),https://www.habsburger.net/en/events/first-turkish-siege-vienna-1529,museum,,
AUT:siege-1683,AUT,siege-1683,"The second Turkish siege of Vienna, 1683",Die Welt der Habsburger (The World of the Habsburgs),https://www.habsburger.net/en/events/second-turkish-siege-vienna-1683,museum,,
AUT:prince-eugene,AUT,prince-eugene,"Prince Eugene, the 'noble knight'",Die Welt der Habsburger (The World of the Habsburgs),https://www.habsburger.net/en/chapter/prince-eugene-noble-knight,museum,,
AUT:maria-theresa,AUT,maria-theresa,Maria Theresa: Empress and mother of her peoples,Die Welt der Habsburger (The World of the Habsburgs),https://www.habsburger.net/en/chapter/maria-theresa-empress-and-mother-her-peoples,museum,,
AUT:empire-1804,AUT,empire-1804,The foundation of the Empire of Austria in 1804,Die Welt der Habsburger (The World of the Habsburgs),https://www.habsburger.net/en/events/foundation-empire-austria-1804,museum,,
AUT:compromise-1867,AUT,compromise-1867,"The Compromise with Hungary, 1867",Die Welt der Habsburger (The World of the Habsburgs),https://www.habsburger.net/en/events/compromise-hungary-1867,museum,,
AUT:franz-joseph,AUT,franz-joseph,Franz Joseph I,Die Welt der Habsburger (The World of the Habsburgs),https://www.habsburger.net/en/persons/habsburg-emperor/franz-joseph-i,museum,,
AUT:sarajevo,AUT,sarajevo,Sarajevo and the July Crisis,Der Erste Weltkrieg (The First World War / habsburger.net),https://ww1.habsburger.net/en/chapters/sarajevo-and-july-crisis,museum,,
AUT:end-monarchy-1918,AUT,end-monarchy-1918,"The End of Monarchy, the Birth of New States",Der Erste Weltkrieg (The First World War / habsburger.net),https://ww1.habsburger.net/en/chapters/end-monarchy-birth-new-states,museum,,
AUT:saint-germain,AUT,saint-germain,1919: Treaty of Saint-Germain,Haus der Geschichte Österreich (House of Austrian History),https://hdgoe.at/saint_germain_treaty,museum,,
AUT:anschluss-ushmm,AUT,anschluss-ushmm,German Annexation of Austria,"United States Holocaust Memorial Museum, Holocaust Encyclopedia",https://encyclopedia.ushmm.org/content/en/timeline-event/holocaust/1933-1938/german-annexation-of-austria,museum,,
AUT:state-treaty-ebsco,AUT,state-treaty-ebsco,"Austria Regains Its Independence (Austrian State Treaty, 1955)",EBSCO Research Starters: History,https://www.ebsco.com/research-starters/history/austria-regains-its-independence,reference,,
AUT:degasperi-gruber,AUT,degasperi-gruber,De Gasperi-Gruber Agreement and the First Statute of Autonomy,Provincia autonoma di Trento,https://www.provincia.tn.it/en/News/Insights/De-Gasperi-Gruber-Agreement-and-the-First-Statute-of-Autonomy,gov,,
AUT:southtyrol-package,AUT,southtyrol-package,Package and Second Autonomy Statute,Provincia autonoma di Trento,https://www.provincia.tn.it/en/News/Insights/Package-and-Second-Autonomy-Statute,gov,,
AUT:austria-eu,AUT,austria-eu,Austria in the EU,Austrian Federal Ministry for European and International Affairs (BMEIA),https://www.bmeia.gv.at/en/european-foreign-policy/european-policy/austria-in-the-eu,gov,,
AUT:vienna-unesco,AUT,vienna-unesco,Historic Centre of Vienna,UNESCO World Heritage Centre,https://whc.unesco.org/en/list/1033/,gov,,
AUT:schonbrunn-unesco,AUT,schonbrunn-unesco,30 years UNESCO World Heritage: Palace and Gardens of Schönbrunn,Schloss Schönbrunn (official site),https://www.schoenbrunn.at/en/about-schoenbrunn/30-years-unesco-world-heritage,museum,,
AUT:wikipedia-anschluss,AUT,wikipedia-anschluss,Anschluss,Wikipedia,https://en.wikipedia.org/wiki/Anschluss,reference,,
AUT:wikipedia-allied-austria,AUT,wikipedia-allied-austria,Allied-occupied Austria,Wikipedia,https://en.wikipedia.org/wiki/Allied-occupied_Austria,reference,,
AZE:unesco-gobustan,AZE,unesco-gobustan,Gobustan Rock Art Cultural Landscape,UNESCO World Heritage Centre,https://whc.unesco.org/en/list/1076/,gov,,
AZE:unesco-baku,AZE,unesco-baku,Walled City of Baku with the Shirvanshah's Palace and Maiden Tower,UNESCO World Heritage Centre,https://whc.unesco.org/en/list/958/,gov,,
AZE:unesco-ateshgah,AZE,unesco-ateshgah,"Surakhany, Atashgyakh (fire-worshippers' temple-museum), Baku — Tentative List",UNESCO World Heritage Centre,https://whc.unesco.org/en/tentativelists/1172/,gov,,
AZE:loc-azerbaijan,AZE,loc-azerbaijan,"Armenia, Azerbaijan, and Georgia: Country Studies (ed. Glenn E. Curtis)","Library of Congress, Federal Research Division",https://www.loc.gov/item/94045459/,gov,,
AZE:britannica-history-azerbaijan,AZE,britannica-history-azerbaijan,History of Azerbaijan,Encyclopædia Britannica,https://www.britannica.com/topic/history-of-Azerbaijan,encyclopedia,,
AZE:britannica-russian-suzerainty,AZE,britannica-russian-suzerainty,Azerbaijan: Russian suzerainty and the road to independence,Encyclopædia Britannica,https://www.britannica.com/place/Azerbaijan/Russian-suzerainty,encyclopedia,,
AZE:britannica-baku,AZE,britannica-baku,"Baku: location, history and economy",Encyclopædia Britannica,https://www.britannica.com/place/Baku,encyclopedia,,
AZE:britannica-icheri,AZE,britannica-icheri,"Icheri-Shekher (Inner City), Baku",Encyclopædia Britannica,https://www.britannica.com/place/Icheri-Shekher,encyclopedia,,
AZE:britannica-abseron,AZE,britannica-abseron,Abşeron Peninsula,Encyclopædia Britannica,https://www.britannica.com/place/Abseron-Peninsula,encyclopedia,,
AZE:britannica-safavid,AZE,britannica-safavid,Safavid dynasty,Encyclopædia Britannica,https://www.britannica.com/topic/Safavid-dynasty,encyclopedia,,
AZE:britannica-ismail,AZE,britannica-ismail,"Ismāʿīl I, shah of Iran",Encyclopædia Britannica,https://www.britannica.com/biography/Ismail-I-shah-of-Iran,encyclopedia,,
AZE:britannica-gulistan,AZE,britannica-gulistan,"Treaty of Golestān (Gulistan), 1813",Encyclopædia Britannica,https://www.britannica.com/topic/Treaty-of-Golestan,encyclopedia,,
AZE:britannica-turkmenchay,AZE,britannica-turkmenchay,"Treaty of Turkmenchay, 1828",Encyclopædia Britannica,https://www.britannica.com/topic/Treaty-of-Turkmenchay,encyclopedia,,
AZE:britannica-nagorno-karabakh,AZE,britannica-nagorno-karabakh,"Nagorno-Karabakh: conflicts, map and people",Encyclopædia Britannica,https://www.britannica.com/place/Nagorno-Karabakh,encyclopedia,,
AZE:britannica-aliyev-heydar,AZE,britannica-aliyev-heydar,"Heydar Aliyev, president of Azerbaijan",Encyclopædia Britannica,https://www.britannica.com/biography/Heydar-Aliyev,encyclopedia,,
AZE:britannica-aliyev-ilham,AZE,britannica-aliyev-ilham,"Ilham Aliyev, president of Azerbaijan",Encyclopædia Britannica,https://www.britannica.com/biography/Ilham-Aliyev,encyclopedia,,
AZE:history-state-azerbaijan,AZE,history-state-azerbaijan,A Guide to the United States' History of Recognition: Azerbaijan,"U.S. Department of State, Office of the Historian",https://history.state.gov/countries/azerbaijan,gov,,
AZE:wikipedia-adr,AZE,wikipedia-adr,Azerbaijan Democratic Republic,Wikipedia,https://en.wikipedia.org/wiki/Azerbaijan_Democratic_Republic,reference,,
AZE:nwe-azerbaijan,AZE,nwe-azerbaijan,Azerbaijan,New World Encyclopedia,https://www.newworldencyclopedia.org/entry/Azerbaijan,encyclopedia,,
BDI:britannica-history,BDI,britannica-history,Burundi: History,Encyclopaedia Britannica,https://www.britannica.com/place/Burundi/History,encyclopedia,,
BDI:history-wiki,BDI,history-wiki,History of Burundi,Wikipedia,https://en.wikipedia.org/wiki/History_of_Burundi,reference,,
BDI:kingdom-wiki,BDI,kingdom-wiki,Kingdom of Burundi,Wikipedia,https://en.wikipedia.org/wiki/Kingdom_of_Burundi,reference,,
BDI:barundi-encyclopedia,BDI,barundi-encyclopedia,Barundi,Encyclopedia.com,https://www.encyclopedia.com/humanities/encyclopedias-almanacs-transcripts-and-maps/barundi,encyclopedia,,
BDI:ruanda-urundi-wiki,BDI,ruanda-urundi-wiki,Ruanda-Urundi,Wikipedia,https://en.wikipedia.org/wiki/Ruanda-Urundi,reference,,
BDI:rwagasore-wiki,BDI,rwagasore-wiki,Louis Rwagasore,Wikipedia,https://en.wikipedia.org/wiki/Louis_Rwagasore,reference,,
BDI:blackpast-rwagasore,BDI,blackpast-rwagasore,Prince Louis Rwagasore (1932–1961),BlackPast.org,https://www.blackpast.org/global-african-history/prince-louis-rwagasore-1932-1961/,reference,,
BDI:mwambutsa-wiki,BDI,mwambutsa-wiki,Mwambutsa IV of Burundi,Wikipedia,https://en.wikipedia.org/wiki/Mwambutsa_IV_of_Burundi,reference,,
BDI:ikiza-ebsco,BDI,ikiza-ebsco,Ikiza or Burundi Killings of 1972,EBSCO Research Starters,https://www.ebsco.com/research-starters/history/ikiza-or-burundi-killings-1972,reference,,
BDI:sciencespo-1972,BDI,sciencespo-1972,The Burundi Killings of 1972,"Sciences Po, Mass Violence and Resistance",https://www.sciencespo.fr/mass-violence-war-massacre-resistance/en/document/burundi-killings-1972.html,academic,,
BDI:ndadaye-wiki,BDI,ndadaye-wiki,Melchior Ndadaye,Wikipedia,https://en.wikipedia.org/wiki/Melchior_Ndadaye,reference,,
BDI:icg-siege,BDI,icg-siege,Burundi Under Siege,International Crisis Group (via Refworld),https://www.refworld.org/reference/countryrep/icg/1998/en/18098,gov,,
BDI:arusha-wiki,BDI,arusha-wiki,Arusha Accords (Burundi),Wikipedia,https://en.wikipedia.org/wiki/Arusha_Accords_(Burundi),reference,,
BDI:africacenter-arusha,BDI,africacenter-arusha,Burundi: Why the Arusha Accords are Central,Africa Center for Strategic Studies,https://africacenter.org/spotlight/burundi-why-the-arusha-accords-are-central/,gov,,
BDI:nkurunziza-britannica,BDI,nkurunziza-britannica,Pierre Nkurunziza,Encyclopaedia Britannica,https://www.britannica.com/biography/Pierre-Nkurunziza,encyclopedia,,
BDI:amnesty-2015,BDI,amnesty-2015,Burundi crisis: The legacy of 2015 brings fear for 2020,Amnesty International,https://www.amnesty.org/en/latest/campaigns/2019/05/burundi-crisis-the-legacy-of-2015-brings-fear-for-2020/,gov,,
BDI:unrest-wiki,BDI,unrest-wiki,Burundian unrest (2015–2018),Wikipedia,https://en.wikipedia.org/wiki/Burundian_unrest_(2015%E2%80%932018),reference,,
BDI:hrw-2018,BDI,hrw-2018,We Will Beat You to Correct You: Abuses Ahead of Burundi's Constitutional Referendum,Human Rights Watch,https://www.hrw.org/report/2018/05/18/we-will-beat-you-correct-you/abuses-ahead-burundis-constitutional-referendum,gov,,
BDI:ndayishimiye-wiki,BDI,ndayishimiye-wiki,Évariste Ndayishimiye,Wikipedia,https://en.wikipedia.org/wiki/%C3%89variste_Ndayishimiye,reference,,
BDI:wikipedia-kingdom-burundi,BDI,wikipedia-kingdom-burundi,Kingdom of Burundi,Wikipedia,https://en.wikipedia.org/wiki/Kingdom_of_Burundi,reference,,
BDI:statedept-burundi,BDI,statedept-burundi,A Guide to the United States' History of Recognition: Burundi,"U.S. Department of State, Office of the Historian",https://history.state.gov/countries/burundi,gov,,
BEL:belgium-history-britannica,BEL,belgium-history-britannica,Belgium: History,Encyclopaedia Britannica,https://www.britannica.com/place/Belgium/History,encyclopedia,,
BEL:golden-spurs-britannica,BEL,golden-spurs-britannica,Battle of the Golden Spurs,Encyclopaedia Britannica,https://www.britannica.com/event/Battle-of-the-Golden-Spurs,encyclopedia,,
BEL:antwerp-britannica,BEL,antwerp-britannica,Fall of Antwerp (1585),Encyclopaedia Britannica,https://www.britannica.com/event/Fall-of-Antwerp,encyclopedia,,
BEL:leopold1-britannica,BEL,leopold1-britannica,"Leopold I, king of Belgium",Encyclopaedia Britannica,https://www.britannica.com/biography/Leopold-I-king-of-Belgium,encyclopedia,,
BEL:leopold2-britannica,BEL,leopold2-britannica,"Leopold II, king of Belgium",Encyclopaedia Britannica,https://www.britannica.com/biography/Leopold-II-king-of-Belgium,encyclopedia,,
BEL:congo-free-state-britannica,BEL,congo-free-state-britannica,Congo Free State,Encyclopaedia Britannica,https://www.britannica.com/place/Congo-Free-State,encyclopedia,,
BEL:belgian-congo-britannica,BEL,belgian-congo-britannica,Belgian Congo,Encyclopaedia Britannica,https://www.britannica.com/place/Belgian-Congo,encyclopedia,,
BEL:eupen-malmedy-britannica,BEL,eupen-malmedy-britannica,Eupen-et-Malmédy,Encyclopaedia Britannica,https://www.britannica.com/place/Eupen-et-Malmedy,encyclopedia,,
BEL:treaty-london-fww,BEL,treaty-london-fww,"The Treaty of London, 1839 (primary text)",FirstWorldWar.com Primary Documents,https://www.firstworldwar.com/source/london1839.htm,primary,,
BEL:eupen-malmedy-1418online,BEL,eupen-malmedy-1418online,Eupen-Malmedy (transfer to Belgium under the Treaty of Versailles),1914-1918-Online International Encyclopedia of the First World War,https://encyclopedia.1914-1918-online.net/article/eupen-malmedy/,academic,,
BEL:moresnet-vrt,BEL,moresnet-vrt,100 years ago Belgium annexed Europe's second smallest territory (Neutral Moresnet),VRT NWS (Flemish public broadcaster),https://www.vrt.be/vrtnws/en/2020/01/15/100-years-ago-belgium-annexed-europes-second-smallest-territory/,reference,,
BEL:baarle-discovering,BEL,baarle-discovering,Baarle-Hertog and Baarle-Nassau: the enclave complex,Discovering Belgium,https://www.discoveringbelgium.com/baarle-hertog-and-baarle-nassau/,reference,,
BEL:flemish-cloth-discovering,BEL,flemish-cloth-discovering,Rise and Fall of the Medieval Flemish Cloth Industry,Discovering Belgium,https://www.discoveringbelgium.com/medieval-flemish-cloth-industry/,reference,,
BEL:beguinages-unesco,BEL,beguinages-unesco,Flemish Béguinages,UNESCO World Heritage Centre,https://whc.unesco.org/en/list/855/,gov,,
BEL:ushmm-1940,BEL,ushmm-1940,"German Invasion of Western Europe, May 1940",United States Holocaust Memorial Museum,https://encyclopedia.ushmm.org/content/en/article/german-invasion-of-western-europe-may-1940,museum,,
BEL:nato-belgium-gov,BEL,nato-belgium-gov,North Atlantic Treaty Organisation (NATO): Belgium,Belgium FPS Foreign Affairs (diplomatie.belgium.be),https://diplomatie.belgium.be/en/policy/policy-areas/peace-and-security/international-organisations/north-atlantic-treaty-organisation-nato,gov,,
BEL:nato-focus-belgium,BEL,nato-focus-belgium,75 years of NATO: An Alliance firmly rooted in Belgium,Focus on Belgium (Federal Government of Belgium),https://focusonbelgium.be/en/facts/75-years-nato-alliance-firmly-rooted-belgium,gov,,
BEL:eu-history-europa,BEL,eu-history-europa,"History of the European Union, 1945–59",European Union (european-union.europa.eu),https://european-union.europa.eu/principles-countries-history/history-eu/1945-59_en,gov,,
BEL:statedept-belgium,BEL,statedept-belgium,A Guide to the United States' History of Recognition: Belgium,"U.S. Department of State, Office of the Historian",https://history.state.gov/countries/belgium,gov,,
BEN:britannica-benin,BEN,britannica-benin,Benin — History,Encyclopaedia Britannica,https://www.britannica.com/place/Benin,encyclopedia,,
BEN:britannica-benin-coups,BEN,britannica-benin-coups,"Benin — Decolonization, independence and military coups",Encyclopaedia Britannica,https://www.britannica.com/place/Benin,encyclopedia,,
BEN:britannica-dahomey,BEN,britannica-dahomey,"Dahomey — historical kingdom, Africa",Encyclopaedia Britannica,https://www.britannica.com/place/Dahomey-historical-kingdom-Africa,encyclopedia,,
BEN:britannica-dahomey-women,BEN,britannica-dahomey-women,Dahomey women warriors (the 'Amazons'),Encyclopaedia Britannica,https://www.britannica.com/topic/Dahomey-women-warriors,encyclopedia,,
BEN:britannica-behanzin,BEN,britannica-behanzin,Behanzin — king of Dahomey,Encyclopaedia Britannica,https://www.britannica.com/biography/Behanzin,encyclopedia,,
BEN:unesco-abomey,BEN,unesco-abomey,"Royal Palaces of Abomey — World Heritage List, no. 323",UNESCO World Heritage Centre,https://whc.unesco.org/en/list/323,gov,,
BEN:unesco-japan-abomey,BEN,unesco-japan-abomey,"The Royal Palaces of Abomey: Palace of King Behanzin, Benin",UNESCO / Permanent Delegation of Japan,https://www.unesco.emb-japan.go.jp/htm/abomey.htm,gov,,
BEN:cambridge-ouidah,BEN,cambridge-ouidah,Ouidah: The Social History of a West African Slaving Port 1727–1892 (Robin Law),Boydell & Brewer via Cambridge Core,https://www.cambridge.org/core/books/ouidah/5FA208F6B2D8FF761B269C9A9B2E8500,academic,,
BEN:cambridge-palm-oil,BEN,cambridge-palm-oil,"The compatibility of the slave and palm oil trades in Dahomey, 1818–1858",Cambridge University Press (From Slave Trade to 'Legitimate' Commerce),https://www.cambridge.org/core/books/from-slave-trade-to-legitimate-commerce/compatibility-of-the-slave-and-palm-oil-trades-in-dahomey-18181858/D86589B7B65B738303A2182654B8CC1E,academic,,
BEN:slavevoyages,BEN,slavevoyages,Trans-Atlantic Slave Trade Database (Bight of Benin / Ouidah),SlaveVoyages,https://www.slavevoyages.org/,academic,,
BEN:blackpast-dahomey-women,BEN,blackpast-dahomey-women,The Dahomey Amazons,BlackPast.org / African American Registry,https://aaregistry.org/story/the-dahomey-amazons-a-brief-story/,reference,,
BEN:natgeo-dahomey-women,BEN,natgeo-dahomey-women,The true story of the women warriors of Dahomey,National Geographic,https://www.nationalgeographic.com/history/article/the-true-story-of-the-women-warriors-of-dahomey,reference,,
BEN:blackpast-maga,BEN,blackpast-maga,Hubert Maga (1916–2000),BlackPast.org,https://www.blackpast.org/global-african-history/people-global-african-history/hubert-maga-1916-2000/,reference,,
BEN:shd-conquest,BEN,shd-conquest,The conquest of Dahomey (1890–1894),Service historique de la Défense (France),https://www.servicehistorique.sga.defense.gouv.fr/en/thematic-topics/conquest-dahomey-1890-1894,archive,,
BEN:encyclopedia-kerekou,BEN,encyclopedia-kerekou,"Kérékou, Ahmed (Mathieu) 1933—",Encyclopedia.com,https://www.encyclopedia.com/education/news-wires-white-papers-and-books/kerekou-ahmed-mathieu-1933,reference,,
BEN:ifra-national-conference,BEN,ifra-national-conference,The national conference as a model for democratic transition: Benin and Nigeria,IFRA-Nigeria / OpenEdition Books,https://books.openedition.org/ifra/3352?lang=en,academic,,
BEN:freedomhouse-benin,BEN,freedomhouse-benin,"Benin — Period of democratic transition, 1990–1991",Freedom House,https://freedomhouse.org/sites/default/files/inline_images/Benin.pdf,gov,,
BEN:france24-restitution,BEN,france24-restitution,France formally returns looted Benin artworks at Élysée ceremony,France 24,https://www.france24.com/en/culture/20211109-france-formally-returns-looted-benin-artworks-at-elys%C3%A9e-ceremony,reference,,
BEN:voa-restitution,BEN,voa-restitution,129-Year Journey Nears End as France Returns Benin Treasures,Voice of America,https://www.voanews.com/a/year-journey-nears-end-as-france-returns-benin-treasures-/6284284.html,reference,,
BEN:wiki-dahomey-history,BEN,wiki-dahomey-history,History of the Kingdom of Dahomey,Wikipedia,https://en.wikipedia.org/wiki/History_of_the_Kingdom_of_Dahomey,reference,,
BEN:wiki-porto-novo,BEN,wiki-porto-novo,Porto-Novo,Wikipedia,https://en.wikipedia.org/wiki/Porto-Novo,reference,,
BEN:wiki-ouidah,BEN,wiki-ouidah,Ouidah,Wikipedia,https://en.wikipedia.org/wiki/Ouidah,reference,,
BEN:wiki-ghezo,BEN,wiki-ghezo,Ghezo,Wikipedia,https://en.wikipedia.org/wiki/Ghezo,reference,,
BEN:wiki-behanzin,BEN,wiki-behanzin,Behanzin,Wikipedia,https://en.wikipedia.org/wiki/Behanzin,reference,,
BEN:wiki-french-dahomey,BEN,wiki-french-dahomey,French Dahomey,Wikipedia,https://en.wikipedia.org/wiki/French_Dahomey,reference,,
BEN:wiki-1972-coup,BEN,wiki-1972-coup,1972 Dahomeyan coup d'état,Wikipedia,https://en.wikipedia.org/wiki/1972_Dahomeyan_coup_d%27%C3%A9tat,reference,,
BEN:wiki-people-republic,BEN,wiki-people-republic,People's Republic of Benin,Wikipedia,https://en.wikipedia.org/wiki/People%27s_Republic_of_Benin,reference,,
BEN:wiki-kerekou,BEN,wiki-kerekou,Mathieu Kérékou,Wikipedia,https://en.wikipedia.org/wiki/Mathieu_K%C3%A9r%C3%A9kou,reference,,
BEN:wiki-maga,BEN,wiki-maga,Hubert Maga,Wikipedia,https://en.wikipedia.org/wiki/Hubert_Maga,reference,,
BEN:wiki-soglo,BEN,wiki-soglo,Nicéphore Soglo,Wikipedia,https://en.wikipedia.org/wiki/Nic%C3%A9phore_Soglo,reference,,
BEN:wiki-constitution-benin,BEN,wiki-constitution-benin,Constitution of Benin,Wikipedia,https://en.wikipedia.org/wiki/Constitution_of_Benin,reference,,
BEN:wikipedia-kingdom-dahomey,BEN,wikipedia-kingdom-dahomey,Kingdom of Dahomey,Wikipedia,https://en.wikipedia.org/wiki/Kingdom_of_Dahomey,reference,,
BEN:statedept-benin,BEN,statedept-benin,A Guide to the United States' History of Recognition: Benin,"U.S. Department of State, Office of the Historian",https://history.state.gov/countries/benin,gov,,
BEN:nwe-benin,BEN,nwe-benin,Benin,New World Encyclopedia,https://www.newworldencyclopedia.org/entry/Benin,encyclopedia,,
BFA:britannica-mossi-states,BFA,britannica-mossi-states,Mossi states,Encyclopædia Britannica,https://www.britannica.com/place/Mossi-states,encyclopedia,,
BFA:britannica-wagadugu,BFA,britannica-wagadugu,Wagadugu kingdom,Encyclopædia Britannica,https://www.britannica.com/place/Wagadugu-kingdom,encyclopedia,,
BFA:wiki-mossi-kingdoms,BFA,wiki-mossi-kingdoms,Mossi Kingdoms,Wikipedia,https://en.wikipedia.org/wiki/Mossi_Kingdoms,reference,,
BFA:ebsco-mossi,BFA,ebsco-mossi,Mossi (people),EBSCO Research Starters,https://www.ebsco.com/research-starters/language-and-linguistics/mossi-people,reference,,
BFA:britannica-askia,BFA,britannica-askia,Muhammad I Askia,Encyclopædia Britannica,https://www.britannica.com/biography/Muhammad-I-Askia,encyclopedia,,
BFA:ebsco-askia,BFA,ebsco-askia,Reign of Mohammed I Askia,EBSCO Research Starters,https://www.ebsco.com/research-starters/history/reign-mohammed-i-askia,reference,,
BFA:unesco-loropeni,BFA,unesco-loropeni,Ruins of Loropéni — World Heritage Centre,UNESCO,https://whc.unesco.org/en/list/1225/,gov,,
BFA:wiki-loropeni,BFA,wiki-loropeni,Ruins of Loropéni,Wikipedia,https://en.wikipedia.org/wiki/Ruins_of_Lorop%C3%A9ni,reference,,
BFA:whc-news-536,BFA,whc-news-536,13 new sites added to UNESCO's World Heritage List (2009),UNESCO World Heritage Centre,https://whc.unesco.org/en/news/536,gov,,
BFA:wiki-french-upper-volta,BFA,wiki-french-upper-volta,French Upper Volta,Wikipedia,https://en.wikipedia.org/wiki/French_Upper_Volta,reference,,
BFA:state-bgn-burkina,BFA,state-bgn-burkina,Background Notes: Burkina Faso,U.S. Department of State,https://1997-2001.state.gov/background_notes/burkina_0398_bgn.html,gov,,
BFA:wiki-yameogo,BFA,wiki-yameogo,Maurice Yaméogo,Wikipedia,https://en.wikipedia.org/wiki/Maurice_Yam%C3%A9ogo,reference,,
BFA:wiki-heads-of-state,BFA,wiki-heads-of-state,List of heads of state of Burkina Faso,Wikipedia,https://en.wikipedia.org/wiki/List_of_heads_of_state_of_Burkina_Faso,reference,,
BFA:ebsco-upper-volta-coup,BFA,ebsco-upper-volta-coup,Upper Volta Coup Leads to Military Government,EBSCO Research Starters,https://www.ebsco.com/research-starters/politics-and-government/upper-volta-coup-leads-military-government,reference,,
BFA:wiki-sankara,BFA,wiki-sankara,Thomas Sankara,Wikipedia,https://en.wikipedia.org/wiki/Thomas_Sankara,reference,,
BFA:britannica-history-burkina,BFA,britannica-history-burkina,History of Burkina Faso,Encyclopædia Britannica,https://www.britannica.com/topic/history-of-Burkina-Faso,encyclopedia,,
BFA:wiki-1987-coup,BFA,wiki-1987-coup,1987 Burkina Faso coup d'état,Wikipedia,https://en.wikipedia.org/wiki/1987_Burkina_Faso_coup_d%27%C3%A9tat,reference,,
BFA:britannica-compaore,BFA,britannica-compaore,Blaise Compaoré,Encyclopædia Britannica,https://www.britannica.com/biography/Blaise-Compaore,encyclopedia,,
BFA:wiki-compaore,BFA,wiki-compaore,Blaise Compaoré,Wikipedia,https://en.wikipedia.org/wiki/Blaise_Compaor%C3%A9,reference,,
BFA:wiki-norbert-zongo,BFA,wiki-norbert-zongo,Norbert Zongo,Wikipedia,https://en.wikipedia.org/wiki/Norbert_Zongo,reference,,
BFA:wiki-2014-uprising,BFA,wiki-2014-uprising,2014 Burkinabè uprising,Wikipedia,https://en.wikipedia.org/wiki/2014_Burkinab%C3%A9_uprising,reference,,
BFA:wiki-islamist-insurgency-bf,BFA,wiki-islamist-insurgency-bf,Islamist insurgency in Burkina Faso,Wikipedia,https://en.wikipedia.org/wiki/Islamist_insurgency_in_Burkina_Faso,reference,,
BFA:africacenter-sahel,BFA,africacenter-sahel,The Shifting Front of Militant Islamist Violence in the Sahel,Africa Center for Strategic Studies,https://africacenter.org/spotlight/militant-islamist-violence-sahel/,academic,,
BFA:oecd-sahel-coups,BFA,oecd-sahel-coups,"Military Coups, Jihadism and Insecurity in the Central Sahel",OECD / Sahel and West Africa Club,https://www.oecd.org/content/dam/oecd/en/publications/reports/2024/05/military-coups-jihadism-and-insecurity-in-the-central-sahel_4f7f928f/522f69f1-en.pdf,academic,,
BGD:britannica-pala,BGD,britannica-pala,Pala dynasty,Encyclopædia Britannica,https://www.britannica.com/topic/Pala-dynasty,encyclopedia,,
BGD:unesco-paharpur,BGD,unesco-paharpur,Ruins of the Buddhist Vihara at Paharpur,UNESCO World Heritage Centre,https://whc.unesco.org/en/list/322/,gov,,
BGD:britannica-historybd,BGD,britannica-historybd,History of Bangladesh,Encyclopædia Britannica,https://www.britannica.com/topic/history-of-Bangladesh,encyclopedia,,
BGD:banglapedia-islam,BGD,banglapedia-islam,"Islam, Bengal",Banglapedia (Asiatic Society of Bangladesh),"https://en.banglapedia.org/index.php/Islam,_Bengal",reference,,
BGD:banglapedia-iliyas,BGD,banglapedia-iliyas,Iliyas Shah,Banglapedia (Asiatic Society of Bangladesh),https://en.banglapedia.org/index.php/Iliyas_Shah,reference,,
BGD:britannica-husainshah,BGD,britannica-husainshah,Ḥusayn Shah ʿAlāʾ al-Dīn,Encyclopædia Britannica,https://www.britannica.com/biography/Husayn-Shah-Ala-al-Din,encyclopedia,,
BGD:britannica-plassey,BGD,britannica-plassey,Battle of Plassey,Encyclopædia Britannica,https://www.britannica.com/event/Battle-of-Plassey,encyclopedia,,
BGD:britannica-siraj,BGD,britannica-siraj,Sirāj al-Dawlah,Encyclopædia Britannica,https://www.britannica.com/biography/Siraj-al-Dawlah,encyclopedia,,
BGD:britannica-partition1905,BGD,britannica-partition1905,Partition of Bengal (1905),Encyclopædia Britannica,https://www.britannica.com/event/Partition-of-Bengal,encyclopedia,,
BGD:banglapedia-language,BGD,banglapedia-language,Language Movement,Banglapedia (Asiatic Society of Bangladesh),https://en.banglapedia.org/index.php/Language_Movement,reference,,
BGD:unesco-motherlanguage,BGD,unesco-motherlanguage,International Mother Language Day,UNESCO,https://www.unesco.org/en/days/mother-language,gov,,
BGD:britannica-mujib,BGD,britannica-mujib,Mujibur Rahman,Encyclopædia Britannica,https://www.britannica.com/biography/Mujibur-Rahman,encyclopedia,,
BGD:britannica-awami,BGD,britannica-awami,Awami League,Encyclopædia Britannica,https://www.britannica.com/topic/Awami-League,encyclopedia,,
BGD:britannica-liberation,BGD,britannica-liberation,Bangladesh Liberation War,Encyclopædia Britannica,https://www.britannica.com/event/Bangladesh-Liberation-War,encyclopedia,,
BGD:britannica-ziaur,BGD,britannica-ziaur,Ziaur Rahman,Encyclopædia Britannica,https://www.britannica.com/biography/Ziaur-Rahman,encyclopedia,,
BGD:britannica-hasina,BGD,britannica-hasina,Sheikh Hasina Wazed,Encyclopædia Britannica,https://www.britannica.com/biography/Sheikh-Hasina-Wazed,encyclopedia,,
BGD:worldbank-garment,BGD,worldbank-garment,Gearing Up for the Future of Manufacturing in Bangladesh,World Bank,https://documents.worldbank.org/en/publication/documents-reports/documentdetail/702731624306432211/gearing-up-for-the-future-of-manufacturing-in-bangladesh,gov,,
BGD:wikipedia-bangladesh-war,BGD,wikipedia-bangladesh-war,Bangladesh Liberation War,Wikipedia,https://en.wikipedia.org/wiki/Bangladesh_Liberation_War,reference,,
BGD:statedept-bangladesh,BGD,statedept-bangladesh,A Guide to the United States' History of Recognition: Bangladesh,"U.S. Department of State, Office of the Historian",https://history.state.gov/countries/bangladesh,gov,,
BGR:bulgaria-first-empire-britannica,BGR,bulgaria-first-empire-britannica,Bulgaria: The first Bulgarian empire,Encyclopaedia Britannica,https://www.britannica.com/place/Bulgaria/The-first-Bulgarian-empire,encyclopedia,,
BGR:boris-britannica,BGR,boris-britannica,Boris I,Encyclopaedia Britannica,https://www.britannica.com/biography/Boris-I,encyclopedia,,
BGR:simeon-britannica,BGR,simeon-britannica,Simeon I,Encyclopaedia Britannica,https://www.britannica.com/biography/Simeon-I,encyclopedia,,
BGR:bulgaria-19th-century-britannica,BGR,bulgaria-19th-century-britannica,"Bulgaria: Ottoman rule, National Revival and the end of the 19th century",Encyclopaedia Britannica,https://www.britannica.com/place/Bulgaria/Bulgaria-at-the-end-of-the-19th-century,encyclopedia,,
BGR:sanstefano-britannica,BGR,sanstefano-britannica,Treaty of San Stefano,Encyclopaedia Britannica,https://www.britannica.com/event/Treaty-of-San-Stefano,encyclopedia,,
BGR:bulgaria-treaties-britannica,BGR,bulgaria-treaties-britannica,Bulgaria: Treaties of San Stefano and Berlin,Encyclopaedia Britannica,https://www.britannica.com/place/Bulgaria/Treaties-of-San-Stefano-and-Berlin,encyclopedia,,
BGR:balkan-wars-britannica,BGR,balkan-wars-britannica,Balkan Wars,Encyclopaedia Britannica,https://www.britannica.com/topic/Balkan-Wars,encyclopedia,,
BGR:second-balkan-war-britannica,BGR,second-balkan-war-britannica,Second Balkan War,Encyclopaedia Britannica,https://www.britannica.com/event/Second-Balkan-War,encyclopedia,,
BGR:craiova-britannica,BGR,craiova-britannica,Treaty of Craiova,Encyclopaedia Britannica,https://www.britannica.com/topic/Treaty-of-Craiova,encyclopedia,,
BGR:bulgaria-wwii-britannica,BGR,bulgaria-wwii-britannica,Bulgaria: World War II,Encyclopaedia Britannica,https://www.britannica.com/place/Bulgaria/World-War-II,encyclopedia,,
BGR:bulgaria-communist-britannica,BGR,bulgaria-communist-britannica,Bulgaria: The early communist era,Encyclopaedia Britannica,https://www.britannica.com/place/Bulgaria/The-early-communist-era,encyclopedia,,
BGR:rila-britannica,BGR,rila-britannica,Rila Monastery,Encyclopaedia Britannica,https://www.britannica.com/topic/Rila-Monastery,encyclopedia,,
BGR:mfa-history,BGR,mfa-history,History of Bulgaria,Ministry of Foreign Affairs of the Republic of Bulgaria,https://www.mfa.bg/en/about_bulgaria/history,gov,,
BGR:govbg-history,BGR,govbg-history,About Bulgaria: History,Council of Ministers of the Republic of Bulgaria (gov.bg),https://www.gov.bg/en/About-Bulgaria/HISTORY,gov,,
BGR:ushmm-bulgaria,BGR,ushmm-bulgaria,Bulgaria,"United States Holocaust Memorial Museum, Holocaust Encyclopedia",https://encyclopedia.ushmm.org/content/en/article/bulgaria,museum,,
BGR:sanstefano-encyclopedia,BGR,sanstefano-encyclopedia,"San Stefano, Treaty of (1878)",Encyclopedia.com,https://www.encyclopedia.com/history/modern-europe/turkish-and-ottoman-history/treaty-san-stefano,reference,,
BGR:ebsco-revolt,BGR,ebsco-revolt,Bulgarian Revolt Against the Ottoman Empire,EBSCO Research Starters,https://www.ebsco.com/research-starters/history/bulgarian-revolt-against-ottoman-empire,reference,,
BGR:stategov-bulgaria,BGR,stategov-bulgaria,"A Guide to the United States' History of Recognition, Diplomatic, and Consular Relations: Bulgaria","U.S. Department of State, Office of the Historian",https://history.state.gov/countries/bulgaria,gov,,
BGR:bnr-craiova,BGR,bnr-craiova,Treaty of Craiova and the return of South Dobruja,Bulgarian National Radio (BNR),https://bnr.bg/en/post/100437047/bnr-80-years-in-80-yeeks-treaty-of-craiova-and-return-of-south-dobruja,reference,,
BGR:nato-enlargement,BGR,nato-enlargement,"Enlargement and Article 10 (Bulgaria, 2004)",North Atlantic Treaty Organisation (NATO),https://www.nato.int/cps/en/natohq/topics_52044.htm,gov,,
BGR:eu-bulgaria,BGR,eu-bulgaria,Bulgaria: an EU country,European Union (european-union.europa.eu),https://european-union.europa.eu/principles-countries-history/eu-countries/bulgaria_en,gov,,
BGR:macedonia-dispute,BGR,macedonia-dispute,North Macedonia's EU Accession and Bilateral Conditionality with Bulgaria,SAIS Review of International Affairs (Johns Hopkins SAIS),https://saisreview.sais.jhu.edu/exiting-the-bulgarian-labyrinth-safeguarding-north-macedonias-eu-accession-from-entrenched-bilateral-conditionality/,academic,,
BGR:unesco-boyana,BGR,unesco-boyana,Boyana Church,UNESCO World Heritage Centre,https://whc.unesco.org/en/list/42/,gov,,
BGR:unesco-kazanlak,BGR,unesco-kazanlak,Thracian Tomb of Kazanlak,UNESCO World Heritage Centre,https://whc.unesco.org/en/list/44/,gov,,
BGR:unesco-sveshtari,BGR,unesco-sveshtari,Thracian Tomb of Sveshtari,UNESCO World Heritage Centre,https://whc.unesco.org/en/list/359/,gov,,
BGR:wikipedia-first-bulgarian-empire,BGR,wikipedia-first-bulgarian-empire,First Bulgarian Empire,Wikipedia,https://en.wikipedia.org/wiki/First_Bulgarian_Empire,reference,,
BGR:wikipedia-second-bulgarian-empire,BGR,wikipedia-second-bulgarian-empire,Second Bulgarian Empire,Wikipedia,https://en.wikipedia.org/wiki/Second_Bulgarian_Empire,reference,,
BGR:statedept-bulgaria,BGR,statedept-bulgaria,A Guide to the United States' History of Recognition: Bulgaria,"U.S. Department of State, Office of the Historian",https://history.state.gov/countries/bulgaria,gov,,
BHS:britannica-history,BHS,britannica-history,The Bahamas — British colonization (History),Encyclopaedia Britannica,https://www.britannica.com/place/The-Bahamas/British-colonization,encyclopedia,,
BHS:britannica-independence,BHS,britannica-independence,The Bahamas — Independence,Encyclopaedia Britannica,https://www.britannica.com/place/The-Bahamas/Independence,encyclopedia,,
BHS:britannica-pindling,BHS,britannica-pindling,Lynden Pindling — Biography & Facts,Encyclopaedia Britannica,https://www.britannica.com/biography/Lynden-Pindling,encyclopedia,,
BHS:britannica-ingraham,BHS,britannica-ingraham,Hubert Ingraham — Biography & Facts,Encyclopaedia Britannica,https://www.britannica.com/biography/Hubert-Ingraham,encyclopedia,,
BHS:loc-bahamas,BHS,loc-bahamas,Bahamas: Local History and Genealogy — Research Guide,Library of Congress,https://guides.loc.gov/bahamas-local-history-genealogy,gov,,
BHS:statedept-bgn,BHS,statedept-bgn,Background Note: The Bahamas,U.S. Department of State,https://2009-2017.state.gov/outofdate/bgn/bahamas/109932.htm,gov,,
BHS:smithsonian-lucayans,BHS,smithsonian-lucayans,How Archaeologists Are Unearthing the Secrets of the Bahamas' First Inhabitants,Smithsonian Magazine,https://www.smithsonianmag.com/history/how-archaeologists-are-unearthing-the-secrets-of-the-bahamas-first-inhabitants-180983548/,reference,,
BHS:natgeo-landfall,BHS,natgeo-landfall,"Oct 12, 1492 CE: Columbus Makes Landfall in the Caribbean",National Geographic Society,https://education.nationalgeographic.org/resource/columbus-makes-landfall-caribbean/,reference,,
BHS:historytoday-blockade,BHS,historytoday-blockade,Blockade Running from Nassau,History Today,https://www.historytoday.com/archive/blockade-running-nassau,reference,,
BHS:blackpast-pindling,BHS,blackpast-pindling,Lynden Pindling (1930–2000),BlackPast.org,https://www.blackpast.org/global-african-history/lynden-pindling-1930-2000/,reference,,
BHS:nps-pindling,BHS,nps-pindling,International Civil Rights Walk of Fame — Prime Minister Sir Lynden Pindling,U.S. National Park Service,https://www.nps.gov/features/malu/feat0002/wof/Lynden_Pindling.htm,gov,,
BHS:idb-dorian,BHS,idb-dorian,Damages and other impacts on Bahamas by Hurricane Dorian estimated at $3.4 billion,Inter-American Development Bank,https://www.iadb.org/en/news/damages-and-other-impacts-bahamas-hurricane-dorian-estimated-34-billion-report,gov,,
BHS:cnn-dorian,BHS,cnn-dorian,Bahamas' tourism could be devastated for a long time after Hurricane Dorian,CNN Business,https://www.cnn.com/2019/09/03/business/bahamas-tourism-impact-hurricane-dorian/index.html,reference,,
BHS:bahamasgov-davis,BHS,bahamasgov-davis,"The Hon. Philip Davis, KC — Prime Minister of The Bahamas",Government of The Bahamas,https://www.bahamas.gov.bs/team/the-hon-philip-edward-davis-k-c,gov,,
BHS:worldbank-bahamas,BHS,worldbank-bahamas,The Bahamas — Country Data and Overview,World Bank Group,https://data.worldbank.org/country/bahamas-the,gov,,
BHS:statedept-bahamas,BHS,statedept-bahamas,A Guide to the United States' History of Recognition: The Bahamas,"U.S. Department of State, Office of the Historian",https://history.state.gov/countries/bahamas,gov,,
BIH:bih-history-britannica,BIH,bih-history-britannica,Bosnia and Herzegovina: History,Encyclopaedia Britannica,https://www.britannica.com/place/Bosnia-and-Herzegovina/History,encyclopedia,,
BIH:kotromanic-britannica,BIH,kotromanic-britannica,Kotromanić dynasty,Encyclopaedia Britannica,https://www.britannica.com/topic/Kotromanic-dynasty,encyclopedia,,
BIH:ottoman-bosnia-britannica,BIH,ottoman-bosnia-britannica,Bosnia and Herzegovina: Ottoman Bosnia,Encyclopaedia Britannica,https://www.britannica.com/place/Bosnia-and-Herzegovina/Ottoman-Bosnia,encyclopedia,,
BIH:siege-sarajevo-britannica,BIH,siege-sarajevo-britannica,Siege of Sarajevo (1992–96),Encyclopaedia Britannica,https://www.britannica.com/event/Siege-of-Sarajevo,encyclopedia,,
BIH:dayton-accords-britannica,BIH,dayton-accords-britannica,Dayton Accords,Encyclopaedia Britannica,https://www.britannica.com/event/Dayton-Accords,encyclopedia,,
BIH:kulin-charter-reference,BIH,kulin-charter-reference,The Charter of Ban Kulin (1189),Sarajevo Times,https://sarajevotimes.com/the-charter-of-the-bosnian-ban-kulin-was-written-on-this-day-in-1189/,reference,,
BIH:stecci-unesco-reference,BIH,stecci-unesco-reference,Stećci Medieval Tombstones Graveyards (inscribed 2016),worldheritagesite.org,https://www.worldheritagesite.org/list/stecci/,reference,,
BIH:mostar-unesco-reference,BIH,mostar-unesco-reference,Old Bridge Area of the Old City of Mostar (inscribed 2005),World Heritage Travel,https://worldheritagesites.net/old-bridge-mostar/,reference,,
BIH:visegrad-bridge-reference,BIH,visegrad-bridge-reference,Mehmed Paša Sokolović Bridge in Višegrad (inscribed 2007),WorldAtlas,https://www.worldatlas.com/articles/unesco-world-heritage-sites-in-bosnia-and-herzegovina.html,reference,,
BIH:franz-ferdinand-reference,BIH,franz-ferdinand-reference,Archduke Franz Ferdinand,"Lumen Learning, History of Western Civilization II",https://courses.lumenlearning.com/suny-hccc-worldhistory2/chapter/archduke-franz-ferdinand/,reference,,
BIH:loc-franz-ferdinand-reference,BIH,loc-franz-ferdinand-reference,Assassination of Archduke Franz Ferdinand (research guide),Library of Congress,https://guides.loc.gov/chronicling-america-assassination-franz-ferdinand,gov,,
BIH:zavnobih-parliament-gov,BIH,zavnobih-parliament-gov,Parliamentary Assembly of Bosnia and Herzegovina,Parliamentary Assembly of Bosnia and Herzegovina,https://parlament.ba/data/dokumenti/pdf/Monografijaen.pdf,gov,,
BIH:statedept-yugoslavia-gov,BIH,statedept-yugoslavia-gov,"The Breakup of Yugoslavia, 1990–1992","U.S. Department of State, Office of the Historian",https://history.state.gov/milestones/1989-1992/breakup-yugoslavia,gov,,
BIH:icty-srebrenica-gov,BIH,icty-srebrenica-gov,Radislav Krstić: first ICTY conviction for genocide (Srebrenica),International Criminal Tribunal for the former Yugoslavia (UN-IRMCT),https://www.icty.org/en/press/radislav-krstic-becomes-first-person-be-convicted-genocide-icty-and-sentenced-46-years,primary,,
BIH:un-srebrenica-gov,BIH,un-srebrenica-gov,About the 1995 Genocide in Srebrenica,United Nations,https://www.un.org/en/observances/srebrenica-genocide-commemoration-day/about,primary,,
BIH:icj-genocide-case-gov,BIH,icj-genocide-case-gov,Application of the Genocide Convention (Bosnia and Herzegovina v. Serbia and Montenegro),International Court of Justice,https://www.icj-cij.org/case/91,primary,,
BIH:icj-genocide-judgment-gov,BIH,icj-genocide-judgment-gov,Summary of the Judgment of 26 February 2007 (Bosnia v. Serbia),International Court of Justice,https://www.icj-cij.org/node/103898,primary,,
BIH:dayton-ohr-gov,BIH,dayton-ohr-gov,The Dayton Peace Agreement (General Framework Agreement for Peace),Office of the High Representative (OHR),https://www.ohr.int/dayton-peace-agreement/,primary,,
BIH:brcko-ohr-gov,BIH,brcko-ohr-gov,Brčko Arbitration and the establishment of the Brčko District,Office of the High Representative (OHR),https://www.ohr.int/brcko-arbitration/,primary,,
BIH:eu-candidate-reference,BIH,eu-candidate-reference,Granting EU Candidate Status to Bosnia and Herzegovina (15 December 2022),eucrim (Max Planck Institute),https://eucrim.eu/news/granting-eu-candidate-status-to-bosnia-and-herzegovina/,reference,,
BIH:wikipedia-kingdom-bosnia,BIH,wikipedia-kingdom-bosnia,Kingdom of Bosnia,Wikipedia,https://en.wikipedia.org/wiki/Kingdom_of_Bosnia,reference,,
BIH:statedept-bih,BIH,statedept-bih,A Guide to the United States' History of Recognition: Bosnia and Herzegovina,"U.S. Department of State, Office of the Historian",https://history.state.gov/countries/bosnia-herzegovina,gov,,
BIH:nwe-bosnia,BIH,nwe-bosnia,Bosnia and Herzegovina,New World Encyclopedia,https://www.newworldencyclopedia.org/entry/Bosnia_and_Herzegovina,encyclopedia,,
BLR:belarus-britannica,BLR,belarus-britannica,Belarus,Encyclopaedia Britannica,https://www.britannica.com/place/Belarus,encyclopedia,,
BLR:history-belarus-britannica,BLR,history-belarus-britannica,History of Belarus,Encyclopaedia Britannica,https://www.britannica.com/topic/history-of-Belarus,encyclopedia,,
BLR:gdl-britannica,BLR,gdl-britannica,Grand Duchy of Lithuania,Encyclopaedia Britannica,https://www.britannica.com/place/grand-duchy-of-Lithuania,encyclopedia,,
BLR:commonwealth-britannica,BLR,commonwealth-britannica,Polish-Lithuanian Commonwealth,Encyclopaedia Britannica,https://www.britannica.com/place/Polish-Lithuanian-Commonwealth,encyclopedia,,
BLR:bssr-britannica,BLR,bssr-britannica,Belarus: The emergence of the Belorussian S.S.R.,Encyclopaedia Britannica,https://www.britannica.com/place/Belarus/The-emergence-of-the-Belorussian-Soviet-Socialist-Republic,encyclopedia,,
BLR:kupala-britannica,BLR,kupala-britannica,Yanka Kupala,Encyclopaedia Britannica,https://www.britannica.com/biography/Yanka-Kupala,encyclopedia,,
BLR:lukashenko-britannica,BLR,lukashenko-britannica,Alexander Lukashenko,Encyclopaedia Britannica,https://www.britannica.com/biography/Alexander-Lukashenko,encyclopedia,,
BLR:union-state-britannica,BLR,union-state-britannica,Treaty on the Creation of a Union State,Encyclopaedia Britannica,https://www.britannica.com/topic/Treaty-on-the-Creation-of-a-Union-State,encyclopedia,,
BLR:skaryna-ldk,BLR,skaryna-ldk,Francysk Skaryna and the First Printed Books in the GDL,"Orbis Lituaniae, Vilnius University",https://www.ldkistorija.lt/francysk-skaryna-and-the-first-printed-books-in-the-gdl/,academic,,
BLR:mir-unesco,BLR,mir-unesco,Mir Castle Complex,UNESCO World Heritage Centre,https://whc.unesco.org/en/list/625/,gov,,
BLR:nesvizh-unesco,BLR,nesvizh-unesco,"Architectural, Residential and Cultural Complex of the Radziwill Family at Nesvizh",UNESCO World Heritage Centre,https://whc.unesco.org/en/list/1196/,gov,,
BLR:struve-unesco,BLR,struve-unesco,Struve Geodetic Arc,UNESCO World Heritage Centre,https://whc.unesco.org/en/list/1187/,gov,,
BLR:bialowieza-unesco,BLR,bialowieza-unesco,Bialowieza Forest (Belovezhskaya Pushcha),UNESCO World Heritage Centre,https://whc.unesco.org/en/list/33/,gov,,
BLR:kurapaty-sciencespo,BLR,kurapaty-sciencespo,Kurapaty (1937-1941): NKVD Mass Killings in Soviet Belarus,Sciences Po Mass Violence and Resistance Research Network,https://www.sciencespo.fr/mass-violence-war-massacre-resistance/en/document/kurapaty-1937-1941-nkvd-mass-killings-soviet-belarus,academic,,
BLR:archives-war,BLR,archives-war,Aftermath of the War,Archives of Belarus (archives.gov.by),https://archives.gov.by/en/welcome-to-the-archives-of-belarus-website/subject-guides-to-archival-records/historical-events/archival-documents-and-materials-3/the-history-of-the-war-a-survey-of-events/aftermath-of-the-war,archive,,
BLR:un-belarus,BLR,un-belarus,History of Belarus at the United Nations,Permanent Mission of the Republic of Belarus to the UN,https://un.mfa.gov.by/en/history/,gov,,
BLR:chernobyl-un,BLR,chernobyl-un,Fallout from Chernobyl disaster still a 'very important challenge' for Belarus,UN News,https://news.un.org/en/audio/2018/04/1008402,gov,,
BLR:sovereignty-icl,BLR,sovereignty-icl,Declaration of State Sovereignty of Belarus (1990),International Constitutional Law / University of Bern,https://www.servat.unibe.ch/icl/bo02000_.html,primary,,
BLR:belavezha-eu,BLR,belavezha-eu,Belavezha Agreement (1991),Internet Encyclopedia of Ukraine,https://www.encyclopediaofukraine.com/display.asp?linkpath=pages\B\E\BelavezhaAgreement.htm,encyclopedia,,
BLR:eu-belarus-2020,BLR,eu-belarus-2020,Belarus: Declaration by the High Representative on the so-called 'inauguration' of Lukashenko,Council of the European Union,https://www.consilium.europa.eu/en/press/press-releases/2020/09/24/belarus-declaration-by-the-high-representative-on-behalf-of-the-european-union-on-the-so-called-inauguration-of-aleksandr-lukashenko/,gov,,
BLR:wikipedia-kievan-rus,BLR,wikipedia-kievan-rus,Kievan Rus',Wikipedia,https://en.wikipedia.org/wiki/Kievan_Rus%27,reference,,
BLR:statedept-belarus,BLR,statedept-belarus,A Guide to the United States' History of Recognition: Belarus,"U.S. Department of State, Office of the Historian",https://history.state.gov/countries/belarus,gov,,
BLZ:britannica-history-belize,BLZ,britannica-history-belize,History of Belize,Encyclopædia Britannica,https://www.britannica.com/topic/history-of-Belize,encyclopedia,,
BLZ:britannica-belize,BLZ,britannica-belize,Belize (country overview),Encyclopædia Britannica,https://www.britannica.com/place/Belize,encyclopedia,,
BLZ:britannica-price,BLZ,britannica-price,George Price — prime minister of Belize,Encyclopædia Britannica,https://www.britannica.com/biography/George-Price-prime-minister-of-Belize,encyclopedia,,
BLZ:officialhistorian-belize,BLZ,officialhistorian-belize,"A Guide to the History of Recognition, Diplomatic, and Consular Relations, by Country: Belize","U.S. Department of State, Office of the Historian",https://history.state.gov/countries/belize,gov,,
BLZ:loc-guyana-belize,BLZ,loc-guyana-belize,Guyana and Belize: Country Studies (Federal Research Division),Library of Congress,https://www.loc.gov/item/93010956/,gov,,
BLZ:mfa-belize-history,BLZ,mfa-belize-history,Our History,"Ministry of Foreign Affairs, Government of Belize",https://mfa.gov.bz/our-history/,gov,,
BLZ:icj-belize-guatemala,BLZ,icj-belize-guatemala,"Guatemala's Territorial, Insular and Maritime Claim (Guatemala/Belize), Case No. 177",International Court of Justice,https://www.icj-cij.org/case/177,gov,,
BLZ:oas-belize-guatemala,BLZ,oas-belize-guatemala,The Belize–Guatemala Territorial Differendum (Peace Fund),Organization of American States,http://www.oas.org/sap/peacefund/belizeandguatemala/content2.html,gov,,
BLZ:belize-referendum,BLZ,belize-referendum,About the Belize–Guatemala Dispute,Government of Belize Referendum Unit,http://www.belizereferendum.gov.bz/dispute/about,gov,,
BLZ:unesco-barrier-reef,BLZ,unesco-barrier-reef,Belize Barrier Reef Reserve System,UNESCO World Heritage Centre,https://whc.unesco.org/en/list/764/,gov,,
BLZ:nich-belize,BLZ,nich-belize,National Institute of Culture and History,"National Institute of Culture and History (NICH), Belize",https://nichbelize.org/,museum,,
BLZ:wh-maya,BLZ,wh-maya,Maya Civilization,World History Encyclopedia,https://www.worldhistory.org/Maya_Civilization/,reference,,
BLZ:sib-belize,BLZ,sib-belize,Belize population and economic statistics,Statistical Institute of Belize,https://sib.org.bz/,gov,,
BLZ:nataassembly-belize,BLZ,nataassembly-belize,National Assembly of Belize,National Assembly of Belize,https://www.nationalassembly.gov.bz/,gov,,
BLZ:commonwealth-belize,BLZ,commonwealth-belize,Belize — Commonwealth member country,Commonwealth Secretariat,https://thecommonwealth.org/our-member-countries/belize,gov,,
BLZ:caracol-project,BLZ,caracol-project,Caracol Archaeological Project — History of the Site,Caracol Archaeological Project,https://caracol.org/about/history/,academic,,
BOL:unesco-tiwanaku,BOL,unesco-tiwanaku,Tiwanaku: Spiritual and Political Centre of the Tiwanaku Culture,UNESCO World Heritage Centre,https://whc.unesco.org/en/list/567,gov,,
BOL:unesco-potosi,BOL,unesco-potosi,City of Potosi,UNESCO World Heritage Centre,https://whc.unesco.org/en/list/420,gov,,
BOL:britannica-bolivia-early,BOL,britannica-bolivia-early,Bolivia: Early period,Encyclopaedia Britannica,https://www.britannica.com/place/Bolivia/Early-period,encyclopedia,,
BOL:britannica-bolivia,BOL,britannica-bolivia,Bolivia,Encyclopaedia Britannica,https://www.britannica.com/place/Bolivia,encyclopedia,,
BOL:loc-bolivia-study,BOL,loc-bolivia-study,Bolivia: A Country Study,"Library of Congress, Federal Research Division",https://www.loc.gov/item/90026427/,gov,,
BOL:britannica-tupac-amaru-ii,BOL,britannica-tupac-amaru-ii,Tupac Amaru II,Encyclopaedia Britannica,https://www.britannica.com/biography/Tupac-Amaru-II,encyclopedia,,
BOL:britannica-sucre,BOL,britannica-sucre,Antonio Jose de Sucre,Encyclopaedia Britannica,https://www.britannica.com/biography/Antonio-Jose-de-Sucre,encyclopedia,,
BOL:britannica-bolivar-bolivia,BOL,britannica-bolivar-bolivia,Simon Bolivar: Bolivia,Encyclopaedia Britannica,https://www.britannica.com/biography/Simon-Bolivar/Bolivia,encyclopedia,,
BOL:britannica-war-pacific,BOL,britannica-war-pacific,War of the Pacific,Encyclopaedia Britannica,https://www.britannica.com/event/War-of-the-Pacific,encyclopedia,,
BOL:britannica-chaco-war,BOL,britannica-chaco-war,Chaco War,Encyclopaedia Britannica,https://www.britannica.com/event/Chaco-War,encyclopedia,,
BOL:britannica-paz-estenssoro,BOL,britannica-paz-estenssoro,Victor Paz Estenssoro,Encyclopaedia Britannica,https://www.britannica.com/biography/Victor-Paz-Estenssoro,encyclopedia,,
BOL:britannica-morales,BOL,britannica-morales,Evo Morales,Encyclopaedia Britannica,https://www.britannica.com/biography/Evo-Morales,encyclopedia,,
BOL:britannica-arce,BOL,britannica-arce,Luis Arce,Encyclopaedia Britannica,https://www.britannica.com/biography/Luis-Arce,encyclopedia,,
BOL:statedept-bolivia,BOL,statedept-bolivia,"A Guide to the United States' History of Recognition, Diplomatic, and Consular Relations, by Country: Bolivia","U.S. Department of State, Office of the Historian",https://history.state.gov/countries/bolivia,gov,,
BRA:britannica-brazil,BRA,britannica-brazil,Brazil,Encyclopaedia Britannica,https://www.britannica.com/place/Brazil,encyclopedia,,
BRA:britannica-cabral,BRA,britannica-cabral,Pedro Alvares Cabral,Encyclopaedia Britannica,https://www.britannica.com/biography/Pedro-Alvares-Cabral,encyclopedia,,
BRA:britannica-pedro-i,BRA,britannica-pedro-i,Linha do Tempo da Independência,Governo Federal do Brasil,https://www.gov.br/pt-br/campanhas/bicentenario./linha-do-tempo-da-independencia,gov,,
BRA:britannica-pedro-ii,BRA,britannica-pedro-ii,"Dom Pedro II, Imperador do Brasil","Fundação Alexandre de Gusmão, Brazilian Ministry of Foreign Affairs",https://funag.gov.br/biblioteca-nova/produto/1-211-dom_pedro_ii_imperador_do_brasil,gov,,
BRA:britannica-deodoro,BRA,britannica-deodoro,Manuel Deodoro da Fonseca,Encyclopaedia Britannica,https://www.britannica.com/biography/Manuel-Deodoro-da-Fonseca,encyclopedia,,
BRA:britannica-vargas,BRA,britannica-vargas,Getulio Vargas,Encyclopaedia Britannica,https://www.britannica.com/biography/Getulio-Vargas,encyclopedia,,
BRA:britannica-estado-novo,BRA,britannica-estado-novo,Estado Novo (Brazilian history),Encyclopaedia Britannica,https://www.britannica.com/topic/Estado-Novo-Brazilian-history,encyclopedia,,
BRA:britannica-lula,BRA,britannica-lula,Luiz Inacio Lula da Silva,Encyclopaedia Britannica,https://www.britannica.com/biography/Luiz-Inacio-Lula-da-Silva,encyclopedia,,
BRA:slavevoyages,BRA,slavevoyages,Trans-Atlantic Slave Trade Database,"SlaveVoyages, Emory University",https://www.slavevoyages.org/,academic,,
BRA:unesco-ouro-preto,BRA,unesco-ouro-preto,Historic Town of Ouro Preto,UNESCO World Heritage Centre,https://whc.unesco.org/en/list/124/,gov,,
BRA:unesco-brasilia,BRA,unesco-brasilia,Brasilia,UNESCO World Heritage Centre,https://whc.unesco.org/en/list/445/,gov,,
BRA:constitutionnet-brazil,BRA,constitutionnet-brazil,Constitutional history of Brazil,"ConstitutionNet, International IDEA",https://constitutionnet.org/country/constitutional-history-brazil,reference,,
BRA:ibge-indigenous,BRA,ibge-indigenous,Indigenous Peoples (Indigenas),"IBGE, Brazilian Institute of Geography and Statistics",https://www.ibge.gov.br/en/,gov,,
BRA:wikipedia-independence-brazil,BRA,wikipedia-independence-brazil,Independence of Brazil,Wikipedia,https://en.wikipedia.org/wiki/Independence_of_Brazil,reference,,
BRA:nwe-brazil,BRA,nwe-brazil,Brazil,New World Encyclopedia,https://www.newworldencyclopedia.org/entry/Brazil,encyclopedia,,
BRN:britannica-history-brunei,BRN,britannica-history-brunei,History of Brunei,Encyclopaedia Britannica,https://www.britannica.com/topic/history-of-Brunei,encyclopedia,,
BRN:britannica-brunei,BRN,britannica-brunei,Brunei,Encyclopaedia Britannica,https://www.britannica.com/place/Brunei,encyclopedia,,
BRN:britannica-brunei-history-section,BRN,britannica-brunei-history-section,"Brunei: History (Sultanate, Oil, Islam)",Encyclopaedia Britannica,https://www.britannica.com/place/Brunei/History,encyclopedia,,
BRN:britannica-james-brooke,BRN,britannica-james-brooke,Sir James Brooke,Encyclopaedia Britannica,https://www.britannica.com/biography/James-Brooke,encyclopedia,,
BRN:britannica-sarawak,BRN,britannica-sarawak,Sarawak,Encyclopaedia Britannica,https://www.britannica.com/place/Sarawak-state-Malaysia,encyclopedia,,
BRN:britannica-hassanal-bolkiah,BRN,britannica-hassanal-bolkiah,Haji Hassanal Bolkiah Muizzaddin Waddaulah,Encyclopaedia Britannica,https://www.britannica.com/biography/Haji-Hassanal-Bolkiah-Muizzaddin-Waddaulah,encyclopedia,,
BRN:britannica-omar-ali-saifuddin,BRN,britannica-omar-ali-saifuddin,Omar Ali Saifuddin,Encyclopaedia Britannica,https://www.britannica.com/biography/Omar-Ali-Saifuddin,encyclopedia,,
BRN:britannica-magellan,BRN,britannica-magellan,Ferdinand Magellan,Encyclopaedia Britannica,https://www.britannica.com/biography/Ferdinand-Magellan,encyclopedia,,
BRN:britannica-majapahit,BRN,britannica-majapahit,Majapahit empire,Encyclopaedia Britannica,https://www.britannica.com/place/Majapahit-empire,encyclopedia,,
BRN:britannica-bandar-seri-begawan,BRN,britannica-bandar-seri-begawan,Bandar Seri Begawan,Encyclopaedia Britannica,https://www.britannica.com/place/Bandar-Seri-Begawan,encyclopedia,,
BRN:history-state-brunei,BRN,history-state-brunei,"A Guide to the United States' History of Recognition, Diplomatic, and Consular Relations, by Country: Brunei","U.S. Department of State, Office of the Historian",https://history.state.gov/countries/brunei,gov,,
BRN:un-brunei-facts,BRN,un-brunei-facts,Country Facts: Brunei Darussalam,Permanent Mission of Brunei Darussalam to the United Nations,https://www.un.int/brunei/brunei/country-facts,gov,,
BRN:wikipedia-bruneian-empire,BRN,wikipedia-bruneian-empire,Bruneian Empire,Wikipedia,https://en.wikipedia.org/wiki/Bruneian_Empire,reference,,
BRN:nwe-brunei,BRN,nwe-brunei,Brunei,New World Encyclopedia,https://www.newworldencyclopedia.org/entry/Brunei,encyclopedia,,
BTN:britannica-bhutan-history,BTN,britannica-bhutan-history,Bhutan — History,Encyclopaedia Britannica,https://www.britannica.com/place/Bhutan/History,encyclopedia,,
BTN:britannica-padmasambhava,BTN,britannica-padmasambhava,Padmasambhava (Guru Rinpoche),Encyclopaedia Britannica,https://www.britannica.com/biography/Padmasambhava,encyclopedia,,
BTN:britannica-jigme-dorji,BTN,britannica-jigme-dorji,"Jigme Dorji Wangchuk, king of Bhutan",Encyclopaedia Britannica,https://www.britannica.com/biography/Jigme-Dorji-Wangchuk,encyclopedia,,
BTN:loc-nepalbhutan,BTN,loc-nepalbhutan,Nepal and Bhutan: Country Studies,"Federal Research Division, Library of Congress",https://www.loc.gov/item/93012226/,gov,,
BTN:unesco-bhutan-dzongs,BTN,unesco-bhutan-dzongs,Bhutan — Tentative List (Dzongs: the centre of temporal and religious authorities),UNESCO World Heritage Centre,https://whc.unesco.org/en/tentativelists/?action=listtentative&state=bt&order=states,gov,,
BTN:cambridge-punakha-1910,BTN,cambridge-punakha-1910,"Friendship and International Relations in the Himalayas: Bhutan, Britain, and the 1910 Treaty of Punakha",Cambridge University Press,https://www.cambridge.org/core/services/aop-cambridge-core/content/view/84B58A6909F14A5B6D609B825777A0D1/S0165115322000067a.pdf/friendship-and-international-relations-in-the-himalayas-bhutan-britain-and-the-1910-treaty-of-punakha.pdf,academic,,
BTN:un-bhutan-admission,BTN,un-bhutan-admission,Admission of Bhutan to membership in the United Nations (1971),United Nations Digital Library,https://digitallibrary.un.org/record/192050,primary,,
BTN:mfa-bhutan-un,BTN,mfa-bhutan-un,Bhutan and the UN,Permanent Mission of Bhutan to the United Nations,https://www.mfa.gov.bt/pmbny/bhutan-and-the-un-2/,gov,,
BTN:mfa-bhutan-gnh,BTN,mfa-bhutan-gnh,Gross National Happiness,"Ministry of Foreign Affairs, Royal Government of Bhutan",https://www.mfa.gov.bt/rbedelhi/bhutan-at-glance/gross-national-happiness/,gov,,
BTN:ophi-gnh,BTN,ophi-gnh,Gross National Happiness,"Oxford Poverty & Human Development Initiative (OPHI), University of Oxford",https://ophi.org.uk/gross-national-happiness,academic,,
BTN:unhcr-bhutanese,BTN,unhcr-bhutanese,"Resettlement of Bhutanese refugees surpasses 100,000 mark",UNHCR — UN Refugee Agency,https://www.unhcr.org/us/news/stories/resettlement-bhutanese-refugees-surpasses-100-000-mark,gov,,
BTN:iom-bhutanese-resettlement,BTN,iom-bhutanese-resettlement,"Resettlement of Bhutan Refugees from Nepal Passes 75,000",International Organization for Migration (IOM),https://www.iom.int/news/resettlement-bhutan-refugees-nepal-passes-75000,gov,,
BTN:state-us-bhutan,BTN,state-us-bhutan,U.S. Relations With Bhutan,U.S. Department of State,https://2021-2025.state.gov/u-s-relations-with-bhutan/,gov,,
BTN:bbc-bhutan,BTN,bbc-bhutan,Bhutan country profile,BBC News,https://www.bbc.com/news/world-south-asia-12480707,reference,,
BTN:wikipedia-ngawang-namgyal,BTN,wikipedia-ngawang-namgyal,Ngawang Namgyal (Zhabdrung Rinpoche),Wikipedia,https://en.wikipedia.org/wiki/Ngawang_Namgyal,reference,,
BTN:wikipedia-bhutan,BTN,wikipedia-bhutan,Bhutan,Wikipedia,https://en.wikipedia.org/wiki/Bhutan,reference,,
BTN:nwe-bhutan,BTN,nwe-bhutan,Bhutan,New World Encyclopedia,https://www.newworldencyclopedia.org/entry/Bhutan,encyclopedia,,
BWA:unesco-tsodilo,BWA,unesco-tsodilo,Tsodilo (World Heritage List),UNESCO World Heritage Centre,https://whc.unesco.org/en/list/1021/,gov,,
BWA:wiki-tsodilo,BWA,wiki-tsodilo,Tsodilo,Wikipedia,https://en.wikipedia.org/wiki/Tsodilo,reference,,
BWA:britmuseum-tsodilo,BWA,britmuseum-tsodilo,"Tsodilo Hills, Botswana — African Rock Art",British Museum,https://africanrockart.britishmuseum.org/country/botswana/tsodilo/,museum,,
BWA:wiki-history-bw,BWA,wiki-history-bw,History of Botswana,Wikipedia,https://en.wikipedia.org/wiki/History_of_Botswana,reference,,
BWA:britannica-botswana,BWA,britannica-botswana,Botswana — History,Encyclopaedia Britannica,https://www.britannica.com/place/Botswana,encyclopedia,,
BWA:sahistory-matabele,BWA,sahistory-matabele,Matabele Wars 1836–1896,South African History Online,https://www.sahistory.org.za/article/matabele-wars-1836-1896,reference,,
BWA:worldhistory-matabele,BWA,worldhistory-matabele,Matabeleland: The Ndebele Empire in Southern Africa,World History Encyclopedia,https://www.worldhistory.org/Matabeleland/,encyclopedia,,
BWA:encyaf-khama,BWA,encyaf-khama,Khama III,Encyclopaedia Africana,https://encyclopaediaafricana.com/khama-iii/,encyclopedia,,
BWA:wiki-bechuanaland,BWA,wiki-bechuanaland,Bechuanaland Protectorate,Wikipedia,https://en.wikipedia.org/wiki/Bechuanaland_Protectorate,reference,,
BWA:wiki-bathoen,BWA,wiki-bathoen,Bathoen I,Wikipedia,https://en.wikipedia.org/wiki/Bathoen_I,reference,,
BWA:makingafrican-willoughby,BWA,makingafrican-willoughby,William Charles Willoughby and the 1895 visit of the three kings,Making African Connections Digital Archive,https://makingafricanconnections.org/s/archive/item/2110,archive,,
BWA:britannica-seretse,BWA,britannica-seretse,Sir Seretse Khama,Encyclopaedia Britannica,https://www.britannica.com/biography/Seretse-Khama,encyclopedia,,
BWA:wiki-seretse,BWA,wiki-seretse,Seretse Khama,Wikipedia,https://en.wikipedia.org/wiki/Seretse_Khama,reference,,
BWA:wiki-orapa,BWA,wiki-orapa,Orapa diamond mine,Wikipedia,https://en.wikipedia.org/wiki/Orapa_diamond_mine,reference,,
BWA:theboar-botswana,BWA,theboar-botswana,Diamonds to development: Botswana's post-independence economic growth,The Boar,https://theboar.org/2026/02/charlotte-roff-examines-how-botswana-used-diamond-wealth-and-strong-institutions-to-achieve-sustained-growth-while-avoiding-the-resource-curse/,reference,,
BWA:cia-botswana,BWA,cia-botswana,Botswana — The World Factbook,Central Intelligence Agency,https://www.cia.gov/the-world-factbook/countries/botswana/,gov,,
BWA:wiki-botswana,BWA,wiki-botswana,Botswana,Wikipedia,https://en.wikipedia.org/wiki/Botswana,reference,,
BWA:wiki-tswana,BWA,wiki-tswana,Tswana people,Wikipedia,https://en.wikipedia.org/wiki/Tswana_people,reference,,
BWA:statedept-botswana,BWA,statedept-botswana,A Guide to the United States' History of Recognition: Botswana,"U.S. Department of State, Office of the Historian",https://history.state.gov/countries/botswana,gov,,
CAF:britannica-car-history,CAF,britannica-car-history,Central African Republic — History,Encyclopaedia Britannica,https://www.britannica.com/place/Central-African-Republic/History,encyclopedia,,
CAF:britannica-car-independence,CAF,britannica-car-independence,Central African Republic — Independence,Encyclopaedia Britannica,https://www.britannica.com/place/Central-African-Republic/Independence,encyclopedia,,
CAF:kiddle-car-history,CAF,kiddle-car-history,History of the Central African Republic,Kiddle Encyclopedia,https://kids.kiddle.co/History_of_the_Central_African_Republic,reference,,
CAF:wiki-bouar,CAF,wiki-bouar,Bouar (megaliths),Wikipedia,https://en.wikipedia.org/wiki/Bouar,reference,,
CAF:wiki-azande,CAF,wiki-azande,Azande,Wikipedia,https://en.wikipedia.org/wiki/Azande,reference,,
CAF:wiki-bangassou-nzakara,CAF,wiki-bangassou-nzakara,Bangassou-Nzakara,Wikipedia,https://en.wikipedia.org/wiki/Bangassou-Nzakara,reference,,
CAF:wiki-dar-al-kuti,CAF,wiki-dar-al-kuti,Dar al-Kuti,Wikipedia,https://en.wikipedia.org/wiki/Dar_al_Kuti,reference,,
CAF:wiki-rabih,CAF,wiki-rabih,Rabih az-Zubayr,Wikipedia,https://en.wikipedia.org/wiki/Rabih_az-Zubayr,reference,,
CAF:wiki-french-equatorial-africa,CAF,wiki-french-equatorial-africa,French Equatorial Africa,Wikipedia,https://en.wikipedia.org/wiki/French_Equatorial_Africa,reference,,
CAF:wiki-upper-ubangi-company,CAF,wiki-upper-ubangi-company,Company of the Upper Ubangi Sultanates,Wikipedia,https://en.wikipedia.org/wiki/Company_of_the_Upper_Ubangi_Sultanates,reference,,
CAF:yawboadu-car-economy,CAF,yawboadu-car-economy,The Economic History of the Central African Republic,Yaw Boadu (Substack),https://yawboadu.substack.com/p/the-economic-history-of-central-african,reference,,
CAF:wiki-kongo-wara,CAF,wiki-kongo-wara,Kongo-Wara rebellion,Wikipedia,https://en.wikipedia.org/wiki/Kongo-Wara_rebellion,reference,,
CAF:britannica-boganda,CAF,britannica-boganda,Barthélemy Boganda,Encyclopaedia Britannica,https://www.britannica.com/biography/Barthelemy-Boganda,encyclopedia,,
CAF:newworld-boganda,CAF,newworld-boganda,Barthélemy Boganda,New World Encyclopedia,https://www.newworldencyclopedia.org/entry/Barthelemy_Boganda,encyclopedia,,
CAF:wiki-mesan,CAF,wiki-mesan,Movement for the Social Evolution of Black Africa (MESAN),Wikipedia,https://en.wikipedia.org/wiki/Movement_for_the_Social_Evolution_of_Black_Africa,reference,,
CAF:face2face-boganda,CAF,face2face-boganda,Remembering the national hero of the Central African Republic who died in a plane crash before independence,Face2Face Africa,https://face2faceafrica.com/article/remembering-the-national-hero-of-the-central-african-republic-who-died-in-a-plane-crash-before-independence,reference,,
CAF:wiki-dacko,CAF,wiki-dacko,David Dacko,Wikipedia,https://en.wikipedia.org/wiki/David_Dacko,reference,,
CAF:wiki-bokassa,CAF,wiki-bokassa,Jean-Bédel Bokassa,Wikipedia,https://en.wikipedia.org/wiki/Jean-B%C3%A9del_Bokassa,reference,,
CAF:britannica-bokassa,CAF,britannica-bokassa,Jean-Bédel Bokassa,Encyclopaedia Britannica,https://www.britannica.com/biography/Jean-Bedel-Bokassa,encyclopedia,,
CAF:wiki-car-civil-war,CAF,wiki-car-civil-war,Central African Republic Civil War,Wikipedia,https://en.wikipedia.org/wiki/Central_African_Republic_Civil_War,reference,,
CAF:un-minusca,CAF,un-minusca,MINUSCA — United Nations Multidimensional Integrated Stabilization Mission in the Central African Republic,United Nations Peacekeeping,https://minusca.unmissions.org/en,gov,,
CAF:factbook-car,CAF,factbook-car,Central African Republic — Country Profile,CIA World Factbook,https://www.cia.gov/the-world-factbook/countries/central-african-republic/,gov,,
CAF:bbc-caf,CAF,bbc-caf,Central African Republic country profile,BBC News,https://www.bbc.com/news/world-africa-13150040,reference,,
CAF:statedept-caf,CAF,statedept-caf,A Guide to the United States' History of Recognition: Central African Republic,"U.S. Department of State, Office of the Historian",https://history.state.gov/countries/central-african-republic,gov,,
CAF:wikipedia-car,CAF,wikipedia-car,Central African Republic,Wikipedia,https://en.wikipedia.org/wiki/Central_African_Republic,reference,,
CAN:brit-canada,CAN,brit-canada,Canada,Encyclopaedia Britannica,https://www.britannica.com/place/Canada,encyclopedia,,
CAN:brit-bna-act,CAN,brit-bna-act,British North America Act,Encyclopaedia Britannica,https://www.britannica.com/event/British-North-America-Act,encyclopedia,,
CAN:brit-lanse,CAN,brit-lanse,L'Anse aux Meadows,Encyclopaedia Britannica,https://www.britannica.com/place/LAnse-aux-Meadows,encyclopedia,,
CAN:cdn-enc-confederation,CAN,cdn-enc-confederation,Confederation,The Canadian Encyclopedia,https://www.thecanadianencyclopedia.ca/en/article/confederation,encyclopedia,,
CAN:cdn-enc-champlain,CAN,cdn-enc-champlain,Samuel de Champlain,The Canadian Encyclopedia,https://www.thecanadianencyclopedia.ca/en/article/samuel-de-champlain,encyclopedia,,
CAN:cdn-enc-quebec-act,CAN,cdn-enc-quebec-act,"Quebec Act, 1774",The Canadian Encyclopedia,https://www.thecanadianencyclopedia.ca/en/article/quebec-act,encyclopedia,,
CAN:cdn-enc-westminster,CAN,cdn-enc-westminster,"Statute of Westminster, 1931",The Canadian Encyclopedia,https://www.thecanadianencyclopedia.ca/en/article/statute-of-westminster,encyclopedia,,
CAN:cdn-enc-constitution-1982,CAN,cdn-enc-constitution-1982,"Constitution Act, 1982",The Canadian Encyclopedia,https://www.thecanadianencyclopedia.ca/en/article/constitution-act-1982,encyclopedia,,
CAN:cdn-enc-multiculturalism,CAN,cdn-enc-multiculturalism,Canadian Multiculturalism Act,The Canadian Encyclopedia,https://www.thecanadianencyclopedia.ca/en/article/canadian-multiculturalism-act,encyclopedia,,
CAN:cdn-enc-indigenous,CAN,cdn-enc-indigenous,First Nations and Indigenous peoples in Canada,The Canadian Encyclopedia,https://www.thecanadianencyclopedia.ca/en/article/first-nations,encyclopedia,,
CAN:cmh-bna-act,CAN,cmh-bna-act,"British North America Act, 1867",Canadian Museum of History,https://www.historymuseum.ca/teachers-zone/stories-of-confederation/from-charlottetown-to-london/british-north-america-act-1867/,museum,,
CAN:vmnf-champlain,CAN,vmnf-champlain,"Samuel de Champlain, Virtual Museum of New France",Canadian Museum of History,https://www.historymuseum.ca/virtual-museum-of-new-france/the-explorers/samuel-de-champlain-1604-1616/,museum,,
CAN:unesco-lanse,CAN,unesco-lanse,L'Anse aux Meadows National Historic Site,UNESCO World Heritage Centre,https://whc.unesco.org/en/list/4/,reference,,
CAN:vac-vimy,CAN,vac-vimy,The Battle of Vimy Ridge,Veterans Affairs Canada,https://www.veterans.gc.ca/en/remembrance/military-history/first-world-war/battle-vimy-ridge,gov,,
CAN:ukparl-quebec-act,CAN,ukparl-quebec-act,Quebec Act 1774,UK Parliament,https://www.parliament.uk/about/living-heritage/evolutionofparliament/legislativescrutiny/parliament-and-empire/collections1/parliament-and-canada/quebec-act-1774/,gov,,
CAN:pier21-multiculturalism,CAN,pier21-multiculturalism,"Canadian Multiculturalism Policy, 1971",Canadian Museum of Immigration at Pier 21,https://pier21.ca/research/immigration-history/canadian-multiculturalism-policy-1971,museum,,
CAN:nctr-reports,CAN,nctr-reports,Truth and Reconciliation Commission reports,National Centre for Truth and Reconciliation,https://nctr.ca/records/reports/,archive,,
CAN:cmhr-residential-schools,CAN,cmhr-residential-schools,Canada's Indian residential schools: Childhood denied,Canadian Museum for Human Rights,https://humanrights.ca/story/canadas-indian-residential-schools-childhood-denied,museum,,
CAN:statedept-canada,CAN,statedept-canada,A Guide to the United States' History of Recognition: Canada,"U.S. Department of State, Office of the Historian",https://history.state.gov/countries/canada,gov,,
CHE:aboutch-history,CHE,aboutch-history,The History of Switzerland,Federal Department of Foreign Affairs (aboutswitzerland.eda.admin.ch),https://www.aboutswitzerland.eda.admin.ch/en/the-history-of-switzerland,gov,,
CHE:aboutch-neutrality,CHE,aboutch-neutrality,Neutrality,Federal Department of Foreign Affairs (aboutswitzerland.eda.admin.ch),https://www.aboutswitzerland.eda.admin.ch/en/neutrality,gov,,
CHE:aboutch-william-tell,CHE,aboutch-william-tell,"William Tell, a symbol of Switzerland known throughout the world",Federal Department of Foreign Affairs (aboutswitzerland.eda.admin.ch),https://www.aboutswitzerland.eda.admin.ch/en/william-tell-a-symbol-of-switzerland-known-throughout-the-world,gov,,
CHE:aboutch-geneva-conventions,CHE,aboutch-geneva-conventions,The Geneva Conventions: a common priority and ongoing relevance,Federal Department of Foreign Affairs (aboutswitzerland.eda.admin.ch),https://www.aboutswitzerland.eda.admin.ch/en/geneva-conventions-a-common-priority-and-ongoing-relevance,gov,,
CHE:icrc-founding,CHE,icrc-founding,Founding and early years of the ICRC (1863-1914),International Committee of the Red Cross,https://www.icrc.org/en/document/founding-and-early-years-icrc-1863-1914,gov,,
CHE:britannica-history,CHE,britannica-history,Switzerland: History,Encyclopaedia Britannica,https://www.britannica.com/place/Switzerland/History,encyclopedia,,
CHE:britannica-late-middle-ages,CHE,britannica-late-middle-ages,Switzerland: The Swiss Confederation during the Late Middle Ages,Encyclopaedia Britannica,https://www.britannica.com/place/Switzerland/The-Swiss-Confederation-during-the-Late-Middle-Ages,encyclopedia,,
CHE:britannica-morgarten,CHE,britannica-morgarten,Battle of Morgarten,Encyclopaedia Britannica,https://www.britannica.com/event/Battle-of-Morgarten,encyclopedia,,
CHE:britannica-westphalia,CHE,britannica-westphalia,Peace of Westphalia,Encyclopaedia Britannica,https://www.britannica.com/event/Peace-of-Westphalia,encyclopedia,,
CHE:britannica-zwingli,CHE,britannica-zwingli,Huldrych Zwingli,Encyclopaedia Britannica,https://www.britannica.com/biography/Huldrych-Zwingli,encyclopedia,,
CHE:britannica-calvin,CHE,britannica-calvin,John Calvin,Encyclopaedia Britannica,https://www.britannica.com/biography/John-Calvin,encyclopedia,,
CHE:britannica-helvetic,CHE,britannica-helvetic,Helvetic Republic,Encyclopaedia Britannica,https://www.britannica.com/place/Helvetic-Republic,encyclopedia,,
CHE:britannica-sonderbund,CHE,britannica-sonderbund,Sonderbund,Encyclopaedia Britannica,https://www.britannica.com/topic/Sonderbund-Swiss-political-organization,encyclopedia,,
CHE:britannica-dufour,CHE,britannica-dufour,Guillaume-Henri Dufour,Encyclopaedia Britannica,https://www.britannica.com/biography/Guillaume-Henri-Dufour,encyclopedia,,
CHE:britannica-guisan,CHE,britannica-guisan,Henri Guisan,Encyclopaedia Britannica,https://www.britannica.com/biography/Henri-Guisan,encyclopedia,,
CHE:history-vienna-neutrality,CHE,history-vienna-neutrality,"League of Nations recognizes perpetual Swiss neutrality (Congress of Vienna, 1815)",HISTORY (A&E Television Networks),https://www.history.com/this-day-in-history/february-13/league-of-nations-recognizes-perpetual-swiss-neutrality,reference,,
CHE:nationalmuseum-borders,CHE,nationalmuseum-borders,The story of Switzerland's federal borders,Swiss National Museum (blog.nationalmuseum.ch),https://blog.nationalmuseum.ch/en/2020/05/switzerland-land-of-borders/,museum,,
CHE:swissinfo-un,CHE,swissinfo-un,When Switzerland joined the United Nations,SWI swissinfo.ch (Swiss Broadcasting Corporation),https://www.swissinfo.ch/eng/swiss-politics/when-switzerland-joined-the-united-nations/47391408,reference,,
CHE:swissinfo-suffrage,CHE,swissinfo-suffrage,The long road to women's suffrage in Switzerland,SWI swissinfo.ch (Swiss Broadcasting Corporation),https://www.swissinfo.ch/eng/archive-democracy/the-long-road-to-women-s-suffrage-in-switzerland/46353984,reference,,
CHE:wikipedia-federal-charter,CHE,wikipedia-federal-charter,Federal Charter of 1291,Wikipedia,https://en.wikipedia.org/wiki/Federal_Charter_of_1291,reference,,
CHL:britannica-history-chile,CHL,britannica-history-chile,History of Chile,Encyclopaedia Britannica,https://www.britannica.com/topic/history-of-Chile,encyclopedia,,
CHL:britannica-mapuche,CHL,britannica-mapuche,Mapuche,Encyclopaedia Britannica,https://www.britannica.com/topic/Mapuche,encyclopedia,,
CHL:britannica-araucanian-wars,CHL,britannica-araucanian-wars,Araucanian wars,Encyclopaedia Britannica,https://www.britannica.com/event/Araucanian-wars,encyclopedia,,
CHL:britannica-almagro,CHL,britannica-almagro,Diego de Almagro,Encyclopaedia Britannica,https://www.britannica.com/biography/Diego-de-Almagro,encyclopedia,,
CHL:unesco-rapa-nui,CHL,unesco-rapa-nui,Rapa Nui National Park,UNESCO World Heritage Centre,https://whc.unesco.org/en/list/715,gov,,
CHL:britannica-valdivia,CHL,britannica-valdivia,Pedro de Valdivia,Encyclopaedia Britannica,https://www.britannica.com/biography/Pedro-de-Valdivia,encyclopedia,,
CHL:britannica-santiago,CHL,britannica-santiago,"Santiago, Chile",Encyclopaedia Britannica,https://www.britannica.com/place/Santiago-Chile,encyclopedia,,
CHL:britannica-lautaro,CHL,britannica-lautaro,Lautaro (Mapuche leader),Encyclopaedia Britannica,https://www.britannica.com/biography/Lautaro-Mapuche-leader,encyclopedia,,
CHL:britannica-maipu,CHL,britannica-maipu,Battle of Maipu,Encyclopaedia Britannica,https://www.britannica.com/event/Battle-of-Maipu,encyclopedia,,
CHL:britannica-ohiggins,CHL,britannica-ohiggins,Bernardo O'Higgins,Encyclopaedia Britannica,https://www.britannica.com/biography/Bernardo-OHiggins,encyclopedia,,
CHL:britannica-san-martin,CHL,britannica-san-martin,Jose de San Martin,Encyclopaedia Britannica,https://www.britannica.com/biography/Jose-de-San-Martin,encyclopedia,,
CHL:britannica-war-of-the-pacific,CHL,britannica-war-of-the-pacific,War of the Pacific,Encyclopaedia Britannica,https://www.britannica.com/event/War-of-the-Pacific,encyclopedia,,
CHL:britannica-neruda,CHL,britannica-neruda,Pablo Neruda,Encyclopaedia Britannica,https://www.britannica.com/biography/Pablo-Neruda,encyclopedia,,
CHL:britannica-allende,CHL,britannica-allende,Salvador Allende,Encyclopaedia Britannica,https://www.britannica.com/biography/Salvador-Allende,encyclopedia,,
CHL:ofhistorian-allende,CHL,ofhistorian-allende,"The Allende Years and the Pinochet Coup, 1969-1973","U.S. Department of State, Office of the Historian",https://history.state.gov/milestones/1969-1976/allende,gov,,
CHL:britannica-coup-1973,CHL,britannica-coup-1973,1973 Chilean coup d'etat,Encyclopaedia Britannica,https://www.britannica.com/event/1973-Chilean-coup-d-etat,encyclopedia,,
CHL:britannica-pinochet,CHL,britannica-pinochet,Augusto Pinochet,Encyclopaedia Britannica,https://www.britannica.com/biography/Augusto-Pinochet,encyclopedia,,
CHL:rettig-report,CHL,rettig-report,Informe Rettig,"Memoria Chilena, Biblioteca Nacional de Chile",https://www.memoriachilena.gob.cl/602/w3-article-94640.html,gov,,
CHL:valech-report,CHL,valech-report,Informe de la Comisión Nacional sobre Prisión Política y Tortura (Valech I),Instituto Nacional de Derechos Humanos (Chile),https://bibliotecadigital.indh.cl/items/77e102d5-e424-4c60-9ff9-70478e618d78/full,gov,,
CHL:britannica-boric,CHL,britannica-boric,Gabriel Boric,Encyclopaedia Britannica,https://www.britannica.com/biography/Gabriel-Boric,encyclopedia,,
CHL:wikipedia-chilean-independence,CHL,wikipedia-chilean-independence,Chilean Declaration of Independence,Wikipedia,https://en.wikipedia.org/wiki/Chilean_Declaration_of_Independence,reference,,
CHL:nwe-chile,CHL,nwe-chile,Chile,New World Encyclopedia,https://www.newworldencyclopedia.org/entry/Chile,encyclopedia,,
CHN:britannica-china,CHN,britannica-china,China,Encyclopaedia Britannica,https://www.britannica.com/place/China,encyclopedia,,
CHN:britannica-qin-shi-huang,CHN,britannica-qin-shi-huang,Qin Shi Huang,Encyclopaedia Britannica,https://www.britannica.com/biography/Qin-Shi-Huang,encyclopedia,,
CHN:britannica-yuan,CHN,britannica-yuan,Yuan dynasty,Encyclopaedia Britannica,https://www.britannica.com/topic/Yuan-dynasty,encyclopedia,,
CHN:britannica-sino-japanese,CHN,britannica-sino-japanese,Second Sino-Japanese War,Encyclopaedia Britannica,https://www.britannica.com/event/Second-Sino-Japanese-War,encyclopedia,,
CHN:britannica-great-leap,CHN,britannica-great-leap,Great Leap Forward,Encyclopaedia Britannica,https://www.britannica.com/event/Great-Leap-Forward,encyclopedia,,
CHN:unesco-great-wall,CHN,unesco-great-wall,The Great Wall (World Heritage List),UNESCO World Heritage Centre,https://whc.unesco.org/en/list/438,gov,,
CHN:unesco-qin-mausoleum,CHN,unesco-qin-mausoleum,Mausoleum of the First Qin Emperor (World Heritage List),UNESCO World Heritage Centre,https://whc.unesco.org/en/list/441,gov,,
CHN:si-zhou,CHN,si-zhou,"Zhou dynasty (ca. 1050-221 BCE), Teaching China with the Smithsonian",Smithsonian National Museum of Asian Art,https://asia.si.edu/learn/for-educators/teaching-china-with-the-smithsonian/explore-by-dynasty/zhou-dynasty/,museum,,
CHN:si-han,CHN,si-han,"Han dynasty (206 BCE-220 CE), Teaching China with the Smithsonian",Smithsonian National Museum of Asian Art,https://asia.si.edu/learn/for-educators/teaching-china-with-the-smithsonian/explore-by-dynasty/han-dynasty/,museum,,
CHN:si-tang,CHN,si-tang,"Tang dynasty, Teaching China with the Smithsonian",Smithsonian National Museum of Asian Art,https://asia.si.edu/learn/for-educators/teaching-china-with-the-smithsonian/explore-by-dynasty/tang-dynasty/,museum,,
CHN:metmuseum-han,CHN,metmuseum-han,Han Dynasty (206 B.C.-220 A.D.),The Metropolitan Museum of Art,https://www.metmuseum.org/essays/han-dynasty-206-b-c-220-a-d,museum,,
CHN:worldhistory-zhou,CHN,worldhistory-zhou,Zhou Dynasty,World History Encyclopedia,https://www.worldhistory.org/Zhou_Dynasty/,encyclopedia,,
CHN:worldhistory-yuan,CHN,worldhistory-yuan,Yuan Dynasty,World History Encyclopedia,https://www.worldhistory.org/Yuan_Dynasty/,encyclopedia,,
CHN:afe-columbia,CHN,afe-columbia,Song Dynasty and the golden age (Asia for Educators),"Columbia University, Asia for Educators",https://afe.easia.columbia.edu/main_pop/kpct/kp_1000-1450ce.htm,academic,,
CHN:ebsco-prc-founding,CHN,ebsco-prc-founding,Mao Zedong Proclaims a Communist People's Republic in China,EBSCO Research Starters,https://www.ebsco.com/research-starters/politics-and-government/mao-zedong-proclaims-communist-peoples-republic-china,reference,,
CHN:ebsco-great-leap,CHN,ebsco-great-leap,Great Leap Forward famine,EBSCO Research Starters,https://www.ebsco.com/research-starters/history/great-leap-forward-famine,reference,,
CHN:nationalarchives-cultural-rev,CHN,nationalarchives-cultural-rev,The Cultural Revolution,The National Archives (UK),https://www.nationalarchives.gov.uk/education/resources/the-cultural-revolution/,archive,,
CHN:cfr-mao-deng,CHN,cfr-mao-deng,How China Transformed Under Mao Zedong and Deng Xiaoping,Council on Foreign Relations (CFR Education),https://education.cfr.org/learn/reading/china-mao-zedong-deng-xiaoping,academic,,
CHN:wikipedia-qin-dynasty,CHN,wikipedia-qin-dynasty,Qin dynasty,Wikipedia,https://en.wikipedia.org/wiki/Qin_dynasty,reference,,
CIV:britannica-civ-history,CIV,britannica-civ-history,History of Côte d'Ivoire,Encyclopædia Britannica,https://www.britannica.com/topic/history-of-Cote-dIvoire,encyclopedia,,
CIV:wiki-civ-history,CIV,wiki-civ-history,History of Ivory Coast,Wikipedia,https://en.wikipedia.org/wiki/History_of_Ivory_Coast,reference,,
CIV:wiki-civ-1960-99,CIV,wiki-civ-1960-99,History of Ivory Coast (1960–99),Wikipedia,https://en.wikipedia.org/wiki/History_of_Ivory_Coast_(1960%E2%80%9399),reference,,
CIV:wiki-kong-empire,CIV,wiki-kong-empire,Kong Empire,Wikipedia,https://en.wikipedia.org/wiki/Kong_Empire,reference,,
CIV:wiki-queen-pokou,CIV,wiki-queen-pokou,Queen Pokou,Wikipedia,https://en.wikipedia.org/wiki/Queen_Pokou,reference,,
CIV:wiki-baoule,CIV,wiki-baoule,Baoulé people,Wikipedia,https://en.wikipedia.org/wiki/Baoul%C3%A9_people,reference,,
CIV:britannica-korhogo,CIV,britannica-korhogo,Korhogo,Encyclopædia Britannica,https://www.britannica.com/place/Korhogo,encyclopedia,,
CIV:state-bgn-civ,CIV,state-bgn-civ,Background Notes: Cote d'Ivoire,U.S. Department of State,https://1997-2001.state.gov/background_notes/cote_d_ivoire_0798_bgn.html,gov,,
CIV:blackpast-samori,CIV,blackpast-samori,Samori Touré (1830–1900),BlackPast.org,https://www.blackpast.org/global-african-history/toure-samori-1830-1900/,reference,,
CIV:britannica-samory,CIV,britannica-samory,Samory,Encyclopædia Britannica,https://www.britannica.com/biography/Samory,encyclopedia,,
CIV:sahistory-civ-independence,CIV,sahistory-civ-independence,Côte d'Ivoire gains independence from France,South African History Online,https://www.sahistory.org.za/dated-event/cote-divoire-gains-independence-france,reference,,
CIV:britannica-houphouet,CIV,britannica-houphouet,Félix Houphouët-Boigny,Encyclopædia Britannica,https://www.britannica.com/biography/Felix-Houphouet-Boigny,encyclopedia,,
CIV:wiki-houphouet,CIV,wiki-houphouet,Félix Houphouët-Boigny,Wikipedia,https://en.wikipedia.org/wiki/F%C3%A9lix_Houphou%C3%ABt-Boigny,reference,,
CIV:encafricana-houphouet,CIV,encafricana-houphouet,"Houphouët-Boigny, Félix",Encyclopaedia Africana,https://encyclopaediaafricana.com/houphouet-boigny-felix/,encyclopedia,,
CIV:qiraat-houphouet,CIV,qiraat-houphouet,"Félix Houphouët-Boigny (1905–1993), first President of Côte d'Ivoire",Qiraat Africa,https://qiraatafrican.com/en/14265/felix-houphouet-boigny-1905-1993-the-first-president-of-cote-divoire/,reference,,
CIV:britannica-basilica,CIV,britannica-basilica,Basilica of Our Lady of Peace of Yamoussoukro,Encyclopædia Britannica,https://www.britannica.com/topic/Yamoussoukro-Basilica-of-Our-Lady-of-Peace-at-Yamoussoukro,encyclopedia,,
CIV:blackpast-basilica,CIV,blackpast-basilica,Our Lady of Peace of Yamoussoukro Basilica (1989– ),BlackPast.org,https://www.blackpast.org/global-african-history/our-lady-of-peace-of-yamoussoukro-basilica-1989/,reference,,
CIV:everycrs-civ,CIV,everycrs-civ,Côte d'Ivoire Post-Gbagbo: Crisis Recovery,Congressional Research Service,https://www.everycrsreport.com/reports/RS21989.html,gov,,
CIV:eisa-civ-crisis,CIV,eisa-civ-crisis,Côte d'Ivoire's Post-Electoral Crisis: Ouattara Rules but Can He Govern?,Journal of African Elections (EISA),https://www.eisa.org/wp-content/uploads/2023/05/2011-journal-of-african-elections-v10n2-cote-divoires-post-electoral-crisis-ouattara-rules-but-can-he-govern-eisa.pdf,academic,,
CIV:wiki-2010-11-crisis,CIV,wiki-2010-11-crisis,2010–2011 Ivorian crisis,Wikipedia,https://en.wikipedia.org/wiki/2010%E2%80%932011_Ivorian_crisis,reference,,
CIV:statedept-civ,CIV,statedept-civ,A Guide to the United States' History of Recognition: Côte d'Ivoire,"U.S. Department of State, Office of the Historian",https://history.state.gov/countries/cote-divoire,gov,,
CMR:britannica-cameroon,CMR,britannica-cameroon,Cameroon (country overview and history),Encyclopaedia Britannica,https://www.britannica.com/place/Cameroon,encyclopedia,,
CMR:britannica-wouri,CMR,britannica-wouri,Wouri River,Encyclopaedia Britannica,https://www.britannica.com/place/Wouri-River,encyclopedia,,
CMR:britannica-bamum,CMR,britannica-bamum,Bamum (people and kingdom),Encyclopaedia Britannica,https://www.britannica.com/topic/Bamum,encyclopedia,,
CMR:britannica-adamawa,CMR,britannica-adamawa,Adamawa (traditional emirate),Encyclopaedia Britannica,https://www.britannica.com/place/Adamawa-traditional-emirate-Africa,encyclopedia,,
CMR:britannica-ahidjo,CMR,britannica-ahidjo,Ahmadou Ahidjo,Encyclopaedia Britannica,https://www.britannica.com/biography/Ahmadou-Ahidjo,encyclopedia,,
CMR:britannica-biya,CMR,britannica-biya,Paul Biya,Encyclopaedia Britannica,https://www.britannica.com/biography/Paul-Biya,encyclopedia,,
CMR:statedept-cameroon,CMR,statedept-cameroon,A Guide to the History of Recognition: Cameroon,"U.S. Department of State, Office of the Historian",https://history.state.gov/countries/cameroon,gov,,
CMR:loc-bamum-njoya,CMR,loc-bamum-njoya,Sultan Ibrahim Njoya: A Scholar-King (Bamum Script research guide),Library of Congress,https://guides.loc.gov/bamum-script/sultan-ibrahim-njoya,archive,,
CMR:blackpast-umnyobe,CMR,blackpast-umnyobe,Ruben Um Nyobe (1913–1958),BlackPast.org,https://www.blackpast.org/global-african-history/ruben-um-nyobe-1913-1958/,reference,,
CMR:history-cameroon-wiki,CMR,history-cameroon-wiki,History of Cameroon,Wikipedia,https://en.wikipedia.org/wiki/History_of_Cameroon,reference,,
CMR:sao-wiki,CMR,sao-wiki,Sao civilisation,Wikipedia,https://en.wikipedia.org/wiki/Sao_civilisation,reference,,
CMR:bamum-kingdom-wiki,CMR,bamum-kingdom-wiki,Kingdom of Bamum,Wikipedia,https://en.wikipedia.org/wiki/Kingdom_of_Bamum,reference,,
CMR:modibo-adama-wiki,CMR,modibo-adama-wiki,Modibo Adama,Wikipedia,https://en.wikipedia.org/wiki/Modibo_Adama,reference,,
CMR:kamerun-wiki,CMR,kamerun-wiki,Kamerun (German colony),Wikipedia,https://en.wikipedia.org/wiki/Kamerun,reference,,
CMR:kamerun-campaign-wiki,CMR,kamerun-campaign-wiki,Kamerun campaign (1914–1916),Wikipedia,https://en.wikipedia.org/wiki/Kamerun_campaign,reference,,
CMR:cameroon-war-wiki,CMR,cameroon-war-wiki,Cameroon War (1955–1964),Wikipedia,https://en.wikipedia.org/wiki/Cameroon_War,reference,,
CMR:britcam-referendum-wiki,CMR,britcam-referendum-wiki,1961 British Cameroons referendum,Wikipedia,https://en.wikipedia.org/wiki/1961_British_Cameroons_referendum,reference,,
CMR:crisisgroup-cameroon,CMR,crisisgroup-cameroon,Cameroon (country analysis and Anglophone crisis),International Crisis Group,https://www.crisisgroup.org/africa/central-africa/cameroon,reference,,
CMR:globalr2p-cameroon,CMR,globalr2p-cameroon,Cameroon (Anglophone crisis monitoring),Global Centre for the Responsibility to Protect,https://www.globalr2p.org/countries/cameroon/,reference,,
CMR:wikipedia-cameroons,CMR,wikipedia-cameroons,Cameroons (British and French),Wikipedia,https://en.wikipedia.org/wiki/Cameroons,reference,,
COD:eb-kongo,COD,eb-kongo,"Kongo (historical kingdom, Africa)",Encyclopædia Britannica,https://www.britannica.com/place/Kongo-historical-kingdom-Africa,encyclopedia,,
COD:wiki-kongo,COD,wiki-kongo,Kingdom of Kongo,Wikipedia,https://en.wikipedia.org/wiki/Kingdom_of_Kongo,reference,,
COD:eb-afonso,COD,eb-afonso,"Afonso I, king of Kongo kingdom",Encyclopædia Britannica,https://www.britannica.com/biography/Afonso-I-king-of-Kongo-kingdom,encyclopedia,,
COD:wiki-kuba,COD,wiki-kuba,Kuba Kingdom,Wikipedia,https://en.wikipedia.org/wiki/Kuba_Kingdom,reference,,
COD:metmuseum-savanna,COD,metmuseum-savanna,Kingdoms of the Savanna: the Luba and Lunda Empires,The Metropolitan Museum of Art,https://www.metmuseum.org/essays/kingdoms-of-the-savanna-the-luba-and-lunda-empires,museum,,
COD:eb-lunda,COD,eb-lunda,Lunda empire,Encyclopædia Britannica,https://www.britannica.com/place/Lunda-empire,encyclopedia,,
COD:eb-tippu,COD,eb-tippu,"Tippu Tib, African slave trader and explorer",Encyclopædia Britannica,https://www.britannica.com/biography/Tippu-Tib,encyclopedia,,
COD:wiki-tippu,COD,wiki-tippu,Tippu Tip,Wikipedia,https://en.wikipedia.org/wiki/Tippu_Tip,reference,,
COD:wiki-cfs,COD,wiki-cfs,Congo Free State,Wikipedia,https://en.wikipedia.org/wiki/Congo_Free_State,reference,,
COD:blackpast-cfs,COD,blackpast-cfs,Congo Free State (1885–1908),BlackPast.org,https://www.blackpast.org/global-african-history/congo-free-state-1885-1908/,reference,,
COD:eb-leopold,COD,eb-leopold,"Leopold II, king of the Belgians",Encyclopædia Britannica,https://www.britannica.com/biography/Leopold-II-king-of-Belgium,encyclopedia,,
COD:wiki-casement,COD,wiki-casement,Casement Report (1904),Wikipedia,https://en.wikipedia.org/wiki/Casement_Report,reference,,
COD:wiki-lumumba,COD,wiki-lumumba,Patrice Lumumba,Wikipedia,https://en.wikipedia.org/wiki/Patrice_Lumumba,reference,,
COD:eb-mobutu,COD,eb-mobutu,"Mobutu Sese Seko, president of Zaire",Encyclopædia Britannica,https://www.britannica.com/biography/Mobutu-Sese-Seko,encyclopedia,,
COD:wiki-mobutu,COD,wiki-mobutu,Mobutu Sese Seko,Wikipedia,https://en.wikipedia.org/wiki/Mobutu_Sese_Seko,reference,,
COD:blackpast-kabila,COD,blackpast-kabila,"Kabila, Laurent-Désiré (1939–2001)",BlackPast.org,https://www.blackpast.org/global-african-history/kabila-laurent-desire-kabila-laurent-1939-2001/,reference,,
COD:wiki-second-congo,COD,wiki-second-congo,Second Congo War,Wikipedia,https://en.wikipedia.org/wiki/Second_Congo_War,reference,,
COD:crisisgroup-m23,COD,crisisgroup-m23,The M23 Offensive: Elusive Peace in the Great Lakes,International Crisis Group,https://www.crisisgroup.org/africa/great-lakes/democratic-republic-congo,reference,,
COD:factbook-drc,COD,factbook-drc,"Congo, Democratic Republic of the",CIA World Factbook,https://www.cia.gov/the-world-factbook/countries/congo-democratic-republic-of-the/,gov,,
COD:statedept-cod,COD,statedept-cod,A Guide to the United States' History of Recognition: Democratic Republic of the Congo,"U.S. Department of State, Office of the Historian",https://history.state.gov/countries/congo-democratic-republic,gov,,
COG:britannica-rep-congo,COG,britannica-rep-congo,Republic of the Congo,Encyclopædia Britannica,https://www.britannica.com/place/Republic-of-the-Congo,encyclopedia,,
COG:britannica-loango,COG,britannica-loango,Kingdom of Loango,Encyclopædia Britannica,https://www.britannica.com/place/Kingdom-of-Loango,encyclopedia,,
COG:ngouabi-britannica,COG,ngouabi-britannica,Marien Ngouabi,Encyclopædia Britannica,https://www.britannica.com/biography/Marien-Ngouabi,encyclopedia,,
COG:sassou-britannica,COG,sassou-britannica,Denis Sassou-Nguesso,Encyclopædia Britannica,https://www.britannica.com/biography/Denis-Sassou-Nguesso,encyclopedia,,
COG:history-rep-congo-wiki,COG,history-rep-congo-wiki,History of the Republic of the Congo,Wikipedia,https://en.wikipedia.org/wiki/History_of_the_Republic_of_the_Congo,reference,,
COG:loango-wiki,COG,loango-wiki,Kingdom of Loango,Wikipedia,https://en.wikipedia.org/wiki/Kingdom_of_Loango,reference,,
COG:vili-wiki,COG,vili-wiki,Vili people,Wikipedia,https://en.wikipedia.org/wiki/Vili_people,reference,,
COG:africanhistoryextra-loango,COG,africanhistoryextra-loango,A history of the Loango kingdom (c. 1500–1883),African History Extra,https://www.africanhistoryextra.com/p/a-history-of-the-loango-kingdom-ca1500,academic,,
COG:iloo-wiki,COG,iloo-wiki,Iloo I (Makoko of the Teke),Wikipedia,https://en.wikipedia.org/wiki/Iloo_I,reference,,
COG:globalsecurity-cog-early,COG,globalsecurity-cog-early,Congo-Brazzaville — Early History,GlobalSecurity.org,https://www.globalsecurity.org/military/world/africa/cg-history-1.htm,reference,,
COG:globalsecurity-brazza,COG,globalsecurity-brazza,Pierre Savorgnan de Brazza,GlobalSecurity.org,https://www.globalsecurity.org/military/world/africa/cg-history-2-01.htm,reference,,
COG:globalsecurity-moyen-congo,COG,globalsecurity-moyen-congo,Moyen-Congo (Middle Congo) — Formation,GlobalSecurity.org,https://www.globalsecurity.org/military/world/africa/cg-history-2-02.htm,reference,,
COG:brazza-wiki,COG,brazza-wiki,Pierre Savorgnan de Brazza,Wikipedia,https://en.wikipedia.org/wiki/Pierre_Savorgnan_de_Brazza,reference,,
COG:brazzaville-wiki,COG,brazzaville-wiki,Brazzaville,Wikipedia,https://en.wikipedia.org/wiki/Brazzaville,reference,,
COG:blackpast-brazzaville,COG,blackpast-brazzaville,"Brazzaville, Congo (1880– )",BlackPast.org,https://blackpast.org/global-african-history/brazzaville-congo-1880/,reference,,
COG:malamine-wiki,COG,malamine-wiki,Malamine Camara,Wikipedia,https://en.wikipedia.org/wiki/Malamine_Camara,reference,,
COG:fea-wiki,COG,fea-wiki,French Equatorial Africa,Wikipedia,https://en.wikipedia.org/wiki/French_Equatorial_Africa,reference,,
COG:congo-ocean-wiki,COG,congo-ocean-wiki,Congo–Ocean Railway,Wikipedia,https://en.wikipedia.org/wiki/Congo%E2%80%93Ocean_Railway,reference,,
COG:stanford-congo-ocean,COG,stanford-congo-ocean,Deadly railroad project in Congo reveals colonial-era abuses,Stanford Report,https://news.stanford.edu/stories/2021/07/deadly-railroad-project-congo-reveals-colonial-era-abuses,academic,,
COG:cambridge-forced-labour,COG,cambridge-forced-labour,"Forced Labour and the System of Overburdening in the Interwar Middle Congo, 1918–1948",International Review of Social History (Cambridge University Press),https://www.cambridge.org/core/journals/international-review-of-social-history/article/forced-labour-and-the-system-of-overburdening-in-the-interwar-middle-congo-congolese-populations-between-administrative-violence-and-local-runaway-schemes-19181948/3846A94E4BB563165A2679D1B294EA61,academic,,
COG:pointe-noire-station-wiki,COG,pointe-noire-station-wiki,Pointe-Noire railway station,Wikipedia,https://en.wikipedia.org/wiki/Pointe-Noire_railway_station,reference,,
COG:brazzaville-conference-wiki,COG,brazzaville-conference-wiki,Brazzaville Conference,Wikipedia,https://en.wikipedia.org/wiki/Brazzaville_Conference,reference,,
COG:brazzaville-conference-blackpast,COG,brazzaville-conference-blackpast,"The Brazzaville Conference, 1944",BlackPast.org,https://blackpast.org/global-african-history/brazzaville-conference-1944/,reference,,
COG:youlou-wiki,COG,youlou-wiki,Fulbert Youlou,Wikipedia,https://en.wikipedia.org/wiki/Fulbert_Youlou,reference,,
COG:aaregistry-congo-independence,COG,aaregistry-congo-independence,The Republic of the Congo Gains Independence From France,African American Registry,https://aaregistry.org/story/republic-of-the-congo-gains-independence-from-france/,reference,,
COG:uca-congo-1960,COG,uca-congo-1960,Assessment of Development Results: Republic of Congo,United Nations Development Programme,https://digitallibrary.un.org/record/654997/files/CongoADR-English.pdf,gov,,
COG:ngouabi-wiki,COG,ngouabi-wiki,Marien Ngouabi,Wikipedia,https://en.wikipedia.org/wiki/Marien_Ngouabi,reference,,
COG:sassou-wiki,COG,sassou-wiki,Denis Sassou Nguesso,Wikipedia,https://en.wikipedia.org/wiki/Denis_Sassou_Nguesso,reference,,
COG:lissouba-wiki,COG,lissouba-wiki,Pascal Lissouba,Wikipedia,https://en.wikipedia.org/wiki/Pascal_Lissouba,reference,,
COG:congo-civilwar-1993-wiki,COG,congo-civilwar-1993-wiki,Republic of the Congo Civil War (1993–1994),Wikipedia,https://en.wikipedia.org/wiki/Republic_of_the_Congo_Civil_War_(1993%E2%80%931994),reference,,
COG:state-1997-congo,COG,state-1997-congo,1997 Human Rights Report: Republic of Congo,U.S. Department of State,https://1997-2001.state.gov/global/human_rights/1997_hrp_report/congorep.html,gov,,
COG:referendum-2015-wiki,COG,referendum-2015-wiki,2015 Republic of the Congo constitutional referendum,Wikipedia,https://en.wikipedia.org/wiki/2015_Republic_of_the_Congo_constitutional_referendum,reference,,
COG:loc-congo-referendum,COG,loc-congo-referendum,Republic of the Congo: President Announces Referendum on New Constitution,Library of Congress,https://www.loc.gov/item/global-legal-monitor/2015-10-01/republic-of-the-congo-president-announces-referendum-on-new-constitution,gov,,
COG:statedept-cog,COG,statedept-cog,A Guide to the United States' History of Recognition: Republic of the Congo,"U.S. Department of State, Office of the Historian",https://history.state.gov/countries/congo-republic,gov,,
COL:britannica-colombia,COL,britannica-colombia,History of Colombia,Encyclopaedia Britannica,https://www.britannica.com/topic/history-of-Colombia,encyclopedia,,
COL:britannica-bogota,COL,britannica-bogota,Bogota,Encyclopaedia Britannica,https://www.britannica.com/place/Bogota,encyclopedia,,
COL:britannica-new-granada,COL,britannica-new-granada,Viceroyalty of New Granada,Encyclopaedia Britannica,https://www.britannica.com/place/Viceroyalty-of-New-Granada,encyclopedia,,
COL:britannica-boyaca,COL,britannica-boyaca,Battle of Boyaca,Encyclopaedia Britannica,https://www.britannica.com/event/Battle-of-Boyaca,encyclopedia,,
COL:britannica-bolivar,COL,britannica-bolivar,Simon Bolivar,Encyclopaedia Britannica,https://www.britannica.com/biography/Simon-Bolivar,encyclopedia,,
COL:britannica-gran-colombia,COL,britannica-gran-colombia,Gran Colombia,Encyclopaedia Britannica,https://www.britannica.com/place/Gran-Colombia,encyclopedia,,
COL:britannica-thousand-days,COL,britannica-thousand-days,The War of a Thousand Days,Encyclopaedia Britannica,https://www.britannica.com/event/The-War-of-a-Thousand-Days,encyclopedia,,
COL:britannica-garcia-marquez,COL,britannica-garcia-marquez,Gabriel Garcia Marquez,Encyclopaedia Britannica,https://www.britannica.com/biography/Gabriel-Garcia-Marquez,encyclopedia,,
COL:britannica-farc,COL,britannica-farc,Operación Soberanía (en Marquetalia),Comisión de la Verdad (Colombia),https://www.comisiondelaverdad.co/operacion-soberania-en-marquetalia,gov,,
COL:history-state-panama,COL,history-state-panama,"The Panama Canal and Panamanian Independence, 1903","U.S. Department of State, Office of the Historian",https://history.state.gov/milestones/1899-1913/panama-canal,gov,,
COL:loc-colombia,COL,loc-colombia,Colombia: A Country Study,"U.S. Library of Congress, Federal Research Division",https://www.loc.gov/item/2010009203/,gov,,
COL:unesco-san-agustin,COL,unesco-san-agustin,San Agustin Archaeological Park,UNESCO World Heritage Centre,https://whc.unesco.org/en/list/744,gov,,
COL:unesco-tierradentro,COL,unesco-tierradentro,National Archaeological Park of Tierradentro,UNESCO World Heritage Centre,https://whc.unesco.org/en/list/743,gov,,
COL:unesco-cartagena,COL,unesco-cartagena,"Port, Fortresses and Group of Monuments, Cartagena",UNESCO World Heritage Centre,https://whc.unesco.org/en/list/285,gov,,
COL:banrep-museo-oro,COL,banrep-museo-oro,Museo del Oro (Gold Museum),Banco de la Republica de Colombia,https://www.banrepcultural.org/museo-del-oro,museum,,
COL:nobel-santos,COL,nobel-santos,The Nobel Peace Prize 2016 - Juan Manuel Santos,The Nobel Foundation,https://www.nobelprize.org/prizes/peace/2016/santos/facts/,reference,,
COL:truth-commission,COL,truth-commission,"Final Report of the Commission for the Clarification of Truth, Coexistence and Non-Repetition",Comision de la Verdad (Colombia),https://www.comisiondelaverdad.co/en,gov,,
COL:wikipedia-colombian-independence,COL,wikipedia-colombian-independence,Colombian Declaration of Independence,Wikipedia,https://en.wikipedia.org/wiki/Colombian_Declaration_of_Independence,reference,,
COL:statedept-colombia,COL,statedept-colombia,A Guide to the United States' History of Recognition: Colombia,"U.S. Department of State, Office of the Historian",https://history.state.gov/countries/colombia,gov,,
COM:britannica-comoros,COM,britannica-comoros,Comoros: History,Encyclopædia Britannica,https://www.britannica.com/place/Comoros,encyclopedia,,
COM:wikipedia-history-comoros,COM,wikipedia-history-comoros,History of the Comoros,Wikipedia,https://en.wikipedia.org/wiki/History_of_the_Comoros,reference,,
COM:wikipedia-comoros,COM,wikipedia-comoros,Comoros,Wikipedia,https://en.wikipedia.org/wiki/Comoros,reference,,
COM:wikipedia-state-comoros,COM,wikipedia-state-comoros,State of the Comoros,Wikipedia,https://en.wikipedia.org/wiki/State_of_the_Comoros,reference,,
COM:wikipedia-dembeni,COM,wikipedia-dembeni,Dembeni (archaeological site),Wikipedia,https://en.wikipedia.org/wiki/Dembeni_(archeological_site),reference,,
COM:jia-rockcrystal,COM,jia-rockcrystal,Islamic Archaeology in the Comoros: The Swahili and the Rock Crystal Trade with the Abbasid and Fatimid Caliphates,Journal of Islamic Archaeology,https://journal.equinoxpub.com/JIA/article/view/12854,academic,,
COM:africanhistory-ngazidja,COM,africanhistory-ngazidja,A history of Grande Comore (Ngazidja) ca. 700–1900,African History Extra,https://www.africanhistoryextra.com/p/a-history-of-grande-comore-ngazidja,academic,,
COM:journal18-ujumbe,COM,journal18-ujumbe,"The Ujumbe of Mutsamudu, an Eighteenth-Century Swahili Stone House in the Comoros",Journal18,https://www.journal18.org/19-africa/the-ujumbe-of-mutsamudu-an-eighteenth-century-swahili-stone-house-in-the-comoros/,academic,,
COM:wikipedia-slavery-comoros,COM,wikipedia-slavery-comoros,Slavery in the Comoros,Wikipedia,https://en.wikipedia.org/wiki/Slavery_in_the_Comoros,reference,,
COM:wikipedia-economy-comoros,COM,wikipedia-economy-comoros,Economy of the Comoros,Wikipedia,https://en.wikipedia.org/wiki/Economy_of_the_Comoros,reference,,
COM:wikipedia-saidali,COM,wikipedia-saidali,Said Ali bin Said Omar of Grande Comore,Wikipedia,https://en.wikipedia.org/wiki/Said_Ali_bin_Said_Omar_of_Grande_Comore,reference,,
COM:wikipedia-1974referendum,COM,wikipedia-1974referendum,1974 Comorian independence referendum,Wikipedia,https://en.wikipedia.org/wiki/1974_Comorian_independence_referendum,reference,,
COM:sahistory-comoros,COM,sahistory-comoros,The Comoros declared an Independent State,South African History Online,https://www.sahistory.org.za/dated-event/comoros-declared-independent-state,reference,,
COM:euacademic-mayotte,COM,euacademic-mayotte,The Franco-Comorian Territorial Dispute on Mayotte,European Academic Research,https://www.euacademic.org/UploadArticle/3282.pdf,academic,,
COM:unga-mayotte-resolution,COM,unga-mayotte-resolution,Question of the Comorian island of Mayotte (UN General Assembly resolution),United Nations / Refworld,https://www.refworld.org/legal/resolution/unga/1982/en/6452,primary,,
COM:wikipedia-bobdenard,COM,wikipedia-bobdenard,Bob Denard,Wikipedia,https://en.wikipedia.org/wiki/Bob_Denard,reference,,
COM:wikipedia-1978coup,COM,wikipedia-1978coup,1978 Comorian coup d'état,Wikipedia,https://en.wikipedia.org/wiki/1978_Comorian_coup_d%27%C3%A9tat,reference,,
COM:wikipedia-abdallah,COM,wikipedia-abdallah,Ahmed Abdallah,Wikipedia,https://en.wikipedia.org/wiki/Ahmed_Abdallah,reference,,
COM:encyclopedia-union-comoros,COM,encyclopedia-union-comoros,Union of Comoros,Encyclopedia.com,https://www.encyclopedia.com/history/encyclopedias-almanacs-transcripts-and-maps/union-comoros,encyclopedia,,
COM:wikipedia-2009referendum,COM,wikipedia-2009referendum,2009 Mahoran status referendum,Wikipedia,https://en.wikipedia.org/wiki/2009_Mahoran_status_referendum,reference,,
COM:unesco-comoros-medinas,COM,unesco-comoros-medinas,The Medinas of the Historic Sultanates of the Comoros (World Heritage List),UNESCO World Heritage Centre,https://whc.unesco.org/en/list/1768/,gov,,
COM:britannica-mayotte,COM,britannica-mayotte,Mayotte,Encyclopædia Britannica,https://www.britannica.com/place/Mayotte,encyclopedia,,
CPV:britannica-cv,CPV,britannica-cv,History of Cabo Verde,Encyclopaedia Britannica,https://www.britannica.com/topic/history-of-Cabo-Verde,encyclopedia,,
CPV:history-cv-wiki,CPV,history-cv-wiki,History of Cape Verde,Wikipedia,https://en.wikipedia.org/wiki/History_of_Cape_Verde,reference,,
CPV:worldhistory-cv,CPV,worldhistory-cv,The Portuguese Colonization of Cape Verde,World History Encyclopedia,https://www.worldhistory.org/article/1762/the-portuguese-colonization-of-cape-verde/,encyclopedia,,
CPV:unesco-cidadevelha,CPV,unesco-cidadevelha,"Cidade Velha, Historic Centre of Ribeira Grande",UNESCO World Heritage Centre,https://whc.unesco.org/en/list/1310/,gov,,
CPV:cidadevelha-wiki,CPV,cidadevelha-wiki,Cidade Velha,Wikipedia,https://en.wikipedia.org/wiki/Cidade_Velha,reference,,
CPV:cassard-wiki,CPV,cassard-wiki,Cassard expedition (1712),Wikipedia,https://en.wikipedia.org/wiki/Cassard_expedition,reference,,
CPV:npr-cv-slavery,CPV,npr-cv-slavery,The small island nation of Cabo Verde was once a hub for slave trading,NPR,https://www.npr.org/2023/09/26/1201683059/the-small-island-nation-of-cabo-verde-was-once-a-hub-for-slave-trading,reference,,
CPV:famine-cv-wiki,CPV,famine-cv-wiki,Famine in Cape Verde,Wikipedia,https://en.wikipedia.org/wiki/Famine_in_Cape_Verde,reference,,
CPV:tavares-wiki,CPV,tavares-wiki,Eugénio Tavares,Wikipedia,https://en.wikipedia.org/wiki/Eug%C3%A9nio_Tavares,reference,,
CPV:morna-aljazeera,CPV,morna-aljazeera,The story of morna: Cape Verde's music of displacement and return,Al Jazeera,https://www.aljazeera.com/features/2021/5/23/morna-the-music-of-displacement-and-return,reference,,
CPV:morna-unesco,CPV,morna-unesco,"Morna, musical practice of Cabo Verde",UNESCO Intangible Cultural Heritage,https://ich.unesco.org/en/RL/morna-musical-practice-of-cabo-verde-01469,gov,,
CPV:evora-wiki,CPV,evora-wiki,Cesária Évora,Wikipedia,https://en.wikipedia.org/wiki/Ces%C3%A1ria_%C3%89vora,reference,,
CPV:cabral-blackpast,CPV,cabral-blackpast,Amílcar Lopes Cabral (1924–1973),BlackPast.org,https://www.blackpast.org/global-african-history/cabral-amilcar-lopes-1924-1973/,reference,,
CPV:cabral-wiki,CPV,cabral-wiki,Amílcar Cabral,Wikipedia,https://en.wikipedia.org/wiki/Am%C3%ADlcar_Cabral,reference,,
CPV:statedept-cv,CPV,statedept-cv,A Guide to the History of Recognition: Cabo Verde,"U.S. Department of State, Office of the Historian",https://history.state.gov/countries/cape-verde,gov,,
CPV:statedept-cv-bgn,CPV,statedept-cv-bgn,Background Note: Cape Verde,U.S. Department of State,https://2009-2017.state.gov/outofdate/bgn/capeverde/40550.htm,gov,,
CPV:pereira-wiki,CPV,pereira-wiki,Aristides Pereira,Wikipedia,https://en.wikipedia.org/wiki/Aristides_Pereira,reference,,
CPV:1980coup-wiki,CPV,1980coup-wiki,1980 Guinea-Bissau coup d'état,Wikipedia,https://en.wikipedia.org/wiki/1980_Guinea-Bissau_coup_d%27%C3%A9tat,reference,,
CPV:1991election-wiki,CPV,1991election-wiki,1991 Cape Verdean presidential election,Wikipedia,https://en.wikipedia.org/wiki/1991_Cape_Verdean_presidential_election,reference,,
CPV:diaspora-wiki,CPV,diaspora-wiki,Cape Verdean diaspora,Wikipedia,https://en.wikipedia.org/wiki/Cape_Verdean_diaspora,reference,,
CPV:worldbank-cv,CPV,worldbank-cv,Cabo Verde — Country Overview,World Bank Group,https://www.worldbank.org/en/country/caboverde/overview,gov,,
CPV:wikipedia-cape-verde,CPV,wikipedia-cape-verde,Cape Verde,Wikipedia,https://en.wikipedia.org/wiki/Cape_Verde,reference,,
CRI:britannica-history-cr,CRI,britannica-history-cr,History of Costa Rica,Encyclopaedia Britannica,https://www.britannica.com/topic/history-of-Costa-Rica,encyclopedia,,
CRI:britannica-independence-cr,CRI,britannica-independence-cr,Costa Rica: Independence,Encyclopaedia Britannica,https://www.britannica.com/place/Costa-Rica/Independence,encyclopedia,,
CRI:britannica-21st-century,CRI,britannica-21st-century,Costa Rica in the 21st century,Encyclopaedia Britannica,https://www.britannica.com/place/Costa-Rica/Costa-Rica-in-the-21st-century,encyclopedia,,
CRI:britannica-cartago,CRI,britannica-cartago,Cartago,Encyclopaedia Britannica,https://www.britannica.com/place/Cartago,encyclopedia,,
CRI:britannica-coronado,CRI,britannica-coronado,Juan Vasquez de Coronado,Encyclopaedia Britannica,https://www.britannica.com/biography/Juan-Vasquez-de-Coronado,encyclopedia,,
CRI:britannica-figueres,CRI,britannica-figueres,Jose Figueres Ferrer,Encyclopaedia Britannica,https://www.britannica.com/biography/Jose-Figueres-Ferrer,encyclopedia,,
CRI:britannica-ulate,CRI,britannica-ulate,Otilio Ulate,Encyclopaedia Britannica,https://www.britannica.com/biography/Otilio-Ulate,encyclopedia,,
CRI:britannica-arias,CRI,britannica-arias,Oscar Arias Sanchez,Encyclopaedia Britannica,https://www.britannica.com/biography/Oscar-Arias-Sanchez,encyclopedia,,
CRI:britannica-keith,CRI,britannica-keith,Minor C. Keith,Encyclopaedia Britannica,https://www.britannica.com/biography/Minor-C-Keith,encyclopedia,,
CRI:britannica-walker,CRI,britannica-walker,William Walker,Encyclopaedia Britannica,https://www.britannica.com/biography/William-Walker,encyclopedia,,
CRI:britannica-santamaria,CRI,britannica-santamaria,Juan Santamaria,Encyclopaedia Britannica,https://www.britannica.com/biography/Juan-Santamaria,encyclopedia,,
CRI:unesco-diquis,CRI,unesco-diquis,Precolumbian Chiefdom Settlements with Stone Spheres of the Diquis,UNESCO World Heritage Centre,https://whc.unesco.org/en/list/1453/,gov,,
CRI:met-sphere,CRI,met-sphere,A Stone Sphere from Costa Rica,The Metropolitan Museum of Art,https://www.metmuseum.org/perspectives/stone-sphere-costa-rica,museum,,
CRI:encyclopedia-mora,CRI,encyclopedia-mora,"Mora Fernandez, Juan (1784-1854)",Encyclopedia.com (Dictionary of Latin American History),https://www.encyclopedia.com/humanities/encyclopedias-almanacs-transcripts-and-maps/mora-fernandez-juan-1784-1854,reference,,
CRI:wikipedia-act-independence-ca,CRI,wikipedia-act-independence-ca,Act of Independence of Central America,Wikipedia,https://en.wikipedia.org/wiki/Act_of_Independence_of_Central_America,reference,,
CRI:statedept-costarica,CRI,statedept-costarica,A Guide to the United States' History of Recognition: Costa Rica,"U.S. Department of State, Office of the Historian",https://history.state.gov/countries/costa-rica,gov,,
CRI:bbc-costarica,CRI,bbc-costarica,Costa Rica country profile,BBC News,https://www.bbc.com/news/world-latin-america-19414068,reference,,
CUB:britannica-taino,CUB,britannica-taino,Taino,Encyclopaedia Britannica,https://www.britannica.com/topic/Taino,encyclopedia,,
CUB:britannica-cuba,CUB,britannica-cuba,Cuba,Encyclopaedia Britannica,https://www.britannica.com/place/Cuba,encyclopedia,,
CUB:loc-cuba-study,CUB,loc-cuba-study,Cuba: A Country Study,"Library of Congress, Federal Research Division",https://www.loc.gov/resource/frdcstdy.cubacountrystudy00huds/,gov,,
CUB:unesco-havana,CUB,unesco-havana,Old Havana and its Fortification System,UNESCO World Heritage Centre,https://whc.unesco.org/en/list/204/,gov,,
CUB:britannica-sugar-slavery,CUB,britannica-sugar-slavery,Cuba: Sugarcane and the growth of slavery,Encyclopaedia Britannica,https://www.britannica.com/place/Cuba/Sugarcane-and-the-growth-of-slavery,encyclopedia,,
CUB:britannica-cespedes,CUB,britannica-cespedes,Carlos Manuel de Cespedes,Encyclopaedia Britannica,https://www.britannica.com/biography/Carlos-Manuel-de-Cespedes,encyclopedia,,
CUB:britannica-marti,CUB,britannica-marti,Jose Marti,Encyclopaedia Britannica,https://www.britannica.com/biography/Jose-Marti,encyclopedia,,
CUB:loc-marti,CUB,loc-marti,Jose Marti — The World of 1898: The Spanish-American War,Library of Congress,https://guides.loc.gov/world-of-1898/jose-marti,gov,,
CUB:statedept-spanamwar,CUB,statedept-spanamwar,"The Spanish-American War, 1898","U.S. Department of State, Office of the Historian",https://history.state.gov/milestones/1866-1898/spanish-american-war,gov,,
CUB:archives-platt,CUB,archives-platt,Platt Amendment (1903),"U.S. National Archives, Milestone Documents",https://www.archives.gov/milestone-documents/platt-amendment,gov,,
CUB:britannica-platt,CUB,britannica-platt,Platt Amendment,Encyclopaedia Britannica,https://www.britannica.com/topic/Platt-Amendment,encyclopedia,,
CUB:statedept-cuba,CUB,statedept-cuba,"A Guide to the United States' History of Recognition, Diplomatic, and Consular Relations, by Country: Cuba","U.S. Department of State, Office of the Historian",https://history.state.gov/countries/cuba,gov,,
CUB:britannica-estrada-palma,CUB,britannica-estrada-palma,Tomas Estrada Palma,Encyclopaedia Britannica,https://www.britannica.com/biography/Tomas-Estrada-Palma,encyclopedia,,
CUB:britannica-republic-1902,CUB,britannica-republic-1902,Republic of Cuba (1902-1959),Encyclopaedia Britannica,https://www.britannica.com/place/Republic-of-Cuba-1902-1959,encyclopedia,,
CUB:britannica-cuban-revolution,CUB,britannica-cuban-revolution,Cuban Revolution,Encyclopaedia Britannica,https://www.britannica.com/event/Cuban-Revolution,encyclopedia,,
CUB:britannica-26-july,CUB,britannica-26-july,26th of July Movement,Encyclopaedia Britannica,https://www.britannica.com/topic/26th-of-July-Movement,encyclopedia,,
CUB:britannica-che,CUB,britannica-che,Che Guevara,Encyclopaedia Britannica,https://www.britannica.com/biography/Che-Guevara,encyclopedia,,
CUB:statedept-bayofpigs,CUB,statedept-bayofpigs,"The Bay of Pigs Invasion and its Aftermath, April 1961-October 1962","U.S. Department of State, Office of the Historian",https://history.state.gov/milestones/1961-1968/bay-of-pigs,gov,,
CUB:britannica-bay-of-pigs,CUB,britannica-bay-of-pigs,Bay of Pigs invasion,Encyclopaedia Britannica,https://www.britannica.com/event/Bay-of-Pigs-invasion,encyclopedia,,
CUB:statedept-missilecrisis,CUB,statedept-missilecrisis,"The Cuban Missile Crisis, October 1962","U.S. Department of State, Office of the Historian",https://history.state.gov/milestones/1961-1968/cuban-missile-crisis,gov,,
CUB:britannica-missile-crisis,CUB,britannica-missile-crisis,Cuban missile crisis,Encyclopaedia Britannica,https://www.britannica.com/event/Cuban-missile-crisis,encyclopedia,,
CUB:britannica-cuba-1991,CUB,britannica-cuba-1991,Cuba since 1991,Encyclopaedia Britannica,https://www.britannica.com/place/Cuba/Cuba-since-1991,encyclopedia,,
CUB:statedept-relations-2015,CUB,statedept-relations-2015,Re-Establishment of Diplomatic Relations With Cuba,U.S. Department of State (2009-2017 archive),https://2009-2017.state.gov/r/pa/prs/ps/2015/07/244623.htm,gov,,
CUB:britannica-diaz-canel,CUB,britannica-diaz-canel,Miguel Diaz-Canel,Encyclopaedia Britannica,https://www.britannica.com/biography/Miguel-Diaz-Canel,encyclopedia,,
CYN:britannica-cyprus,CYN,britannica-cyprus,Cyprus,Encyclopaedia Britannica,https://www.britannica.com/place/Cyprus,encyclopedia,,
CYN:britannica-cyprus-history,CYN,britannica-cyprus-history,Cyprus - History,Encyclopaedia Britannica,https://www.britannica.com/place/Cyprus/History,encyclopedia,,
CYN:britannica-cyprus-ottoman,CYN,britannica-cyprus-ottoman,Cyprus - Ottoman rule,Encyclopaedia Britannica,https://www.britannica.com/place/Cyprus/Ottoman-rule,encyclopedia,,
CYN:britannica-makarios,CYN,britannica-makarios,"Makarios III - Archbishop, President of Cyprus",Encyclopaedia Britannica,https://www.britannica.com/biography/Makarios-III,encyclopedia,,
CYN:unscr-541,CYN,unscr-541,Security Council Resolution 541 (1983) [Cyprus],United Nations (UNSCR archive),https://unscr.com/en/resolutions/541,primary,,
CYN:un-digital-541,CYN,un-digital-541,Resolution 541 (1983),United Nations Digital Library,https://digitallibrary.un.org/record/58970,primary,,
CYN:unscr-550,CYN,unscr-550,Security Council Resolution 550 (1984) [Cyprus],United Nations (UNSCR archive),https://unscr.com/en/resolutions/550,primary,,
CYN:unscr-186,CYN,unscr-186,Security Council Resolution 186 (1964) [Cyprus],United Nations (UNSCR archive),https://unscr.com/en/resolutions/186,primary,,
CYN:un-unficyp-mandate,CYN,un-unficyp-mandate,About UNFICYP,United Nations Peacekeeping Force in Cyprus,https://unficyp.unmissions.org/en/about-unficyp,gov,,
CYN:usoh-cyprus-coup-1974,CYN,usoh-cyprus-coup-1974,"Foreign Relations of the United States, 1969-1976, Vol. XXX, Cyprus - intelligence post-mortem on the 1974 coup","U.S. Department of State, Office of the Historian",https://history.state.gov/historicaldocuments/frus1969-76v30/d148,primary,,
CYN:loc-cyprus-study,CYN,loc-cyprus-study,Cyprus: A Country Study,U.S. Library of Congress (Federal Research Division),https://www.loc.gov/item/91035573/,gov,,
CYN:loc-cyprus-breakdown,CYN,loc-cyprus-breakdown,Cyprus - 1963 Constitutional Breakdown (Country Studies),U.S. Library of Congress (Federal Research Division),https://countrystudies.us/cyprus/53.htm,gov,,
CYN:bbc-cyprus,CYN,bbc-cyprus,Cyprus country profile,BBC News,https://www.bbc.com/news/world-europe-17217956,reference,,
CYN:unscr-353,CYN,unscr-353,Security Council Resolution 353 (1974),United Nations (UNSCR archive),https://unscr.com/en/resolutions/353,primary,,
CYN:cmp-cyprus,CYN,cmp-cyprus,Committee on Missing Persons in Cyprus,Committee on Missing Persons in Cyprus (with UN participation),https://www.cmp-cyprus.org/,gov,,
CYN:wikipedia-northern-cyprus,CYN,wikipedia-northern-cyprus,Northern Cyprus,Wikipedia,https://en.wikipedia.org/wiki/Northern_Cyprus,reference,,
CYP:cyprus-history-britannica,CYP,cyprus-history-britannica,Cyprus: History,Encyclopaedia Britannica,https://www.britannica.com/place/Cyprus/History,encyclopedia,,
CYP:cyprus-ottoman-britannica,CYP,cyprus-ottoman-britannica,Cyprus: Ottoman rule,Encyclopaedia Britannica,https://www.britannica.com/place/Cyprus/Ottoman-rule,encyclopedia,,
CYP:paphos-britannica,CYP,paphos-britannica,Paphos,Encyclopaedia Britannica,https://www.britannica.com/place/Paphos,encyclopedia,,
CYP:eoka-britannica,CYP,eoka-britannica,EOKA,Encyclopaedia Britannica,https://www.britannica.com/topic/EOKA,encyclopedia,,
CYP:paphos-unesco,CYP,paphos-unesco,"Paphos (World Heritage List, inscribed 1980)",UNESCO World Heritage Centre,https://whc.unesco.org/en/list/79/,gov,,
CYP:choirokoitia-unesco,CYP,choirokoitia-unesco,"Choirokoitia (World Heritage List, inscribed 1998)",UNESCO World Heritage Centre,https://whc.unesco.org/en/list/848/,gov,,
CYP:troodos-unesco,CYP,troodos-unesco,"Painted Churches in the Troödos Region (World Heritage List, inscribed 1985)",UNESCO World Heritage Centre,https://whc.unesco.org/en/list/351/,gov,,
CYP:treaty-guarantee-un,CYP,treaty-guarantee-un,"Treaty of Guarantee, signed at Nicosia, 16 August 1960",United Nations Peacemaker,https://peacemaker.un.org/sites/default/files/document/files/2024/05/cy20gr20tr600816treaty20of20guarantee.pdf,primary,,
CYP:unficyp-establishment,CYP,unficyp-establishment,"Establishment of UNFICYP (Security Council Resolution 186, 4 March 1964)",United Nations (UNFICYP),https://unficyp.unmissions.org/en/establishment-unficyp,primary,,
CYP:unficyp-peacekeeping,CYP,unficyp-peacekeeping,About UNFICYP,United Nations Peacekeeping Force in Cyprus,https://unficyp.unmissions.org/en/about-unficyp,gov,,
CYP:cyprusun-unficyp,CYP,cyprusun-unficyp,UNFICYP – United Nations Force in Cyprus,Permanent Mission of the Republic of Cyprus to the United Nations,https://www.cyprusun.org/?page_id=367,gov,,
CYP:statedept-cyprus,CYP,statedept-cyprus,"A Guide to the History of Recognition, Diplomatic and Consular Relations: Cyprus","U.S. Department of State, Office of the Historian",https://history.state.gov/countries/cyprus,gov,,
CYP:cyprus-eu,CYP,cyprus-eu,Cyprus (EU country profile),European Union (european-union.europa.eu),https://european-union.europa.eu/principles-countries-history/eu-countries/cyprus_en,gov,,
CYP:bbc-timeline,CYP,bbc-timeline,Cyprus profile – Timeline,BBC News,https://www.bbc.com/news/world-europe-17219505,reference,,
CYP:wikipedia-cyprus,CYP,wikipedia-cyprus,Cyprus,Wikipedia,https://en.wikipedia.org/wiki/Cyprus,reference,,
CZE:cyril-methodius-britannica,CZE,cyril-methodius-britannica,Saints Cyril and Methodius,Encyclopaedia Britannica,https://www.britannica.com/biography/Saints-Cyril-and-Methodius,encyclopedia,,
CZE:great-moravia-britannica,CZE,great-moravia-britannica,Great Moravia,Encyclopaedia Britannica,https://www.britannica.com/place/Great-Moravia,encyclopedia,,
CZE:wenceslas-britannica,CZE,wenceslas-britannica,"Wenceslas I, prince of Bohemia (Saint Wenceslas)",Encyclopaedia Britannica,https://www.britannica.com/biography/Wenceslas-I-prince-of-Bohemia,encyclopedia,,
CZE:otakar-britannica,CZE,otakar-britannica,Otakar II (Kingdom of Bohemia),Encyclopaedia Britannica,https://www.britannica.com/biography/Otakar-II,encyclopedia,,
CZE:charles-iv-britannica,CZE,charles-iv-britannica,"Charles IV, Holy Roman emperor",Encyclopaedia Britannica,https://www.britannica.com/biography/Charles-IV-Holy-Roman-emperor,encyclopedia,,
CZE:charles-university-britannica,CZE,charles-university-britannica,Charles University,Encyclopaedia Britannica,https://www.britannica.com/topic/Charles-University,encyclopedia,,
CZE:prague-unesco,CZE,prague-unesco,Historic Centre of Prague,UNESCO World Heritage Centre,https://whc.unesco.org/en/list/616/,gov,,
CZE:kutna-hora-unesco,CZE,kutna-hora-unesco,Kutna Hora: Historical Town Centre with the Church of St Barbara and the Cathedral of Our Lady at Sedlec,UNESCO World Heritage Centre,https://whc.unesco.org/en/list/732/,gov,,
CZE:jan-hus-britannica,CZE,jan-hus-britannica,Jan Hus,Encyclopaedia Britannica,https://www.britannica.com/biography/Jan-Hus,encyclopedia,,
CZE:hussite-britannica,CZE,hussite-britannica,Hussite (Bohemian Reformation),Encyclopaedia Britannica,https://www.britannica.com/topic/Hussite,encyclopedia,,
CZE:defenestration-britannica,CZE,defenestration-britannica,Defenestration of Prague (1618),Encyclopaedia Britannica,https://www.britannica.com/event/Defenestration-of-Prague-1618,encyclopedia,,
CZE:palacky-britannica,CZE,palacky-britannica,Frantisek Palacky,Encyclopaedia Britannica,https://www.britannica.com/biography/Frantisek-Palacky,encyclopedia,,
CZE:czechoslovak-history-britannica,CZE,czechoslovak-history-britannica,Czechoslovak history,Encyclopaedia Britannica,https://www.britannica.com/topic/Czechoslovak-history,encyclopedia,,
CZE:czechoslovak-history-national-awakening,CZE,czechoslovak-history-national-awakening,Czechoslovak history: National awakening and the rise of constitutionalism,Encyclopaedia Britannica,https://www.britannica.com/topic/Czechoslovak-history/National-awakening-and-the-rise-of-constitutionalism,encyclopedia,,
CZE:masaryk-britannica,CZE,masaryk-britannica,Tomas Masaryk,Encyclopaedia Britannica,https://www.britannica.com/biography/Tomas-Masaryk,encyclopedia,,
CZE:benes-britannica,CZE,benes-britannica,Edvard Benes,Encyclopaedia Britannica,https://www.britannica.com/biography/Edvard-Benes,encyclopedia,,
CZE:munich-britannica,CZE,munich-britannica,Munich Agreement,Encyclopaedia Britannica,https://www.britannica.com/event/Munich-Agreement,encyclopedia,,
CZE:sudetenland-britannica,CZE,sudetenland-britannica,Sudetenland,Encyclopaedia Britannica,https://www.britannica.com/place/Sudetenland,encyclopedia,,
CZE:munich-ushmm,CZE,munich-ushmm,Munich Agreement,United States Holocaust Memorial Museum,https://encyclopedia.ushmm.org/content/en/timeline-event/holocaust/1933-1938/munich-agreement,museum,,
CZE:czechoslovakia-ushmm,CZE,czechoslovakia-ushmm,Czechoslovakia,United States Holocaust Memorial Museum,https://encyclopedia.ushmm.org/content/en/article/czechoslovakia,museum,,
CZE:foundation-national-museum,CZE,foundation-national-museum,Foundation of Czechoslovakia,"National Museum, Prague (Google Arts & Culture)",https://artsandculture.google.com/story/foundation-of-czechoslovakia-national-museum-prague/zAXBJvQpMS8GIw,museum,,
CZE:potsdam-britannica,CZE,potsdam-britannica,Potsdam Conference,Encyclopaedia Britannica,https://www.britannica.com/event/Potsdam-Conference,encyclopedia,,
CZE:prague-spring-britannica,CZE,prague-spring-britannica,Prague Spring,Encyclopaedia Britannica,https://www.britannica.com/event/Prague-Spring,encyclopedia,,
CZE:warsaw-pact-britannica,CZE,warsaw-pact-britannica,Warsaw Pact,Encyclopaedia Britannica,https://www.britannica.com/event/Warsaw-Pact,encyclopedia,,
CZE:velvet-revolution-britannica,CZE,velvet-revolution-britannica,Velvet Revolution,Encyclopaedia Britannica,https://www.britannica.com/topic/Velvet-Revolution,encyclopedia,,
CZE:velvet-divorce-britannica,CZE,velvet-divorce-britannica,Velvet Divorce,Encyclopaedia Britannica,https://www.britannica.com/topic/Velvet-Divorce,encyclopedia,,
CZE:havel-britannica,CZE,havel-britannica,Vaclav Havel,Encyclopaedia Britannica,https://www.britannica.com/biography/Vaclav-Havel,encyclopedia,,
CZE:dubcek-britannica,CZE,dubcek-britannica,Alexander Dubcek,Encyclopaedia Britannica,https://www.britannica.com/biography/Alexander-Dubcek,encyclopedia,,
CZE:nato-membership,CZE,nato-membership,NATO member countries (Czechia joined 12 March 1999),North Atlantic Treaty Organization (NATO),https://www.nato.int/en/about-us/organization/nato-member-countries,gov,,
CZE:eu-enlargement-commission,CZE,eu-enlargement-commission,20 years together: the 2004 EU enlargement,European Commission,https://commission.europa.eu/topics/enlargement/20-years-together_en,gov,,
CZE:wikipedia-duchy-bohemia,CZE,wikipedia-duchy-bohemia,Duchy of Bohemia,Wikipedia,https://en.wikipedia.org/wiki/Duchy_of_Bohemia,reference,,
CZE:wikipedia-white-mountain,CZE,wikipedia-white-mountain,Battle of White Mountain,Wikipedia,https://en.wikipedia.org/wiki/Battle_of_White_Mountain,reference,,
CZE:wikipedia-czechoslovakia,CZE,wikipedia-czechoslovakia,Czechoslovakia,Wikipedia,https://en.wikipedia.org/wiki/Czechoslovakia,reference,,
CZE:statedept-czechia,CZE,statedept-czechia,A Guide to the United States' History of Recognition: Czechia,"U.S. Department of State, Office of the Historian",https://history.state.gov/countries/czech-republic,gov,,
DEU:germany-britannica,DEU,germany-britannica,Germany,Encyclopaedia Britannica,https://www.britannica.com/place/Germany,encyclopedia,,
DEU:teutoburg-britannica,DEU,teutoburg-britannica,Battle of the Teutoburg Forest,Encyclopaedia Britannica,https://www.britannica.com/event/Battle-of-the-Teutoburg-Forest,encyclopedia,,
DEU:charlemagne-britannica,DEU,charlemagne-britannica,Charlemagne,Encyclopaedia Britannica,https://www.britannica.com/biography/Charlemagne,encyclopedia,,
DEU:verdun-britannica,DEU,verdun-britannica,Treaty of Verdun,Encyclopaedia Britannica,https://www.britannica.com/event/Treaty-of-Verdun,encyclopedia,,
DEU:otto-britannica,DEU,otto-britannica,962: The Establishment of the Holy Roman Empire,Deutschlandmuseum,https://www.deutschlandmuseum.de/en/history/calendar/962-02-02-the-establishment-of-the-holy-roman-empire/,museum,,
DEU:theses-britannica,DEU,theses-britannica,Ninety-five Theses,Encyclopaedia Britannica,https://www.britannica.com/event/Ninety-five-Theses,encyclopedia,,
DEU:augsburg-britannica,DEU,augsburg-britannica,Peace of Augsburg,Encyclopaedia Britannica,https://www.britannica.com/event/Peace-of-Augsburg,encyclopedia,,
DEU:westphalia-britannica,DEU,westphalia-britannica,Peace of Westphalia,Encyclopaedia Britannica,https://www.britannica.com/event/Peace-of-Westphalia,encyclopedia,,
DEU:francis-britannica,DEU,francis-britannica,"Francis II, Holy Roman Emperor",Encyclopaedia Britannica,https://www.britannica.com/biography/Francis-II-Holy-Roman-emperor,encyclopedia,,
DEU:versailles-chateau,DEU,versailles-chateau,"Proclamation of the German Empire, 1871",Château de Versailles,https://en.chateauversailles.fr/discover/history/key-dates/proclamation-german-empire-1871,museum,,
DEU:weimar-bundestag,DEU,weimar-bundestag,The Weimar Republic (1918–1933),German Bundestag,https://www.bundestag.de/en/parliament/history,gov,,
DEU:ushmm-keydates,DEU,ushmm-keydates,The Holocaust and World War II: Key Dates,United States Holocaust Memorial Museum,https://encyclopedia.ushmm.org/content/en/article/the-holocaust-and-world-war-ii-key-dates,museum,,
DEU:unity-deutschland,DEU,unity-deutschland,Day of German Unity: Facts and History,Federal Foreign Office (deutschland.de),https://www.deutschland.de/en,gov,,
DEU:wikipedia-unification-germany,DEU,wikipedia-unification-germany,Unification of Germany,Wikipedia,https://en.wikipedia.org/wiki/Unification_of_Germany,reference,,
DJI:britannica-djibouti,DJI,britannica-djibouti,Djibouti (country and history),Encyclopaedia Britannica,https://www.britannica.com/place/Djibouti,encyclopedia,,
DJI:britannica-babelmandeb,DJI,britannica-babelmandeb,Bab el-Mandeb Strait,Encyclopaedia Britannica,https://www.britannica.com/place/Bab-El-Mandeb-Strait,encyclopedia,,
DJI:wikipedia-history-djibouti,DJI,wikipedia-history-djibouti,History of Djibouti,Wikipedia,https://en.wikipedia.org/wiki/History_of_Djibouti,reference,,
DJI:newworld-djibouti,DJI,newworld-djibouti,Djibouti,New World Encyclopedia,https://www.newworldencyclopedia.org/entry/Djibouti,reference,,
DJI:france-diplomatie-djibouti,DJI,france-diplomatie-djibouti,Historique des relations franco-djiboutiennes jusqu'à l'indépendance (1977),La France à Djibouti (French Ministry for Europe and Foreign Affairs),https://dj.diplomatie.gouv.fr/relations-bilaterales/historique-des-relations-franco-djiboutiennes-jusqua-lindependance-1977,gov,,
DJI:wikipedia-lagarde,DJI,wikipedia-lagarde,Léonce Lagarde,Wikipedia,https://en.wikipedia.org/wiki/L%C3%A9once_Lagarde,reference,,
DJI:wikipedia-railway,DJI,wikipedia-railway,Ethio-Djibouti Railways,Wikipedia,https://en.wikipedia.org/wiki/Ethio-Djibouti_Railways,reference,,
DJI:africanews-railway,DJI,africanews-railway,100-year-old Ethiopia's French-built railway remains vital for residents,Africanews,https://www.africanews.com/2022/12/08/100-year-old-ethiopias-french-built-railway-remains-vital-for-residents/,reference,,
DJI:wikipedia-aptidon,DJI,wikipedia-aptidon,Hassan Gouled Aptidon,Wikipedia,https://en.wikipedia.org/wiki/Hassan_Gouled_Aptidon,reference,,
DJI:wikipedia-civilwar,DJI,wikipedia-civilwar,Djiboutian Civil War,Wikipedia,https://en.wikipedia.org/wiki/Djiboutian_Civil_War,reference,,
DJI:wikipedia-frud,DJI,wikipedia-frud,Front for the Restoration of Unity and Democracy,Wikipedia,https://en.wikipedia.org/wiki/Front_for_the_Restoration_of_Unity_and_Democracy,reference,,
DJI:newhumanitarian-frud,DJI,newhumanitarian-frud,Djibouti: Peace agreement addresses Afar discontent,The New Humanitarian,https://www.thenewhumanitarian.org/report/21194/djibouti-peace-agreement-addresses-afar-discontent,reference,,
DJI:wikipedia-guelleh,DJI,wikipedia-guelleh,Ismaïl Omar Guelleh,Wikipedia,https://en.wikipedia.org/wiki/Isma%C3%AFl_Omar_Guelleh,reference,,
DJI:wikipedia-pla-base,DJI,wikipedia-pla-base,People's Liberation Army Support Base in Djibouti,Wikipedia,https://en.wikipedia.org/wiki/People%27s_Liberation_Army_Support_Base_in_Djibouti,reference,,
DJI:crs-china-djibouti,DJI,crs-china-djibouti,China's Engagement in Djibouti,Congressional Research Service (Library of Congress),https://www.congress.gov/crs-product/IF11304,gov,,
DJI:wikipedia-foreign-bases,DJI,wikipedia-foreign-bases,Foreign military bases in Djibouti,Wikipedia,https://en.wikipedia.org/wiki/Foreign_military_bases_in_Djibouti,reference,,
DJI:statedept-djibouti,DJI,statedept-djibouti,A Guide to the United States' History of Recognition: Djibouti,"U.S. Department of State, Office of the Historian",https://history.state.gov/countries/djibouti,gov,,
DNK:jelling-unesco,DNK,jelling-unesco,"Jelling Mounds, Runic Stones and Church",UNESCO World Heritage Centre,https://whc.unesco.org/en/list/697/,gov,,
DNK:natmus-jelling-stone,DNK,natmus-jelling-stone,The Jelling Stone,National Museum of Denmark,https://en.natmus.dk/historical-knowledge/denmark/prehistoric-period-until-1050-ad/the-viking-age/the-monuments-at-jelling/the-jelling-stone/,museum,,
DNK:natmus-gorm-harald,DNK,natmus-gorm-harald,"Gorm the Old, Harald Bluetooth and Svein Forkbeard",National Museum of Denmark,https://en.natmus.dk/historical-knowledge/denmark/prehistoric-period-until-1050-ad/the-viking-age/the-monuments-at-jelling/gorm-the-old-harald-bluetooth-and-svein-forkbeard/,museum,,
DNK:harald-britannica,DNK,harald-britannica,"Harald I, king of Denmark",Encyclopaedia Britannica,https://www.britannica.com/biography/Harald-I-king-of-Denmark,encyclopedia,,
DNK:denmark-viking-britannica,DNK,denmark-viking-britannica,Denmark: The Viking era,Encyclopaedia Britannica,https://www.britannica.com/place/Denmark/The-Viking-era,encyclopedia,,
DNK:kalmar-britannica,DNK,kalmar-britannica,Kalmar Union,Encyclopaedia Britannica,https://www.britannica.com/place/Kalmar-Union,encyclopedia,,
DNK:margaret-britannica,DNK,margaret-britannica,"Margaret I, queen of Scandinavia",Encyclopaedia Britannica,https://www.britannica.com/biography/Margaret-I,encyclopedia,,
DNK:denmark-margaret-britannica,DNK,denmark-margaret-britannica,Denmark: Margaret I and the Kalmar Union,Encyclopaedia Britannica,https://www.britannica.com/place/Denmark/Margaret-I-and-the-Kalmar-Union,encyclopedia,,
DNK:christian-iii-britannica,DNK,christian-iii-britannica,"Christian III, king of Denmark and Norway",Encyclopaedia Britannica,https://www.britannica.com/biography/Christian-III,encyclopedia,,
DNK:denmark-reformation-britannica,DNK,denmark-reformation-britannica,Denmark: Reformation and war,Encyclopaedia Britannica,https://www.britannica.com/place/Denmark/Reformation-and-war,encyclopedia,,
DNK:roskilde-britannica,DNK,roskilde-britannica,Treaty of Roskilde (1658),Encyclopaedia Britannica,https://www.britannica.com/topic/Treaty-of-Roskilde,encyclopedia,,
DNK:copenhagen-treaty-britannica,DNK,copenhagen-treaty-britannica,Treaty of Copenhagen,Encyclopaedia Britannica,https://www.britannica.com/topic/Treaty-of-Copenhagen,encyclopedia,,
DNK:kiel-britannica,DNK,kiel-britannica,Treaty of Kiel,Encyclopaedia Britannica,https://www.britannica.com/event/Treaty-of-Kiel,encyclopedia,,
DNK:frederick-vii-britannica,DNK,frederick-vii-britannica,"Frederick VII, king of Denmark",Encyclopaedia Britannica,https://www.britannica.com/biography/Frederick-VII,encyclopedia,,
DNK:natmus-nation-state,DNK,natmus-nation-state,The nation state (1848-1915),National Museum of Denmark,https://en.natmus.dk/historical-knowledge/denmark/the-nation-state-1848-1915/,museum,,
DNK:denmark-dk-history,DNK,denmark-dk-history,The history of Denmark: From vikings to social welfare state,Ministry of Foreign Affairs of Denmark (denmark.dk),https://denmark.dk/people-and-culture/history/,gov,,
DNK:german-danish-war-britannica,DNK,german-danish-war-britannica,German-Danish War,Encyclopaedia Britannica,https://www.britannica.com/event/German-Danish-War,encyclopedia,,
DNK:german-danish-settlement-britannica,DNK,german-danish-settlement-britannica,German-Danish War: War and the final settlement of the Schleswig-Holstein question,Encyclopaedia Britannica,https://www.britannica.com/event/German-Danish-War/War-and-the-final-settlement-of-the-Schleswig-Holstein-question,encyclopedia,,
DNK:schleswig-plebiscite-nordics,DNK,schleswig-plebiscite-nordics,The reunification of Denmark in 1920,nordics.info (Aarhus University),https://nordics.info/show/artikel/the-reunification-of-denmark-in-1920,academic,,
DNK:natmus-occupation,DNK,natmus-occupation,German occupation (1940-1945),National Museum of Denmark,https://en.natmus.dk/historical-knowledge/denmark/german-occupation-1940-1945/,museum,,
DNK:denmark-history-state,DNK,denmark-history-state,"A Guide to the History of Recognition, Diplomatic, and Consular Relations: Denmark","U.S. Department of State, Office of the Historian",https://history.state.gov/countries/denmark,gov,,
DNK:nato-britannica,DNK,nato-britannica,North Atlantic Treaty Organization (NATO),Encyclopaedia Britannica,https://www.britannica.com/topic/North-Atlantic-Treaty-Organization,encyclopedia,,
DNK:eastern-greenland-pcij,DNK,eastern-greenland-pcij,"Legal Status of Eastern Greenland (Denmark v. Norway), Judgment, 5 April 1933",Permanent Court of International Justice (worldcourts.com),https://www.worldcourts.com/pcij/eng/decisions/1933.04.05_greenland.htm,primary,,
DNK:greenland-faroe-um,DNK,greenland-faroe-um,Greenland and The Faroe Islands,Ministry of Foreign Affairs of Denmark (um.dk),https://um.dk/en/foreign-policy/the-arctic/greenland-and-the-faroe-islands/,gov,,
DNK:hans-island-cangeo,DNK,hans-island-cangeo,"Canada, Denmark end 50-year 'Whiskey War' over Hans Island",Canadian Geographic (Royal Canadian Geographical Society),https://canadiangeographic.ca/articles/canada-denmark-end-50-year-whiskey-war-over-hans-island/,reference,,
DNK:wikipedia-jelling-stones,DNK,wikipedia-jelling-stones,Jelling stones,Wikipedia,https://en.wikipedia.org/wiki/Jelling_stones,reference,,
DNK:wikipedia-denmark,DNK,wikipedia-denmark,Denmark,Wikipedia,https://en.wikipedia.org/wiki/Denmark,reference,,
DOM:britannica-dr,DOM,britannica-dr,History of the Dominican Republic,Encyclopaedia Britannica,https://www.britannica.com/topic/history-of-Dominican-Republic,encyclopedia,,
DOM:britannica-hispaniola,DOM,britannica-hispaniola,Hispaniola,Encyclopaedia Britannica,https://www.britannica.com/place/Hispaniola,encyclopedia,,
DOM:britannica-santo-domingo,DOM,britannica-santo-domingo,Santo Domingo,Encyclopaedia Britannica,https://www.britannica.com/place/Santo-Domingo,encyclopedia,,
DOM:britannica-duarte,DOM,britannica-duarte,Juan Pablo Duarte,Encyclopaedia Britannica,https://www.britannica.com/biography/Juan-Pablo-Duarte,encyclopedia,,
DOM:britannica-trujillo,DOM,britannica-trujillo,Rafael Trujillo,Encyclopaedia Britannica,https://www.britannica.com/biography/Rafael-Trujillo,encyclopedia,,
DOM:britannica-parsley-massacre,DOM,britannica-parsley-massacre,Parsley Massacre,Encyclopaedia Britannica,https://www.britannica.com/event/Parsley-Massacre,encyclopedia,,
DOM:britannica-bosch,DOM,britannica-bosch,Juan Bosch,Encyclopaedia Britannica,https://www.britannica.com/biography/Juan-Bosch,encyclopedia,,
DOM:britannica-balaguer,DOM,britannica-balaguer,Joaquin Balaguer,Encyclopaedia Britannica,https://www.britannica.com/biography/Joaquin-Balaguer,encyclopedia,,
DOM:britannica-basel,DOM,britannica-basel,French Revolutionary Wars: the campaigns and peace of 1795,Encyclopaedia Britannica,https://www.britannica.com/event/French-revolutionary-wars,encyclopedia,,
DOM:unesco-santo-domingo,DOM,unesco-santo-domingo,Colonial City of Santo Domingo,UNESCO World Heritage Centre,https://whc.unesco.org/en/list/526/,gov,,
DOM:history-state-occupation,DOM,history-state-occupation,"Dominican Republic, 1916-1924","U.S. Department of State, Office of the Historian",https://2001-2009.state.gov/r/pa/ho/time/wwi/108649.htm,gov,,
DOM:history-state-milestones,DOM,history-state-milestones,"Milestones in the History of U.S. Foreign Relations, 1961-1968","U.S. Department of State, Office of the Historian",https://history.state.gov/milestones/1961-1968/foreword,gov,,
DOM:loc-country-study,DOM,loc-country-study,Dominican Republic and Haiti: Country Studies,"U.S. Library of Congress, Federal Research Division",https://www.loc.gov/item/2001023524,gov,,
DOM:worldbank-dr,DOM,worldbank-dr,Dominican Republic Overview,The World Bank,https://www.worldbank.org/en/country/dominicanrepublic/overview,gov,,
DOM:statedept-dominican,DOM,statedept-dominican,A Guide to the United States' History of Recognition: Dominican Republic,"U.S. Department of State, Office of the Historian",https://history.state.gov/countries/dominican-republic,gov,,
DZA:britannica-masinissa,DZA,britannica-masinissa,Masinissa,Encyclopaedia Britannica,https://www.britannica.com/biography/Masinissa,encyclopedia,,
DZA:ebsco-numidia-mauretania,DZA,ebsco-numidia-mauretania,Berber Kingdoms of Numidia and Mauretania,EBSCO Research Starters,https://www.ebsco.com/research-starters/history/berber-kingdoms-numidia-and-mauretania,reference,,
DZA:unesco-timgad,DZA,unesco-timgad,Timgad,UNESCO World Heritage Centre,https://whc.unesco.org/en/list/194/,gov,,
DZA:worldhistory-roman-algeria,DZA,worldhistory-roman-algeria,The Splendours of Roman Algeria,World History Encyclopedia,https://www.worldhistory.org/article/2179/the-splendours-of-roman-algeria/,encyclopedia,,
DZA:britannica-history-algeria,DZA,britannica-history-algeria,History of Algeria,Encyclopaedia Britannica,https://www.britannica.com/topic/history-of-Algeria,encyclopedia,,
DZA:britannica-north-africa-vandals,DZA,britannica-north-africa-vandals,North Africa: The Vandal conquest,Encyclopaedia Britannica,https://www.britannica.com/place/North-Africa/The-Vandal-conquest,encyclopedia,,
DZA:worldhistory-tricamarum,DZA,worldhistory-tricamarum,Battle of Tricamarum,World History Encyclopedia,https://www.worldhistory.org/article/1282/battle-of-tricamarum/,encyclopedia,,
DZA:britannica-uqba,DZA,britannica-uqba,ʿUqbah ibn Nāfiʿ,Encyclopaedia Britannica,https://www.britannica.com/biography/Uqbah-ibn-Nafi,encyclopedia,,
DZA:wiki-muslim-conquest-maghreb,DZA,wiki-muslim-conquest-maghreb,Muslim conquest of the Maghreb,Wikipedia,https://en.wikipedia.org/wiki/Muslim_conquest_of_the_Maghreb,reference,,
DZA:wiki-kahina,DZA,wiki-kahina,Kahina,Wikipedia,https://en.wikipedia.org/wiki/Kahina,reference,,
DZA:unesco-beni-hammad,DZA,unesco-beni-hammad,Al Qal'a of Beni Hammad,UNESCO World Heritage Centre,https://whc.unesco.org/en/list/102/,gov,,
DZA:wiki-history-algeria,DZA,wiki-history-algeria,History of Algeria,Wikipedia,https://en.wikipedia.org/wiki/History_of_Algeria,reference,,
DZA:britannica-barbarossa,DZA,britannica-barbarossa,From Pirate to Admiral: The Tale of Barbarossa,Encyclopaedia Britannica,https://www.britannica.com/story/from-pirate-to-admiral-the-tale-of-barbarossa,encyclopedia,,
DZA:wiki-regency-algiers,DZA,wiki-regency-algiers,Regency of Algiers,Wikipedia,https://en.wikipedia.org/wiki/Regency_of_Algiers,reference,,
DZA:ebsco-france-conquers-algeria,DZA,ebsco-france-conquers-algeria,France Conquers Algeria,EBSCO Research Starters,https://www.ebsco.com/research-starters/military-history-and-science/france-conquers-algeria,reference,,
DZA:britannica-abdelkader,DZA,britannica-abdelkader,Abdelkader,Encyclopaedia Britannica,https://www.britannica.com/biography/Abdelkader,encyclopedia,,
DZA:ebsco-french-occupation-algeria,DZA,ebsco-french-occupation-algeria,French occupation of Algeria,EBSCO Research Starters,https://www.ebsco.com/research-starters/military-history-and-science/french-occupation-algeria,reference,,
DZA:ebsco-algerian-war,DZA,ebsco-algerian-war,Algerian War,EBSCO Research Starters,https://www.ebsco.com/research-starters/military-history-and-science/algerian-war,reference,,
DZA:lumen-algerian-war,DZA,lumen-algerian-war,The Algerian War of Independence,Lumen Learning / SUNY World History,https://courses.lumenlearning.com/suny-worldhistory/chapter/33-1-2-the-algerian-war-of-independence/,academic,,
DZA:state-algeria,DZA,state-algeria,A Guide to the United States' History of Recognition: Algeria,"U.S. Department of State, Office of the Historian",https://history.state.gov/countries/algeria,gov,,
DZA:britannica-ben-bella,DZA,britannica-ben-bella,Ahmed Ben Bella,Encyclopaedia Britannica,https://www.britannica.com/biography/Ahmed-Ben-Bella,encyclopedia,,
DZA:blackpast-ben-bella,DZA,blackpast-ben-bella,Ahmed Ben Bella (1916–2012),BlackPast.org,https://blackpast.org/global-african-history/ahmed-ben-bella-1916-2012/,reference,,
DZA:britannica-boumediene,DZA,britannica-boumediene,Houari Boumedienne,Encyclopaedia Britannica,https://www.britannica.com/biography/Houari-Boumedienne,encyclopedia,,
DZA:ebsco-boumedienne-coup,DZA,ebsco-boumedienne-coup,Boumédienne Seizes Power from Dictator in Algeria,EBSCO Research Starters,https://www.ebsco.com/research-starters/history/boumedienne-seizes-power-dictator-algeria,reference,,
DZA:britannica-civil-war,DZA,britannica-civil-war,Algeria: Civil war—the Islamists versus the army,Encyclopaedia Britannica,https://www.britannica.com/place/Algeria/Civil-war-the-Islamists-versus-the-army,encyclopedia,,
DZA:wiki-1992-coup,DZA,wiki-1992-coup,1992 Algerian coup d'état,Wikipedia,https://en.wikipedia.org/wiki/1992_Algerian_coup_d%27%C3%A9tat,reference,,
DZA:britannica-bouteflika,DZA,britannica-bouteflika,Abdelaziz Bouteflika,Encyclopaedia Britannica,https://www.britannica.com/biography/Abdelaziz-Bouteflika,encyclopedia,,
DZA:wiki-hirak,DZA,wiki-hirak,"Hirak (Algeria), 2019–2020 protests",Wikipedia,https://en.wikipedia.org/wiki/2019%E2%80%9320_Algerian_protests,reference,,
DZA:nwe-barbarossa,DZA,nwe-barbarossa,Hayreddin Barbarossa,New World Encyclopedia,https://www.newworldencyclopedia.org/entry/Hayreddin_Barbarossa,encyclopedia,,
ECU:britannica-ecuador-history,ECU,britannica-ecuador-history,History of Ecuador,Encyclopaedia Britannica,https://www.britannica.com/topic/history-of-Ecuador,encyclopedia,,
ECU:britannica-atahualpa,ECU,britannica-atahualpa,Atahuallpa,Encyclopaedia Britannica,https://www.britannica.com/biography/Atahuallpa,encyclopedia,,
ECU:britannica-benalcazar,ECU,britannica-benalcazar,Sebastian de Benalcazar,Encyclopaedia Britannica,https://www.britannica.com/biography/Sebastian-de-Benalcazar,encyclopedia,,
ECU:britannica-pichincha,ECU,britannica-pichincha,Battle of Pichincha,Encyclopaedia Britannica,https://www.britannica.com/event/Battle-of-Pichincha,encyclopedia,,
ECU:britannica-grancolombia,ECU,britannica-grancolombia,Gran Colombia,Encyclopaedia Britannica,https://www.britannica.com/place/Gran-Colombia,encyclopedia,,
ECU:britannica-bolivar,ECU,britannica-bolivar,Simon Bolivar,Encyclopaedia Britannica,https://www.britannica.com/biography/Simon-Bolivar,encyclopedia,,
ECU:encyclopedia-espejo,ECU,encyclopedia-espejo,"Santa Cruz y Espejo, Francisco Javier Eugenio de (1747-1795)",Encyclopedia.com (Encyclopedia of Latin American History and Culture),https://www.encyclopedia.com/humanities/encyclopedias-almanacs-transcripts-and-maps/santa-cruz-y-espejo-francisco-javier-eugenio-de-1747-1795,reference,,
ECU:encyclopedia-quito-school,ECU,encyclopedia-quito-school,Quito School of Art,Encyclopedia.com (Encyclopedia of Latin American History and Culture),https://www.encyclopedia.com/humanities/encyclopedias-almanacs-transcripts-and-maps/quito-school-art,reference,,
ECU:unesco-quito,ECU,unesco-quito,City of Quito,UNESCO World Heritage Centre,https://whc.unesco.org/en/list/2,gov,,
ECU:unesco-galapagos,ECU,unesco-galapagos,Galapagos Islands,UNESCO World Heritage Centre,https://whc.unesco.org/en/list/1,gov,,
ECU:galapagos-conservancy-history,ECU,galapagos-conservancy-history,History of Galapagos,Galapagos Conservancy,https://www.galapagos.org/about_galapagos/history/,reference,,
ECU:darwin-foundation,ECU,darwin-foundation,About Galapagos,Charles Darwin Foundation,https://www.darwinfoundation.org/en/visit-galapagos/about-galapagos/,academic,,
ECU:loc-ecuador,ECU,loc-ecuador,Ecuador: A Country Study,"U.S. Library of Congress, Country Studies",https://www.loc.gov/item/91009494/,gov,,
ECU:worldbank-ecuador,ECU,worldbank-ecuador,The World Bank in Ecuador: Overview,The World Bank,https://www.worldbank.org/en/country/ecuador/overview,gov,,
ECU:usembassy-ecuador-emergency,ECU,usembassy-ecuador-emergency,Security Alert: Nationwide State of Emergency in Ecuador (January 2024),U.S. Embassy in Ecuador,https://ec.usembassy.gov/security-alert-12-january-2024-nationwide-state-of-emergency-in-ecuador/,gov,,
ECU:statedept-ecuador,ECU,statedept-ecuador,A Guide to the United States' History of Recognition: Ecuador,"U.S. Department of State, Office of the Historian",https://history.state.gov/countries/ecuador,gov,,
EGY:worldhistory-narmer,EGY,worldhistory-narmer,Narmer,World History Encyclopedia,https://www.worldhistory.org/Narmer/,encyclopedia,,
EGY:worldhistory-ptolemaic,EGY,worldhistory-ptolemaic,Ptolemaic Dynasty,World History Encyclopedia,https://www.worldhistory.org/Ptolemaic_Dynasty/,encyclopedia,,
EGY:britannica-ancient-egypt-old-kingdom,EGY,britannica-ancient-egypt-old-kingdom,Ancient Egypt: The Old Kingdom and the First Intermediate Period,Encyclopaedia Britannica,https://www.britannica.com/place/ancient-Egypt,encyclopedia,,
EGY:unesco-memphis,EGY,unesco-memphis,Memphis and its Necropolis – the Pyramid Fields from Giza to Dahshur,UNESCO World Heritage Centre,https://whc.unesco.org/en/list/86,gov,,
EGY:wikipedia-arab-conquest,EGY,wikipedia-arab-conquest,Arab conquest of Egypt,Wikipedia,https://en.wikipedia.org/wiki/Arab_conquest_of_Egypt,reference,,
EGY:britannica-ayyubid,EGY,britannica-ayyubid,Egypt: The Ayyubid dynasty (1171–1250),Encyclopaedia Britannica,https://www.britannica.com/place/Egypt,encyclopedia,,
EGY:britannica-saladin,EGY,britannica-saladin,Saladin,Encyclopaedia Britannica,https://www.britannica.com/biography/Saladin,encyclopedia,,
EGY:britannica-ottoman-egypt,EGY,britannica-ottoman-egypt,Egypt: Ottoman administration,Encyclopaedia Britannica,https://www.britannica.com/place/Egypt,encyclopedia,,
EGY:britannica-suez-crisis,EGY,britannica-suez-crisis,Suez Crisis,Encyclopaedia Britannica,https://www.britannica.com/event/Suez-Crisis,encyclopedia,,
EGY:wikipedia-1919-revolution,EGY,wikipedia-1919-revolution,Egyptian revolution of 1919,Wikipedia,https://en.wikipedia.org/wiki/Egyptian_revolution_of_1919,reference,,
EGY:britannica-nasser,EGY,britannica-nasser,Gamal Abdel Nasser,Encyclopaedia Britannica,https://www.britannica.com/biography/Gamal-Abdel-Nasser,encyclopedia,,
EGY:britannica-sadat,EGY,britannica-sadat,Anwar Sadat,Encyclopaedia Britannica,https://www.britannica.com/biography/Anwar-Sadat,encyclopedia,,
EGY:wikipedia-declaration-republic,EGY,wikipedia-declaration-republic,Egyptian revolution of 1952,Wikipedia,https://en.wikipedia.org/wiki/Egyptian_revolution_of_1952,reference,,
EGY:wikipedia-narmer,EGY,wikipedia-narmer,Narmer,Wikipedia,https://en.wikipedia.org/wiki/Narmer,reference,,
EGY:wikipedia-fatimid,EGY,wikipedia-fatimid,Fatimid Caliphate,Wikipedia,https://en.wikipedia.org/wiki/Fatimid_Caliphate,reference,,
EGY:wikipedia-egypt-eyalet,EGY,wikipedia-egypt-eyalet,Egypt Eyalet,Wikipedia,https://en.wikipedia.org/wiki/Egypt_Eyalet,reference,,
EGY:wikipedia-muhammad-ali-dynasty,EGY,wikipedia-muhammad-ali-dynasty,Muhammad Ali dynasty,Wikipedia,https://en.wikipedia.org/wiki/Muhammad_Ali_dynasty,reference,,
ERI:jstor-adulis,ERI,jstor-adulis,"The Ancient Red Sea Port of Adulis, Eritrea (Eritro-British Expedition report)",JSTOR,https://www.jstor.org/stable/j.ctvh1dpst,academic,,
ERI:newworld-aksum,ERI,newworld-aksum,Aksumite Empire,New World Encyclopedia,https://www.newworldencyclopedia.org/entry/Aksumite_Empire,encyclopedia,,
ERI:wiki-eritrea-history,ERI,wiki-eritrea-history,History of Eritrea,Wikipedia,https://en.wikipedia.org/wiki/History_of_Eritrea,reference,,
ERI:britannica-massawa,ERI,britannica-massawa,Massawa,Encyclopaedia Britannica,https://www.britannica.com/place/Massawa,encyclopedia,,
ERI:wiki-massawa,ERI,wiki-massawa,Massawa,Wikipedia,https://en.wikipedia.org/wiki/Massawa,reference,,
ERI:factbook-eritrea,ERI,factbook-eritrea,Eritrea: People and Society,CIA World Factbook,https://www.cia.gov/the-world-factbook/countries/eritrea/,gov,,
ERI:wiki-italian-eritrea,ERI,wiki-italian-eritrea,Italian Eritrea,Wikipedia,https://en.wikipedia.org/wiki/Italian_Eritrea,reference,,
ERI:worldhistory-italian-eritrea,ERI,worldhistory-italian-eritrea,Italian Colonialism in Eritrea,World History Encyclopedia,https://www.worldhistory.org/article/2695/italian-colonialism-in-eritrea/,encyclopedia,,
ERI:britannica-adwa,ERI,britannica-adwa,Battle of Adwa,Encyclopaedia Britannica,https://www.britannica.com/event/Battle-of-Adwa,encyclopedia,,
ERI:blackpast-adwa,ERI,blackpast-adwa,"Battle of Adwa (Adowa), 1896",BlackPast.org,https://www.blackpast.org/global-african-history/perspectives-global-african-history/battle-adwa-adowa-1896/,reference,,
ERI:unesco-asmara,ERI,unesco-asmara,Asmara: A Modernist City of Africa,UNESCO World Heritage Centre,https://whc.unesco.org/en/list/1550/,gov,,
ERI:wiki-second-italo,ERI,wiki-second-italo,Second Italo-Ethiopian War,Wikipedia,https://en.wikipedia.org/wiki/Second_Italo-Ethiopian_War,reference,,
ERI:wiki-keren,ERI,wiki-keren,Battle of Keren,Wikipedia,https://en.wikipedia.org/wiki/Battle_of_Keren,reference,,
ERI:wiki-bma-eritrea,ERI,wiki-bma-eritrea,British Military Administration (Eritrea),Wikipedia,https://en.wikipedia.org/wiki/British_Military_Administration_(Eritrea),reference,,
ERI:wiki-federation,ERI,wiki-federation,Federation of Ethiopia and Eritrea,Wikipedia,https://en.wikipedia.org/wiki/Federation_of_Ethiopia_and_Eritrea,reference,,
ERI:history-state-eritrea,ERI,history-state-eritrea,A Guide to the United States' History of Recognition: Eritrea,"U.S. Department of State, Office of the Historian",https://history.state.gov/countries/eritrea,gov,,
ERI:wiki-eritrean-war,ERI,wiki-eritrean-war,Eritrean War of Independence,Wikipedia,https://en.wikipedia.org/wiki/Eritrean_War_of_Independence,reference,,
ERI:wiki-eplf,ERI,wiki-eplf,Eritrean People's Liberation Front,Wikipedia,https://en.wikipedia.org/wiki/Eritrean_People%27s_Liberation_Front,reference,,
ERI:csis-eritrea,ERI,csis-eritrea,Eritrea: The Independence Struggle and the Struggles of Independence,Center for Strategic and International Studies (CSIS),https://www.csis.org/analysis/eritrea-independence-struggle-and-struggles-independence,academic,,
ERI:wiki-referendum,ERI,wiki-referendum,1993 Eritrean independence referendum,Wikipedia,https://en.wikipedia.org/wiki/1993_Eritrean_independence_referendum,reference,,
ERI:wiki-1998-invasion,ERI,wiki-1998-invasion,Eritrean-Ethiopian War (1998 invasion of Ethiopia),Wikipedia,https://en.wikipedia.org/wiki/1998_Eritrean_invasion_of_Ethiopia,reference,,
ERI:wiki-algiers,ERI,wiki-algiers,Algiers Agreement (2000),Wikipedia,https://en.wikipedia.org/wiki/Algiers_Agreement_(2000),reference,,
ERI:hrw-peace-deal,ERI,hrw-peace-deal,Eritrea-Ethiopia Peace Deal Offers Hope for Reform,Human Rights Watch,https://www.hrw.org/news/2018/07/18/eritrea-ethiopia-peace-deal-offers-hope-reform,reference,,
ESP:spain-britannica,ESP,spain-britannica,Spain,Encyclopaedia Britannica,https://www.britannica.com/place/Spain,encyclopedia,,
ESP:visigoths-britannica,ESP,visigoths-britannica,Visigoth,Encyclopaedia Britannica,https://www.britannica.com/topic/Visigoth,encyclopedia,,
ESP:alandalus-britannica,ESP,alandalus-britannica,Al-Andalus,Encyclopaedia Britannica,https://www.britannica.com/place/Al-Andalus,encyclopedia,,
ESP:met-umayyad-spain,ESP,met-umayyad-spain,The Art of the Umayyad Period in Spain (711–1031),The Metropolitan Museum of Art,https://www.metmuseum.org/essays/the-art-of-the-umayyad-period-in-spain-711-1031,museum,,
ESP:alhambra-unesco,ESP,alhambra-unesco,"Alhambra, Generalife and Albayzín, Granada",UNESCO World Heritage Centre,https://whc.unesco.org/en/list/314,gov,,
ESP:inquisition-britannica,ESP,inquisition-britannica,Spanish Inquisition,Encyclopaedia Britannica,https://www.britannica.com/topic/Spanish-Inquisition,encyclopedia,,
ESP:alhambra-decree-loc,ESP,alhambra-decree-loc,Aniversario de los decretos de expulsión de los judíos de los reinos de Castilla y Aragón,"Portal de Archivos de Andalucía, Junta de Andalucía",https://www.juntadeandalucia.es/cultura/archivos/web_es/contenido?id=e4769d33-759f-11ea-8ea7-000ae4865a5f&idArchivo=f10e7484-58a4-11dd-b44b-31450f5b9dd5&idContArch=bb556ff5-3893-11de-8026-000ae4865a5f&idProvincia=4b07b39e-3b6e-11dd-92fe-31450f5b9dd5&idTipo=02cd09d5-57e2-11dd-ba1f-31450f5b9dd5,gov,,
ESP:prado,ESP,prado,Museo Nacional del Prado,Museo Nacional del Prado,,museum,,
ESP:utrecht-britannica,ESP,utrecht-britannica,Treaties of Utrecht,Encyclopaedia Britannica,https://www.britannica.com/topic/treaties-of-Utrecht,encyclopedia,,
ESP:cadiz-constitution-loc,ESP,cadiz-constitution-loc,"Constitution of the Spanish Monarchy, enacted in Cádiz, 19 March 1812",Library of Congress,https://www.loc.gov/item/2021667002/,gov,,
ESP:loc-1898,ESP,loc-1898,The World of 1898: The Spanish-American War,Library of Congress,https://guides.loc.gov/world-of-1898,gov,,
ESP:ushmm-spanish-civil-war,ESP,ushmm-spanish-civil-war,Spanish Civil War,United States Holocaust Memorial Museum,https://encyclopedia.ushmm.org/content/en/article/spanish-civil-war,museum,,
ESP:spain-constitution-gov,ESP,spain-constitution-gov,The Spanish Constitution of 1978,Government of Spain (La Moncloa),https://www.lamoncloa.gob.es/lang/en/espana/paginas/constitution.aspx,gov,,
ESP:wikipedia-catholic-monarchs,ESP,wikipedia-catholic-monarchs,Catholic Monarchs,Wikipedia,https://en.wikipedia.org/wiki/Catholic_Monarchs,reference,,
ESP:nwe-reconquista,ESP,nwe-reconquista,Reconquista,New World Encyclopedia,https://www.newworldencyclopedia.org/entry/Reconquista,encyclopedia,,
EST:ancient-estonia-ref,EST,ancient-estonia-ref,Ancient Estonia and the Kunda culture,"Klaipeda University, Archaeologia Baltica (peer-reviewed journal)",https://e-journals.ku.lt/journal/AB/article/1371/file/pdf,academic,,
EST:northern-crusades-britannica,EST,northern-crusades-britannica,Northern Crusades,Encyclopaedia Britannica,https://www.britannica.com/event/Northern-Crusades,encyclopedia,,
EST:livonian-crusade-ref,EST,livonian-crusade-ref,Livonian Crusades: Christianization of Estonia,History Maps,https://history-maps.com/story/History-of-Estonia/event/Livonian-Crusades-Christianization-of-Estonia,reference,,
EST:tallinn-unesco,EST,tallinn-unesco,Historic Centre (Old Town) of Tallinn,UNESCO World Heritage Centre,https://whc.unesco.org/en/list/822/,gov,,
EST:estonia-history-britannica,EST,estonia-history-britannica,Estonia: History,Encyclopaedia Britannica,https://www.britannica.com/place/Estonia/History,encyclopedia,,
EST:livonian-war-britannica,EST,livonian-war-britannica,Livonian War,Encyclopaedia Britannica,https://www.britannica.com/event/Livonian-War,encyclopedia,,
EST:nystad-britannica,EST,nystad-britannica,Peace of Nystad,Encyclopaedia Britannica,https://www.britannica.com/topic/Peace-of-Nystad,encyclopedia,,
EST:song-festival-ref,EST,song-festival-ref,A history of the Estonian Song Celebration: timeline from 1869 to today,Estonian World,https://estonianworld.com/culture/a-history-of-the-estonian-song-celebration-timeline-from-1869-to-today/,reference,,
EST:jakobson-ref,EST,jakobson-ref,Carl Robert Jakobson and the national awakening,Estonian World,https://estonianworld.com/culture/estonia-how-the-singing-revolution-sparked-independence/,reference,,
EST:independence-decl-ref,EST,independence-decl-ref,Estonia celebrates Independence Day: How was freedom declared in 1918?,ERR (Estonian Public Broadcasting),https://news.err.ee/1609610981/estonia-celebrates-independence-day-how-was-freedom-declared-in-1918,reference,,
EST:tartu-peace-vm,EST,tartu-peace-vm,"Tartu Peace, 2 February 1920",Estonian Ministry of Foreign Affairs (vm.ee),https://vm.ee/en/tartu-peace,gov,,
EST:tartu-tartu100,EST,tartu-tartu100,Estonia marks the anniversary of the Tartu Peace Treaty,Estonian World,https://estonianworld.com/security/estonia-marks-the-anniversary-of-the-tartu-peace-treaty/,reference,,
EST:tartu-britannica,EST,tartu-britannica,Treaty of Tartu,Encyclopaedia Britannica,https://www.britannica.com/topic/Treaty-of-Tartu,encyclopedia,,
EST:mrp-ref,EST,mrp-ref,Estonia in the grip of the Molotov-Ribbentrop Pact,Estonian World,https://estonianworld.com/security/estonia-in-the-grip-of-the-molotov-ribbentrop-pact-and-the-realpolitik-of-great-powers/,reference,,
EST:estonia-occupation-britannica,EST,estonia-occupation-britannica,"Estonia: Independence lost (Soviet occupation, World War II)",Encyclopaedia Britannica,https://www.britannica.com/place/Estonia/Independence-lost,encyclopedia,,
EST:deportations-valitsus,EST,deportations-valitsus,Commemoration in Tallinn of victims of the deportations of June 1941,Government of the Republic of Estonia (valitsus.ee),https://www.valitsus.ee/en/news/commemoration-tallinn-victims-deportations-june-1941,gov,,
EST:continuity-icds,EST,continuity-icds,What Made the Restoration of Estonian Independence Possible? (non-recognition and state continuity),International Centre for Defence and Security (ICDS),https://icds.ee/en/what-made-the-restoration-of-estonian-independence-possible/,academic,,
EST:singing-revolution-ew,EST,singing-revolution-ew,Estonia: how the singing revolution sparked independence,Estonian World,https://estonianworld.com/culture/estonia-how-the-singing-revolution-sparked-independence/,reference,,
EST:restoration-err,EST,restoration-err,Taking back what was theirs: the restoration of Estonia's independence in August 1991,ERR (Estonian Public Broadcasting),https://news.err.ee/118828/taking-back-what-was-theirs-the-restoration-of-estonia-s-independence-in-august-1991,reference,,
EST:nato-mfa,EST,nato-mfa,Timeline of Estonia's accession to NATO,Estonian Ministry of Foreign Affairs / Estonia in NATO (nato.mfa.ee),https://nato.mfa.ee/timeline-of-estonias-accession-to-nato/,gov,,
EST:eu-mfa-timeline,EST,eu-mfa-timeline,Estonia and the European Union: Timeline of Relations,Estonian Ministry of Foreign Affairs / Estonia in EU (eu.mfa.ee),https://eu.mfa.ee/estonia-eu-timeline/,gov,,
EST:border-trialoog,EST,border-trialoog,Russian provocations and Estonia's borders: why international law matters,"Trialoog, Tallinn University of Technology (TalTech)",https://trialoog.taltech.ee/en/venemaa-provokatsioonid-ja-eesti-piirid-miks-on-rahvusvaheline-oigus-oluline/,academic,,
EST:border-err,EST,border-err,Foreign minister: We can initiate ratifying Estonia-Russia border treaty,ERR (Estonian Public Broadcasting),https://news.err.ee/1608113959/foreign-minister-we-can-initiate-ratifying-estonia-russia-border-treaty,reference,,
EST:wikipedia-estonian-declaration,EST,wikipedia-estonian-declaration,Estonian Declaration of Independence,Wikipedia,https://en.wikipedia.org/wiki/Estonian_Declaration_of_Independence,reference,,
EST:wikipedia-baltic-occupation,EST,wikipedia-baltic-occupation,Occupation of the Baltic states,Wikipedia,https://en.wikipedia.org/wiki/Occupation_of_the_Baltic_states,reference,,
EST:statedept-estonia,EST,statedept-estonia,A Guide to the United States' History of Recognition: Estonia,"U.S. Department of State, Office of the Historian",https://history.state.gov/countries/estonia,gov,,
ETH:britannica-ethiopia,ETH,britannica-ethiopia,Ethiopia (country overview),Encyclopaedia Britannica,https://www.britannica.com/place/Ethiopia,encyclopedia,,
ETH:britannica-adwa,ETH,britannica-adwa,Battle of Adwa,Encyclopaedia Britannica,https://www.britannica.com/event/Battle-of-Adwa,encyclopedia,,
ETH:britannica-lucy,ETH,britannica-lucy,Lucy (fossil hominin),Encyclopaedia Britannica,https://www.britannica.com/topic/Lucy-fossil,encyclopedia,,
ETH:unesco-aksum,ETH,unesco-aksum,Aksum — World Heritage Centre,UNESCO,https://whc.unesco.org/en/list/15/,gov,,
ETH:unesco-lalibela,ETH,unesco-lalibela,"Rock-Hewn Churches, Lalibela — World Heritage Centre",UNESCO,https://whc.unesco.org/en/list/18/,gov,,
ETH:unesco-gondar,ETH,unesco-gondar,"Fasil Ghebbi, Gondar Region — World Heritage Centre",UNESCO,https://whc.unesco.org/en/list/19/,gov,,
ETH:metmuseum-christianity,ETH,metmuseum-christianity,African Christianity in Ethiopia,The Metropolitan Museum of Art,https://www.metmuseum.org/essays/african-christianity-in-ethiopia,museum,,
ETH:metmuseum-ethiopia,ETH,metmuseum-ethiopia,Ethiopia's Enduring Cultural Heritage,The Metropolitan Museum of Art,https://www.metmuseum.org/toah/hd/ethi/hd_ethi.htm,museum,,
ETH:worldhistory-aksum,ETH,worldhistory-aksum,Kingdom of Aksum,World History Encyclopedia,https://www.worldhistory.org/Kingdom_of_Axum/,encyclopedia,,
ETH:worldhistory-solomonic,ETH,worldhistory-solomonic,Solomonic Descent in Ethiopian History,World History Encyclopedia,https://www.worldhistory.org/article/1875/solomonic-descent-in-ethiopian-history/,encyclopedia,,
ETH:blackpast-ezana,ETH,blackpast-ezana,King Ezana of Axum (?–360 CE),BlackPast.org,https://www.blackpast.org/global-african-history/king-ezana-of-axum-360-ce/,reference,,
ETH:blackpast-adwa,ETH,blackpast-adwa,"Battle of Adwa (Adowa), 1896",BlackPast.org,https://www.blackpast.org/global-african-history/perspectives-global-african-history/battle-adwa-adowa-1896/,reference,,
ETH:ebsco-adwa,ETH,ebsco-adwa,Battle of Adwa (research starter),EBSCO Research,https://www.ebsco.com/research-starters/history/battle-adwa,reference,,
ETH:nationalgeographic-lucy,ETH,nationalgeographic-lucy,'Lucy' Discovered in Africa,National Geographic Education,https://education.nationalgeographic.org/resource/lucy-discovered-africa/,reference,,
ETH:nhm-afarensis,ETH,nhm-afarensis,"Australopithecus afarensis, Lucy's species","Natural History Museum, London",https://www.nhm.ac.uk/discover/australopithecus-afarensis-lucy-species.html,museum,,
ETH:wikipedia-zagwe,ETH,wikipedia-zagwe,Zagwe dynasty,Wikipedia,https://en.wikipedia.org/wiki/Zagwe_dynasty,encyclopedia,,
ETH:wikipedia-gondarine,ETH,wikipedia-gondarine,Gondarine period,Wikipedia,https://en.wikipedia.org/wiki/Gondarine_period,encyclopedia,,
ETH:wikipedia-haileselassie,ETH,wikipedia-haileselassie,Haile Selassie,Wikipedia,https://en.wikipedia.org/wiki/Haile_Selassie,encyclopedia,,
ETH:wikipedia-1974coup,ETH,wikipedia-1974coup,1974 Ethiopian coup d'état,Wikipedia,https://en.wikipedia.org/wiki/1974_Ethiopian_coup_d%27%C3%A9tat,encyclopedia,,
ETH:wikipedia-famine8385,ETH,wikipedia-famine8385,1983–1985 famine in Ethiopia,Wikipedia,https://en.wikipedia.org/wiki/1983%E2%80%931985_famine_in_Ethiopia,encyclopedia,,
ETH:wikipedia-fallderg,ETH,wikipedia-fallderg,Fall of the Derg regime,Wikipedia,https://en.wikipedia.org/wiki/Fall_of_the_Derg_regime,encyclopedia,,
ETH:wikipedia-eritreareferendum,ETH,wikipedia-eritreareferendum,1993 Eritrean independence referendum,Wikipedia,https://en.wikipedia.org/wiki/1993_Eritrean_independence_referendum,encyclopedia,,
ETH:wikipedia-tigraypeace,ETH,wikipedia-tigraypeace,Ethiopia–Tigray peace agreement,Wikipedia,https://en.wikipedia.org/wiki/Ethiopia%E2%80%93Tigray_peace_agreement,encyclopedia,,
ETH:cfr-ethiopia,ETH,cfr-ethiopia,Conflict in Ethiopia (Global Conflict Tracker),Council on Foreign Relations,https://www.cfr.org/global-conflict-tracker/conflict/conflict-ethiopia,reference,,
ETH:wikipedia-aksum,ETH,wikipedia-aksum,Kingdom of Aksum,Wikipedia,https://en.wikipedia.org/wiki/Kingdom_of_Aksum,reference,,
ETH:wikipedia-italian-east-africa,ETH,wikipedia-italian-east-africa,Italian East Africa,Wikipedia,https://en.wikipedia.org/wiki/Italian_East_Africa,reference,,
ETH:statedept-ethiopia,ETH,statedept-ethiopia,A Guide to the United States' History of Recognition: Ethiopia,"U.S. Department of State, Office of the Historian",https://history.state.gov/countries/ethiopia,gov,,
FIN:history-of-finland-britannica,FIN,history-of-finland-britannica,History of Finland,Encyclopaedia Britannica,https://www.britannica.com/topic/history-of-Finland,encyclopedia,,
FIN:finland-swedish-rule-britannica,FIN,finland-swedish-rule-britannica,Finland: Finland under Swedish rule,Encyclopaedia Britannica,https://www.britannica.com/place/Finland/Finland-under-Swedish-rule,encyclopedia,,
FIN:finland-wwii-britannica,FIN,finland-wwii-britannica,Finland during World War II,Encyclopaedia Britannica,https://www.britannica.com/place/Finland/Finland-during-World-War-II,encyclopedia,,
FIN:russofinnish-britannica,FIN,russofinnish-britannica,Russo-Finnish War (Winter War),Encyclopaedia Britannica,https://www.britannica.com/event/Russo-Finnish-War,encyclopedia,,
FIN:lonnrot-britannica,FIN,lonnrot-britannica,Elias Lonnrot,Encyclopaedia Britannica,https://www.britannica.com/biography/Elias-Lonnrot,encyclopedia,,
FIN:sami-britannica,FIN,sami-britannica,Sami (people),Encyclopaedia Britannica,https://www.britannica.com/topic/Sami,encyclopedia,,
FIN:infofinland-history,FIN,infofinland-history,History of Finland,InfoFinland (Finnish public authorities),https://infofinland.fi/information-about-finland/finnish-history,gov,,
FIN:mainoutlines-finland,FIN,mainoutlines-finland,Main outlines of Finnish history,thisisFINLAND (Finland Promotion Board),https://finland.fi/life-society/main-outlines-of-finnish-history/,reference,,
FIN:kalevala-finland,FIN,kalevala-finland,Kalevala: the Finnish national epic,thisisFINLAND (Finland Promotion Board),https://finland.fi/arts-culture/kalevala-the-finnish-national-epic/,reference,,
FIN:finlandia-finland,FIN,finlandia-finland,Finlandia by Jean Sibelius,thisisFINLAND (Finland Promotion Board),https://finland.fi/arts-culture/finlandia-by-jean-sibelius/,reference,,
FIN:civilwar-finland,FIN,civilwar-finland,How Finland found a road to reconciliation after the Civil War of 1918,thisisFINLAND (Finland Promotion Board),https://finland.fi/life-society/how-finland-found-a-road-to-reconciliation-after-the-civil-war-of-1918/,reference,,
FIN:aland-um,FIN,aland-um,The special status of the Aland Islands,Ministry for Foreign Affairs of Finland,https://um.fi/the-special-status-of-the-aland-islands,gov,,
FIN:aland-finland,FIN,aland-finland,The Aland example: Autonomy protects a minority,thisisFINLAND (Finland Promotion Board),https://finland.fi/life-society/the-example-of-aland-autonomy-as-a-minority-protector/,reference,,
FIN:aland-un-legal,FIN,aland-un-legal,The Aland Islands Solution: a precedent for successful international disputes settlement,United Nations Office of Legal Affairs,https://legal.un.org/ola/media/info_from_lc/POB%20Aalands%20Islands%20Exhibition%20opening.pdf,gov,,
FIN:aland-nordics,FIN,aland-nordics,The Legal Basis of Aland's Demilitarization and Neutralization,nordics.info (Aarhus University),https://nordics.info/nnl/show/artikel/the-legal-basis-of-aalands-demilitarization-and-neutralization,academic,,
FIN:frus-finland-treaty,FIN,frus-finland-treaty,Draft Peace Treaty with Finland (Paris Peace Treaty terms),"U.S. Department of State, Office of the Historian (FRUS)",https://history.state.gov/historicaldocuments/frus1946v04/d5,primary,,
FIN:nato-finland,FIN,nato-finland,Finland joins NATO as 31st Ally,North Atlantic Treaty Organization (NATO),https://www.nato.int/en/news-and-events/articles/news/2023/04/04/finland-joins-nato-as-31st-ally,gov,,
FIN:statedept-finland,FIN,statedept-finland,A Guide to the United States' History of Recognition: Finland,"U.S. Department of State, Office of the Historian",https://history.state.gov/countries/finland,gov,,
FJI:eb-fiji-history,FJI,eb-fiji-history,"Fiji — History (Melanesian, Colonialism, Independence)",Encyclopædia Britannica,https://www.britannica.com/place/Fiji-republic-Pacific-Ocean/History,encyclopedia,,
FJI:eb-fiji,FJI,eb-fiji,Fiji,Encyclopædia Britannica,https://www.britannica.com/place/Fiji-republic-Pacific-Ocean,encyclopedia,,
FJI:eb-lapita,FJI,eb-lapita,Lapita culture,Encyclopædia Britannica,https://www.britannica.com/topic/Lapita-culture,encyclopedia,,
FJI:eb-cakobau,FJI,eb-cakobau,Cakobau — king of Fiji,Encyclopædia Britannica,https://www.britannica.com/biography/Cakobau,encyclopedia,,
FJI:eb-maafu,FJI,eb-maafu,Ma'afu — Tongan chief,Encyclopædia Britannica,https://www.britannica.com/biography/Maafu,encyclopedia,,
FJI:eb-bau,FJI,eb-bau,"Bau — island, Fiji",Encyclopædia Britannica,https://www.britannica.com/place/Bau-island-Fiji,encyclopedia,,
FJI:eb-mara,FJI,eb-mara,Ratu Sir Kamisese Mara — prime minister of Fiji,Encyclopædia Britannica,https://www.britannica.com/biography/Ratu-Sir-Kamisese-Mara,encyclopedia,,
FJI:eb-rabuka,FJI,eb-rabuka,Sitiveni Rabuka — Fijian political leader,Encyclopædia Britannica,https://www.britannica.com/biography/Sitiveni-Rabuka,encyclopedia,,
FJI:eb-chaudhry,FJI,eb-chaudhry,Mahendra Chaudhry — prime minister of Fiji,Encyclopædia Britannica,https://www.britannica.com/biography/Mahendra-Chaudhry,encyclopedia,,
FJI:eb-speight,FJI,eb-speight,George Speight — Fijian coup leader,Encyclopædia Britannica,https://www.britannica.com/biography/George-Speight,encyclopedia,,
FJI:eb-bainimarama,FJI,eb-bainimarama,Frank Bainimarama — Biography & Facts,Encyclopædia Britannica,https://www.britannica.com/biography/Frank-Bainimarama,encyclopedia,,
FJI:eb-qarase,FJI,eb-qarase,Laisenia Qarase — prime minister of Fiji,Encyclopædia Britannica,https://www.britannica.com/biography/Laisenia-Qarase,encyclopedia,,
FJI:unesco-levuka,FJI,unesco-levuka,Levuka Historical Port Town (World Heritage List),UNESCO World Heritage Centre,https://whc.unesco.org/en/list/1399/,gov,,
FJI:statedept-fiji,FJI,statedept-fiji,"Fiji — Countries (A Guide to the History of Recognition, Diplomatic, and Consular Relations)","U.S. Department of State, Office of the Historian",https://history.state.gov/countries/fiji,gov,,
FJI:fiji-parliament,FJI,fiji-parliament,Our Story — Parliament of the Republic of Fiji,Parliament of the Republic of Fiji,https://www.parliament.gov.fj/our-story/,gov,,
FJI:usp-sukuna,FJI,usp-sukuna,The historical significance of Ratu Sir Lala Sukuna,University of the South Pacific,https://www.usp.ac.fj/news/the-historical-significance-of-ratu-sir-lala-sukuna/,academic,,
FJI:un-cop23,FJI,un-cop23,Secretary-General's remarks at COP23 (Fiji presidency),United Nations,https://www.un.org/sg/en/content/sg/speeches/2017-11-15/secretary-general-cop23-remarks,gov,,
FJI:worldbank-fiji,FJI,worldbank-fiji,Pacific Island Countries — Overview (Fiji),World Bank Group,https://www.worldbank.org/en/country/pacificislands/overview,gov,,
FJI:wikipedia-kingdom-fiji,FJI,wikipedia-kingdom-fiji,Kingdom of Fiji,Wikipedia,https://en.wikipedia.org/wiki/Kingdom_of_Fiji,reference,,
FJI:nwe-fiji,FJI,nwe-fiji,Fiji,New World Encyclopedia,https://www.newworldencyclopedia.org/entry/Fiji,encyclopedia,,
FLK:britannica-falklands,FLK,britannica-falklands,Falkland Islands — History,Encyclopaedia Britannica,https://www.britannica.com/place/Falkland-Islands,encyclopedia,,
FLK:britannica-war,FLK,britannica-war,Falkland Islands War,Encyclopaedia Britannica,https://www.britannica.com/event/Falkland-Islands-War,encyclopedia,,
FLK:britannica-bougainville,FLK,britannica-bougainville,Louis-Antoine de Bougainville,Encyclopaedia Britannica,https://www.britannica.com/biography/Louis-Antoine-de-Bougainville,encyclopedia,,
FLK:britannica-battle-1914,FLK,britannica-battle-1914,Battle of the Falkland Islands (1914),Encyclopaedia Britannica,https://www.britannica.com/event/Battle-of-the-Falkland-Islands,encyclopedia,,
FLK:statedept-southatlantic,FLK,statedept-southatlantic,"The South Atlantic Crisis, 1982 (Conflict over the Falkland Islands / Islas Malvinas)","U.S. Department of State, Office of the Historian",https://history.state.gov/milestones/1981-1988/south-atlantic,gov,,
FLK:un-decolonization,FLK,un-decolonization,Falkland Islands (Malvinas) — The United Nations and Decolonization,"United Nations, Department of Political and Peacebuilding Affairs",https://www.un.org/dppa/decolonization/en/content/falkland-islands-malvinas,gov,,
FLK:un-press-2025,FLK,un-press-2025,"Special Decolonization Committee Adopts Resolution Asking Argentina, United Kingdom to Resume Talks over Falkland Islands (Malvinas)",United Nations Meetings Coverage and Press Releases,https://press.un.org/en/2025/gacol3394.doc.htm,primary,,
FLK:congress-hres170,FLK,congress-hres170,H.Res.170 (113th Congress) — Recognizing the Falkland Islands referendum in favor of retaining their status as a British Overseas Territory,"Library of Congress, Congress.gov",https://www.congress.gov/bill/113th-congress/house-resolution/170,gov,,
FLK:govfk-history,FLK,govfk-history,Our History,Falkland Islands Government,https://www.falklands.gov.fk/our-history,gov,,
FLK:sealion-rockhopper,FLK,sealion-rockhopper,Sea Lion — North Falkland Basin (project overview),Rockhopper Exploration plc,https://rockhopperexploration.co.uk/operations/falkland-islands/north-falkland-basin/sea-lion/,reference,,
FLK:unscr-502,FLK,unscr-502,Security Council Resolution 502 (1982),United Nations (UNSCR archive),https://unscr.com/en/resolutions/502,primary,,
FLK:hansard-1982,FLK,hansard-1982,"Falkland Islands, HC Deb 3 April 1982 vol 21 cc633-68",UK Parliament (Hansard),https://api.parliament.uk/historic-hansard/commons/1982/apr/03/falkland-islands,primary,,
FLK:cancilleria-malvinas,FLK,cancilleria-malvinas,Cuestion Islas Malvinas,"Ministerio de Relaciones Exteriores, Comercio Internacional y Culto, Argentina",https://cancilleria.gob.ar/es/politica-exterior/cuestion-malvinas,gov,,
FLK:govuk-falklands,FLK,govuk-falklands,Falkland Islands: UK help and services,Government of the United Kingdom,https://www.gov.uk/world/falkland-islands,gov,,
FLK:fimnt,FLK,fimnt,Falkland Islands Museum and National Trust,Falkland Islands Museum and National Trust,https://www.falklands-museum.com/,museum,,
FLK:wikipedia-falklands,FLK,wikipedia-falklands,Falkland Islands,Wikipedia,https://en.wikipedia.org/wiki/Falkland_Islands,reference,,
FRA:eb-france,FRA,eb-france,France,Encyclopædia Britannica,https://www.britannica.com/place/France,encyclopedia,,
FRA:eb-marseille,FRA,eb-marseille,Marseille,Encyclopædia Britannica,https://www.britannica.com/place/Marseille,encyclopedia,,
FRA:eb-alesia,FRA,eb-alesia,Vercingetorix and Alesia,Musée d’Archéologie nationale,https://musee-archeologienationale.fr/en/node/1592,museum,,
FRA:eb-vercingetorix,FRA,eb-vercingetorix,Vercingetorix,Encyclopædia Britannica,https://www.britannica.com/biography/Vercingetorix,encyclopedia,,
FRA:eb-clovis,FRA,eb-clovis,Clovis I,Encyclopædia Britannica,https://www.britannica.com/biography/Clovis-I,encyclopedia,,
FRA:eb-charlemagne,FRA,eb-charlemagne,Charlemagne,Encyclopædia Britannica,https://www.britannica.com/biography/Charlemagne,encyclopedia,,
FRA:eb-verdun,FRA,eb-verdun,Treaty of Verdun,Encyclopædia Britannica,https://www.britannica.com/event/Treaty-of-Verdun,encyclopedia,,
FRA:eb-hugh-capet,FRA,eb-hugh-capet,Hugh Capet,Encyclopædia Britannica,https://www.britannica.com/biography/Hugh-Capet,encyclopedia,,
FRA:eb-hundred-years,FRA,eb-hundred-years,Hundred Years' War,Encyclopædia Britannica,https://www.britannica.com/event/Hundred-Years-War,encyclopedia,,
FRA:eb-joan,FRA,eb-joan,St. Joan of Arc,Encyclopædia Britannica,https://www.britannica.com/biography/Saint-Joan-of-Arc,encyclopedia,,
FRA:eb-nantes,FRA,eb-nantes,Edict of Nantes,Encyclopædia Britannica,https://www.britannica.com/event/Edict-of-Nantes,encyclopedia,,
FRA:eb-louis-xiv,FRA,eb-louis-xiv,Louis XIV,Encyclopædia Britannica,https://www.britannica.com/biography/Louis-XIV-king-of-France,encyclopedia,,
FRA:eb-revolution,FRA,eb-revolution,French Revolution,Encyclopædia Britannica,https://www.britannica.com/event/French-Revolution,encyclopedia,,
FRA:eb-rights-of-man,FRA,eb-rights-of-man,Declaration of the Rights of Man and of the Citizen,Encyclopædia Britannica,https://www.britannica.com/topic/Declaration-of-the-Rights-of-Man-and-of-the-Citizen,encyclopedia,,
FRA:eb-napoleon,FRA,eb-napoleon,Napoleon I,Encyclopædia Britannica,https://www.britannica.com/biography/Napoleon-I,encyclopedia,,
FRA:eb-fifth-republic,FRA,eb-fifth-republic,France — The Fifth Republic,Encyclopædia Britannica,https://www.britannica.com/place/France/The-Fifth-Republic,encyclopedia,,
FRA:eb-de-gaulle,FRA,eb-de-gaulle,Charles de Gaulle,Presidency of the French Republic (Élysée),https://www.elysee.fr/en/charles-de-gaulle,gov,,
FRA:wikipedia-verdun,FRA,wikipedia-verdun,Treaty of Verdun,Wikipedia,https://en.wikipedia.org/wiki/Treaty_of_Verdun,reference,,
FRA:nwe-france,FRA,nwe-france,France,New World Encyclopedia,https://www.newworldencyclopedia.org/entry/France,encyclopedia,,
GAB:britannica-history-gabon,GAB,britannica-history-gabon,History of Gabon,Encyclopædia Britannica,https://www.britannica.com/topic/history-of-Gabon,encyclopedia,,
GAB:britannica-gabon,GAB,britannica-gabon,Gabon,Encyclopædia Britannica,https://www.britannica.com/place/Gabon,encyclopedia,,
GAB:britannica-economy-gabon,GAB,britannica-economy-gabon,Gabon — Economy,Encyclopædia Britannica,https://www.britannica.com/place/Gabon/Economy,encyclopedia,,
GAB:britannica-brazza,GAB,britannica-brazza,Pierre de Brazza,Encyclopædia Britannica,https://www.britannica.com/biography/Pierre-de-Brazza,encyclopedia,,
GAB:history-gabon-wiki,GAB,history-gabon-wiki,History of Gabon,Wikipedia,https://en.wikipedia.org/wiki/History_of_Gabon,reference,,
GAB:libreville-wiki,GAB,libreville-wiki,Libreville,Wikipedia,https://en.wikipedia.org/wiki/Libreville,reference,,
GAB:brazza-wiki,GAB,brazza-wiki,Pierre Savorgnan de Brazza,Wikipedia,https://en.wikipedia.org/wiki/Pierre_Savorgnan_de_Brazza,reference,,
GAB:schweitzer-wiki,GAB,schweitzer-wiki,Albert Schweitzer,Wikipedia,https://en.wikipedia.org/wiki/Albert_Schweitzer,reference,,
GAB:mba-wiki,GAB,mba-wiki,Léon M'ba,Wikipedia,https://en.wikipedia.org/wiki/L%C3%A9on_M%27ba,reference,,
GAB:omar-bongo-wiki,GAB,omar-bongo-wiki,Omar Bongo,Wikipedia,https://en.wikipedia.org/wiki/Omar_Bongo,reference,,
GAB:coup-2023-wiki,GAB,coup-2023-wiki,2023 Gabonese coup d'état,Wikipedia,https://en.wikipedia.org/wiki/2023_Gabonese_coup_d%27%C3%A9tat,reference,,
GAB:fea-wiki,GAB,fea-wiki,French Equatorial Africa,Wikipedia,https://en.wikipedia.org/wiki/French_Equatorial_Africa,reference,,
GAB:unesco-lope-okanda,GAB,unesco-lope-okanda,Ecosystem and Relict Cultural Landscape of Lopé-Okanda,UNESCO World Heritage Centre,https://whc.unesco.org/en/list/1147/,gov,,
GAB:world-heritage-datasheet-lope,GAB,world-heritage-datasheet-lope,Ecosystem and Relict Cultural Landscape of Lopé-Okanda — World Heritage Datasheet,UNEP-WCMC,http://world-heritage-datasheets.unep-wcmc.org/datasheet/output/site/ecosystem-relict-cultural-landscape-of-lope-okanda/,gov,,
GAB:globalsecurity-gabon-people,GAB,globalsecurity-gabon-people,Gabon — People,GlobalSecurity.org,https://www.globalsecurity.org/military/world/africa/gb-people.htm,reference,,
GAB:wisc-slave-trade-gabon,GAB,wisc-slave-trade-gabon,Slave Trade of the Gabon Estuary,University of Wisconsin Digital Collections,https://search.library.wisc.edu/digital/AMLPN3OKGEB5O38U/text/AJHSK3IBQZ4PT58I,academic,,
GAB:nationsencyclopedia-gabon,GAB,nationsencyclopedia-gabon,Gabon — History,Nations Encyclopedia,https://www.nationsencyclopedia.com/Africa/Gabon-HISTORY.html,reference,,
GAB:imf-gabon-oil,GAB,imf-gabon-oil,Gabon's Experience Managing Oil Wealth (Oil Wealth in Central Africa),International Monetary Fund,https://www.elibrary.imf.org/display/book/9781616353766/ch012.xml,academic,,
GAB:statedept-gabon,GAB,statedept-gabon,A Guide to the United States' History of Recognition: Gabon,"U.S. Department of State, Office of the Historian",https://history.state.gov/countries/gabon,gov,,
GBR:brit-roman-britain,GBR,brit-roman-britain,Roman Britain,Encyclopaedia Britannica,https://www.britannica.com/place/United-Kingdom,encyclopedia,,
GBR:brit-alfred,GBR,brit-alfred,Alfred ‘The Great’ (r. 871–899),The Royal Family,https://www.royal.uk/alfred-great-r-871-899,gov,,
GBR:brit-athelstan,GBR,brit-athelstan,Room 41: Sutton Hoo and Europe — Large Print Guide,The British Museum,https://www.britishmuseum.org/sites/default/files/2021-05/large_print_guide_room_41.pdf,museum,,
GBR:english-heritage,GBR,english-heritage,Story of England: 1066 and the Norman Conquest,English Heritage,https://www.english-heritage.org.uk/learn/histories/1066-and-the-norman-conquest/,museum,,
GBR:bl-overview,GBR,bl-overview,The British Library: history and collections,The British Library,https://www.bl.uk/,archive,,
GBR:brit-norman-conquest,GBR,brit-norman-conquest,Norman Conquest,Encyclopaedia Britannica,https://www.britannica.com/event/Norman-Conquest,encyclopedia,,
GBR:brit-magna-carta,GBR,brit-magna-carta,Magna Carta,Encyclopaedia Britannica,https://www.britannica.com/topic/Magna-Carta,encyclopedia,,
GBR:brit-tudors,GBR,brit-tudors,House of Tudor,Encyclopaedia Britannica,https://www.britannica.com/topic/house-of-Tudor,encyclopedia,,
GBR:brit-henry-viii,GBR,brit-henry-viii,Henry VIII,Encyclopaedia Britannica,https://www.britannica.com/biography/Henry-VIII-king-of-England,encyclopedia,,
GBR:brit-reformation,GBR,brit-reformation,The Reformation in England,Encyclopaedia Britannica,https://www.britannica.com/event/Reformation,encyclopedia,,
GBR:brit-elizabeth-i,GBR,brit-elizabeth-i,Elizabeth I,Encyclopaedia Britannica,https://www.britannica.com/biography/Elizabeth-I,encyclopedia,,
GBR:brit-spanish-armada,GBR,brit-spanish-armada,God blew and they were scattered,The National Archives (UK),https://www.nationalarchives.gov.uk/education/resources/god-blew-they-were-scattered/,gov,,
GBR:brit-east-india-company,GBR,brit-east-india-company,East India Company,Encyclopaedia Britannica,https://www.britannica.com/topic/East-India-Company,encyclopedia,,
GBR:brit-english-civil-wars,GBR,brit-english-civil-wars,English Civil Wars,Encyclopaedia Britannica,https://www.britannica.com/event/English-Civil-Wars,encyclopedia,,
GBR:brit-glorious-revolution,GBR,brit-glorious-revolution,Glorious Revolution,Encyclopaedia Britannica,https://www.britannica.com/event/Glorious-Revolution,encyclopedia,,
GBR:ukparl-union-1707,GBR,ukparl-union-1707,Act of Union 1707,UK Parliament,https://www.parliament.uk/about/living-heritage/evolutionofparliament/legislativescrutiny/act-of-union-1707/,gov,,
GBR:brit-act-of-union,GBR,brit-act-of-union,"Act of Union, 1707",Encyclopaedia Britannica,https://www.britannica.com/event/Act-of-Union-Great-Britain-1707,encyclopedia,,
GBR:ukparl-union-ireland,GBR,ukparl-union-ireland,Act for the Union of Great Britain and Ireland,UK Parliament,https://www.parliament.uk/about/living-heritage/evolutionofparliament/legislativescrutiny/parliamentandireland/collections/ireland/act-of-union-1800/,gov,,
GBR:brit-act-of-union-1801,GBR,brit-act-of-union-1801,"Act of Union (United Kingdom, 1801)",Encyclopaedia Britannica,https://www.britannica.com/event/Act-of-Union-United-Kingdom-1801,encyclopedia,,
GBR:brit-slavery-abolition,GBR,brit-slavery-abolition,Slavery Abolition Act,Encyclopaedia Britannica,https://www.britannica.com/topic/Slavery-Abolition-Act,encyclopedia,,
GBR:ukparl-irish-famine,GBR,ukparl-irish-famine,The Great Famine,UK Parliament,https://www.parliament.uk/about/living-heritage/evolutionofparliament/legislativescrutiny/parliamentandireland/overview/the-great-famine/,gov,,
GBR:brit-irish-famine,GBR,brit-irish-famine,Great Famine (Irish history),Encyclopaedia Britannica,https://www.britannica.com/event/Great-Famine-Irish-history,encyclopedia,,
GBR:brit-victoria,GBR,brit-victoria,"Victoria, Queen of the United Kingdom",Encyclopaedia Britannica,https://www.britannica.com/biography/Victoria-queen-of-United-Kingdom,encyclopedia,,
GBR:brit-british-empire,GBR,brit-british-empire,British Empire,Encyclopaedia Britannica,https://www.britannica.com/place/British-Empire,encyclopedia,,
GBR:iwm-decolonisation,GBR,iwm-decolonisation,The end of the British Empire after the Second World War,Imperial War Museums,https://www.iwm.org.uk/history/the-end-of-the-british-empire-after-the-second-world-war,museum,,
GBR:brit-bengal-famine,GBR,brit-bengal-famine,Bengal famine of 1943,Encyclopaedia Britannica,https://www.britannica.com/topic/Bengal-famine-of-1943,encyclopedia,,
GBR:natarchives-nhs,GBR,natarchives-nhs,The foundation of the NHS,The National Archives,https://www.nationalarchives.gov.uk/,gov,,
GBR:brit-brexit,GBR,brit-brexit,Brexit,Encyclopaedia Britannica,https://www.britannica.com/topic/Brexit,encyclopedia,,
GBR:wikipedia-kingdom-england,GBR,wikipedia-kingdom-england,Kingdom of England,Wikipedia,https://en.wikipedia.org/wiki/Kingdom_of_England,reference,,
GBR:whe-aethelstan,GBR,whe-aethelstan,Aethelstan,World History Encyclopedia,https://www.worldhistory.org/Athelstan/,encyclopedia,,
GEO:history-georgia-britannica,GEO,history-georgia-britannica,History of Georgia,Encyclopaedia Britannica,https://www.britannica.com/topic/history-of-Georgia,encyclopedia,,
GEO:colchis-britannica,GEO,colchis-britannica,Colchis (ancient region),Encyclopaedia Britannica,https://www.britannica.com/place/Colchis,encyclopedia,,
GEO:iberia-britannica,GEO,iberia-britannica,"Iberia (ancient kingdom, Georgia)",Encyclopaedia Britannica,https://www.britannica.com/place/Iberia-ancient-kingdom-Georgia,encyclopedia,,
GEO:nino-britannica,GEO,nino-britannica,Saint Nino,Encyclopaedia Britannica,https://www.britannica.com/biography/Saint-Nino,encyclopedia,,
GEO:mtskheta-unesco,GEO,mtskheta-unesco,Historical Monuments of Mtskheta,UNESCO World Heritage Centre,https://whc.unesco.org/en/list/708/,gov,,
GEO:gelati-unesco,GEO,gelati-unesco,Gelati Monastery,UNESCO World Heritage Centre,https://whc.unesco.org/en/list/710/,gov,,
GEO:svaneti-unesco,GEO,svaneti-unesco,Upper Svaneti,UNESCO World Heritage Centre,https://whc.unesco.org/en/list/709/,gov,,
GEO:david-britannica,GEO,david-britannica,David IV (king of Georgia),Encyclopaedia Britannica,https://www.britannica.com/biography/David-IV,encyclopedia,,
GEO:tamar-britannica,GEO,tamar-britannica,Tamara (queen of Georgia),Encyclopaedia Britannica,https://www.britannica.com/biography/Tamara-queen-of-Georgia,encyclopedia,,
GEO:rustaveli-britannica,GEO,rustaveli-britannica,Shota Rustaveli,Encyclopaedia Britannica,https://www.britannica.com/biography/Shota-Rustaveli,encyclopedia,,
GEO:turkish-persian-britannica,GEO,turkish-persian-britannica,Georgia: Turkish and Persian domination,Encyclopaedia Britannica,https://www.britannica.com/place/Georgia/Turkish-and-Persian-domination,encyclopedia,,
GEO:georgievsk-britannica,GEO,georgievsk-britannica,Treaty of Georgievsk (1783),Encyclopaedia Britannica,https://www.britannica.com/event/Treaty-of-Georgievsk,encyclopedia,,
GEO:independent-georgia-britannica,GEO,independent-georgia-britannica,Georgia: Independent Georgia,Encyclopaedia Britannica,https://www.britannica.com/place/Georgia/Independent-Georgia,encyclopedia,,
GEO:stalin-britannica,GEO,stalin-britannica,Joseph Stalin,Encyclopaedia Britannica,https://www.britannica.com/biography/Joseph-Stalin,encyclopedia,,
GEO:abkhazia-britannica,GEO,abkhazia-britannica,Abkhazia,Encyclopaedia Britannica,https://www.britannica.com/place/Abkhazia,encyclopedia,,
GEO:south-ossetia-britannica,GEO,south-ossetia-britannica,South Ossetia,Encyclopaedia Britannica,https://www.britannica.com/place/South-Ossetia,encyclopedia,,
GEO:us-state-georgia,GEO,us-state-georgia,"A Guide to the United States' History of Recognition, Diplomatic, and Consular Relations, by Country: Georgia","U.S. Department of State, Office of the Historian",https://history.state.gov/countries/georgia,gov,,
GEO:wikipedia-kingdom-georgia,GEO,wikipedia-kingdom-georgia,Kingdom of Georgia,Wikipedia,https://en.wikipedia.org/wiki/Kingdom_of_Georgia,reference,,
GEO:wikipedia-kartli-kakheti,GEO,wikipedia-kartli-kakheti,Kingdom of Kartli-Kakheti,Wikipedia,https://en.wikipedia.org/wiki/Kingdom_of_Kartli-Kakheti,reference,,
GEO:wikipedia-drg,GEO,wikipedia-drg,Democratic Republic of Georgia,Wikipedia,https://en.wikipedia.org/wiki/Democratic_Republic_of_Georgia,reference,,
GEO:nwe-georgia,GEO,nwe-georgia,Georgia (country),New World Encyclopedia,https://www.newworldencyclopedia.org/entry/Georgia_(country),encyclopedia,,
GHA:britannica-ghana,GHA,britannica-ghana,Ghana (country overview and history),Encyclopaedia Britannica,https://www.britannica.com/place/Ghana,encyclopedia,,
GHA:britannica-ghana-empire,GHA,britannica-ghana-empire,Ghana (historical West African empire),Encyclopaedia Britannica,https://www.britannica.com/place/Ghana-historical-West-African-empire,encyclopedia,,
GHA:worldhistory-ghana-empire,GHA,worldhistory-ghana-empire,Ghana Empire,World History Encyclopedia,https://www.worldhistory.org/Ghana_Empire/,encyclopedia,,
GHA:bono-wiki,GHA,bono-wiki,Bono people / Bono State,Wikipedia,https://en.wikipedia.org/wiki/Bono_people,reference,,
GHA:britannica-elmina,GHA,britannica-elmina,Elmina Castle,Encyclopaedia Britannica,https://www.britannica.com/place/Elmina-Castle,encyclopedia,,
GHA:unesco-forts,GHA,unesco-forts,"Forts and Castles, Volta, Greater Accra, Central and Western Regions",UNESCO World Heritage Centre,https://whc.unesco.org/en/list/34/,gov,,
GHA:sitesofconscience-elmina,GHA,sitesofconscience-elmina,"Elmina Castle, Ghana",International Coalition of Sites of Conscience,https://www.sitesofconscience.org/membership/elmina-castle-ghana/,museum,,
GHA:elmina-wiki,GHA,elmina-wiki,Elmina Castle,Wikipedia,https://en.wikipedia.org/wiki/Elmina_Castle,reference,,
GHA:britannica-osei-tutu,GHA,britannica-osei-tutu,Osei Tutu,Encyclopaedia Britannica,https://www.britannica.com/biography/Osei-Tutu,encyclopedia,,
GHA:blackpast-osei-tutu,GHA,blackpast-osei-tutu,Osei Kofi Tutu (c. 1680–1717),BlackPast.org,https://www.blackpast.org/global-african-history/tutu-osei-kofi-c-1680-1717/,reference,,
GHA:asante-wiki,GHA,asante-wiki,Asante Empire,Wikipedia,https://en.wikipedia.org/wiki/Asante_Empire,reference,,
GHA:goldenstool-wiki,GHA,goldenstool-wiki,Golden Stool,Wikipedia,https://en.wikipedia.org/wiki/Golden_Stool,reference,,
GHA:goldenstool-war-wiki,GHA,goldenstool-war-wiki,War of the Golden Stool,Wikipedia,https://en.wikipedia.org/wiki/War_of_the_Golden_Stool,reference,,
GHA:yaa-asantewaa-wiki,GHA,yaa-asantewaa-wiki,Yaa Asantewaa,Wikipedia,https://en.wikipedia.org/wiki/Yaa_Asantewaa,reference,,
GHA:blackpast-anglo-ashanti,GHA,blackpast-anglo-ashanti,The Anglo-Ashanti Wars (1823–1900),BlackPast.org,https://www.blackpast.org/global-african-history/anglo-ashanti-wars-1823-1900/,reference,,
GHA:anglo-ashanti-wiki,GHA,anglo-ashanti-wiki,Anglo-Ashanti wars,Wikipedia,https://en.wikipedia.org/wiki/Anglo-Ashanti_wars,reference,,
GHA:britannica-nkrumah,GHA,britannica-nkrumah,Kwame Nkrumah,Encyclopaedia Britannica,https://www.britannica.com/biography/Kwame-Nkrumah,encyclopedia,,
GHA:statedept-ghana,GHA,statedept-ghana,A Guide to the History of Recognition: Ghana,"U.S. Department of State, Office of the Historian",https://history.state.gov/countries/ghana,gov,,
GHA:rawlings-1981-coup-wiki,GHA,rawlings-1981-coup-wiki,1981 Ghanaian coup d'état,Wikipedia,https://en.wikipedia.org/wiki/1981_Ghanaian_coup_d%27%C3%A9tat,reference,,
GHA:ebsco-rawlings,GHA,ebsco-rawlings,Rawlings Wins Reelection to Ghana's Presidency,EBSCO Research Starters,https://www.ebsco.com/research-starters/history/rawlings-wins-reelection-ghanas-presidency,reference,,
GHA:kujenga-democracy,GHA,kujenga-democracy,Consolidating Democracy in Ghana: An Overview,Kujenga Amani (Social Science Research Council),https://kujenga-amani.ssrc.org/2017/01/12/consolidating-democracy-in-ghana-an-overview/,academic,,
GHA:usip-ghana-2024,GHA,usip-ghana-2024,Ghana — December 2024: Opposition secures decisive victory in presidential and parliamentary elections,International IDEA,https://www.idea.int/democracytracker/report/ghana/december-2024,reference,,
GIN:britannica-guinea,GIN,britannica-guinea,Guinea — History,Encyclopaedia Britannica,https://www.britannica.com/place/Guinea,encyclopedia,,
GIN:britannica-conakry,GIN,britannica-conakry,Conakry,Encyclopaedia Britannica,https://www.britannica.com/place/Conakry,encyclopedia,,
GIN:ebsco-mali,GIN,ebsco-mali,Mansa Mūsā’s Pilgrimage to Mecca,EBSCO Research Starters,https://www.ebsco.com/research-starters/history/mansa-musas-pilgrimage-mecca,reference,,
GIN:ebsco-songhai,GIN,ebsco-songhai,Songhai Empire,EBSCO Research Starters,https://www.ebsco.com/research-starters/history/songhai-empire,reference,,
GIN:worldhist-songhai,GIN,worldhist-songhai,Songhai Empire,World History Encyclopedia,https://www.worldhistory.org/Songhai_Empire/,encyclopedia,,
GIN:wiki-futajallon,GIN,wiki-futajallon,Imamate of Futa Jallon,Wikipedia,https://en.wikipedia.org/wiki/Imamate_of_Futa_Jallon,reference,,
GIN:wiki-karamokho,GIN,wiki-karamokho,Karamokho Alfa,Wikipedia,https://en.wikipedia.org/wiki/Karamokho_Alfa,reference,,
GIN:wiki-samori,GIN,wiki-samori,Samori Ture,Wikipedia,https://en.wikipedia.org/wiki/Samori_Ture,reference,,
GIN:wiki-frenchguinea,GIN,wiki-frenchguinea,French Guinea,Wikipedia,https://en.wikipedia.org/wiki/French_Guinea,reference,,
GIN:ebsco-independence,GIN,ebsco-independence,Guinea Gains Independence from France,EBSCO Research Starters,https://www.ebsco.com/research-starters/history/guinea-gains-independence-france,reference,,
GIN:wiki-campboiro,GIN,wiki-campboiro,Camp Boiro,Wikipedia,https://en.wikipedia.org/wiki/Camp_Boiro,reference,,
GIN:justiceinfo-boiro,GIN,justiceinfo-boiro,Guinea plans a Truth Commission (on Camp Boiro),JusticeInfo.net,https://www.justiceinfo.net/en/33017-guinea-plans-a-truth-commission.html,reference,,
GIN:wiki-1984coup,GIN,wiki-1984coup,1984 Guinean coup d'état,Wikipedia,https://en.wikipedia.org/wiki/1984_Guinean_coup_d%27%C3%A9tat,reference,,
GIN:hrw-massacre,GIN,hrw-massacre,Guinea: Ex-Coup Leader Charged in 2009 Massacre,Human Rights Watch,https://www.hrw.org/news/2015/07/09/guinea-ex-coup-leader-charged-2009-massacre,reference,,
GIN:globalsecurity-massacre,GIN,globalsecurity-massacre,Guinea — 28 September Massacre / political background,GlobalSecurity.org,https://www.globalsecurity.org/military/world/africa/gn-politics-background.htm,reference,,
GIN:wiki-conde,GIN,wiki-conde,Alpha Condé,Wikipedia,https://en.wikipedia.org/wiki/Alpha_Cond%C3%A9,reference,,
GIN:wiki-2021coup,GIN,wiki-2021coup,2021 Guinean coup d'état,Wikipedia,https://en.wikipedia.org/wiki/2021_Guinean_coup_d%27%C3%A9tat,reference,,
GIN:wiki-doumbouya,GIN,wiki-doumbouya,Mamady Doumbouya,Wikipedia,https://en.wikipedia.org/wiki/Mamady_Doumbouya,reference,,
GIN:intellinews-bauxite,GIN,intellinews-bauxite,Bauxite fervour has the potential to transform Guinea's economy,bne IntelliNews,https://www.intellinews.com/bauxite-fervour-has-the-potential-to-transform-guinea-s-economy-306917/,reference,,
GIN:statedept-guinea,GIN,statedept-guinea,A Guide to the United States' History of Recognition: Guinea,"U.S. Department of State, Office of the Historian",https://history.state.gov/countries/guinea,gov,,
GMB:britannica-gambia,GMB,britannica-gambia,The Gambia (country overview and history),Encyclopaedia Britannica,https://www.britannica.com/place/The-Gambia,encyclopedia,,
GMB:britannica-stone-circles,GMB,britannica-stone-circles,Stone Circles of Senegambia,Encyclopaedia Britannica,https://www.britannica.com/topic/Stone-Circles-of-Senegambia,encyclopedia,,
GMB:britannica-mali,GMB,britannica-mali,Mali (historical empire of Africa),Encyclopaedia Britannica,https://www.britannica.com/place/Mali-historical-empire-Africa,encyclopedia,,
GMB:unesco-stone-circles,GMB,unesco-stone-circles,Stone Circles of Senegambia,UNESCO World Heritage Centre,https://whc.unesco.org/en/list/1226/,gov,,
GMB:unesco-kunta-kinteh,GMB,unesco-kunta-kinteh,Kunta Kinteh Island and Related Sites,UNESCO World Heritage Centre,https://whc.unesco.org/en/list/761/,gov,,
GMB:smarthistory-stone-circles,GMB,smarthistory-stone-circles,Stone circles of Senegambia,Smarthistory,https://smarthistory.org/stone-circles-of-senegambia/,academic,,
GMB:stone-circles-wiki,GMB,stone-circles-wiki,Senegambian stone circles,Wikipedia,https://en.wikipedia.org/wiki/Senegambian_stone_circles,reference,,
GMB:kunta-kinteh-wiki,GMB,kunta-kinteh-wiki,Kunta Kinteh Island,Wikipedia,https://en.wikipedia.org/wiki/Kunta_Kinteh_Island,reference,,
GMB:history-gambia-wiki,GMB,history-gambia-wiki,History of the Gambia,Wikipedia,https://en.wikipedia.org/wiki/History_of_the_Gambia,reference,,
GMB:niumi-wiki,GMB,niumi-wiki,Kingdom of Niumi,Wikipedia,https://en.wikipedia.org/wiki/Kingdom_of_Niumi,reference,,
GMB:senegambia-wiki,GMB,senegambia-wiki,Senegambia Confederation,Wikipedia,https://en.wikipedia.org/wiki/Senegambia_Confederation,reference,,
GMB:jawara-wiki,GMB,jawara-wiki,Dawda Jawara,Wikipedia,https://en.wikipedia.org/wiki/Dawda_Jawara,reference,,
GMB:jammeh-wiki,GMB,jammeh-wiki,Yahya Jammeh,Wikipedia,https://en.wikipedia.org/wiki/Yahya_Jammeh,reference,,
GMB:barrow-blackpast,GMB,barrow-blackpast,Adama Barrow (1965– ),BlackPast.org,https://www.blackpast.org/global-african-history/barrow-adama-1965/,reference,,
GMB:statedept-gambia,GMB,statedept-gambia,A Guide to the History of Recognition: The Gambia,"U.S. Department of State, Office of the Historian",https://history.state.gov/countries/gambia,gov,,
GMB:encyclopaedia-africana-gambia,GMB,encyclopaedia-africana-gambia,The Gambia,Encyclopaedia Africana,https://encyclopaediaafricana.com/the-gambia/,reference,,
GNB:britannica-gnb,GNB,britannica-gnb,Guinea-Bissau (country overview and history),Encyclopaedia Britannica,https://www.britannica.com/place/Guinea-Bissau,encyclopedia,,
GNB:britannica-cabral,GNB,britannica-cabral,Amílcar Lopes Cabral,Encyclopaedia Britannica,https://www.britannica.com/biography/Amilcar-Lopes-Cabral,encyclopedia,,
GNB:history-gnb-wiki,GNB,history-gnb-wiki,History of Guinea-Bissau,Wikipedia,https://en.wikipedia.org/wiki/History_of_Guinea-Bissau,reference,,
GNB:portuguese-guinea-wiki,GNB,portuguese-guinea-wiki,Portuguese Guinea,Wikipedia,https://en.wikipedia.org/wiki/Portuguese_Guinea,reference,,
GNB:kaabu-wiki,GNB,kaabu-wiki,Kaabu,Wikipedia,https://en.wikipedia.org/wiki/Kaabu,reference,,
GNB:kansala-wiki,GNB,kansala-wiki,"Kansala (Battle of Kansala, 1867)",Wikipedia,https://en.wikipedia.org/wiki/Kansala,reference,,
GNB:cabral-wiki,GNB,cabral-wiki,Amílcar Cabral,Wikipedia,https://en.wikipedia.org/wiki/Am%C3%ADlcar_Cabral,reference,,
GNB:war-gnb-wiki,GNB,war-gnb-wiki,Guinea-Bissau War of Independence,Wikipedia,https://en.wikipedia.org/wiki/Guinea-Bissau_War_of_Independence,reference,,
GNB:pidjiguiti-wiki,GNB,pidjiguiti-wiki,Pidjiguiti massacre,Wikipedia,https://en.wikipedia.org/wiki/Pidjiguiti_massacre,reference,,
GNB:statedept-gnb,GNB,statedept-gnb,A Guide to the History of Recognition: Guinea-Bissau,"U.S. Department of State, Office of the Historian",https://history.state.gov/countries/guinea-bissau,gov,,
GNB:unodc-westafrica,GNB,unodc-westafrica,West Africa under attack from narco-trafficking,UN Office on Drugs and Crime (UNODC),https://www.unodc.org/unodc/en/frontpage/west-africa-under-attack.html,gov,,
GNB:globalinitiative-gnb,GNB,globalinitiative-gnb,Guinea-Bissau's illegal drug economy,Global Initiative Against Transnational Organized Crime,https://globalinitiative.net/analysis/guinea-bissau-illegal-drug-economy/,reference,,
GNB:bbc-narcostate,GNB,bbc-narcostate,Cocaine and Guinea-Bissau: How Africa's 'narco-state' is trying to kick its habit,BBC News,https://www.bbc.com/news/world-africa-52569130,reference,,
GNB:wikipedia-gnb-war,GNB,wikipedia-gnb-war,Guinea-Bissau War of Independence,Wikipedia,https://en.wikipedia.org/wiki/Guinea-Bissau_War_of_Independence,reference,,
GNQ:britannica-history-eg,GNQ,britannica-history-eg,History of Equatorial Guinea,Encyclopædia Britannica,https://www.britannica.com/topic/history-of-Equatorial-Guinea,encyclopedia,,
GNQ:britannica-eg,GNQ,britannica-eg,Equatorial Guinea,Encyclopædia Britannica,https://www.britannica.com/place/Equatorial-Guinea,encyclopedia,,
GNQ:history-eg-wiki,GNQ,history-eg-wiki,History of Equatorial Guinea,Wikipedia,https://en.wikipedia.org/wiki/History_of_Equatorial_Guinea,reference,,
GNQ:nwe-eg,GNQ,nwe-eg,Equatorial Guinea,New World Encyclopedia,https://www.newworldencyclopedia.org/entry/Equatorial_Guinea,reference,,
GNQ:encyclopedia-com-eg,GNQ,encyclopedia-com-eg,Equatorial Guinea,Encyclopedia.com,https://www.encyclopedia.com/places/africa/equatorial-guinea-political-geography/equatorial-guinea,reference,,
GNQ:state-eg-bgn,GNQ,state-eg-bgn,Equatorial Guinea — Background Note,U.S. Department of State,https://2009-2017.state.gov/outofdate/bgn/equatorialguinea/116191.htm,gov,,
GNQ:el-pardo-wiki,GNQ,el-pardo-wiki,Treaty of El Pardo (1778),Wikipedia,https://en.wikipedia.org/wiki/Treaty_of_El_Pardo_(1778),reference,,
GNQ:spanish-guinea-wiki,GNQ,spanish-guinea-wiki,Spanish Guinea,Wikipedia,https://en.wikipedia.org/wiki/Spanish_Guinea,reference,,
GNQ:coup-1979-wiki,GNQ,coup-1979-wiki,1979 Equatorial Guinea coup d'état,Wikipedia,https://en.wikipedia.org/wiki/1979_Equatorial_Guinea_coup_d%27%C3%A9tat,reference,,
GNQ:globalsecurity-macias,GNQ,globalsecurity-macias,Francisco Macias Nguema,GlobalSecurity.org,https://www.globalsecurity.org/military/world/africa/gq-presdent-macias.htm,reference,,
GNQ:zafiro-nsenergy,GNQ,zafiro-nsenergy,"Zafiro Oil Field, Bioko Island, Gulf of Guinea",NS Energy,https://www.nsenergybusiness.com/projects/zafiro-oil-field-gulf-guinea/,reference,,
GNQ:ogj-eg-oil,GNQ,ogj-eg-oil,Equatorial Guinea becomes an oil producer,Oil & Gas Journal,https://www.ogj.com/home/article/17234480/equatorial-guinea-becomes-an-oil-producer,reference,,
GNQ:bbc-gnq,GNQ,bbc-gnq,Equatorial Guinea country profile,BBC News,https://www.bbc.com/news/world-africa-13317174,reference,,
GNQ:eiti-gnq,GNQ,eiti-gnq,Equatorial Guinea — country page,Extractive Industries Transparency Initiative (EITI),https://eiti.org/countries/equatorial-guinea,gov,,
GNQ:hrw-gnq,GNQ,hrw-gnq,Equatorial Guinea — country page,Human Rights Watch,https://www.hrw.org/africa/equatorial-guinea,reference,,
GNQ:statedept-gnq,GNQ,statedept-gnq,A Guide to the United States' History of Recognition: Equatorial Guinea,"U.S. Department of State, Office of the Historian",https://history.state.gov/countries/equatorial-guinea,gov,,
GRC:britannica-greece,GRC,britannica-greece,Greece (country overview and history),Encyclopaedia Britannica,https://www.britannica.com/place/Greece,encyclopedia,,
GRC:britannica-greece-ottoman,GRC,britannica-greece-ottoman,Greece under Ottoman rule,Encyclopaedia Britannica,https://www.britannica.com/place/Greece/Greece-under-Ottoman-rule,encyclopedia,,
GRC:britannica-war-independence,GRC,britannica-war-independence,War of Greek Independence,Encyclopaedia Britannica,https://www.britannica.com/event/War-of-Greek-Independence,encyclopedia,,
GRC:britannica-cleisthenes,GRC,britannica-cleisthenes,Cleisthenes of Athens,Encyclopaedia Britannica,https://www.britannica.com/biography/Cleisthenes-of-Athens,encyclopedia,,
GRC:britannica-marathon,GRC,britannica-marathon,Battle of Marathon,Encyclopaedia Britannica,https://www.britannica.com/event/Battle-of-Marathon,encyclopedia,,
GRC:britannica-chaeronea,GRC,britannica-chaeronea,Battle of Chaeronea,Encyclopaedia Britannica,https://www.britannica.com/event/Battle-of-Chaeronea,encyclopedia,,
GRC:britannica-alexander,GRC,britannica-alexander,Alexander the Great,Encyclopaedia Britannica,https://www.britannica.com/biography/Alexander-the-Great,encyclopedia,,
GRC:britannica-hellenistic,GRC,britannica-hellenistic,Hellenistic Age,Encyclopaedia Britannica,https://www.britannica.com/event/Hellenistic-Age,encyclopedia,,
GRC:britannica-byzantine,GRC,britannica-byzantine,Byzantine Empire,Encyclopaedia Britannica,https://www.britannica.com/place/Byzantine-Empire,encyclopedia,,
GRC:britannica-fall-constantinople,GRC,britannica-fall-constantinople,Fall of Constantinople (1453),Encyclopaedia Britannica,https://www.britannica.com/event/Fall-of-Constantinople-1453,encyclopedia,,
GRC:britannica-minoan,GRC,britannica-minoan,Minoan civilization,Encyclopaedia Britannica,https://www.britannica.com/topic/Minoan-civilization,encyclopedia,,
GRC:britannica-mycenaean,GRC,britannica-mycenaean,Mycenaean civilization,Encyclopaedia Britannica,https://www.britannica.com/topic/Mycenaean-civilization,encyclopedia,,
GRC:britannica-otto,GRC,britannica-otto,"Otto, king of Greece",Encyclopaedia Britannica,https://www.britannica.com/biography/Otto-king-of-Greece,encyclopedia,,
GRC:whe-ancient-greece,GRC,whe-ancient-greece,Ancient Greece,World History Encyclopedia,https://www.worldhistory.org/Greece/,encyclopedia,,
GRC:whe-minoan,GRC,whe-minoan,Minoan Civilization,World History Encyclopedia,https://www.worldhistory.org/Minoan_Civilization/,encyclopedia,,
GRC:whe-mycenaean,GRC,whe-mycenaean,Mycenaean Civilization,World History Encyclopedia,https://www.worldhistory.org/Mycenaean_Civilization/,encyclopedia,,
GRC:whe-bronze-age-aegean,GRC,whe-bronze-age-aegean,Bronze Age Aegean,World History Encyclopedia,https://www.worldhistory.org/Bronze_Age_Aegean/,encyclopedia,,
GRC:whe-marathon,GRC,whe-marathon,Battle of Marathon,World History Encyclopedia,https://www.worldhistory.org/marathon/,encyclopedia,,
GRC:whe-chaeronea,GRC,whe-chaeronea,Battle of Chaeronea,World History Encyclopedia,https://www.worldhistory.org/Battle_of_Chaeronea/,encyclopedia,,
GRC:whe-alexander,GRC,whe-alexander,Alexander the Great,World History Encyclopedia,https://www.worldhistory.org/Alexander_the_Great/,encyclopedia,,
GRC:whe-roman-greece,GRC,whe-roman-greece,Roman Greece (conquest and province of Achaea),World History Encyclopedia,https://www.worldhistory.org/Roman_Greece/,encyclopedia,,
GRC:history-greek-democracy,GRC,history-greek-democracy,Ancient Greek Democracy,HISTORY (A&E Television Networks),https://www.history.com/articles/ancient-greece-democracy,reference,,
GRC:ebsco-cleisthenes,GRC,ebsco-cleisthenes,Reforms of Cleisthenes,EBSCO Research Starters,https://www.ebsco.com/research-starters/politics-and-government/reforms-cleisthenes,reference,,
GRC:ebsco-greek-independence,GRC,ebsco-greek-independence,Greek Independence from the Ottoman Empire,EBSCO Research Starters,https://www.ebsco.com/research-starters/history/greek-independence-ottoman-empire,reference,,
GRC:greeknewsagenda-london-protocol,GRC,greeknewsagenda-london-protocol,3 February 1830: Greece becomes a state (London Protocol),Greek News Agenda (General Secretariat for Media and Communication),https://www.greeknewsagenda.gr/london-protocol/,gov,,
GRC:wiki-ottoman-morea,GRC,wiki-ottoman-morea,Ottoman conquest of the Morea,Wikipedia,https://en.wikipedia.org/wiki/Ottoman_conquest_of_the_Morea,reference,,
GRC:wiki-axis-occupation,GRC,wiki-axis-occupation,Axis occupation of Greece,Wikipedia,https://en.wikipedia.org/wiki/Axis_occupation_of_Greece,reference,,
GRC:ww2museum-greek-civil-war,GRC,ww2museum-greek-civil-war,"The Greek Civil War, 1944–1949","The National WWII Museum, New Orleans",https://www.nationalww2museum.org/war/articles/greek-civil-war-1944-1949,museum,,
GRC:globalsecurity-greco-turkish,GRC,globalsecurity-greco-turkish,1919–1922 Greco-Turkish War (Asia Minor Catastrophe),GlobalSecurity.org,https://www.globalsecurity.org/military/world/war/greco-turkish-megali-katastrofi.htm,reference,,
GRC:bbc-greece-timeline,GRC,bbc-greece-timeline,Greece profile – Timeline,BBC News,https://www.bbc.com/news/world-europe-17373216,reference,,
GRC:wikipedia-greek-war,GRC,wikipedia-greek-war,Greek War of Independence,Wikipedia,https://en.wikipedia.org/wiki/Greek_War_of_Independence,reference,,
GRL:greenland-history-britannica,GRL,greenland-history-britannica,Greenland: History,Encyclopædia Britannica,https://www.britannica.com/place/Greenland/History,encyclopedia,,
GRL:erik-britannica,GRL,erik-britannica,"Erik the Red, Norse explorer",Encyclopædia Britannica,https://www.britannica.com/biography/Erik-the-Red,encyclopedia,,
GRL:egede-britannica,GRL,egede-britannica,"Hans Egede, Danish-Norwegian missionary",Encyclopædia Britannica,https://www.britannica.com/biography/Hans-Egede,encyclopedia,,
GRL:aasivissuit-unesco,GRL,aasivissuit-unesco,Aasivissuit–Nipisat. Inuit Hunting Ground between Ice and Sea,UNESCO World Heritage Centre,https://whc.unesco.org/en/list/1557/,gov,,
GRL:kujataa-unesco,GRL,kujataa-unesco,Kujataa Greenland: Norse and Inuit Farming at the Edge of the Ice Cap,UNESCO World Heritage Centre,https://whc.unesco.org/en/list/1536/,gov,,
GRL:ilulissat-unesco,GRL,ilulissat-unesco,Ilulissat Icefjord,UNESCO World Heritage Centre,https://whc.unesco.org/en/list/1149/,gov,,
GRL:selfgov-act-stm,GRL,selfgov-act-stm,Act no. 473 of 12 June 2009: Act on Greenland Self-Government,Prime Minister's Office of Denmark (Statsministeriet),https://english.stm.dk/media/4vgewyoh/gl-selvstyrelov-uk.pdf,primary,,
GRL:stm-greenland,GRL,stm-greenland,Greenland: The Unity of the Realm,Prime Minister's Office of Denmark (Statsministeriet),https://english.stm.dk/the-prime-ministers-office/the-unity-of-the-realm/greenland/,gov,,
GRL:loc-greenland-selfgov,GRL,loc-greenland-selfgov,"Greenland's National Day, the Home Rule Act (1979), and the Act on Self-Government (2009)","Library of Congress, In Custodia Legis (Law Library blog)",https://blogs.loc.gov/law/2019/06/greenlands-national-day-the-home-rule-act-1979-and-the-act-on-self-government-2009/,gov,,
GRL:naalakkersuisut-about,GRL,naalakkersuisut-about,About Greenland / Politics in Greenland,Naalakkersuisut (Government of Greenland),https://naalakkersuisut.gl/en/About-government-of-greenland/About-Greenland,gov,,
GRL:denmark-history-state,GRL,denmark-history-state,"A Guide to the History of Recognition, Diplomatic, and Consular Relations: Denmark","U.S. Department of State, Office of the Historian",https://history.state.gov/countries/denmark,gov,,
GRL:diis-us-greenland,GRL,diis-us-greenland,The history of US presence in Greenland,Danish Institute for International Studies (DIIS),https://www.diis.dk/en/research/the-history-of-us-presence-in-greenland,academic,,
GRL:eastern-greenland-pcij,GRL,eastern-greenland-pcij,"Legal Status of Eastern Greenland (Denmark v. Norway), Judgment, 5 April 1933",Permanent Court of International Justice (worldcourts.com),https://www.worldcourts.com/pcij/eng/decisions/1933.04.05_greenland.htm,primary,,
GRL:egede-wilson,GRL,egede-wilson,Prime Minister Múte B. Egede,Wilson Center,https://www.wilsoncenter.org/person/prime-minister-mute-b-egede,reference,,
GRL:greenland-commons-library,GRL,greenland-commons-library,"Greenland: Home rule, new international relations and US interest",House of Commons Library (UK Parliament),https://commonslibrary.parliament.uk/research-briefings/cbp-10234/,gov,,
GRL:wikipedia-greenland,GRL,wikipedia-greenland,Greenland,Wikipedia,https://en.wikipedia.org/wiki/Greenland,reference,,
GTM:britannica-tikal,GTM,britannica-tikal,Tikal,Encyclopaedia Britannica,https://www.britannica.com/place/Tikal,encyclopedia,,
GTM:unesco-tikal,GTM,unesco-tikal,Tikal National Park,UNESCO World Heritage Centre,https://whc.unesco.org/en/list/64/,gov,,
GTM:britannica-maya,GTM,britannica-maya,Maya,Encyclopaedia Britannica,https://www.britannica.com/topic/Maya-people,encyclopedia,,
GTM:britannica-popol-vuh,GTM,britannica-popol-vuh,Popol Vuh,Encyclopaedia Britannica,https://www.britannica.com/topic/Popol-Vuh,encyclopedia,,
GTM:britannica-alvarado,GTM,britannica-alvarado,Pedro de Alvarado,Encyclopaedia Britannica,https://www.britannica.com/biography/Pedro-de-Alvarado,encyclopedia,,
GTM:britannica-antigua,GTM,britannica-antigua,Antigua Guatemala,Encyclopaedia Britannica,https://www.britannica.com/place/Antigua-Guatemala,encyclopedia,,
GTM:unesco-antigua,GTM,unesco-antigua,Antigua Guatemala,UNESCO World Heritage Centre,https://whc.unesco.org/en/list/65/,gov,,
GTM:britannica-central-america,GTM,britannica-central-america,"Central America: Independence, 1808-23",Encyclopaedia Britannica,https://www.britannica.com/place/Central-America/Independence-1808-23,encyclopedia,,
GTM:britannica-guatemala-history,GTM,britannica-guatemala-history,Guatemala: History (Postcolonial period and after),Encyclopaedia Britannica,https://www.britannica.com/place/Guatemala/The-postcolonial-period,encyclopedia,,
GTM:loc-guatemala,GTM,loc-guatemala,Guatemala: Country Guide (Hispanic Reading Room),Library of Congress,https://guides.loc.gov/guatemala-country-guide/,gov,,
GTM:history-state-guatemala,GTM,history-state-guatemala,"Foreign Relations of the United States, 1952-1954, Guatemala","U.S. Department of State, Office of the Historian",https://history.state.gov/historicaldocuments/frus1952-54Guat,gov,,
GTM:unesco-peace-accords,GTM,unesco-peace-accords,"Guatemala Peace Agreements, 1996 (Memory of the World)",UNESCO,https://www.unesco.org/en/memory-world/lac/guatemala-peace-agreements-1996,gov,,
GTM:britannica-rios-montt,GTM,britannica-rios-montt,Efrain Rios Montt,Encyclopaedia Britannica,https://www.britannica.com/biography/Jose-Efrain-Rios-Montt,encyclopedia,,
GTM:britannica-menchu,GTM,britannica-menchu,Rigoberta Menchu,Encyclopaedia Britannica,https://www.britannica.com/biography/Rigoberta-Menchu,encyclopedia,,
GTM:nobel-menchu,GTM,nobel-menchu,Rigoberta Menchu Tum - Facts,The Nobel Foundation (NobelPrize.org),https://www.nobelprize.org/prizes/peace/1992/tum/facts/,primary,,
GTM:usip-guatemala-2023,GTM,usip-guatemala-2023,Ambassadorial Level Meeting on Peacebuilding in Guatemala — Concept Note,United Nations Peacebuilding Commission,https://www.un.org/peacebuilding/sites/www.un.org.peacebuilding/files/documents/2024-06-04_cn_on_pbc_meeting_on_guatemala.pdf,gov,,
GTM:wikipedia-act-independence-ca,GTM,wikipedia-act-independence-ca,Act of Independence of Central America,Wikipedia,https://en.wikipedia.org/wiki/Act_of_Independence_of_Central_America,reference,,
GTM:statedept-guatemala,GTM,statedept-guatemala,A Guide to the United States' History of Recognition: Guatemala,"U.S. Department of State, Office of the Historian",https://history.state.gov/countries/guatemala,gov,,
GUY:britannica-guyana-history,GUY,britannica-guyana-history,"Guyana — History (Colonialism, Independence, Culture)",Encyclopaedia Britannica,https://www.britannica.com/place/Guyana/History,encyclopedia,,
GUY:britannica-guyana-independence,GUY,britannica-guyana-independence,"Guyana — Independence, Ethnicity, Politics",Encyclopaedia Britannica,https://www.britannica.com/place/Guyana/Independence,encyclopedia,,
GUY:britannica-jagan,GUY,britannica-jagan,Cheddi Jagan,Encyclopaedia Britannica,https://www.britannica.com/biography/Cheddi-Jagan,encyclopedia,,
GUY:britannica-burnham,GUY,britannica-burnham,Forbes Burnham,Encyclopaedia Britannica,https://www.britannica.com/biography/Forbes-Burnham,encyclopedia,,
GUY:britannica-janet-jagan,GUY,britannica-janet-jagan,Janet Jagan,Encyclopaedia Britannica,https://www.britannica.com/biography/Janet-Jagan,encyclopedia,,
GUY:britannica-georgetown,GUY,britannica-georgetown,"Georgetown, Guyana",Encyclopaedia Britannica,https://www.britannica.com/place/Georgetown-Guyana,encyclopedia,,
GUY:britannica-jonestown,GUY,britannica-jonestown,Jonestown,Encyclopaedia Britannica,https://www.britannica.com/event/Jonestown,encyclopedia,,
GUY:loc-guyana,GUY,loc-guyana,Guyana and Belize: Country Studies,"U.S. Library of Congress, Federal Research Division",https://www.loc.gov/item/93010956/,gov,,
GUY:history-state-guyana,GUY,history-state-guyana,"A Guide to the History of Recognition, Diplomatic, and Consular Relations: Guyana","U.S. Department of State, Office of the Historian",https://history.state.gov/countries/guyana,gov,,
GUY:icj-guyana-venezuela,GUY,icj-guyana-venezuela,Arbitral Award of 3 October 1899 (Guyana v. Venezuela),International Court of Justice,https://www.icj-cij.org/case/171,gov,,
GUY:ntg-1763,GUY,ntg-1763,The 1763 Monument,National Trust of Guyana,https://ntg.gov.gy/monument/1763-monument/,gov,,
GUY:ntg-kaieteur,GUY,ntg-kaieteur,Kaieteur Falls,National Trust of Guyana,https://ntg.gov.gy/monument/kaieteur-falls/,gov,,
GUY:eia-guyana,GUY,eia-guyana,Guyana becomes key contributor to global crude oil supply growth,U.S. Energy Information Administration,https://www.eia.gov/todayinenergy/detail.php?id=62103,gov,,
GUY:exxon-guyana,GUY,exxon-guyana,Guyana operations and project overview,ExxonMobil,https://corporate.exxonmobil.com/locations/guyana,reference,,
GUY:wikipedia-guyana,GUY,wikipedia-guyana,Guyana,Wikipedia,https://en.wikipedia.org/wiki/Guyana,reference,,
HND:britannica-copan,HND,britannica-copan,Copán,Encyclopaedia Britannica,https://www.britannica.com/place/Copan,encyclopedia,,
HND:britannica-hieroglyphic-stairway,HND,britannica-hieroglyphic-stairway,Hieroglyphic Stairway,Encyclopaedia Britannica,https://www.britannica.com/topic/Hieroglyphic-Stairway,encyclopedia,,
HND:unesco-copan,HND,unesco-copan,Maya Site of Copán,UNESCO World Heritage Centre,https://whc.unesco.org/en/list/129,gov,,
HND:britannica-lenca,HND,britannica-lenca,Lenca,Encyclopaedia Britannica,https://www.britannica.com/topic/Lenca,encyclopedia,,
HND:britannica-honduras-history,HND,britannica-honduras-history,Honduras: History,Encyclopaedia Britannica,https://www.britannica.com/place/Honduras/History,encyclopedia,,
HND:loc-honduras-study,HND,loc-honduras-study,Honduras: A Country Study,"Library of Congress, Federal Research Division",https://www.loc.gov/item/94043036/,gov,,
HND:history-state-honduras,HND,history-state-honduras,A Guide to the History of Recognition: Honduras,"U.S. Department of State, Office of the Historian",https://history.state.gov/countries/honduras,gov,,
HND:britannica-morazan,HND,britannica-morazan,Francisco Morazán,Encyclopaedia Britannica,https://www.britannica.com/biography/Francisco-Morazan,encyclopedia,,
HND:britannica-united-provinces,HND,britannica-united-provinces,United Provinces of Central America,Encyclopaedia Britannica,https://www.britannica.com/place/United-Provinces-of-Central-America,encyclopedia,,
HND:britannica-banana-republic,HND,britannica-banana-republic,Banana republic,Encyclopaedia Britannica,https://www.britannica.com/topic/banana-republic,encyclopedia,,
HND:britannica-hurricane-mitch,HND,britannica-hurricane-mitch,Hurricane Mitch,Encyclopaedia Britannica,https://www.britannica.com/event/Hurricane-Mitch,encyclopedia,,
HND:britannica-zelaya,HND,britannica-zelaya,Manuel Zelaya,Encyclopaedia Britannica,https://www.britannica.com/biography/Manuel-Zelaya,encyclopedia,,
HND:britannica-castro,HND,britannica-castro,Xiomara Castro,Encyclopaedia Britannica,https://www.britannica.com/biography/Xiomara-Castro,encyclopedia,,
HND:britannica-hernandez,HND,britannica-hernandez,Juan Orlando Hernández,Encyclopaedia Britannica,https://www.britannica.com/biography/Juan-Orlando-Hernandez,encyclopedia,,
HND:britannica-honduras-21st,HND,britannica-honduras-21st,Honduras: The 21st century,Encyclopaedia Britannica,https://www.britannica.com/place/Honduras/The-21st-century,encyclopedia,,
HND:atlantic-council-asfura,HND,atlantic-council-asfura,One month in: Honduras's new president Nasry Asfura,Atlantic Council,https://www.atlanticcouncil.org/in-depth-research-reports/issue-brief/one-month-in-can-hondurass-new-president-put-the-country-on-the-path-to-lasting-economic-gains/,reference,,
HND:wikipedia-act-independence-ca,HND,wikipedia-act-independence-ca,Act of Independence of Central America,Wikipedia,https://en.wikipedia.org/wiki/Act_of_Independence_of_Central_America,reference,,
HRV:croatia-history-britannica,HRV,croatia-history-britannica,Croatia: History,Encyclopaedia Britannica,https://www.britannica.com/place/Croatia/History,encyclopedia,,
HRV:tomislav-britannica,HRV,tomislav-britannica,"Tomislav, ruler of Croatia",Encyclopaedia Britannica,https://www.britannica.com/biography/Tomislav,encyclopedia,,
HRV:croatia-revival-britannica,HRV,croatia-revival-britannica,Croatia: The Croatian national revival,Encyclopaedia Britannica,https://www.britannica.com/place/Croatia/Croatian-national-revival,encyclopedia,,
HRV:kingdom-scs-britannica,HRV,kingdom-scs-britannica,"Kingdom of Serbs, Croats, and Slovenes",Encyclopaedia Britannica,https://www.britannica.com/place/Kingdom-of-Serbs-Croats-and-Slovenes,encyclopedia,,
HRV:ndh-britannica,HRV,ndh-britannica,Independent State of Croatia,Encyclopaedia Britannica,https://www.britannica.com/place/Independent-State-of-Croatia,encyclopedia,,
HRV:ustasa-britannica,HRV,ustasa-britannica,Ustasa (Croatian fascist movement),Encyclopaedia Britannica,https://www.britannica.com/topic/Ustasa,encyclopedia,,
HRV:croatia-wwii-britannica,HRV,croatia-wwii-britannica,Croatia: World War II,Encyclopaedia Britannica,https://www.britannica.com/place/Croatia/World-War-II,encyclopedia,,
HRV:tudjman-britannica,HRV,tudjman-britannica,Franjo Tudjman,Encyclopaedia Britannica,https://www.britannica.com/biography/Franjo-Tudjman,encyclopedia,,
HRV:croatia-eu-state,HRV,croatia-eu-state,Croatia in Europe through the Ages: Development of the State,Croatia.eu (Miroslav Krleza Institute of Lexicography),https://www.croatia.eu/index.php/en/home-en/croatia-in-europe-through-the-ages/development-of-the-state,reference,,
HRV:dubrovnik-unesco,HRV,dubrovnik-unesco,Old City of Dubrovnik,UNESCO World Heritage Centre,https://whc.unesco.org/en/list/95/,gov,,
HRV:split-unesco,HRV,split-unesco,Historical Complex of Split with the Palace of Diocletian,UNESCO World Heritage Centre,https://whc.unesco.org/en/list/97/,gov,,
HRV:trogir-unesco,HRV,trogir-unesco,Historic City of Trogir,UNESCO World Heritage Centre,https://whc.unesco.org/en/list/810,gov,,
HRV:plitvice-unesco,HRV,plitvice-unesco,Plitvice Lakes National Park — 45 years on the UNESCO World Heritage List,Plitvice Lakes National Park (Republic of Croatia),https://np-plitvicka-jezera.hr/en/45-years-since-the-inscription-on-the-unesco-world-heritage-list/,gov,,
HRV:jasenovac-ushmm,HRV,jasenovac-ushmm,Jasenovac,United States Holocaust Memorial Museum,https://encyclopedia.ushmm.org/content/en/article/jasenovac,museum,,
HRV:vukovar-irmct,HRV,vukovar-irmct,Vukovar Crimes,International Residual Mechanism for Criminal Tribunals (UN),https://www.irmct.org/en/mip/features/vukovar,gov,,
HRV:icty-conflicts,HRV,icty-conflicts,The Conflicts (former Yugoslavia),International Criminal Tribunal for the former Yugoslavia,https://www.icty.org/en/about/what-former-yugoslavia/conflicts,gov,,
HRV:gotovina-icty,HRV,gotovina-icty,"ICTY Weekly Press Briefing, 21 November 2012 (Gotovina and Markac appeals judgement)",International Criminal Tribunal for the former Yugoslavia,https://www.icty.org/en/press/icty-weekly-press-briefing-21-november-2012,gov,,
HRV:us-recognition-gov,HRV,us-recognition-gov,"A Guide to U.S. History of Recognition, Diplomatic, and Consular Relations: Croatia","U.S. Department of State, Office of the Historian",https://history.state.gov/countries/croatia,gov,,
HRV:piran-arbitration-gov,HRV,piran-arbitration-gov,"Arbitration (Croatia-Slovenia border, Final Award 29 June 2017)",Government of the Republic of Slovenia (gov.si),https://www.gov.si/en/registries/projects/arbitraza/,gov,,
HRV:croatia-eu-mvep,HRV,croatia-eu-mvep,On 1 July 2013 Croatia has become the 28th Member State of the European Union,Ministry of Foreign and European Affairs of the Republic of Croatia,https://mvep.gov.hr/news-130138/on-1-july-2013-croatia-has-become-the-28th-member-state-of-the-european-union/175446,gov,,
HRV:croatia-eu-commission,HRV,croatia-eu-commission,Croatia — Enlargement (Member State as of 1 July 2013),"European Commission, Enlargement and Eastern Neighbourhood",https://enlargement.ec.europa.eu/croatia_en,gov,,
HRV:croatia-euro-ecb,HRV,croatia-euro-ecb,Croatia adopts the euro,European Central Bank,https://www.ecb.europa.eu/press/economic-bulletin/focus/2023/html/ecb.ebbox202208_02~15fd36600a.en.html,gov,,
HRV:wikipedia-kingdom-croatia,HRV,wikipedia-kingdom-croatia,Kingdom of Croatia (925–1102),Wikipedia,https://en.wikipedia.org/wiki/Kingdom_of_Croatia_(925%E2%80%931102),reference,,
HRV:statedept-croatia,HRV,statedept-croatia,A Guide to the United States' History of Recognition: Croatia,"U.S. Department of State, Office of the Historian",https://history.state.gov/countries/croatia,gov,,
HTI:britannica-history-haiti,HTI,britannica-history-haiti,History of Haiti,Encyclopaedia Britannica,https://www.britannica.com/topic/history-of-Haiti,encyclopedia,,
HTI:britannica-hispaniola,HTI,britannica-hispaniola,Hispaniola,Encyclopaedia Britannica,https://www.britannica.com/place/Hispaniola,encyclopedia,,
HTI:loc-columbus-taino,HTI,loc-columbus-taino,Columbus and the Taino,Library of Congress,https://www.loc.gov/exhibits/exploring-the-early-americas/columbus-and-the-taino.html,gov,,
HTI:britannica-rijswijk,HTI,britannica-rijswijk,Treaty of Rijswijk,Encyclopaedia Britannica,https://www.britannica.com/topic/Treaty-of-Rijswijk,encyclopedia,,
HTI:britannica-saint-domingue,HTI,britannica-saint-domingue,Saint-Domingue,Encyclopaedia Britannica,https://www.britannica.com/place/Saint-Domingue,encyclopedia,,
HTI:britannica-haitian-revolution,HTI,britannica-haitian-revolution,Haitian Revolution,Encyclopaedia Britannica,https://www.britannica.com/topic/Haitian-Revolution,encyclopedia,,
HTI:britannica-toussaint,HTI,britannica-toussaint,Toussaint Louverture,Encyclopaedia Britannica,https://www.britannica.com/biography/Toussaint-Louverture,encyclopedia,,
HTI:britannica-dessalines,HTI,britannica-dessalines,Jean-Jacques Dessalines,Encyclopaedia Britannica,https://www.britannica.com/biography/Jean-Jacques-Dessalines,encyclopedia,,
HTI:britannica-christophe,HTI,britannica-christophe,Henry Christophe,Encyclopaedia Britannica,https://www.britannica.com/biography/Henry-Christophe,encyclopedia,,
HTI:unesco-national-history-park,HTI,unesco-national-history-park,"National History Park - Citadel, Sans Souci, Ramiers",UNESCO World Heritage Centre,https://whc.unesco.org/en/list/180/,gov,,
HTI:history-state-occupation,HTI,history-state-occupation,"U.S. Invasion and Occupation of Haiti, 1915-34","U.S. Department of State, Office of the Historian",https://history.state.gov/milestones/1914-1920/haiti,gov,,
HTI:britannica-duvaliers,HTI,britannica-duvaliers,Haiti: Military regimes and the Duvaliers,Encyclopaedia Britannica,https://www.britannica.com/place/Haiti/Military-regimes-and-the-Duvaliers,encyclopedia,,
HTI:britannica-aristide,HTI,britannica-aristide,Jean-Bertrand Aristide,Encyclopaedia Britannica,https://www.britannica.com/biography/Jean-Bertrand-Aristide,encyclopedia,,
HTI:britannica-earthquake,HTI,britannica-earthquake,2010 Haiti earthquake,Encyclopaedia Britannica,https://www.britannica.com/event/2010-Haiti-earthquake,encyclopedia,,
HTI:un-news-haiti-2025,HTI,un-news-haiti-2025,UN Security Council approves new force for Haiti amid gang violence,United Nations News,https://news.un.org/en/story/2025/09/1166006,gov,,
HTI:loc-country-study,HTI,loc-country-study,Dominican Republic and Haiti: Country Studies,"Library of Congress, Federal Research Division",https://www.loc.gov/item/2001023524,gov,,
HTI:statedept-haiti,HTI,statedept-haiti,A Guide to the United States' History of Recognition: Haiti,"U.S. Department of State, Office of the Historian",https://history.state.gov/countries/haiti,gov,,
HTI:bbc-haiti,HTI,bbc-haiti,Haiti country profile,BBC News,https://www.bbc.com/news/world-latin-america-19548810,reference,,
HUN:arpad-britannica,HUN,arpad-britannica,"Árpád, ruler of Hungary",Encyclopaedia Britannica,https://www.britannica.com/biography/Arpad-ruler-of-Hungary,encyclopedia,,
HUN:arpad-dynasty-britannica,HUN,arpad-dynasty-britannica,Árpád dynasty,Encyclopaedia Britannica,https://www.britannica.com/topic/Arpad-dynasty,encyclopedia,,
HUN:stephen-britannica,HUN,stephen-britannica,"Stephen I, king of Hungary",Encyclopaedia Britannica,https://www.britannica.com/biography/Stephen-I-king-of-Hungary,encyclopedia,,
HUN:pannonhalma-unesco,HUN,pannonhalma-unesco,Millenary Benedictine Abbey of Pannonhalma and its Natural Environment,UNESCO World Heritage Centre,https://whc.unesco.org/en/list/758/,gov,,
HUN:crown-museum,HUN,crown-museum,The Holy Crown of Hungary and the Coronation Regalia,Hungarian National Assembly (Parliament of Hungary),https://www.parlament.hu/web/house-of-the-national-assembly/the-holy-crown,gov,,
HUN:mongol-britannica,HUN,mongol-britannica,Mongolian invasion (1241-1242),Encyclopaedia Britannica,https://www.britannica.com/topic/Mongolian-invasion,encyclopedia,,
HUN:bela-iv-britannica,HUN,bela-iv-britannica,"Béla IV, king of Hungary",Encyclopaedia Britannica,https://www.britannica.com/biography/Bela-IV,encyclopedia,,
HUN:mohacs-britannica,HUN,mohacs-britannica,Battle of Mohács (1526),Encyclopaedia Britannica,https://www.britannica.com/event/Battle-of-Mohacs,encyclopedia,,
HUN:revolution-1848-britannica,HUN,revolution-1848-britannica,Hungarian Revolution (1848-1849),Encyclopaedia Britannica,https://www.britannica.com/event/Hungarian-Revolution-1848-1849,encyclopedia,,
HUN:ausgleich-britannica,HUN,ausgleich-britannica,Ausgleich (Austro-Hungarian Compromise of 1867),Encyclopaedia Britannica,https://www.britannica.com/event/Ausgleich,encyclopedia,,
HUN:dual-monarchy-britannica,HUN,dual-monarchy-britannica,"Hungary: The Dual Monarchy, 1867-1918",Encyclopaedia Britannica,https://www.britannica.com/place/Hungary/The-Dual-Monarchy-1867-1918,encyclopedia,,
HUN:budapest-unesco,HUN,budapest-unesco,"Budapest, including the Banks of the Danube, the Buda Castle Quarter and Andrássy Avenue",UNESCO World Heritage Centre,https://whc.unesco.org/en/list/400/,gov,,
HUN:trianon-britannica,HUN,trianon-britannica,Treaty of Trianon,Encyclopaedia Britannica,https://www.britannica.com/event/Treaty-of-Trianon,encyclopedia,,
HUN:holocaust-ushmm,HUN,holocaust-ushmm,The Holocaust in Hungary,United States Holocaust Memorial Museum,https://encyclopedia.ushmm.org/content/en/article/the-holocaust-in-hungary,museum,,
HUN:revolution-1956-britannica,HUN,revolution-1956-britannica,Hungarian Revolution (1956),Encyclopaedia Britannica,https://www.britannica.com/event/Hungarian-Revolution-1956,encyclopedia,,
HUN:kadar-britannica,HUN,kadar-britannica,János Kádár,Encyclopaedia Britannica,https://www.britannica.com/biography/Janos-Kadar,encyclopedia,,
HUN:picnic-gov,HUN,picnic-gov,Pan-European Picnic (19 August 1989),Federal Government of Germany (Bundesregierung),https://www.bundesregierung.de/breg-en/service/archive/-pan-european-picnic--1662402,gov,,
HUN:nato-gov,HUN,nato-gov,"NATO member countries (Hungary, 12 March 1999)",North Atlantic Treaty Organization,https://www.nato.int/en/about-us/organization/nato-member-countries,gov,,
HUN:eu-gov,HUN,eu-gov,EU enlargement: Hungary joined on 1 May 2004,European Union (european-union.europa.eu),https://european-union.europa.eu/principles-countries-history/eu-enlargement_en,gov,,
HUN:wikipedia-stephen-i,HUN,wikipedia-stephen-i,Stephen I of Hungary,Wikipedia,https://en.wikipedia.org/wiki/Stephen_I_of_Hungary,reference,,
HUN:nwe-stephen-i,HUN,nwe-stephen-i,Stephen I of Hungary,New World Encyclopedia,https://www.newworldencyclopedia.org/entry/Stephen_I_of_Hungary,encyclopedia,,
IDN:britannica-srivijaya,IDN,britannica-srivijaya,Srivijaya empire,Encyclopaedia Britannica,https://www.britannica.com/place/Srivijaya-empire,encyclopedia,,
IDN:worldhistory-borobudur,IDN,worldhistory-borobudur,Borobudur,World History Encyclopedia,https://www.worldhistory.org/Borobudur/,encyclopedia,,
IDN:unesco-borobudur,IDN,unesco-borobudur,Borobudur Temple Compounds,UNESCO World Heritage Centre,https://whc.unesco.org/en/list/592/,gov,,
IDN:britannica-majapahit,IDN,britannica-majapahit,Majapahit empire,Encyclopaedia Britannica,https://www.britannica.com/place/Majapahit-empire,encyclopedia,,
IDN:wikipedia-majapahit,IDN,wikipedia-majapahit,Majapahit,Wikipedia,https://en.wikipedia.org/wiki/Majapahit,reference,,
IDN:britannica-history-indonesia,IDN,britannica-history-indonesia,History of Indonesia (Islamic influence; Dutch rule),Encyclopaedia Britannica,https://www.britannica.com/topic/history-of-Indonesia,encyclopedia,,
IDN:wikipedia-islam-spread,IDN,wikipedia-islam-spread,Spread of Islam in Indonesia,Wikipedia,https://en.wikipedia.org/wiki/Spread_of_Islam_in_Indonesia,reference,,
IDN:wikipedia-malacca-1511,IDN,wikipedia-malacca-1511,Capture of Malacca (1511),Wikipedia,https://en.wikipedia.org/wiki/Capture_of_Malacca_(1511),reference,,
IDN:wikipedia-voc,IDN,wikipedia-voc,Dutch East India Company,Wikipedia,https://en.wikipedia.org/wiki/Dutch_East_India_Company,reference,,
IDN:wikipedia-banda,IDN,wikipedia-banda,"Banda Islands (Dutch conquest, 1621)",Wikipedia,https://en.wikipedia.org/wiki/Banda_Islands,reference,,
IDN:wikipedia-national-awakening,IDN,wikipedia-national-awakening,Indonesian National Awakening,Wikipedia,https://en.wikipedia.org/wiki/Indonesian_National_Awakening,reference,,
IDN:britannica-indonesia,IDN,britannica-indonesia,Indonesia (toward independence; Japanese occupation; after Suharto),Encyclopaedia Britannica,https://www.britannica.com/place/Indonesia,encyclopedia,,
IDN:wikipedia-japanese-occupation,IDN,wikipedia-japanese-occupation,Japanese occupation of the Dutch East Indies,Wikipedia,https://en.wikipedia.org/wiki/Japanese_occupation_of_the_Dutch_East_Indies,reference,,
IDN:wikipedia-proclamation,IDN,wikipedia-proclamation,Proclamation of Indonesian Independence,Wikipedia,https://en.wikipedia.org/wiki/Proclamation_of_Indonesian_Independence,reference,,
IDN:ebsco-independence,IDN,ebsco-independence,Indonesia Regains Its Independence (Research Starters),EBSCO,https://www.ebsco.com/research-starters/history/indonesia-regains-its-independence,reference,,
IDN:hrw-1965,IDN,hrw-1965,Indonesia: US Documents Released on 1965-66 Massacres,Human Rights Watch,https://www.hrw.org/news/2017/10/18/indonesia-us-documents-released-1965-66-massacres,gov,,
IDN:wikipedia-killings-1965,IDN,wikipedia-killings-1965,Indonesian mass killings of 1965–66,Wikipedia,https://en.wikipedia.org/wiki/Indonesian_mass_killings_of_1965%E2%80%9366,reference,,
IDN:wikipedia-fall-suharto,IDN,wikipedia-fall-suharto,Fall of Suharto,Wikipedia,https://en.wikipedia.org/wiki/Fall_of_Suharto,reference,,
IDN:wikipedia-indonesia-proclamation,IDN,wikipedia-indonesia-proclamation,Proclamation of Indonesian Independence,Wikipedia,https://en.wikipedia.org/wiki/Proclamation_of_Indonesian_Independence,reference,,
IDN:statedept-indonesia,IDN,statedept-indonesia,A Guide to the United States' History of Recognition: Indonesia,"U.S. Department of State, Office of the Historian",https://history.state.gov/countries/indonesia,gov,,
IND:worldhistory-indus,IND,worldhistory-indus,Indus Valley Civilization,World History Encyclopedia,https://www.worldhistory.org/Indus_Valley_Civilization/,encyclopedia,,
IND:wikipedia-indus,IND,wikipedia-indus,Indus Valley Civilisation,Wikipedia,https://en.wikipedia.org/wiki/Indus_Valley_Civilisation,reference,,
IND:unesco-mohenjodaro,IND,unesco-mohenjodaro,Archaeological Ruins at Moenjodaro,UNESCO World Heritage Centre,https://whc.unesco.org/en/list/138/,gov,,
IND:wikipedia-rigveda,IND,wikipedia-rigveda,Rigveda,Wikipedia,https://en.wikipedia.org/wiki/Rigveda,reference,,
IND:ebsco-vedic,IND,ebsco-vedic,Vedic religion (Research Starters),EBSCO,https://www.ebsco.com/research-starters/religion-and-philosophy/vedic-religion,reference,,
IND:britannica-mahavira,IND,britannica-mahavira,"Mahavira, Jaina teacher",Encyclopaedia Britannica,https://www.britannica.com/biography/Mahavira-Jaina-teacher,encyclopedia,,
IND:britannica-mauryan,IND,britannica-mauryan,Mauryan Empire,Encyclopaedia Britannica,https://www.britannica.com/place/Mauryan-Empire,encyclopedia,,
IND:wikipedia-chandragupta,IND,wikipedia-chandragupta,Chandragupta Maurya,Wikipedia,https://en.wikipedia.org/wiki/Chandragupta_Maurya,reference,,
IND:wikipedia-gupta,IND,wikipedia-gupta,Gupta Empire,Wikipedia,https://en.wikipedia.org/wiki/Gupta_Empire,reference,,
IND:britannica-gupta,IND,britannica-gupta,Gupta dynasty,Encyclopaedia Britannica,https://www.britannica.com/topic/Gupta-dynasty,encyclopedia,,
IND:wikipedia-qutb,IND,wikipedia-qutb,Qutb ud-Din Aibak,Wikipedia,https://en.wikipedia.org/wiki/Qutb_ud-Din_Aibak,reference,,
IND:wikipedia-delhisultanate,IND,wikipedia-delhisultanate,Delhi Sultanate,Wikipedia,https://en.wikipedia.org/wiki/Delhi_Sultanate,reference,,
IND:britannica-mughal,IND,britannica-mughal,Mughal dynasty,Encyclopaedia Britannica,https://www.britannica.com/topic/Mughal-dynasty,encyclopedia,,
IND:britannica-plassey,IND,britannica-plassey,Battle of Plassey,Encyclopaedia Britannica,https://www.britannica.com/event/Battle-of-Plassey,encyclopedia,,
IND:britannica-raj,IND,britannica-raj,British raj,Encyclopaedia Britannica,https://www.britannica.com/event/British-raj,encyclopedia,,
IND:britannica-saltmarch,IND,britannica-saltmarch,Salt March (1930),Encyclopaedia Britannica,https://www.britannica.com/event/Salt-March,encyclopedia,,
IND:britannica-bengalfamine,IND,britannica-bengalfamine,Bengal famine of 1943,Encyclopaedia Britannica,https://www.britannica.com/topic/Bengal-famine-of-1943,encyclopedia,,
IND:wikipedia-bengalfamine,IND,wikipedia-bengalfamine,Bengal famine of 1943,Wikipedia,https://en.wikipedia.org/wiki/Bengal_famine_of_1943,reference,,
IND:wikipedia-partition,IND,wikipedia-partition,Partition of India,Wikipedia,https://en.wikipedia.org/wiki/Partition_of_India,reference,,
IND:britannica-republicday,IND,britannica-republicday,"Republic Day, India",Encyclopaedia Britannica,https://www.britannica.com/topic/Republic-Day-India,encyclopedia,,
IND:knowindia-republic,IND,knowindia-republic,Republic of India — Republic Day,"Know India, National Portal of India",https://knowindia.india.gov.in/republic-day-celebration/republic-of-india.php,gov,,
IND:wikipedia-maurya,IND,wikipedia-maurya,Maurya Empire,Wikipedia,https://en.wikipedia.org/wiki/Maurya_Empire,reference,,
IND:wikipedia-british-raj,IND,wikipedia-british-raj,British Raj,Wikipedia,https://en.wikipedia.org/wiki/British_Raj,reference,,
IND:statedept-india,IND,statedept-india,A Guide to the United States' History of Recognition: India,"U.S. Department of State, Office of the Historian",https://history.state.gov/countries/india,gov,,
IND:whe-mauryan-empire,IND,whe-mauryan-empire,Mauryan Empire,World History Encyclopedia,https://www.worldhistory.org/Mauryan_Empire/,encyclopedia,,
IRL:ebsco-christianity,IRL,ebsco-christianity,Ireland Converts to Christianity,EBSCO Research Starters,https://www.ebsco.com/research-starters/history/ireland-converts-christianity,reference,,
IRL:wha-patrick,IRL,wha-patrick,Saint Patrick,World History Encyclopedia,https://www.worldhistory.org/Saint_Patrick/,encyclopedia,,
IRL:wha-vikings,IRL,wha-vikings,The Vikings in Ireland,World History Encyclopedia,https://www.worldhistory.org/article/1162/the-vikings-in-ireland/,encyclopedia,,
IRL:thecollector-vikings,IRL,thecollector-vikings,How the Vikings Shaped Ireland,TheCollector,https://www.thecollector.com/vikings-ireland/,reference,,
IRL:ebsco-normans,IRL,ebsco-normans,Normans Invade Ireland,EBSCO Research Starters,https://www.ebsco.com/research-starters/history/normans-invade-ireland,reference,,
IRL:nwe-normans,IRL,nwe-normans,Anglo-Norman invasion of Ireland,New World Encyclopedia,https://www.newworldencyclopedia.org/entry/Anglo-Norman_invasion_of_Ireland,encyclopedia,,
IRL:downsurvey-cromwell,IRL,downsurvey-cromwell,The Cromwellian Settlement and Down Survey,"The Down Survey of Ireland, Trinity College Dublin",https://www.downsurvey.ie/about/,academic,,
IRL:udel-parnell,IRL,udel-parnell,Charles Stewart Parnell and the Home Rule Movement,University of Delaware Library (Easter Rising exhibition),https://exhibitions.lib.udel.edu/easter1916/home/ireland-to-1900/parnell/,academic,,
IRL:history-famine,IRL,history-famine,"Irish Potato Famine: Date, Cause & Great Hunger",HISTORY,https://www.history.com/articles/irish-potato-famine,reference,,
IRL:irishmemorial-famine,IRL,irishmemorial-famine,The Great Hunger: The History of An Gorta Mór,"The Irish Memorial, Philadelphia",https://irishmemorial.org/the-great-hunger/,museum,,
IRL:burns-penal,IRL,burns-penal,The Penal Laws in Ireland,"John J. Burns Library, Boston College",https://johnjburnslibrary.wordpress.com/2018/10/22/the-penal-laws-in-ireland/,academic,,
IRL:gpo-timeline,IRL,gpo-timeline,Irish History Timeline – From 1916 to Today,"GPO Witness History Museum, Dublin",https://www.gpomuseum.ie/explore/history/,museum,,
IRL:irishcentral-republic,IRL,irishcentral-republic,Republic of Ireland Act comes into effect in 1949,IrishCentral,https://www.irishcentral.com/roots/history/republic-of-ireland-act,reference,,
IRL:ec-ireland-eu,IRL,ec-ireland-eu,Benefits of EU membership for Ireland,"European Commission, Representation in Ireland",https://ireland.representation.ec.europa.eu/about-us/benefits-eu-membership-ireland_en,gov,,
IRL:cso-eu50,IRL,cso-eu50,Ireland and the EU at 50: Timeline of Key Events,"Central Statistics Office (CSO), Ireland",https://www.cso.ie/en/releasesandpublications/ep/p-ieu50/irelandandtheeuat50/timelineofkeyevents,gov,,
IRL:rte-eec,IRL,rte-eec,Reaction on Decision to Join the EEC (1972),RTÉ Archives,https://www.rte.ie/archives/exhibitions/1667-being-european/370193-reaction-on-decision-to-join-the-eec/,archive,,
IRL:peaceagreements-gfa,IRL,peaceagreements-gfa,The Agreement Reached in the Multi-Party Negotiations (Good Friday/Belfast Agreement),"PA-X Peace Agreements Database, University of Edinburgh",https://www.peaceagreements.org/view/556/,primary,,
IRL:ni-assembly-gfa,IRL,ni-assembly-gfa,The Belfast Agreement / Good Friday Agreement 1998,Northern Ireland Assembly Education Service,https://education.niassembly.gov.uk/post-16/snapshots-devolution/belfast-agreementgood-friday-agreement-1998,gov,,
IRL:thejournal-rockall,IRL,thejournal-rockall,Who owns Rockall? The history of the Atlantic dispute between Ireland and the UK,TheJournal.ie,https://www.thejournal.ie/rockall-explainer-3333490-Apr2017/,reference,,
IRL:irishtimes-rockall,IRL,irishtimes-rockall,Who owns Rockall? A history of disputes over a tiny Atlantic island,The Irish Times,https://www.irishtimes.com/news/politics/who-owns-rockall-a-history-of-disputes-over-a-tiny-atlantic-island-1.3919668,reference,,
IRL:wikipedia-irish-free-state,IRL,wikipedia-irish-free-state,Irish Free State,Wikipedia,https://en.wikipedia.org/wiki/Irish_Free_State,reference,,
IRL:statedept-ireland,IRL,statedept-ireland,A Guide to the United States' History of Recognition: Ireland,"U.S. Department of State, Office of the Historian",https://history.state.gov/countries/ireland,gov,,
IRN:britannica-elam,IRN,britannica-elam,"Elam — ancient region, Iran",Encyclopaedia Britannica,https://www.britannica.com/place/Elam,encyclopedia,,
IRN:worldhistory-susa,IRN,worldhistory-susa,Susa,World History Encyclopedia,https://www.worldhistory.org/susa/,encyclopedia,,
IRN:worldhistory-cyrus,IRN,worldhistory-cyrus,Cyrus the Great,World History Encyclopedia,https://www.worldhistory.org/Cyrus_the_Great/,encyclopedia,,
IRN:britannica-cyrus,IRN,britannica-cyrus,Cyrus the Great,Encyclopaedia Britannica,https://www.britannica.com/biography/Cyrus-the-Great,encyclopedia,,
IRN:britishmuseum-cyruscylinder,IRN,britishmuseum-cyruscylinder,The Cyrus Cylinder,The British Museum,https://www.britishmuseum.org/collection/object/W_1880-0617-1941,museum,,
IRN:unesco-persepolis,IRN,unesco-persepolis,Persepolis — UNESCO World Heritage List,UNESCO World Heritage Centre,https://whc.unesco.org/en/list/114/,gov,,
IRN:worldhistory-persepolis-burning,IRN,worldhistory-persepolis-burning,Alexander the Great & the Burning of Persepolis,World History Encyclopedia,https://www.worldhistory.org/article/214/alexander-the-great--the-burning-of-persepolis/,encyclopedia,,
IRN:britannica-parthia,IRN,britannica-parthia,Ancient Iran — The Hellenistic and Parthian periods,Encyclopaedia Britannica,https://www.britannica.com/place/ancient-Iran/The-Hellenistic-and-Parthian-periods,encyclopedia,,
IRN:worldhistory-sasanian,IRN,worldhistory-sasanian,Sasanian Empire,World History Encyclopedia,https://www.worldhistory.org/Sasanian_Empire/,encyclopedia,,
IRN:britannica-sasanian,IRN,britannica-sasanian,Sāsānian dynasty,Encyclopaedia Britannica,https://www.britannica.com/topic/Sasanian-dynasty,encyclopedia,,
IRN:worldhistory-zoroastrianism,IRN,worldhistory-zoroastrianism,Zoroastrianism,World History Encyclopedia,https://www.worldhistory.org/zoroastrianism/,encyclopedia,,
IRN:britannica-nahavand,IRN,britannica-nahavand,Battle of Nahāvand,Encyclopaedia Britannica,https://www.britannica.com/event/Battle-of-Nahavand,encyclopedia,,
IRN:thecollector-arabconquests,IRN,thecollector-arabconquests,"The Phases, History, and Legacy of the Arab Conquests (632–750 CE)",TheCollector,https://www.thecollector.com/arab-conquests-history-legacy/,reference,,
IRN:wikipedia-houseofwisdom,IRN,wikipedia-houseofwisdom,House of Wisdom,Wikipedia,https://en.wikipedia.org/wiki/House_of_Wisdom,reference,,
IRN:wikipedia-avicenna,IRN,wikipedia-avicenna,Avicenna (Ibn Sina),Wikipedia,https://en.wikipedia.org/wiki/Avicenna,reference,,
IRN:britannica-ferdowsi,IRN,britannica-ferdowsi,Ferdowsī — Persian poet,Encyclopaedia Britannica,https://www.britannica.com/biography/Ferdowsi,encyclopedia,,
IRN:worldhistory-ilkhanate,IRN,worldhistory-ilkhanate,Ilkhanate,World History Encyclopedia,https://www.worldhistory.org/Ilkhanate/,encyclopedia,,
IRN:britannica-mongolinvasion,IRN,britannica-mongolinvasion,Iran — The Mongol invasion,Encyclopaedia Britannica,https://www.britannica.com/place/Iran/The-Mongol-invasion,encyclopedia,,
IRN:britannica-safavid,IRN,britannica-safavid,Safavid dynasty,Encyclopaedia Britannica,https://www.britannica.com/topic/Safavid-dynasty,encyclopedia,,
IRN:wikipedia-safavid,IRN,wikipedia-safavid,Safavid Iran,Wikipedia,https://en.wikipedia.org/wiki/Safavid_Iran,reference,,
IRN:unesco-isfahan,IRN,unesco-isfahan,"Meidan Emam, Esfahan — UNESCO World Heritage List",UNESCO World Heritage Centre,https://whc.unesco.org/en/list/115/,gov,,
IRN:wikipedia-constitutionalrev,IRN,wikipedia-constitutionalrev,Persian Constitutional Revolution,Wikipedia,https://en.wikipedia.org/wiki/Persian_Constitutional_Revolution,reference,,
IRN:britannica-iran,IRN,britannica-iran,Iran — history,Encyclopaedia Britannica,https://www.britannica.com/place/Iran,encyclopedia,,
IRN:wikipedia-pahlavi,IRN,wikipedia-pahlavi,Pahlavi dynasty,Wikipedia,https://en.wikipedia.org/wiki/Pahlavi_dynasty,reference,,
IRN:britannica-1953coup,IRN,britannica-1953coup,1953 coup in Iran,Encyclopaedia Britannica,https://www.britannica.com/event/1953-coup-in-Iran,encyclopedia,,
IRN:wikipedia-1953coup,IRN,wikipedia-1953coup,1953 Iranian coup d'état,Wikipedia,https://en.wikipedia.org/wiki/1953_Iranian_coup_d%27%C3%A9tat,reference,,
IRN:britannica-iranianrevolution,IRN,britannica-iranianrevolution,Iranian Revolution,Encyclopaedia Britannica,https://www.britannica.com/event/Iranian-Revolution,encyclopedia,,
IRN:wikipedia-republicreferendum,IRN,wikipedia-republicreferendum,1979 Iranian Islamic Republic referendum,Wikipedia,https://en.wikipedia.org/wiki/1979_Iranian_Islamic_Republic_referendum,reference,,
IRN:britannica-iraniraqwar,IRN,britannica-iraniraqwar,Iran–Iraq War,Encyclopaedia Britannica,https://www.britannica.com/event/Iran-Iraq-War,encyclopedia,,
IRN:wikipedia-unscr598,IRN,wikipedia-unscr598,United Nations Security Council Resolution 598,Wikipedia,https://en.wikipedia.org/wiki/United_Nations_Security_Council_Resolution_598,reference,,
IRN:wikipedia-achaemenid,IRN,wikipedia-achaemenid,Achaemenid Empire,Wikipedia,https://en.wikipedia.org/wiki/Achaemenid_Empire,reference,,
IRN:wikipedia-parthian,IRN,wikipedia-parthian,Parthian Empire,Wikipedia,https://en.wikipedia.org/wiki/Parthian_Empire,reference,,
IRN:wikipedia-muslim-conquest-persia,IRN,wikipedia-muslim-conquest-persia,Muslim conquest of Persia,Wikipedia,https://en.wikipedia.org/wiki/Muslim_conquest_of_Persia,reference,,
IRN:wikipedia-buyid,IRN,wikipedia-buyid,Buyid dynasty,Wikipedia,https://en.wikipedia.org/wiki/Buyid_dynasty,reference,,
IRQ:britannica-iraq-history,IRQ,britannica-iraq-history,Iraq — History,Encyclopædia Britannica,https://www.britannica.com/place/Iraq/History,encyclopedia,,
IRQ:britannica-mesopotamia,IRQ,britannica-mesopotamia,History of Mesopotamia,Encyclopædia Britannica,https://www.britannica.com/place/Mesopotamia-historical-region-Asia,encyclopedia,,
IRQ:bm-mesopotamia,IRQ,bm-mesopotamia,Mesopotamia — collection gallery,The British Museum,https://www.britishmuseum.org/collection/galleries/mesopotamia,museum,,
IRQ:bm-cuneiform,IRQ,bm-cuneiform,How to write cuneiform,The British Museum,https://www.britishmuseum.org/blog/how-write-cuneiform,museum,,
IRQ:britannica-sargon,IRQ,britannica-sargon,Sargon — king of Akkad,Encyclopædia Britannica,https://www.britannica.com/biography/Sargon,encyclopedia,,
IRQ:britannica-hammurabi,IRQ,britannica-hammurabi,Hammurabi — king of Babylonia,Encyclopædia Britannica,https://www.britannica.com/biography/Hammurabi,encyclopedia,,
IRQ:britannica-code-hammurabi,IRQ,britannica-code-hammurabi,Code of Hammurabi,Encyclopædia Britannica,https://www.britannica.com/topic/Code-of-Hammurabi,encyclopedia,,
IRQ:louvre-hammurabi,IRQ,louvre-hammurabi,The Code of Hammurabi,Musée du Louvre,https://www.louvre.fr/en/the-code-of-hammurabi,museum,,
IRQ:britannica-nineveh,IRQ,britannica-nineveh,"Nineveh — ancient city, Iraq",Encyclopædia Britannica,https://www.britannica.com/place/Nineveh-ancient-city-Iraq,encyclopedia,,
IRQ:bm-ashurbanipal,IRQ,bm-ashurbanipal,Who was Ashurbanipal?,The British Museum,https://www.britishmuseum.org/blog/who-was-ashurbanipal,museum,,
IRQ:unesco-hatra,IRQ,unesco-hatra,Hatra — UNESCO World Heritage List,UNESCO World Heritage Centre,https://whc.unesco.org/en/list/277/,gov,,
IRQ:unesco-babylon,IRQ,unesco-babylon,Babylon — UNESCO World Heritage List,UNESCO World Heritage Centre,https://whc.unesco.org/en/list/278/,gov,,
IRQ:unesco-ashur,IRQ,unesco-ashur,Ashur (Qal'at Sherqat) — UNESCO World Heritage List,UNESCO World Heritage Centre,https://whc.unesco.org/en/list/1130/,gov,,
IRQ:unesco-samarra,IRQ,unesco-samarra,Samarra Archaeological City — UNESCO World Heritage List,UNESCO World Heritage Centre,https://whc.unesco.org/en/list/276/,gov,,
IRQ:britannica-qadisiyyah,IRQ,britannica-qadisiyyah,Battle of al-Qādisiyyah,Encyclopædia Britannica,https://www.britannica.com/event/Battle-of-al-Qadisiyyah,encyclopedia,,
IRQ:britannica-abbasid-iraq,IRQ,britannica-abbasid-iraq,Iraq — The Abbasid Caliphate,Encyclopædia Britannica,https://www.britannica.com/place/Iraq/The-Abbasid-Caliphate,encyclopedia,,
IRQ:britannica-mansur,IRQ,britannica-mansur,al-Manṣūr — Abbasid caliph,Encyclopædia Britannica,https://www.britannica.com/biography/al-Mansur-Abbasid-caliph,encyclopedia,,
IRQ:britannica-bayt-al-hikmah,IRQ,britannica-bayt-al-hikmah,Bayt al-Ḥikmah — House of Wisdom,Encyclopædia Britannica,https://www.britannica.com/place/Bayt-al-Hikmah,encyclopedia,,
IRQ:britannica-harun,IRQ,britannica-harun,Hārūn al-Rashīd — Abbasid caliph,Encyclopædia Britannica,https://www.britannica.com/biography/Harun-al-Rashid,encyclopedia,,
IRQ:britannica-later-abbasids,IRQ,britannica-later-abbasids,Iraq — The later Abbasids (1152–1258),Encyclopædia Britannica,https://www.britannica.com/place/Iraq/The-later-Abbasids-1152-1258,encyclopedia,,
IRQ:britannica-iraq-mandate,IRQ,britannica-iraq-mandate,Iraq — British occupation and the mandatory regime,Encyclopædia Britannica,https://www.britannica.com/place/Iraq/British-occupation-and-the-mandatory-regime,encyclopedia,,
IRQ:britannica-faisal,IRQ,britannica-faisal,Faisal I — king of Iraq,Encyclopædia Britannica,https://www.britannica.com/biography/Faisal-I,encyclopedia,,
IRQ:britannica-iraq-independence,IRQ,britannica-iraq-independence,Iraq — Independence (1932–39),Encyclopædia Britannica,https://www.britannica.com/place/Iraq/Independence-1932-39,encyclopedia,,
IRQ:statedept-iraq,IRQ,statedept-iraq,A Guide to the History of Recognition: Iraq,"U.S. Department of State, Office of the Historian",https://history.state.gov/countries/iraq,gov,,
IRQ:britannica-qasim,IRQ,britannica-qasim,ʿAbd al-Karīm Qāsim,Encyclopædia Britannica,https://www.britannica.com/biography/Abd-al-Karim-Qasim,encyclopedia,,
IRQ:britannica-iraq-republic,IRQ,britannica-iraq-republic,Iraq — The Republic of Iraq,Encyclopædia Britannica,https://www.britannica.com/place/Iraq/The-Republic-of-Iraq,encyclopedia,,
IRQ:britannica-saddam,IRQ,britannica-saddam,Saddam Hussein — president of Iraq,Encyclopædia Britannica,https://www.britannica.com/biography/Saddam-Hussein,encyclopedia,,
IRQ:britannica-iraq-saddam,IRQ,britannica-iraq-saddam,Iraq — Iraq under Saddam Hussein,Encyclopædia Britannica,https://www.britannica.com/place/Iraq/Iraq-under-Saddam-Hussein,encyclopedia,,
IRQ:britannica-iran-iraq-war,IRQ,britannica-iran-iraq-war,Iran–Iraq War,Encyclopædia Britannica,https://www.britannica.com/event/Iran-Iraq-War,encyclopedia,,
IRQ:britannica-gulf-war,IRQ,britannica-gulf-war,Persian Gulf War,Encyclopædia Britannica,https://www.britannica.com/event/Persian-Gulf-War,encyclopedia,,
IRQ:britannica-iraq-war,IRQ,britannica-iraq-war,Iraq War,Encyclopædia Britannica,https://www.britannica.com/event/Iraq-War,encyclopedia,,
IRQ:britannica-isis,IRQ,britannica-isis,Islamic State in Iraq and the Levant (ISIS),Encyclopædia Britannica,https://www.britannica.com/topic/Islamic-State-in-Iraq-and-the-Levant,encyclopedia,,
IRQ:wikipedia-mandatory-iraq,IRQ,wikipedia-mandatory-iraq,Mandatory Iraq,Wikipedia,https://en.wikipedia.org/wiki/Mandatory_Iraq,reference,,
IRQ:nwe-iraq,IRQ,nwe-iraq,Iraq,New World Encyclopedia,https://www.newworldencyclopedia.org/entry/Iraq,encyclopedia,,
ISL:iceland-britannica,ISL,iceland-britannica,Iceland: History,Encyclopaedia Britannica,https://www.britannica.com/place/Iceland/History,encyclopedia,,
ISL:ingolfur-britannica,ISL,ingolfur-britannica,Ingólfur Arnarson,Encyclopaedia Britannica,https://www.britannica.com/biography/Ingolfur-Arnarson,encyclopedia,,
ISL:encyclopedia-settlement,ISL,encyclopedia-settlement,The Discovery and Settlement of Iceland,Encyclopedia.com,https://www.encyclopedia.com/science/encyclopedias-almanacs-transcripts-and-maps/discovery-and-settlement-iceland,reference,,
ISL:thingvellir-history,ISL,thingvellir-history,History of Þingvellir and the Alþing,Þingvellir National Park (official),https://www.thingvellir.is/en/education/history/,gov,,
ISL:thingvellir-britannica,ISL,thingvellir-britannica,Thingvellir,Encyclopaedia Britannica,https://www.britannica.com/place/Thingvellir,encyclopedia,,
ISL:thingvellir-christianity,ISL,thingvellir-christianity,Christianity: the conversion of Iceland,Þingvellir National Park (official),https://www.thingvellir.is/en/education/history/christianity/,gov,,
ISL:snorri-britannica,ISL,snorri-britannica,Snorri Sturluson,Encyclopaedia Britannica,https://www.britannica.com/biography/Snorri-Sturluson,encyclopedia,,
ISL:medievalists-sturlungs,ISL,medievalists-sturlungs,The Age of the Sturlungs,Medievalists.net,https://www.medievalists.net/2011/07/the-age-of-the-sturlungs/,reference,,
ISL:jon-arason-britannica,ISL,jon-arason-britannica,Jón Arason,Encyclopaedia Britannica,https://www.britannica.com/biography/Jon-Arason,encyclopedia,,
ISL:laki-eruption,ISL,laki-eruption,"The Laki Fissure eruption, 1783–1784",Encyclopedia of the Environment,https://www.encyclopedie-environnement.org/en/society/laki-fissure-eruption-1783-1784-2/,academic,,
ISL:nordics-1840s,ISL,nordics-1840s,"History of Iceland, 1840s to the Second World War",nordics.info (Aarhus University),https://nordics.info/show/artikel/history-of-iceland-1840s-to-the-second-world-war,academic,,
ISL:thingvellir-independence,ISL,thingvellir-independence,Þingvellir and the Independence Campaign,Þingvellir National Park (official),https://www.thingvellir.is/en/education/history/independence-campaign/,gov,,
ISL:actofunion-britannica,ISL,actofunion-britannica,"Act of Union (Iceland, 1918)",Encyclopaedia Britannica,https://www.britannica.com/topic/Act-of-Union-Iceland-1918,encyclopedia,,
ISL:nordics-from1944,ISL,nordics-from1944,History of Iceland from 1944,nordics.info (Aarhus University),https://nordics.info/show/artikel/history-of-iceland-from-1944,academic,,
ISL:ebsco-republic,ISL,ebsco-republic,Iceland Becomes a Republic,EBSCO Research Starters,https://www.ebsco.com/research-starters/history/iceland-becomes-republic,reference,,
ISL:sveinn-britannica,ISL,sveinn-britannica,Sveinn Björnsson,Encyclopaedia Britannica,https://www.britannica.com/biography/Sveinn-Bjornsson,encyclopedia,,
ISL:statedept-nato,ISL,statedept-nato,"Foreign Relations of the United States, 1949, Vol. IV (Iceland and the North Atlantic Treaty)","U.S. Department of State, Office of the Historian",https://history.state.gov/historicaldocuments/frus1949v04/d393,gov,,
ISL:ebsco-codwars,ISL,ebsco-codwars,Cod Wars,EBSCO Research Starters,https://www.ebsco.com/research-starters/history/cod-wars,reference,,
ISL:thingvellir-tectonics,ISL,thingvellir-tectonics,Tectonic Movements at Þingvellir,Þingvellir National Park (official),https://www.thingvellir.is/en/education/nature/tectonic-movements/,gov,,
ISL:wikipedia-icelandic-commonwealth,ISL,wikipedia-icelandic-commonwealth,Icelandic Commonwealth,Wikipedia,https://en.wikipedia.org/wiki/Icelandic_Commonwealth,reference,,
ISL:wikipedia-kingdom-iceland,ISL,wikipedia-kingdom-iceland,Kingdom of Iceland,Wikipedia,https://en.wikipedia.org/wiki/Kingdom_of_Iceland,reference,,
ITA:britannica-italy,ITA,britannica-italy,Italy (country overview and history),Encyclopaedia Britannica,https://www.britannica.com/place/Italy,encyclopedia,,
ITA:britannica-italic,ITA,britannica-italic,"Ancient Italic people (Etruscans, Latins, Samnites)",Encyclopaedia Britannica,https://www.britannica.com/topic/ancient-Italic-people,encyclopedia,,
ITA:britannica-augustus,ITA,britannica-augustus,"Augustus, Roman emperor",Encyclopaedia Britannica,https://www.britannica.com/biography/Augustus-Roman-emperor,encyclopedia,,
ITA:britannica-march-rome,ITA,britannica-march-rome,March on Rome,Encyclopaedia Britannica,https://www.britannica.com/event/March-on-Rome,encyclopedia,,
ITA:britannica-rome-venetia,ITA,britannica-rome-venetia,Italy: The acquisition of Venetia and Rome,Encyclopaedia Britannica,https://www.britannica.com/place/Italy/The-acquisition-of-Venetia-and-Rome,encyclopedia,,
ITA:britannica-renaissance,ITA,britannica-renaissance,"Italy from c. 1380 to c. 1500 (Renaissance, city-states, humanism)",Encyclopaedia Britannica,https://www.britannica.com/place/Italy/Italy-from-c-1380-to-c-1500,encyclopedia,,
ITA:whe-rome,ITA,whe-rome,Ancient Rome,World History Encyclopedia,https://www.worldhistory.org/Rome/,encyclopedia,,
ITA:whe-magna-graecia,ITA,whe-magna-graecia,Magna Graecia,World History Encyclopedia,https://www.worldhistory.org/Magna_Graecia/,encyclopedia,,
ITA:whe-augustus,ITA,whe-augustus,The Principate of Augustus,World History Encyclopedia,https://www.worldhistory.org/article/2363/the-principate-of-augustus/,encyclopedia,,
ITA:metmuseum-italy-1000-1400,ITA,metmuseum-italy-1000-1400,"Italian Peninsula, 1000–1400 A.D. (Heilbrunn Timeline of Art History)",The Metropolitan Museum of Art,https://www.metmuseum.org/toah/ht/07/eust.html,museum,,
ITA:metmuseum-florence-1400-1600,ITA,metmuseum-florence-1400-1600,"Florence and Central Italy, 1400–1600 A.D. (Heilbrunn Timeline of Art History)",The Metropolitan Museum of Art,https://www.metmuseum.org/toah/ht/08/eustc.html,museum,,
ITA:wiki-kingdom-sicily,ITA,wiki-kingdom-sicily,"Kingdom of Sicily (Norman conquest; coronation of Roger II, 1130)",Wikipedia,https://en.wikipedia.org/wiki/Kingdom_of_Sicily,reference,,
ITA:ushmm-italy,ITA,ushmm-italy,"Italy (Fascism, racial laws and the Second World War)","United States Holocaust Memorial Museum, Holocaust Encyclopedia",https://encyclopedia.ushmm.org/content/en/article/italy,museum,,
ITA:ushmm-mussolini,ITA,ushmm-mussolini,Benito Mussolini,"United States Holocaust Memorial Museum, Holocaust Encyclopedia",https://encyclopedia.ushmm.org/content/en/article/benito-mussolini-1,museum,,
ITA:ebsco-kingdom,ITA,ebsco-kingdom,Italy Is Proclaimed a Kingdom (1861),EBSCO Research Starters,https://www.ebsco.com/research-starters/history/italy-proclaimed-kingdom,reference,,
ITA:difesa-2-june,ITA,difesa-2-june,Towards 2 June (1946 referendum and Republic Day),Italian Ministry of Defence,https://www.difesa.it/eng/primo-piano/towards-2-june/32062.html,gov,,
ITA:wikipedia-unification-italy,ITA,wikipedia-unification-italy,Unification of Italy,Wikipedia,https://en.wikipedia.org/wiki/Unification_of_Italy,reference,,
JAM:britannica-jamaica-history,JAM,britannica-jamaica-history,Jamaica: History,Encyclopaedia Britannica,https://www.britannica.com/place/Jamaica/History,encyclopedia,,
JAM:britannica-jamaica-british-rule,JAM,britannica-jamaica-british-rule,Jamaica: British rule,Encyclopaedia Britannica,https://www.britannica.com/place/Jamaica/British-rule,encyclopedia,,
JAM:britannica-jamaica-independent,JAM,britannica-jamaica-independent,Jamaica: The independent country,Encyclopaedia Britannica,https://www.britannica.com/place/Jamaica/The-independent-country,encyclopedia,,
JAM:britannica-garvey,JAM,britannica-garvey,Marcus Garvey,Encyclopaedia Britannica,https://www.britannica.com/biography/Marcus-Garvey,encyclopedia,,
JAM:britannica-rastafari,JAM,britannica-rastafari,Rastafari,Encyclopaedia Britannica,https://www.britannica.com/topic/Rastafari,encyclopedia,,
JAM:britannica-reggae,JAM,britannica-reggae,Reggae,Encyclopaedia Britannica,https://www.britannica.com/art/reggae,encyclopedia,,
JAM:britannica-bob-marley,JAM,britannica-bob-marley,Bob Marley,Encyclopaedia Britannica,https://www.britannica.com/biography/Bob-Marley,encyclopedia,,
JAM:britannica-bolt,JAM,britannica-bolt,Usain Bolt,Encyclopaedia Britannica,https://www.britannica.com/biography/Usain-Bolt,encyclopedia,,
JAM:loc-columbus-taino,JAM,loc-columbus-taino,Columbus and the Taino,Library of Congress,https://www.loc.gov/exhibits/exploring-the-early-americas/columbus-and-the-taino.html,gov,,
JAM:unesco-blue-mountains,JAM,unesco-blue-mountains,Blue and John Crow Mountains,UNESCO World Heritage Centre,https://whc.unesco.org/en/list/1356/,gov,,
JAM:unesco-federation-archives,JAM,unesco-federation-archives,"The Federal Archives Fonds, 1958-1962 (West Indies Federation)",UNESCO Memory of the World,https://www.unesco.org/en/memory-world/lac/federal-archives-fonds-1958-1962,archive,,
JAM:nlj-maroons,JAM,nlj-maroons,The Jamaican Maroons,National Library of Jamaica,https://www.nlj.gov.jm/history-notes/The%20Maroons%20edited%20final.htm,gov,,
JAM:jis-independence,JAM,jis-independence,Independence,Jamaica Information Service,https://jis.gov.jm/information/independence/,gov,,
JAM:statedept-jamaica,JAM,statedept-jamaica,A Guide to the United States' History of Recognition: Jamaica,"U.S. Department of State, Office of the Historian",https://history.state.gov/countries/jamaica,gov,,
JOR:britannica-jordan-history,JOR,britannica-jordan-history,Jordan: History,Encyclopaedia Britannica,https://www.britannica.com/place/Jordan/History,encyclopedia,,
JOR:britannica-hashemite-kingdom,JOR,britannica-hashemite-kingdom,"Jordan: Transjordan, the Hashemite Kingdom, and the Palestine war",Encyclopaedia Britannica,https://www.britannica.com/place/Jordan/Transjordan-the-Hashemite-Kingdom-and-the-Palestine-war,encyclopedia,,
JOR:britannica-abdullah-i,JOR,britannica-abdullah-i,"Abdullah I: Biography, History, and Assassination",Encyclopaedia Britannica,https://www.britannica.com/biography/Abdullah-I,encyclopedia,,
JOR:britannica-hussein,JOR,britannica-hussein,"Hussein: King of Jordan, Biography and Facts",Encyclopaedia Britannica,https://www.britannica.com/biography/Hussein,encyclopedia,,
JOR:britannica-abdullah-ii,JOR,britannica-abdullah-ii,"Abdullah II: Biography, Education, Family, and Facts",Encyclopaedia Britannica,https://www.britannica.com/biography/Abdullah-II,encyclopedia,,
JOR:britannica-black-september,JOR,britannica-black-september,"Black September: Organization, Attacks, and Facts",Encyclopaedia Britannica,https://www.britannica.com/topic/Black-September-political-organization-Palestine,encyclopedia,,
JOR:unesco-petra,JOR,unesco-petra,Petra,UNESCO World Heritage Centre,https://whc.unesco.org/en/list/326/,gov,,
JOR:unesco-quseir-amra,JOR,unesco-quseir-amra,Quseir Amra,UNESCO World Heritage Centre,https://whc.unesco.org/en/list/327/,gov,,
JOR:unesco-umerrasas,JOR,unesco-umerrasas,Um er-Rasas (Kastrom Mefa'a),UNESCO World Heritage Centre,https://whc.unesco.org/en/list/1093/,gov,,
JOR:histstate-jordan,JOR,histstate-jordan,"A Guide to the United States' History of Recognition, Diplomatic, and Consular Relations, by Country: Jordan","U.S. Department of State, Office of the Historian",https://history.state.gov/countries/jordan,gov,,
JOR:histstate-frus1949,JOR,histstate-frus1949,"Foreign Relations of the United States, 1949, The Near East, South Asia, and Africa (Jordan)","U.S. Department of State, Office of the Historian",https://history.state.gov/historicaldocuments/frus1949v06/d554,primary,,
JOR:loc-jordan-study,JOR,loc-jordan-study,Jordan: A Country Study,"Library of Congress, Federal Research Division",https://www.loc.gov/item/91006858/,gov,,
JOR:rhc-king-hussein,JOR,rhc-king-hussein,King Hussein bin Talal (1935-1999),The Royal Hashemite Court,https://rhc.jo/en/king-hussein-bin-talal-1935-1999,gov,,
JOR:ebsco-arab-revolt,JOR,ebsco-arab-revolt,Great Arab Revolt Begins,EBSCO Research Starters,https://www.ebsco.com/research-starters/history/great-arab-revolt-begins,reference,,
JOR:ebsco-abdullah-ii,JOR,ebsco-abdullah-ii,King Abdullah II of Jordan,EBSCO Research Starters,https://www.ebsco.com/research-starters/politics-and-government/king-abdullah-ii-jordan,reference,,
JOR:wikipedia-emirate-transjordan,JOR,wikipedia-emirate-transjordan,Emirate of Transjordan,Wikipedia,https://en.wikipedia.org/wiki/Emirate_of_Transjordan,reference,,
JOR:nwe-jordan,JOR,nwe-jordan,Jordan,New World Encyclopedia,https://www.newworldencyclopedia.org/entry/Jordan,encyclopedia,,
JPN:jimmu,JPN,jimmu,Jimmu,Encyclopaedia Britannica,https://www.britannica.com/topic/Jimmu,encyclopedia,,
JPN:asuka-period,JPN,asuka-period,Asuka period,Encyclopaedia Britannica,https://www.britannica.com/event/Asuka-period,encyclopedia,,
JPN:shotoku,JPN,shotoku,Creating the Seventeen-Article Constitution,National Institutes for Cultural Heritage (Japan),https://edu-cpcp.nich.go.jp/eden/en/panel-5-6.html,museum,,
JPN:nara-period,JPN,nara-period,Nara period,Encyclopaedia Britannica,https://www.britannica.com/event/Nara-period,encyclopedia,,
JPN:heian-period,JPN,heian-period,Heian period,Encyclopaedia Britannica,https://www.britannica.com/event/Heian-period,encyclopedia,,
JPN:tale-of-genji,JPN,tale-of-genji,The Tale of Genji,Encyclopaedia Britannica,https://www.britannica.com/topic/The-Tale-of-Genji,encyclopedia,,
JPN:murasaki,JPN,murasaki,The Tale of Genji: A Japanese Classic Illuminated,The Metropolitan Museum of Art,https://resources.metmuseum.org/resources/metpublications/pdf/The_Tale_of_Genji_A_Japanese_Classic_Illuminated.pdf,museum,,
JPN:minamoto-yoritomo,JPN,minamoto-yoritomo,Minamoto Yoritomo,Encyclopaedia Britannica,https://www.britannica.com/biography/Minamoto-Yoritomo,encyclopedia,,
JPN:kamakura-period,JPN,kamakura-period,Kamakura period,Encyclopaedia Britannica,https://www.britannica.com/event/Kamakura-period,encyclopedia,,
JPN:muromachi-period,JPN,muromachi-period,Muromachi period,Encyclopaedia Britannica,https://www.britannica.com/event/Muromachi-period,encyclopedia,,
JPN:sengoku-period,JPN,sengoku-period,Sengoku period,Encyclopaedia Britannica,https://www.britannica.com/topic/Sengoku-period,encyclopedia,,
JPN:azuchi-momoyama-period,JPN,azuchi-momoyama-period,Azuchi-Momoyama period,Encyclopaedia Britannica,https://www.britannica.com/event/Azuchi-Momoyama-period,encyclopedia,,
JPN:toyotomi-hideyoshi,JPN,toyotomi-hideyoshi,Toyotomi Hideyoshi,Encyclopaedia Britannica,https://www.britannica.com/biography/Toyotomi-Hideyoshi,encyclopedia,,
JPN:tokugawa-ieyasu,JPN,tokugawa-ieyasu,Tokugawa Ieyasu,Encyclopaedia Britannica,https://www.britannica.com/biography/Tokugawa-Ieyasu,encyclopedia,,
JPN:battle-of-sekigahara,JPN,battle-of-sekigahara,Battle of Sekigahara,Encyclopaedia Britannica,https://www.britannica.com/event/Battle-of-Sekigahara,encyclopedia,,
JPN:sakoku,JPN,sakoku,Sakoku,Encyclopaedia Britannica,https://www.britannica.com/topic/sakoku,encyclopedia,,
JPN:meiji-restoration,JPN,meiji-restoration,Meiji Restoration,Encyclopaedia Britannica,https://www.britannica.com/event/Meiji-Restoration,encyclopedia,,
JPN:pacific-war,JPN,pacific-war,Pacific War,Encyclopaedia Britannica,https://www.britannica.com/topic/Pacific-War,encyclopedia,,
JPN:atomic-bombings,JPN,atomic-bombings,Atomic bombings of Hiroshima and Nagasaki,Encyclopaedia Britannica,https://www.britannica.com/event/atomic-bombings-of-Hiroshima-and-Nagasaki,encyclopedia,,
JPN:japan-place,JPN,japan-place,Japan,Encyclopaedia Britannica,https://www.britannica.com/place/Japan,encyclopedia,,
JPN:state-occupation,JPN,state-occupation,"Occupation and Reconstruction of Japan, 1945-52","U.S. Department of State, Office of the Historian",https://history.state.gov/milestones/1945-1952/japan-reconstruction,gov,,
JPN:wikipedia-jimmu,JPN,wikipedia-jimmu,Emperor Jimmu,Wikipedia,https://en.wikipedia.org/wiki/Emperor_Jimmu,reference,,
JPN:nwe-jimmu,JPN,nwe-jimmu,Emperor Jimmu,New World Encyclopedia,https://www.newworldencyclopedia.org/entry/Emperor_Jimmu,encyclopedia,,
KAZ:britannica-kazakhstan,KAZ,britannica-kazakhstan,Kazakhstan,Encyclopædia Britannica,https://www.britannica.com/place/Kazakhstan,encyclopedia,,
KAZ:britannica-history-kaz,KAZ,britannica-history-kaz,History of Kazakhstan,Encyclopædia Britannica,https://www.britannica.com/topic/history-of-Kazakhstan,encyclopedia,,
KAZ:britannica-independent-kaz,KAZ,britannica-independent-kaz,Kazakhstan: Independent Kazakhstan,Encyclopædia Britannica,https://www.britannica.com/place/Kazakhstan/Independent-Kazakhstan,encyclopedia,,
KAZ:britannica-golden-horde,KAZ,britannica-golden-horde,Golden Horde,Encyclopædia Britannica,https://www.britannica.com/place/Golden-Horde,encyclopedia,,
KAZ:britannica-abai,KAZ,britannica-abai,Abay Ibrahim Kūnanbay-ulï,Encyclopædia Britannica,https://www.britannica.com/biography/Abay-Ibrahim-Kunanbay-uli,encyclopedia,,
KAZ:unesco-yasawi,KAZ,unesco-yasawi,Mausoleum of Khoja Ahmed Yasawi,UNESCO World Heritage Centre,https://whc.unesco.org/en/list/1103/,gov,,
KAZ:loc-famine-blog,KAZ,loc-famine-blog,The Kazakh Famine of the 1930s,Library of Congress (John W. Kluge Center),https://blogs.loc.gov/kluge/2016/08/the-kazakh-famine-of-the-1930s/,gov,,
KAZ:loc-cameron,KAZ,loc-cameron,"The Hungry Steppe: Famine, Violence, and the Making of Soviet Kazakhstan",Library of Congress (John W. Kluge Center),https://blogs.loc.gov/kluge/2025/09/25-25-cameron/,gov,,
KAZ:loc-country-study,KAZ,loc-country-study,"Kazakstan, Kyrgyzstan, Tajikistan, Turkmenistan, and Uzbekistan: Country Studies","Library of Congress, Federal Research Division",https://www.loc.gov/resource/frdcstdy.kazakstankyrgyzs00curt_0/,gov,,
KAZ:ehistory-khanate,KAZ,ehistory-khanate,Establishment of the Kazakh Khanate,"Portal 'History of Kazakhstan' (e-history.kz), National Academic Library",https://e-history.kz/en/history-of-kazakhstan/show/9553,reference,,
KAZ:ehistory-ablai,KAZ,ehistory-ablai,"Abylai the King: A Warrior, Diplomat and Patriot","Portal 'History of Kazakhstan' (e-history.kz), National Academic Library",https://e-history.kz/en/news/show/7159,reference,,
KAZ:astanatimes-saka,KAZ,astanatimes-saka,Ancient Sakas: All You Need to Know,The Astana Times,https://astanatimes.com/2024/07/ancient-sakas-all-you-need-to-know/,reference,,
KAZ:helsinki-bloody-january,KAZ,helsinki-bloody-january,A regime transition in action: Bloody January in Kazakhstan,"Aleksanteri Institute, University of Helsinki",https://www.helsinki.fi/en/aleksanteri-institute/news-and-events/news-archive/regime-transition-action-bloody-january-kazakhstan,academic,,
KAZ:wikipedia-kazakh-khanate,KAZ,wikipedia-kazakh-khanate,Kazakh Khanate,Wikipedia,https://en.wikipedia.org/wiki/Kazakh_Khanate,reference,,
KAZ:statedept-kazakhstan,KAZ,statedept-kazakhstan,A Guide to the United States' History of Recognition: Kazakhstan,"U.S. Department of State, Office of the Historian",https://history.state.gov/countries/kazakhstan,gov,,
KEN:britannica-nariokotome,KEN,britannica-nariokotome,Nariokotome (Turkana Boy),Encyclopaedia Britannica,https://www.britannica.com/place/Nariokotome,encyclopedia,,
KEN:si-knmwt15000,KEN,si-knmwt15000,KNM-WT 15000 (Turkana Boy),Smithsonian Human Origins Program,https://humanorigins.si.edu/evidence/human-fossils/fossils/knm-wt-15000,museum,,
KEN:tbi-turkanaboy,KEN,tbi-turkanaboy,All About Turkana Boy,Turkana Basin Institute,https://www.turkanabasin.org/turkanaboy/,academic,,
KEN:nmk-koobifora,KEN,nmk-koobifora,Koobi Fora,National Museums of Kenya,https://museums.or.ke/koobi-fora/,museum,,
KEN:britannica-koobifora,KEN,britannica-koobifora,Koobi Fora,Encyclopaedia Britannica,https://www.britannica.com/place/Koobi-Fora,encyclopedia,,
KEN:wiki-history-kenya,KEN,wiki-history-kenya,History of Kenya,Wikipedia,https://en.wikipedia.org/wiki/History_of_Kenya,reference,,
KEN:britannica-kenya-people,KEN,britannica-kenya-people,Kenya: People and ethnic groups,Encyclopaedia Britannica,https://www.britannica.com/place/Kenya,encyclopedia,,
KEN:wiki-swahili-coast,KEN,wiki-swahili-coast,Swahili coast,Wikipedia,https://en.wikipedia.org/wiki/Swahili_coast,reference,,
KEN:britannica-vascodagama,KEN,britannica-vascodagama,Vasco da Gama,Encyclopaedia Britannica,https://www.britannica.com/biography/Vasco-da-Gama,encyclopedia,,
KEN:unesco-fortjesus,KEN,unesco-fortjesus,"Fort Jesus, Mombasa",UNESCO World Heritage Centre,https://whc.unesco.org/en/list/1295,gov,,
KEN:nmk-fortjesus,KEN,nmk-fortjesus,Fort Jesus Museum,National Museums of Kenya,https://museums.or.ke/fort-jesus-museum/,museum,,
KEN:wiki-siege-mombasa,KEN,wiki-siege-mombasa,Siege of Mombasa (1696–1698),Wikipedia,https://en.wikipedia.org/wiki/Siege_of_Mombasa_(1696%E2%80%931698),reference,,
KEN:britannica-zanzibar,KEN,britannica-zanzibar,Muscat — Architectural Heritage,"The National Museum, Sultanate of Oman",https://www.nm.gov.om/en/collection/gift/architectural-heritage,museum,,
KEN:statedept-kenya,KEN,statedept-kenya,U.S. Relations With Kenya / History,"U.S. Department of State, Office of the Historian",https://history.state.gov/countries/kenya,gov,,
KEN:wiki-uganda-railway,KEN,wiki-uganda-railway,Uganda Railway,Wikipedia,https://en.wikipedia.org/wiki/Uganda_Railway,reference,,
KEN:britannica-kenyatta,KEN,britannica-kenyatta,Jomo Kenyatta,Encyclopaedia Britannica,https://www.britannica.com/biography/Jomo-Kenyatta,encyclopedia,,
KEN:britannica-maumau,KEN,britannica-maumau,Mau Mau Rebellion,Encyclopaedia Britannica,https://www.britannica.com/event/Mau-Mau-Rebellion,encyclopedia,,
KEN:blackpast-maumau,KEN,blackpast-maumau,Mau Mau (1952–1960),BlackPast.org,https://blackpast.org/global-african-history/mau-mau-1952-1960/,reference,,
KEN:iwm-kenya-emergency,KEN,iwm-kenya-emergency,Kenya Emergency,Imperial War Museums,https://www.iwm.org.uk/history/cold-war/end-of-empire/kenya-emergency,museum,,
KEN:wiki-lancaster-house,KEN,wiki-lancaster-house,Lancaster House Conferences (Kenya),Wikipedia,https://en.wikipedia.org/wiki/Lancaster_House_Conferences_(Kenya),reference,,
KEN:britannica-moi,KEN,britannica-moi,Daniel arap Moi,Encyclopaedia Britannica,https://www.britannica.com/biography/Daniel-arap-Moi,encyclopedia,,
KEN:britannica-kibaki,KEN,britannica-kibaki,Mwai Kibaki,Encyclopaedia Britannica,https://www.britannica.com/biography/Mwai-Kibaki,encyclopedia,,
KEN:hrw-kenya-pev,KEN,hrw-kenya-pev,Turning Pebbles: Post-Election Violence in Kenya,Human Rights Watch,https://www.hrw.org/report/2011/12/09/turning-pebbles/evading-accountability-post-election-violence-kenya,archive,,
KEN:ballotpedia-kenya-2010,KEN,ballotpedia-kenya-2010,Kenyan Constitutional Referendum (2010),Ballotpedia,https://ballotpedia.org/Kenyan_Constitutional_Referendum_(2010),reference,,
KGZ:kyrgyzstan-history-britannica,KGZ,kyrgyzstan-history-britannica,Kyrgyzstan: History,Encyclopaedia Britannica,https://www.britannica.com/place/Kyrgyzstan/History,encyclopedia,,
KGZ:kyrgyz-people-britannica,KGZ,kyrgyz-people-britannica,Kyrgyz (people),Encyclopaedia Britannica,https://www.britannica.com/topic/Kyrgyz-people,encyclopedia,,
KGZ:manas-noble-britannica,KGZ,manas-noble-britannica,Manas the Noble,Encyclopaedia Britannica,https://www.britannica.com/biography/Manas-the-Noble,encyclopedia,,
KGZ:manas-unesco-ich,KGZ,manas-unesco-ich,"Kyrgyz epic trilogy: Manas, Semetey, Seytek",UNESCO Intangible Cultural Heritage,https://ich.unesco.org/en/RL/kyrgyz-epic-trilogy-manas-semetey-seytek-00876,gov,,
KGZ:sulaiman-too-unesco,KGZ,sulaiman-too-unesco,Sulaiman-Too Sacred Mountain,UNESCO World Heritage Centre,https://whc.unesco.org/en/list/1230,gov,,
KGZ:silkroad-corridor-unesco,KGZ,silkroad-corridor-unesco,Silk Roads: the Routes Network of Chang'an-Tianshan Corridor,UNESCO World Heritage Centre,https://whc.unesco.org/en/list/1442/,gov,,
KGZ:burana-unesco-silkroad,KGZ,burana-unesco-silkroad,Kyrgyzstan: Silk Roads Programme (Burana and the Chüy valley),UNESCO Silk Roads Programme,https://en.unesco.org/silkroad/countries-alongside-silk-road-routes/kyrgyzstan,gov,,
KGZ:loc-country-study-kyrgyzstan,KGZ,loc-country-study-kyrgyzstan,"Kyrgyzstan: A Country Study (in Kazakstan, Kyrgyzstan, Tajikistan, Turkmenistan, and Uzbekistan: Country Studies)","U.S. Library of Congress, Federal Research Division",https://www.loc.gov/item/97005110/,gov,,
KGZ:kokand-britannica,KGZ,kokand-britannica,Khanate of Kokand,Encyclopaedia Britannica,https://www.britannica.com/place/khanate-of-Kokand,encyclopedia,,
KGZ:urkun-rferl,KGZ,urkun-rferl,Kyrgyzstan: Victims Of 1916 'Urkun' Tragedy Commemorated,Radio Free Europe/Radio Liberty,https://www.rferl.org/a/1070279.html,reference,,
KGZ:aitmatov-britannica,KGZ,aitmatov-britannica,Chingiz Aytmatov,Encyclopaedia Britannica,https://www.britannica.com/biography/Chingiz-Aytmatov,encyclopedia,,
KGZ:akayev-britannica,KGZ,akayev-britannica,Askar Akayev,Encyclopaedia Britannica,https://www.britannica.com/biography/Askar-Akayev,encyclopedia,,
KGZ:tulip-revolution-britannica,KGZ,tulip-revolution-britannica,Tulip Revolution,Encyclopaedia Britannica,https://www.britannica.com/topic/Tulip-Revolution,encyclopedia,,
KGZ:state-historian-kyrgyzstan,KGZ,state-historian-kyrgyzstan,"A Guide to the United States' History of Recognition, Diplomatic, and Consular Relations, by Country: Kyrgyzstan","U.S. Department of State, Office of the Historian",https://history.state.gov/countries/kyrgyzstan,gov,,
KGZ:otunbayeva-britannica,KGZ,otunbayeva-britannica,Roza Otunbayeva,Encyclopaedia Britannica,https://www.britannica.com/biography/Roza-Otunbayeva,encyclopedia,,
KGZ:hrw-kyrgyzstan-2010,KGZ,hrw-kyrgyzstan-2010,'Where is the Justice?': Interethnic Violence in Southern Kyrgyzstan and its Aftermath,Human Rights Watch,https://www.hrw.org/report/2010/08/16/where-justice/interethnic-violence-southern-kyrgyzstan-and-its-aftermath,reference,,
KGZ:japarov-britannica,KGZ,japarov-britannica,Sadyr Japarov,Encyclopaedia Britannica,https://www.britannica.com/biography/Sadyr-Japarov,encyclopedia,,
KGZ:japarov-crs,KGZ,japarov-crs,Kyrgyzstan: In Brief (Sadyr Japarov and the 2021 constitutional changes),U.S. Congressional Research Service,https://www.congress.gov/crs_external_products/IF/HTML/IF10304.web.html,gov,,
KHM:cambodia-place,KHM,cambodia-place,Cambodia,Encyclopaedia Britannica,https://www.britannica.com/place/Cambodia,encyclopedia,,
KHM:funan,KHM,funan,Funan,Encyclopaedia Britannica,https://www.britannica.com/place/Funan,encyclopedia,,
KHM:chenla,KHM,chenla,Chenla,Encyclopaedia Britannica,https://www.britannica.com/place/Chenla,encyclopedia,,
KHM:khmer-empire,KHM,khmer-empire,Khmer empire,Encyclopaedia Britannica,https://www.britannica.com/topic/Khmer-Empire,encyclopedia,,
KHM:jayavarman-ii,KHM,jayavarman-ii,Jayavarman II,Encyclopaedia Britannica,https://www.britannica.com/biography/Jayavarman-II,encyclopedia,,
KHM:suryavarman-ii,KHM,suryavarman-ii,Suryavarman II,Encyclopaedia Britannica,https://www.britannica.com/biography/Suryavarman-II,encyclopedia,,
KHM:angkor-wat,KHM,angkor-wat,Angkor Wat,Encyclopaedia Britannica,https://www.britannica.com/topic/Angkor-Wat,encyclopedia,,
KHM:jayavarman-vii,KHM,jayavarman-vii,Jayavarman VII,Encyclopaedia Britannica,https://www.britannica.com/biography/Jayavarman-VII,encyclopedia,,
KHM:the-bayon,KHM,the-bayon,The Bayon,Encyclopaedia Britannica,https://www.britannica.com/topic/the-Bayon,encyclopedia,,
KHM:cambodia-khmer-state,KHM,cambodia-khmer-state,Cambodia: The Khmer state (Angkor),Encyclopaedia Britannica,https://www.britannica.com/place/Cambodia/The-Khmer-state-Angkor,encyclopedia,,
KHM:angkor-unesco,KHM,angkor-unesco,Angkor,UNESCO World Heritage Centre,https://whc.unesco.org/en/list/668/,gov,,
KHM:norodom,KHM,norodom,Norodom,Encyclopaedia Britannica,https://www.britannica.com/biography/Norodom,encyclopedia,,
KHM:cambodia-independence,KHM,cambodia-independence,Cambodia: Independence,Encyclopaedia Britannica,https://www.britannica.com/place/Cambodia/Independence,encyclopedia,,
KHM:cambodia-independence-ebsco,KHM,cambodia-independence-ebsco,Cambodia Gains Independence from France,EBSCO Research Starters,https://www.ebsco.com/research-starters/history/cambodia-gains-independence-france,reference,,
KHM:cambodia-wwii,KHM,cambodia-wwii,Cambodia: World War II and its aftermath,Encyclopaedia Britannica,https://www.britannica.com/place/Cambodia/World-War-II-and-its-aftermath,encyclopedia,,
KHM:lon-nol,KHM,lon-nol,Lon Nol,Encyclopaedia Britannica,https://www.britannica.com/biography/Lon-Nol,encyclopedia,,
KHM:cambodia-civil-war,KHM,cambodia-civil-war,Cambodia: Civil war,Encyclopaedia Britannica,https://www.britannica.com/place/Cambodia/Civil-war,encyclopedia,,
KHM:khmer-rouge,KHM,khmer-rouge,Khmer Rouge,Encyclopaedia Britannica,https://www.britannica.com/topic/Khmer-Rouge,encyclopedia,,
KHM:cambodian-genocide,KHM,cambodian-genocide,Cambodian genocide,Encyclopaedia Britannica,https://www.britannica.com/event/Cambodian-genocide,encyclopedia,,
KHM:cambodia-vietnamese-intervention,KHM,cambodia-vietnamese-intervention,Cambodia: Vietnamese intervention,Encyclopaedia Britannica,https://www.britannica.com/place/Cambodia/Vietnamese-intervention,encyclopedia,,
KHM:pol-pot,KHM,pol-pot,Pol Pot,Encyclopaedia Britannica,https://www.britannica.com/biography/Pol-Pot,encyclopedia,,
KHM:paris-agreement,KHM,paris-agreement,"Agreement on a Comprehensive Political Settlement of the Cambodia Conflict (Paris Agreement, 1991)",United Nations Peacemaker,https://peacemaker.un.org/en/documents/agreement-comprehensive-political-settlement-cambodia-conflict-paris-agreement,primary,,
KHM:untac,KHM,untac,United Nations Transitional Authority in Cambodia (UNTAC) — Background,United Nations Peacekeeping,https://peacekeeping.un.org/sites/default/files/past/untacbackgr1.html,gov,,
KHM:norodom-sihanouk,KHM,norodom-sihanouk,Norodom Sihanouk,Encyclopaedia Britannica,https://www.britannica.com/biography/Norodom-Sihanouk,encyclopedia,,
KHM:hun-sen,KHM,hun-sen,Hun Sen,Encyclopaedia Britannica,https://www.britannica.com/biography/Hun-Sen,encyclopedia,,
KHM:hun-manet,KHM,hun-manet,Hun Manet,Encyclopaedia Britannica,https://www.britannica.com/biography/Hun-Manet,encyclopedia,,
KHM:cambodia-since-2000,KHM,cambodia-since-2000,Cambodia since 2000,Encyclopaedia Britannica,https://www.britannica.com/place/Cambodia/Cambodia-since-2000,encyclopedia,,
KHM:wikipedia-khmer-empire,KHM,wikipedia-khmer-empire,Khmer Empire,Wikipedia,https://en.wikipedia.org/wiki/Khmer_Empire,reference,,
KHM:wikipedia-french-cambodia,KHM,wikipedia-french-cambodia,French protectorate of Cambodia,Wikipedia,https://en.wikipedia.org/wiki/French_protectorate_of_Cambodia,reference,,
KHM:whe-khmer-empire,KHM,whe-khmer-empire,Khmer Empire,World History Encyclopedia,https://www.worldhistory.org/Khmer_Empire/,encyclopedia,,
KOR:korea-place,KOR,korea-place,Korea (history),Encyclopaedia Britannica,https://www.britannica.com/place/Korea,encyclopedia,,
KOR:gojoseon-whe,KOR,gojoseon-whe,Gojoseon,World History Encyclopedia,https://www.worldhistory.org/Gojoseon/,encyclopedia,,
KOR:three-kingdoms,KOR,three-kingdoms,Three Kingdoms period,Encyclopaedia Britannica,https://www.britannica.com/topic/Three-Kingdoms-period,encyclopedia,,
KOR:korea-unified-silla,KOR,korea-unified-silla,Unified Silla dynasty,Encyclopaedia Britannica,https://www.britannica.com/topic/Unified-Silla-dynasty,encyclopedia,,
KOR:korea-goryeo,KOR,korea-goryeo,Koryo (Goryeo) dynasty,Encyclopaedia Britannica,https://www.britannica.com/place/Korea,encyclopedia,,
KOR:seokguram-unesco,KOR,seokguram-unesco,Seokguram Grotto and Bulguksa Temple,UNESCO World Heritage Centre,https://whc.unesco.org/en/list/736,gov,,
KOR:tripitaka-unesco,KOR,tripitaka-unesco,"Haeinsa Temple Janggyeong Panjeon, the Depositories for the Tripitaka Koreana Woodblocks",UNESCO World Heritage Centre,https://whc.unesco.org/en/list/737,gov,,
KOR:joseon-dynasty,KOR,joseon-dynasty,Joseon dynasty,Encyclopaedia Britannica,https://www.britannica.com/topic/Joseon-dynasty,encyclopedia,,
KOR:hunminjeongeum-unesco,KOR,hunminjeongeum-unesco,Hunminjeongeum Manuscript,UNESCO Memory of the World,https://www.unesco.org/en/memory-world,gov,,
KOR:korea-japanese-rule,KOR,korea-japanese-rule,Korea Under Japanese Rule,Encyclopaedia Britannica,https://www.britannica.com/topic/Korea-Under-Japanese-Rule,encyclopedia,,
KOR:march-first-movement,KOR,march-first-movement,March First Movement,Encyclopaedia Britannica,https://www.britannica.com/event/March-First-Movement,encyclopedia,,
KOR:state-korean-war,KOR,state-korean-war,The Korean War and Japan's Recovery,"U.S. Department of State, Office of the Historian",https://history.state.gov/milestones/1945-1952/korean-war,gov,,
KOR:first-republic,KOR,first-republic,Syngman Rhee,Encyclopaedia Britannica,https://www.britannica.com/biography/Syngman-Rhee,encyclopedia,,
KOR:park-chung-hee,KOR,park-chung-hee,Park Chung-Hee,Encyclopaedia Britannica,https://www.britannica.com/biography/Park-Chung-Hee,encyclopedia,,
KOR:gwangju-uprising,KOR,gwangju-uprising,Gwangju Uprising,Encyclopaedia Britannica,https://www.britannica.com/event/Gwangju-Uprising,encyclopedia,,
KOR:gwangju-unesco,KOR,gwangju-unesco,Archives for the May 18th Democratic Uprising in Gwangju,UNESCO Memory of the World,https://www.unesco.org/en/memory-world/human-rights-documentary-heritage-1980-archives-may-18th-democratic-uprising-against-military-regime,gov,,
KOR:june-struggle,KOR,june-struggle,June Democratic Struggle (1987): A Resource Guide,U.S. Library of Congress,https://guides.loc.gov/south-korean-democratization-movement/june-uprising,gov,,
KOR:seoul-1988,KOR,seoul-1988,Seoul 1988 Olympic Games,Encyclopaedia Britannica,https://www.britannica.com/event/Seoul-1988-Olympic-Games,encyclopedia,,
KOR:kim-dae-jung,KOR,kim-dae-jung,Kim Dae-Jung,Encyclopaedia Britannica,https://www.britannica.com/biography/Kim-Dae-Jung,encyclopedia,,
KOR:wikipedia-goryeo,KOR,wikipedia-goryeo,Goryeo,Wikipedia,https://en.wikipedia.org/wiki/Goryeo,reference,,
KOR:wikipedia-korea-japanese-rule,KOR,wikipedia-korea-japanese-rule,Korea under Japanese rule,Wikipedia,https://en.wikipedia.org/wiki/Korea_under_Japanese_rule,reference,,
KOR:whe-goryeo,KOR,whe-goryeo,Goryeo,World History Encyclopedia,https://www.worldhistory.org/Goryeo/,encyclopedia,,
KOS:history-of-kosovo-britannica,KOS,history-of-kosovo-britannica,History of Kosovo (ancient Dardania to the medieval period),Encyclopaedia Britannica,https://www.britannica.com/place/history-of-Kosovo,encyclopedia,,
KOS:kosovo-history-britannica,KOS,kosovo-history-britannica,Kosovo: History,Encyclopaedia Britannica,https://www.britannica.com/place/Kosovo/History,encyclopedia,,
KOS:justinian-britannica,KOS,justinian-britannica,Justinian I (born at Tauresium in Dardania),Encyclopaedia Britannica,https://www.britannica.com/summary/Justinian-I,encyclopedia,,
KOS:kosovo-conflict-britannica,KOS,kosovo-conflict-britannica,Kosovo conflict (1998-99 war and NATO intervention),Encyclopaedia Britannica,https://www.britannica.com/event/Kosovo-conflict,encyclopedia,,
KOS:unesco-monuments-danger,KOS,unesco-monuments-danger,Medieval Monuments in Kosovo: State of Conservation (List of World Heritage in Danger since 2006),UNESCO World Heritage Centre,https://whc.unesco.org/en/soc/4033/,gov,,
KOS:battle-of-kosovo-britannica,KOS,battle-of-kosovo-britannica,Battle of Kosovo (1389),Encyclopaedia Britannica,https://www.britannica.com/event/Battle-of-Kosovo-1389-Balkans,encyclopedia,,
KOS:battle-of-kosovo-historytoday,KOS,battle-of-kosovo-historytoday,"The Battle of Kosovo, 1389",History Today,https://www.historytoday.com/archive/battle-kossovo-1389,reference,,
KOS:unesco-medieval-monuments,KOS,unesco-medieval-monuments,"Medieval Monuments in Kosovo (World Heritage List, no. 724)",UNESCO World Heritage Centre,https://whc.unesco.org/en/list/724/,gov,,
KOS:albanian-league-britannica,KOS,albanian-league-britannica,"Albanian League (League of Prizren, 1878)",Encyclopaedia Britannica,https://www.britannica.com/topic/Albanian-League,encyclopedia,,
KOS:kosovo-govsociety-britannica,KOS,kosovo-govsociety-britannica,Kosovo: Government and society (autonomy and the 1974 constitution),Encyclopaedia Britannica,https://www.britannica.com/place/Kosovo/Government-and-society,encyclopedia,,
KOS:state-dept-kosovo,KOS,state-dept-kosovo,"Kosovo (US recognition, 18 February 2008; diplomatic history)","US Department of State, Office of the Historian",https://history.state.gov/countries/kosovo,gov,,
KOS:rugova-sakharov-ep,KOS,rugova-sakharov-ep,"Ibrahim Rugova, Sakharov Prize 1998",European Parliament,https://www.europarl.europa.eu/sakharovprize/en/ibrahim-rugova-1998-kosovo/products-details/20200330CAN54174,gov,,
KOS:nato-kfor,KOS,nato-kfor,"NATO's role in Kosovo (KFOR; Operation Allied Force, 1999)",NATO,https://www.nato.int/cps/en/natolive/topics_48818.htm,gov,,
KOS:hrw-under-orders,KOS,hrw-under-orders,Under Orders: War Crimes in Kosovo (1998-99 expulsions and killings),Human Rights Watch,https://www.hrw.org/report/2001/10/26/under-orders/war-crimes-kosovo,reference,,
KOS:unmik-res-1244,KOS,unmik-res-1244,United Nations Security Council Resolution 1244 (10 June 1999),United Nations / UNMIK,https://unmik.unmissions.org/united-nations-resolution-1244,primary,,
KOS:unmik-constitutional-framework,KOS,unmik-constitutional-framework,UNMIK Regulation 2001/9: Constitutional Framework for Provisional Self-Government in Kosovo,"Council of Europe, Venice Commission",https://www.coe.int/en/web/venice-commission/-/CDL(2001)056-e,primary,,
KOS:kosovo-selfdeclared-britannica,KOS,kosovo-selfdeclared-britannica,Kosovo: Self-declared independence,Encyclopaedia Britannica,https://www.britannica.com/place/Kosovo/Self-declared-independence,encyclopedia,,
KOS:icj-advisory-summary,KOS,icj-advisory-summary,Summary of the Advisory Opinion of 22 July 2010 (Accordance with international law of the unilateral declaration of independence in respect of Kosovo),International Court of Justice,https://www.icj-cij.org/node/103912,primary,,
KOS:icj-case-141,KOS,icj-case-141,Accordance with international law of the unilateral declaration of independence in respect of Kosovo (Case No. 141),International Court of Justice,https://www.icj-cij.org/case/141,primary,,
KOS:eeas-belgrade-pristina-dialogue,KOS,eeas-belgrade-pristina-dialogue,"Belgrade-Pristina Dialogue: Agreement on the Path to Normalisation between Kosovo and Serbia (the EU-facilitated dialogue, binding prior agreements including the 2013 Brussels Agreement)",European External Action Service (EU),https://www.eeas.europa.eu/eeas/belgrade-pristina-dialogue-agreement-path-normalisation-between-kosovo-and-serbia_en,gov,,
KOS:eeas-ohrid-agreement,KOS,eeas-ohrid-agreement,"Belgrade-Pristina Dialogue: Implementation Annex to the Agreement on the Path to Normalisation (Ohrid, 18 March 2023)",European External Action Service (EU),https://www.eeas.europa.eu/eeas/belgrade-pristina-dialogue-implementation-annex-agreement-path-normalisation-relations-between_en,gov,,
KOS:eeas-borrell-ohrid,KOS,eeas-borrell-ohrid,Belgrade-Pristina Dialogue: press remarks by High Representative Josep Borrell after the Ohrid meeting,European External Action Service (EU),https://www.eeas.europa.eu/eeas/belgrade-pristina-dialogue-press-remarks-high-representative-josep-borrell-after-ohrid-meeting_en,gov,,
KOS:statedept-kosovo,KOS,statedept-kosovo,A Guide to the United States' History of Recognition: Kosovo,"U.S. Department of State, Office of the Historian",https://history.state.gov/countries/kosovo,gov,,
KWT:britannica-kuwait,KWT,britannica-kuwait,Kuwait: History,Encyclopaedia Britannica,https://www.britannica.com/place/Kuwait/History,encyclopedia,,
KWT:britannica-sabah-dynasty,KWT,britannica-sabah-dynasty,Sabah dynasty,Encyclopaedia Britannica,https://www.britannica.com/topic/Sabah-dynasty,encyclopedia,,
KWT:britannica-koc,KWT,britannica-koc,Kuwait Oil Company,Encyclopaedia Britannica,https://www.britannica.com/topic/Kuwait-Oil-Company,encyclopedia,,
KWT:unesco-failaka,KWT,unesco-failaka,Failaka Island: A Palimpsest of Human Civilizations (Tentative List),UNESCO World Heritage Centre,https://whc.unesco.org/en/tentativelists/6800/,gov,,
KWT:unesco-saad-saeed,KWT,unesco-saad-saeed,Sa'ad and Sae'ed Area in Failaka Island (Tentative List),UNESCO World Heritage Centre,https://whc.unesco.org/en/tentativelists/5800/,gov,,
KWT:archaeology-ikaros,KWT,archaeology-ikaros,Ikaros of the Gulf: Failaka Island,Archaeology Magazine (Archaeological Institute of America),https://archaeology.org/issues/march-april-2013/collection/failaka-island-greek-ikaros/,academic,,
KWT:loc-persian-gulf-states,KWT,loc-persian-gulf-states,Persian Gulf States: Country Studies (Kuwait),"Library of Congress, Federal Research Division",https://www.loc.gov/item/93046476/,gov,,
KWT:fanack-mubarak,KWT,fanack-mubarak,The reign of Mubarak Al-Sabah and the British Protectorate (1896-1950),Fanack,https://fanack.com/kuwait/history-of-kuwait/mubarak-al-sabah-and-the-british-protectorate-1896-1950/,reference,,
KWT:mei-abdullah-salem,KWT,mei-abdullah-salem,"Remembering the Father of Democracy in the Gulf, Sheikh Abdullah al-Salem",Middle East Institute,https://www.mei.edu/publications/remembering-father-democracy-gulf-sheikh-abdullah-al-salem,academic,,
KWT:history-state-gulfwar,KWT,history-state-gulfwar,"The Gulf War, 1991 (Milestones in the History of U.S. Foreign Relations)","U.S. Department of State, Office of the Historian",https://history.state.gov/milestones/1989-1992/gulf-war,gov,,
KWT:history-state-firstgulf,KWT,history-state-firstgulf,The First Gulf War (Short History),"U.S. Department of State, Office of the Historian",https://history.state.gov/departmenthistory/short-history/firstgulf,gov,,
KWT:adst-oil-fires,KWT,adst-oil-fires,Towering Infernos: The Kuwait Oil Fires,Association for Diplomatic Studies and Training,https://adst.org/2016/04/towering-infernos-the-kuwait-oil-fires/,academic,,
KWT:carnegie-sabah,KWT,carnegie-sabah,"Kuwait's Emir, Sheikh Sabah al-Ahmad al-Sabah, Has Died",Carnegie Endowment for International Peace,https://carnegieendowment.org/middle-east/diwan/2020/09/kuwaits-emir-sheikh-sabah-al-ahmad-al-sabah-has-died?lang=en,academic,,
KWT:carnegie-suspension,KWT,carnegie-suspension,"Will Kuwait's Parliamentary Democracy Be Restored, Reformed, or Repudiated?",Carnegie Endowment for International Peace,https://carnegieendowment.org/research/2025/03/kuwaits-parliament-suspension-emir-democracy?lang=en,academic,,
KWT:wikipedia-sheikhdom-kuwait,KWT,wikipedia-sheikhdom-kuwait,Sheikhdom of Kuwait,Wikipedia,https://en.wikipedia.org/wiki/Sheikhdom_of_Kuwait,reference,,
KWT:nwe-kuwait,KWT,nwe-kuwait,Kuwait,New World Encyclopedia,https://www.newworldencyclopedia.org/entry/Kuwait,encyclopedia,,
LAO:laos-history,LAO,laos-history,Laos: History,Encyclopaedia Britannica,https://www.britannica.com/place/Laos/History,encyclopedia,,
LAO:lan-xang,LAO,lan-xang,Lan Xang,Encyclopaedia Britannica,https://www.britannica.com/place/Lan-Xang,encyclopedia,,
LAO:fa-ngum,LAO,fa-ngum,Fa Ngum,Encyclopaedia Britannica,https://www.britannica.com/biography/Fa-Ngum,encyclopedia,,
LAO:setthathirath,LAO,setthathirath,Setthathirat I,Encyclopaedia Britannica,https://www.britannica.com/biography/Setthathirat-I,encyclopedia,,
LAO:sai-ong-hue,LAO,sai-ong-hue,Sai Ong Hue and the division of Lan Xang,Encyclopaedia Britannica,https://www.britannica.com/biography/Sai-Ong-Hue,encyclopedia,,
LAO:vientiane,LAO,vientiane,Vientiane,Encyclopaedia Britannica,https://www.britannica.com/place/Vientiane,encyclopedia,,
LAO:louangphrabang,LAO,louangphrabang,Louangphrabang (Luang Prabang),Encyclopaedia Britannica,https://www.britannica.com/place/Louangphrabang,encyclopedia,,
LAO:pavie,LAO,pavie,Auguste Pavie,Encyclopaedia Britannica,https://www.britannica.com/biography/Auguste-Pavie,encyclopedia,,
LAO:laos-foreign-rule,LAO,laos-foreign-rule,Laos: Under foreign rule,Encyclopaedia Britannica,https://www.britannica.com/place/Laos/Under-foreign-rule,encyclopedia,,
LAO:lao-issara,LAO,lao-issara,Lao Issara,Encyclopaedia Britannica,https://www.britannica.com/topic/Lao-Issara,encyclopedia,,
LAO:pathet-lao,LAO,pathet-lao,Pathet Lao,Encyclopaedia Britannica,https://www.britannica.com/topic/Pathet-Lao,encyclopedia,,
LAO:souphanouvong,LAO,souphanouvong,Souphanouvong,Encyclopaedia Britannica,https://www.britannica.com/biography/Souphanouvong,encyclopedia,,
LAO:souvanna-phouma,LAO,souvanna-phouma,Souvanna Phouma,Encyclopaedia Britannica,https://www.britannica.com/biography/Souvanna-Phouma,encyclopedia,,
LAO:kaysone,LAO,kaysone,Kaysone Phomvihan,Encyclopaedia Britannica,https://www.britannica.com/biography/Kaysone-Phomvihan,encyclopedia,,
LAO:indochina-wars,LAO,indochina-wars,Indochina wars,Encyclopaedia Britannica,https://www.britannica.com/event/Indochina-wars,encyclopedia,,
LAO:history-state-laos,LAO,history-state-laos,"A Guide to the United States' History of Recognition, Diplomatic, and Consular Relations: Laos","U.S. Department of State, Office of the Historian",https://history.state.gov/countries/laos,gov,,
LAO:secret-war-loc,LAO,secret-war-loc,Lao Special Guerrilla Unit and Royal Lao Army Veteran Interviews,Library of Congress,https://www.loc.gov/collections/lao-special-guerrilla-unit-and-royal-lao-army-veteran-interviews/about-this-collection/,archive,,
LAO:uxo-state,LAO,uxo-state,U.S. Conventional Weapons Destruction Program in Lao PDR,U.S. Department of State,https://www.state.gov/bureau-of-political-military-affairs/releases/2024/10/u-s-conventional-weapons-destruction-program-in-lao-pdr,gov,,
LAO:unesco-luang-prabang,LAO,unesco-luang-prabang,Town of Luang Prabang,UNESCO World Heritage Centre,https://whc.unesco.org/en/list/479/,gov,,
LAO:unesco-vat-phou,LAO,unesco-vat-phou,Vat Phou and Associated Ancient Settlements within the Champasak Cultural Landscape,UNESCO World Heritage Centre,https://whc.unesco.org/en/list/481/,gov,,
LAO:asean-lao,LAO,asean-lao,"Lao PDR, ASEAN Member State",Association of Southeast Asian Nations (ASEAN),https://asean.org/member-states/lao-pdr/,gov,,
LAO:worldbank-lao,LAO,worldbank-lao,Lao PDR Overview,World Bank Group,https://www.worldbank.org/en/country/lao/overview,gov,,
LAO:wikipedia-lan-xang,LAO,wikipedia-lan-xang,Lan Xang,Wikipedia,https://en.wikipedia.org/wiki/Lan_Xang,reference,,
LAO:wikipedia-french-indochina,LAO,wikipedia-french-indochina,French Indochina,Wikipedia,https://en.wikipedia.org/wiki/French_Indochina,reference,,
LAO:nwe-laos,LAO,nwe-laos,Laos,New World Encyclopedia,https://www.newworldencyclopedia.org/entry/Laos,encyclopedia,,
LBN:unesco-byblos,LBN,unesco-byblos,Byblos,UNESCO World Heritage Centre,https://whc.unesco.org/en/list/295/,gov,,
LBN:unesco-tyre,LBN,unesco-tyre,Tyre,UNESCO World Heritage Centre,https://whc.unesco.org/en/list/299/,gov,,
LBN:unesco-baalbek,LBN,unesco-baalbek,Baalbek,UNESCO World Heritage Centre,https://whc.unesco.org/en/list/294/,gov,,
LBN:britannica-phoenicia,LBN,britannica-phoenicia,Phoenicia,Encyclopaedia Britannica,https://www.britannica.com/place/Phoenicia,encyclopedia,,
LBN:britannica-byblos,LBN,britannica-byblos,"Byblos, Ancient Phoenician City",Encyclopaedia Britannica,https://www.britannica.com/place/Byblos,encyclopedia,,
LBN:ebsco-phoenicia,LBN,ebsco-phoenicia,Phoenicia,EBSCO Research Starters,https://www.ebsco.com/research-starters/history/phoenicia,reference,,
LBN:britannica-baalbek,LBN,britannica-baalbek,Baalbek (Baalbeck),Encyclopaedia Britannica,https://www.britannica.com/place/Baalbeck,encyclopedia,,
LBN:britannica-maronite,LBN,britannica-maronite,Maronite church,Encyclopaedia Britannica,https://www.britannica.com/topic/Maronite-church,encyclopedia,,
LBN:britannica-lebanon,LBN,britannica-lebanon,Lebanon,Encyclopaedia Britannica,https://www.britannica.com/place/Lebanon,encyclopedia,,
LBN:britannica-history-lebanon,LBN,britannica-history-lebanon,History of Lebanon,Encyclopaedia Britannica,https://www.britannica.com/topic/history-of-Lebanon,encyclopedia,,
LBN:britannica-fakhr-al-din,LBN,britannica-fakhr-al-din,Fakhr al-Din II,Encyclopaedia Britannica,https://www.britannica.com/biography/Fakhr-ad-Din-II,encyclopedia,,
LBN:britannica-bashir-shihab,LBN,britannica-bashir-shihab,Bashir Shihab II,Encyclopaedia Britannica,https://www.britannica.com/biography/Bashir-Shihab-II,encyclopedia,,
LBN:britannica-civil-war,LBN,britannica-civil-war,Lebanese Civil War,Encyclopaedia Britannica,https://www.britannica.com/event/Lebanese-Civil-War,encyclopedia,,
LBN:britannica-hariri,LBN,britannica-hariri,Rafiq al-Hariri,Encyclopaedia Britannica,https://www.britannica.com/biography/Rafiq-al-Hariri,encyclopedia,,
LBN:britannica-second-republic,LBN,britannica-second-republic,Lebanon: Lebanon's Second Republic since 1990,Encyclopaedia Britannica,https://www.britannica.com/place/Lebanon/Lebanons-Second-Republic-1990,encyclopedia,,
LBN:ebsco-hariri,LBN,ebsco-hariri,Iraq and World Order: A Lebanese Perspective,United Nations University Press,https://digitallibrary.un.org/record/586956/files/pdf9789280811285.pdf,academic,,
LBN:loc-lebanon-pact,LBN,loc-lebanon-pact,Lebanon: The National Pact (Lebanon: A Country Study),"U.S. Library of Congress, Federal Research Division",https://countrystudies.us/lebanon/77.htm,gov,,
LBN:state-lebanon,LBN,state-lebanon,A Guide to the United States' History of Recognition: Lebanon,"U.S. Department of State, Office of the Historian",https://history.state.gov/countries/lebanon,gov,,
LBN:cfr-lebanon,LBN,cfr-lebanon,"Lebanon: How Israel, Hezbollah, and Regional Powers Are Shaping Its Future",Council on Foreign Relations,https://www.cfr.org/backgrounders/lebanon-how-israel-hezbollah-and-regional-powers-are-shaping-its-future,reference,,
LBN:wikipedia-french-mandate-syria,LBN,wikipedia-french-mandate-syria,French Mandate for Syria and the Lebanon,Wikipedia,https://en.wikipedia.org/wiki/French_Mandate_for_Syria_and_the_Lebanon,reference,,
LBN:wikipedia-bechara-el-khoury,LBN,wikipedia-bechara-el-khoury,Bechara El Khoury,Wikipedia,https://en.wikipedia.org/wiki/Bechara_El_Khoury,reference,,
LBR:britannica-liberia-history,LBR,britannica-liberia-history,"Liberia — History (Colonialism, Civil War, Reconstruction)",Encyclopaedia Britannica,https://www.britannica.com/place/Liberia/History,encyclopedia,,
LBR:britannica-liberia-people,LBR,britannica-liberia-people,"Liberia — People (Ethnic Groups, Languages)",Encyclopaedia Britannica,https://www.britannica.com/place/Liberia/People,encyclopedia,,
LBR:britannica-monrovia,LBR,britannica-monrovia,Monrovia,Encyclopaedia Britannica,https://www.britannica.com/place/Monrovia,encyclopedia,,
LBR:minorityrights-liberia,LBR,minorityrights-liberia,Liberia — peoples and minorities,Minority Rights Group,https://minorityrights.org/country/liberia/,reference,,
LBR:loc-liberia-history,LBR,loc-liberia-history,History of Liberia: A Time Line,U.S. Library of Congress,https://www.loc.gov/collections/maps-of-liberia-1830-to-1870/articles-and-essays/history-of-liberia/,gov,,
LBR:bukele-wiki,LBR,bukele-wiki,Momolu Duwalu Bukele,Wikipedia,https://en.wikipedia.org/wiki/Momolu_Duwalu_Bukele,reference,,
LBR:vai-syllabary-wiki,LBR,vai-syllabary-wiki,Vai syllabary,Wikipedia,https://en.wikipedia.org/wiki/Vai_syllabary,reference,,
LBR:blackpast-monrovia,LBR,blackpast-monrovia,"Monrovia, Liberia (1822– )",BlackPast.org,https://www.blackpast.org/global-african-history/monrovia-liberia-1821/,reference,,
LBR:statedept-liberia,LBR,statedept-liberia,A Guide to the History of Recognition: Liberia,"U.S. Department of State, Office of the Historian",https://history.state.gov/countries/liberia,gov,,
LBR:statedept-liberia-bgn,LBR,statedept-liberia-bgn,Background Note: Liberia,U.S. Department of State,https://2009-2017.state.gov/outofdate/bgn/liberia/96180.htm,gov,,
LBR:liberia-declaration-wiki,LBR,liberia-declaration-wiki,Liberian Declaration of Independence,Wikipedia,https://en.wikipedia.org/wiki/Liberian_Declaration_of_Independence,reference,,
LBR:ebsco-liberia-independence,LBR,ebsco-liberia-independence,Liberia Proclaims Its Independence,EBSCO Research Starters,https://www.ebsco.com/research-starters/history/liberia-proclaims-its-independence,reference,,
LBR:history-liberia-independence,LBR,history-liberia-independence,"Liberian independence proclaimed, 26 July 1847",HISTORY (A&E Television Networks),https://www.history.com/this-day-in-history/july-26/liberian-independence-proclaimed,reference,,
LBR:true-whig-wiki,LBR,true-whig-wiki,True Whig Party,Wikipedia,https://en.wikipedia.org/wiki/True_Whig_Party,reference,,
LBR:firestone-statement,LBR,firestone-statement,The Liberian Civil War (1989–2003) and Firestone,Business & Human Rights Resource Centre,https://media.business-humanrights.org/media/documents/files/media/bhr/files/Firestone-statement-Liberia-civil-war-Jul-2008.pdf,academic,,
LBR:britannica-tubman,LBR,britannica-tubman,William V. S. Tubman,Encyclopaedia Britannica,https://www.britannica.com/biography/William-V-S-Tubman,encyclopedia,,
LBR:blackpast-tubman,LBR,blackpast-tubman,William V. S. Tubman (1895–1971),BlackPast.org,https://www.blackpast.org/global-african-history/tubman-william-v-s-1895-1971/,reference,,
LBR:tolbert-wiki,LBR,tolbert-wiki,William Tolbert,Wikipedia,https://en.wikipedia.org/wiki/William_Tolbert,reference,,
LBR:doe-coup-wiki,LBR,doe-coup-wiki,1980 Liberian coup d'état,Wikipedia,https://en.wikipedia.org/wiki/1980_Liberian_coup_d%27%C3%A9tat,reference,,
LBR:britannica-doe,LBR,britannica-doe,Samuel K. Doe,Encyclopaedia Britannica,https://www.britannica.com/biography/Samuel-K-Doe,encyclopedia,,
LBR:npfl-wiki,LBR,npfl-wiki,National Patriotic Front of Liberia,Wikipedia,https://en.wikipedia.org/wiki/National_Patriotic_Front_of_Liberia,reference,,
LBR:cja-liberia,LBR,cja-liberia,Liberia — accountability for civil war atrocities,Center for Justice and Accountability,https://cja.org/where-we-work/liberia/,reference,,
LBR:worldwithoutgenocide-liberia,LBR,worldwithoutgenocide-liberia,Liberian Civil War,World Without Genocide (Mitchell Hamline School of Law),https://worldwithoutgenocide.org/genocides-and-conflicts/liberian-civil-war,academic,,
LBR:britannica-taylor,LBR,britannica-taylor,Charles Taylor,Encyclopaedia Britannica,https://www.britannica.com/biography/Charles-Ghankay-Taylor,encyclopedia,,
LBR:blackpast-second-civil-war,LBR,blackpast-second-civil-war,Second Liberian Civil War (1999–2003),BlackPast.org,https://www.blackpast.org/global-african-history/second-liberian-civil-war-1999-2003/,reference,,
LBR:second-civil-war-wiki,LBR,second-civil-war-wiki,Second Liberian Civil War,Wikipedia,https://en.wikipedia.org/wiki/Second_Liberian_Civil_War,reference,,
LBR:hrw-taylor-conviction,LBR,hrw-taylor-conviction,Sierra Leone: Landmark Conviction of Liberian Ex-President,Human Rights Watch,https://www.hrw.org/news/2012/04/26/sierra-leone-landmark-conviction-liberian-ex-president,reference,,
LBR:un-taylor-50years,LBR,un-taylor-50years,Special Court sentences former Liberian leader Charles Taylor to 50 years in prison,UN News,https://news.un.org/en/story/2012/05/412022,gov,,
LBR:britannica-sirleaf,LBR,britannica-sirleaf,Ellen Johnson Sirleaf,Encyclopaedia Britannica,https://www.britannica.com/biography/Ellen-Johnson-Sirleaf,encyclopedia,,
LBR:nobel-sirleaf,LBR,nobel-sirleaf,Ellen Johnson Sirleaf — Biographical,The Nobel Prize,https://www.nobelprize.org/prizes/peace/2011/johnson_sirleaf/biographical/,reference,,
LBR:ebola-liberia-wiki,LBR,ebola-liberia-wiki,Ebola virus epidemic in Liberia,Wikipedia,https://en.wikipedia.org/wiki/Ebola_virus_epidemic_in_Liberia,reference,,
LBR:cdc-ebola-liberia,LBR,cdc-ebola-liberia,"Ebola Epidemic — Liberia, March–October 2014",U.S. Centers for Disease Control and Prevention (MMWR),https://www.cdc.gov/mmwr/preview/mmwrhtml/mm63e1114a4.htm,gov,,
LBY:britannica-libya,LBY,britannica-libya,Libya,Encyclopaedia Britannica,https://www.britannica.com/place/Libya,encyclopedia,,
LBY:britannica-cyrenaica,LBY,britannica-cyrenaica,Cyrenaica,Encyclopaedia Britannica,https://www.britannica.com/place/Cyrenaica,encyclopedia,,
LBY:britannica-fezzan,LBY,britannica-fezzan,Fezzan,Encyclopaedia Britannica,https://www.britannica.com/place/Fezzan,encyclopedia,,
LBY:britannica-sanusi,LBY,britannica-sanusi,al-Sanusi,Encyclopaedia Britannica,https://www.britannica.com/biography/al-Sanusi,encyclopedia,,
LBY:britannica-idris,LBY,britannica-idris,"Idris I, king of Libya",Encyclopaedia Britannica,https://www.britannica.com/biography/Idris-I-king-of-Libya,encyclopedia,,
LBY:britannica-libya-oil,LBY,britannica-libya-oil,Libya: The discovery of oil,Encyclopaedia Britannica,https://www.britannica.com/place/Libya,encyclopedia,,
LBY:britannica-2011-revolt,LBY,britannica-2011-revolt,Libya Revolt of 2011,Encyclopaedia Britannica,https://www.britannica.com/event/Libya-Revolt-of-2011,encyclopedia,,
LBY:unesco-leptis-magna,LBY,unesco-leptis-magna,Archaeological Site of Leptis Magna,UNESCO World Heritage Centre,https://whc.unesco.org/en/list/183,gov,,
LBY:state-libya-bgn,LBY,state-libya-bgn,Background Note: Libya,U.S. Department of State,https://2009-2017.state.gov/outofdate/bgn/libya/26452.htm,gov,,
LBY:historytoday-kingdom,LBY,historytoday-kingdom,The Kingdom of Libya is Established,History Today,https://www.historytoday.com/archive/kingdom-libya-established,reference,,
LBY:history-qaddafi-coup,LBY,history-qaddafi-coup,"Qaddafi leads coup in Libya, September 1, 1969",HISTORY,https://www.history.com/this-day-in-history/september-1/qaddafi-leads-coup-in-libya,reference,,
LBY:history-1986-bombing,LBY,history-1986-bombing,U.S. bombs terrorist and military targets in Libya,HISTORY,https://www.history.com/this-day-in-history/april-14/u-s-bombs-libya,reference,,
LBY:fanack-muslim-conquest,LBY,fanack-muslim-conquest,Libya: The Muslim Conquest,Fanack Chronicle,https://fanack.com/libya/history-of-libya/libya-the-muslim-conquest/,reference,,
LBY:wikipedia-cyrene,LBY,wikipedia-cyrene,"Cyrene, Libya",Wikipedia,"https://en.wikipedia.org/wiki/Cyrene,_Libya",reference,,
LBY:wikipedia-leptis-magna,LBY,wikipedia-leptis-magna,Leptis Magna,Wikipedia,https://en.wikipedia.org/wiki/Leptis_Magna,reference,,
LBY:wikipedia-garamantes,LBY,wikipedia-garamantes,Garamantes,Wikipedia,https://en.wikipedia.org/wiki/Garamantes,reference,,
LBY:wikipedia-ottoman-tripolitania,LBY,wikipedia-ottoman-tripolitania,Ottoman Tripolitania,Wikipedia,https://en.wikipedia.org/wiki/Ottoman_Tripolitania,reference,,
LBY:wikipedia-karamanli,LBY,wikipedia-karamanli,Karamanli dynasty,Wikipedia,https://en.wikipedia.org/wiki/Karamanli_dynasty,reference,,
LBY:wikipedia-first-barbary-war,LBY,wikipedia-first-barbary-war,First Barbary War,Wikipedia,https://en.wikipedia.org/wiki/First_Barbary_War,reference,,
LBY:wikipedia-sanusiyya,LBY,wikipedia-sanusiyya,Sanusiyya,Wikipedia,https://en.wikipedia.org/wiki/Sanusiyya,reference,,
LBY:wikipedia-italian-colonization,LBY,wikipedia-italian-colonization,Italian colonization of Libya,Wikipedia,https://en.wikipedia.org/wiki/Italian_colonization_of_Libya,reference,,
LBY:wikipedia-concentration-camps,LBY,wikipedia-concentration-camps,Italian concentration camps in Libya,Wikipedia,https://en.wikipedia.org/wiki/Italian_concentration_camps_in_Libya,reference,,
LBY:wikipedia-omar-mukhtar,LBY,wikipedia-omar-mukhtar,Omar al-Mukhtar,Wikipedia,https://en.wikipedia.org/wiki/Omar_al-Mukhtar,reference,,
LBY:wikipedia-soluch,LBY,wikipedia-soluch,Soluch concentration camp,Wikipedia,https://en.wikipedia.org/wiki/Soluch_concentration_camp,reference,,
LBY:wikipedia-zelten,LBY,wikipedia-zelten,Zelten oil field,Wikipedia,https://en.wikipedia.org/wiki/Zelten_oil_field,reference,,
LBY:wikipedia-1969-revolution,LBY,wikipedia-1969-revolution,1969 Libyan revolution,Wikipedia,https://en.wikipedia.org/wiki/1969_Libyan_revolution,reference,,
LBY:wikipedia-green-book,LBY,wikipedia-green-book,The Green Book (Gaddafi),Wikipedia,https://en.wikipedia.org/wiki/The_Green_Book_(Gaddafi),reference,,
LBY:wikipedia-1986-bombing,LBY,wikipedia-1986-bombing,1986 United States bombing of Libya,Wikipedia,https://en.wikipedia.org/wiki/1986_United_States_bombing_of_Libya,reference,,
LBY:wikipedia-battle-sirte,LBY,wikipedia-battle-sirte,Battle of Sirte (2011),Wikipedia,https://en.wikipedia.org/wiki/Battle_of_Sirte_(2011),reference,,
LBY:wikipedia-second-civil-war,LBY,wikipedia-second-civil-war,Second Libyan Civil War,Wikipedia,https://en.wikipedia.org/wiki/Second_Libyan_Civil_War,reference,,
LBY:wikipedia-kingdom-libya,LBY,wikipedia-kingdom-libya,Kingdom of Libya,Wikipedia,https://en.wikipedia.org/wiki/Kingdom_of_Libya,reference,,
LIE:liechtenstein-history-britannica,LIE,liechtenstein-history-britannica,"Liechtenstein: History (Alpine, Principality, Sovereignty)",Encyclopaedia Britannica,https://www.britannica.com/place/Liechtenstein/History,encyclopedia,,
LIE:hansadam-britannica,LIE,hansadam-britannica,"Hans-Adam II, prince of Liechtenstein",Encyclopaedia Britannica,https://www.britannica.com/biography/Hans-Adam-II-prince-of-Liechtenstein,encyclopedia,,
LIE:fuerstenhaus-history,LIE,fuerstenhaus-history,The History of the Princely House of Liechtenstein,Fürstenhaus von Liechtenstein (official Princely House),https://fuerstenhaus.li/en/princely-house/the-history-of-the-princely-house/,gov,,
LIE:princely-collections-founding,LIE,princely-collections-founding,"Emperor Charles VI unites Vaduz and Schellenberg and raises them to the Imperial Principality of Liechtenstein (diploma, 23 Jan 1719)","LIECHTENSTEIN. The Princely Collections, Vaduz–Vienna",https://www.liechtensteincollections.at/en/collections-online/emperor-charles-vi-unites-the-county-of-vaduz-and-the-demesne-of-schellenberg-and-raises-them-to-the-rank-of-imperial-principality-under-the-name-o,primary,,
LIE:princely-collections-family,LIE,princely-collections-family,The History of the Family and the Collections,"LIECHTENSTEIN. The Princely Collections, Vaduz–Vienna",https://www.liechtensteincollections.at/en/history/history-of-the-family-and-the-collections,museum,,
LIE:swissmuseum-founding,LIE,swissmuseum-founding,How the Principality of Liechtenstein came into being,Swiss National Museum (Blog),https://blog.nationalmuseum.ch/en/2024/08/how-the-principality-of-liechtenstein-came-into-being/,reference,,
LIE:finance-li-customs,LIE,finance-li-customs,Advantages of the customs and monetary union with Switzerland,Liechtenstein Finance,https://finance.li/en/knowledge/what-are-the-advantages-of-the-customs-and-monetary-union-with-switzerland/,reference,,
LIE:icj-case123,LIE,icj-case123,Certain Property (Liechtenstein v. Germany) — case overview,International Court of Justice,https://www.icj-cij.org/case/123,primary,,
LIE:icj-summary-2005,LIE,icj-summary-2005,"Summary of the Judgment of 10 February 2005, Certain Property (Liechtenstein v. Germany)",International Court of Justice,https://www.icj-cij.org/node/103893,primary,,
LIE:icj-prelim-objections,LIE,icj-prelim-objections,Certain Property (Liechtenstein v. Germany) — Preliminary Objections: the Court finds it has no jurisdiction,International Court of Justice,https://www.icj-cij.org/node/101758,primary,,
LIE:embassy-history,LIE,embassy-history,History of Liechtenstein,"Embassy of the Principality of Liechtenstein, Washington D.C.",https://www.liechtensteinusa.org/history,gov,,
LIE:princely-collections-300,LIE,princely-collections-300,1719 – 300 Years of Liechtenstein (exhibition),"LIECHTENSTEIN. The Princely Collections, Vaduz–Vienna",https://www.liechtensteincollections.at/en/presentation/exhibitions/1719-300-jahre-liechtenstein,museum,,
LIE:czech-liechtenstein-history,LIE,czech-liechtenstein-history,History of Czech–Liechtenstein relations (confiscations and 2009 relations),Czech-Liechtenstein Society,http://www.cesko-lichtenstejnska.cz/en/history/,reference,,
LIE:wikipedia-liechtenstein,LIE,wikipedia-liechtenstein,Liechtenstein,Wikipedia,https://en.wikipedia.org/wiki/Liechtenstein,reference,,
LKA:britannica-history-srilanka,LKA,britannica-history-srilanka,History of Sri Lanka,Encyclopædia Britannica,https://www.britannica.com/topic/history-of-Sri-Lanka,encyclopedia,,
LKA:britannica-srilanka-history,LKA,britannica-srilanka-history,Sri Lanka: History,Encyclopædia Britannica,https://www.britannica.com/place/Sri-Lanka/History,encyclopedia,,
LKA:britannica-conversion-buddhism,LKA,britannica-conversion-buddhism,Sri Lanka: Conversion to Buddhism,Encyclopædia Britannica,https://www.britannica.com/place/Sri-Lanka/Conversion-to-Buddhism,encyclopedia,,
LKA:britannica-anuradhapura,LKA,britannica-anuradhapura,"Anuradhapura, Sri Lanka",Encyclopædia Britannica,https://www.britannica.com/place/Anuradhapura-Sri-Lanka,encyclopedia,,
LKA:britannica-sigiriya,LKA,britannica-sigiriya,Sigiriya,Encyclopædia Britannica,https://www.britannica.com/place/Sigiriya,encyclopedia,,
LKA:britannica-portuguese,LKA,britannica-portuguese,Sri Lanka: The Portuguese in Sri Lanka (1505–1658),Encyclopædia Britannica,https://www.britannica.com/place/Sri-Lanka/The-Portuguese-in-Sri-Lanka-1505-1658,encyclopedia,,
LKA:britannica-kandyan-convention,LKA,britannica-kandyan-convention,Kandyan Convention,Encyclopædia Britannica,https://www.britannica.com/event/Kandyan-Convention,encyclopedia,,
LKA:britannica-independent-ceylon,LKA,britannica-independent-ceylon,History of Sri Lanka: Independent Ceylon (1948–71),Encyclopædia Britannica,https://www.britannica.com/topic/history-of-Sri-Lanka/Independent-Ceylon-1948-71,encyclopedia,,
LKA:britannica-reconstruction,LKA,britannica-reconstruction,Sri Lanka: Reconstruction and the modern nation,Encyclopædia Britannica,https://www.britannica.com/place/Sri-Lanka/Reconstruction,encyclopedia,,
LKA:britannica-tsunami-2004,LKA,britannica-tsunami-2004,Indian Ocean tsunami of 2004,Encyclopædia Britannica,https://www.britannica.com/event/Indian-Ocean-tsunami-of-2004,encyclopedia,,
LKA:britannica-senanayake,LKA,britannica-senanayake,D. S. Senanayake,Encyclopædia Britannica,https://www.britannica.com/biography/D-S-Senanayake,encyclopedia,,
LKA:britannica-bandaranaike,LKA,britannica-bandaranaike,S. W. R. D. Bandaranaike,Encyclopædia Britannica,https://www.britannica.com/biography/S-W-R-D-Bandaranaike,encyclopedia,,
LKA:unesco-anuradhapura,LKA,unesco-anuradhapura,Sacred City of Anuradhapura,UNESCO World Heritage Centre,https://whc.unesco.org/en/list/200/,gov,,
LKA:unesco-polonnaruwa,LKA,unesco-polonnaruwa,Ancient City of Polonnaruwa,UNESCO World Heritage Centre,https://whc.unesco.org/en/list/201/,gov,,
LKA:unesco-galle,LKA,unesco-galle,Old Town of Galle and its Fortifications,UNESCO World Heritage Centre,https://whc.unesco.org/en/list/451/,gov,,
LKA:archives-srilanka,LKA,archives-srilanka,Path to Freedom: 1815 Convention and Dominion Status,"Department of National Archives, Sri Lanka",https://www.archives.gov.lk/online-exhibits/path-to-freedom/,archive,,
LKA:ebsco-buddhism-srilanka,LKA,ebsco-buddhism-srilanka,Buddhism Established in Sri Lanka,EBSCO Research Starters,https://www.ebsco.com/research-starters/history/buddhism-established-sri-lanka,reference,,
LKA:wikipedia-anuradhapura,LKA,wikipedia-anuradhapura,Anuradhapura Kingdom,Wikipedia,https://en.wikipedia.org/wiki/Anuradhapura_Kingdom,reference,,
LKA:wikipedia-kandyan-wars,LKA,wikipedia-kandyan-wars,Kandyan Wars,Wikipedia,https://en.wikipedia.org/wiki/Kandyan_Wars,reference,,
LKA:statedept-srilanka,LKA,statedept-srilanka,A Guide to the United States' History of Recognition: Sri Lanka,"U.S. Department of State, Office of the Historian",https://history.state.gov/countries/sri-lanka,gov,,
LKA:nwe-srilanka,LKA,nwe-srilanka,Sri Lanka,New World Encyclopedia,https://www.newworldencyclopedia.org/entry/Sri_Lanka,encyclopedia,,
LKA:bbc-srilanka,LKA,bbc-srilanka,Sri Lanka country profile,BBC News,https://www.bbc.com/news/world-south-asia-11999611,reference,,
LKA:unesco-sigiriya,LKA,unesco-sigiriya,Ancient City of Sigiriya (World Heritage List),UNESCO World Heritage Centre,https://whc.unesco.org/en/list/202/,gov,,
LKA:unesco-kandy,LKA,unesco-kandy,Sacred City of Kandy (World Heritage List),UNESCO World Heritage Centre,https://whc.unesco.org/en/list/450/,gov,,
LSO:eb-lesotho,LSO,eb-lesotho,Lesotho: The Sotho kingdom (1824–69),Encyclopaedia Britannica,https://www.britannica.com/place/Lesotho,encyclopedia,,
LSO:eb-moshoeshoe,LSO,eb-moshoeshoe,"Moshoeshoe, founder of Lesotho",Encyclopaedia Britannica,https://www.britannica.com/biography/Moshoeshoe,encyclopedia,,
LSO:eb-moshoeshoe-ii,LSO,eb-moshoeshoe-ii,Moshoeshoe II,Encyclopaedia Britannica,https://www.britannica.com/biography/Moshoeshoe-II,encyclopedia,,
LSO:eb-gun-war,LSO,eb-gun-war,Gun War (1880–81),Encyclopaedia Britannica,https://www.britannica.com/event/Gun-War,encyclopedia,,
LSO:britannica-southern-africa,LSO,britannica-southern-africa,"Southern Africa, 1899–1945",Encyclopaedia Britannica,https://www.britannica.com/place/Southern-Africa,encyclopedia,,
LSO:sahistory-moshoeshoe,LSO,sahistory-moshoeshoe,King Moshoeshoe I,South African History Online,https://www.sahistory.org.za/people/king-moshoeshoe-i,reference,,
LSO:sahistory-becomes-british,LSO,sahistory-becomes-british,Basutoland (now Lesotho) becomes British territory,South African History Online,https://www.sahistory.org.za/dated-event/basutoland-now-lesotho-becomes-british-territory,reference,,
LSO:britmuseum-rockart,LSO,britmuseum-rockart,Rock art in southern Africa,"British Museum, African Rock Art",https://africanrockart.britishmuseum.org/regional_introduction/rock-art-in-southern-africa/,museum,,
LSO:wiki-history-lesotho,LSO,wiki-history-lesotho,History of Lesotho,Wikipedia,https://en.wikipedia.org/wiki/History_of_Lesotho,reference,,
LSO:wiki-lesotho,LSO,wiki-lesotho,Lesotho,Wikipedia,https://en.wikipedia.org/wiki/Lesotho,reference,,
LSO:wiki-gun-war,LSO,wiki-gun-war,Basuto Gun War,Wikipedia,https://en.wikipedia.org/wiki/Basuto_Gun_War,reference,,
LSO:wiki-leabua-jonathan,LSO,wiki-leabua-jonathan,Leabua Jonathan,Wikipedia,https://en.wikipedia.org/wiki/Leabua_Jonathan,reference,,
LSO:historycentral-indep,LSO,historycentral-indep,1966: Lesotho Becomes Independent,History Central,https://www.historycentral.com/Africa/LesothoIndep.html,reference,,
LSO:samp-migration,LSO,samp-migration,"Migration, Remittances and 'Development' in Lesotho",Southern African Migration Programme (SAMP),https://scholars.wlu.ca/samp/45/,academic,,
LSO:lhwp-conversation,LSO,lhwp-conversation,The Lesotho Highlands Water Project is 40 years old and going strong,The Conversation,https://theconversation.com/the-lesotho-highlands-water-project-is-40-years-old-and-going-strong-but-history-weighs-on-its-successes-277860,reference,,
LSO:afdb-lhwp,LSO,afdb-lhwp,Lesotho Highlands Water Project II — environmental and social assessment,African Development Bank,https://www.afdb.org/,gov,,
LSO:wikipedia-moshoeshoe,LSO,wikipedia-moshoeshoe,Moshoeshoe I,Wikipedia,https://en.wikipedia.org/wiki/Moshoeshoe_I,reference,,
LSO:wikipedia-basutoland,LSO,wikipedia-basutoland,Basutoland,Wikipedia,https://en.wikipedia.org/wiki/Basutoland,reference,,
LSO:statedept-lesotho,LSO,statedept-lesotho,A Guide to the United States' History of Recognition: Lesotho,"U.S. Department of State, Office of the Historian",https://history.state.gov/countries/lesotho,gov,,
LSO:nwe-lesotho,LSO,nwe-lesotho,Lesotho,New World Encyclopedia,https://www.newworldencyclopedia.org/entry/Lesotho,encyclopedia,,
LTU:mindaugas-britannica,LTU,mindaugas-britannica,Mindaugas,Encyclopaedia Britannica,https://www.britannica.com/biography/Mindaugas,encyclopedia,,
LTU:mindaugas-lrt,LTU,mindaugas-lrt,"Coronation of Lithuania's King Mindaugas: fact, fiction and politics",LRT (Lithuanian National Radio and Television),https://www.lrt.lt/en/news-in-english/19/1445400/coronation-of-lithuania-s-king-mindaugas-fact-fiction-and-politics,reference,,
LTU:grand-duchy-britannica,LTU,grand-duchy-britannica,Grand Duchy of Lithuania,Encyclopaedia Britannica,https://www.britannica.com/place/grand-duchy-of-Lithuania,encyclopedia,,
LTU:gediminas-britannica,LTU,gediminas-britannica,Gediminas,Encyclopaedia Britannica,https://www.britannica.com/biography/Gediminas,encyclopedia,,
LTU:valdovurumai-gediminas,LTU,valdovurumai-gediminas,The Precepts of Grand Duke Gediminas to Vilnius and Lithuania,"National Museum, Palace of the Grand Dukes of Lithuania",https://www.valdovurumai.lt/en/open-expositions/i/8451/the-precepts-of-grand-duke-of-lithuania-gediminas-to-vilnius-and-lithuania/,museum,,
LTU:vytautas-britannica,LTU,vytautas-britannica,Vytautas the Great,Encyclopaedia Britannica,https://www.britannica.com/biography/Vytautas-the-Great,encyclopedia,,
LTU:lublin-britannica,LTU,lublin-britannica,Union of Lublin,Encyclopaedia Britannica,https://www.britannica.com/event/Union-of-Lublin,encyclopedia,,
LTU:grunwald-britannica,LTU,grunwald-britannica,Battle of Grunwald (1410),Encyclopaedia Britannica,https://www.britannica.com/event/Battle-of-Grunwald-1410,encyclopedia,,
LTU:lithuania-history-britannica,LTU,lithuania-history-britannica,History of Lithuania,Encyclopaedia Britannica,https://www.britannica.com/topic/history-of-Lithuania,encyclopedia,,
LTU:partitions-britannica,LTU,partitions-britannica,Partitions of Poland,Encyclopaedia Britannica,https://www.britannica.com/event/Partitions-of-Poland,encyclopedia,,
LTU:vilnius-dispute-britannica,LTU,vilnius-dispute-britannica,Vilnius dispute,Encyclopaedia Britannica,https://www.britannica.com/event/Vilnius-dispute,encyclopedia,,
LTU:memel-dispute-britannica,LTU,memel-dispute-britannica,Memel dispute,Encyclopaedia Britannica,https://www.britannica.com/event/Memel-dispute,encyclopedia,,
LTU:act1918-seimas,LTU,act1918-seimas,Seimas in the Republic of Lithuania of 1920–1940 (Act of Independence of 16 February 1918),Seimas of the Republic of Lithuania (lrs.lt),https://www.lrs.lt/sip/portal.show?p_r=35516&p_k=2&p_a=1745&p_kade_id=10,gov,,
LTU:ushmm-pact,LTU,ushmm-pact,German-Soviet Pact,United States Holocaust Memorial Museum,https://encyclopedia.ushmm.org/content/en/article/german-soviet-pact,museum,,
LTU:genocid-centre,LTU,genocid-centre,Genocide and Resistance Research Centre of Lithuania,Genocide and Resistance Research Centre of Lithuania (genocid.lt),https://www.genocid.lt/centras/en/,gov,,
LTU:restoration-seimas,LTU,restoration-seimas,March the 11th: path to the restoration of the independent State of Lithuania,Seimas of the Republic of Lithuania (lrs.lt),https://www.lrs.lt/sip/portal.show?p_r=35719&p_k=2&p_t=275292&p_a=1000&p_kade_id=10,gov,,
LTU:january1991-lrt,LTU,january1991-lrt,"January 13, 1991: the night when Soviets stormed LRT",LRT (Lithuanian National Radio and Television),https://www.lrt.lt/en/news-in-english/19/1132182/occupied-but-not-silenced-january-13-1991-the-night-when-soviets-stormed-lrt,reference,,
LTU:nato-lithuania,LTU,nato-lithuania,Chronology of Events: Lithuania and NATO,Permanent Delegation of the Republic of Lithuania to NATO (nato.mfa.lt),https://nato.mfa.lt/en/lithuania-nato/chronology-of-events/55,gov,,
LTU:eu-lithuania,LTU,eu-lithuania,Lithuania (EU member country profile),European Union (european-union.europa.eu),https://european-union.europa.eu/principles-countries-history/eu-countries/lithuania_en,gov,,
LTU:wikipedia-grand-duchy-lithuania,LTU,wikipedia-grand-duchy-lithuania,Grand Duchy of Lithuania,Wikipedia,https://en.wikipedia.org/wiki/Grand_Duchy_of_Lithuania,reference,,
LTU:wikipedia-baltic-occupation,LTU,wikipedia-baltic-occupation,Occupation of the Baltic states,Wikipedia,https://en.wikipedia.org/wiki/Occupation_of_the_Baltic_states,reference,,
LTU:statedept-lithuania,LTU,statedept-lithuania,A Guide to the United States' History of Recognition: Lithuania,"U.S. Department of State, Office of the Historian",https://history.state.gov/countries/lithuania,gov,,
LUX:vdl-history,LUX,vdl-history,History of the City of Luxembourg,Ville de Luxembourg (City of Luxembourg),https://www.vdl.lu/en/city/a-glance/history,gov,,
LUX:luxcity-history,LUX,luxcity-history,History of the city of Luxembourg,Luxembourg City Tourist Office,https://www.luxembourg-city.com/en/about-luxembourg-city/presentation/history,reference,,
LUX:monarchie-nassau,LUX,monarchie-nassau,The history of the Nassau dynasty,Cour grand-ducale (Grand Ducal Court of Luxembourg),https://monarchie.lu/en/luxembourg-monarchy/history-nassau-dynasty,gov,,
LUX:pyrenees-ebsco,LUX,pyrenees-ebsco,Treaty of the Pyrenees (1659),EBSCO Research Starters,https://www.ebsco.com/research-starters/history/treaty-pyrenees,academic,,
LUX:ww1-occupation,LUX,ww1-occupation,Occupation of Luxembourg (1914-1918),1914-1918-online International Encyclopedia of the First World War,https://encyclopedia.1914-1918-online.net/article/occupation-of-luxembourg/,academic,,
LUX:ww1-handbook,LUX,ww1-handbook,Luxembourg (1914-1918),1914-1918-online International Encyclopedia of the First World War,https://encyclopedia.1914-1918-online.net/article/luxembourg/,academic,,
LUX:ww2-fasos,LUX,ww2-fasos,Occupation and Annexation during the Second World War: the Case of Luxembourg,"Occupation Studies, Maastricht University (FASoS)",https://fasos-research.nl/occupationstudies/occupation-and-annexation-during-the-second-world-war/,academic,,
LUX:nvdatabase-strike,LUX,nvdatabase-strike,"Luxembourgers general strike against Nazi occupation, 1942","Global Nonviolent Action Database, Swarthmore College",https://nvdatabase.swarthmore.edu/content/luxembourgers-general-strike-against-nazi-occupation-1942,academic,,
LUX:ww2museum-bulge,LUX,ww2museum-bulge,The Battle of the Bulge,The National WWII Museum,https://www.nationalww2museum.org/war/articles/battle-bulge,museum,,
LUX:nato-founding,LUX,nato-founding,"A short history of NATO (founding members, 1949)",North Atlantic Treaty Organization (NATO),https://www.nato.int/cps/en/natohq/topics_52044.htm,gov,,
LUX:benelux-gouv,LUX,benelux-gouv,The Benelux,The Luxembourg Government (gouvernement.lu),https://gouvernement.lu/en/dossiers/2018/benelux.html,gov,,
LUX:benelux-int,LUX,benelux-int,Benelux Union: About us,Benelux Union,https://www.benelux.int/en/information-for-citizens/benelux-union/about-us/,gov,,
LUX:cvce-benelux,LUX,cvce-benelux,Benelux: the first organisations and cooperative ventures in post-war Europe,"CVCE (Centre Virtuel de la Connaissance sur l'Europe), University of Luxembourg",https://www.cvce.eu/en/education/unit-content/-/unit/026961fe-0d57-4314-a40a-a4ac066a1801/c28bd41d-7e26-48bf-b9a6-1cce7cc5eb70,academic,,
LUX:cvce-schengen,LUX,cvce-schengen,The Schengen Area,"CVCE (Centre Virtuel de la Connaissance sur l'Europe), University of Luxembourg",https://www.cvce.eu/en/recherche/unit-content/-/unit/02bb76df-d066-4c08-a58a-d4686a3e68ff/50c23742-6a21-483e-aebd-3aaf21b44bf9,academic,,
LUX:eu-luxembourg,LUX,eu-luxembourg,Luxembourg (EU country profile),European Union (european-union.europa.eu),https://european-union.europa.eu/principles-countries-history/eu-countries/luxembourg_en,gov,,
LUX:eu-schuman,LUX,eu-schuman,"The Schuman Declaration, 9 May 1950",European Union (european-union.europa.eu),https://european-union.europa.eu/principles-countries-history/history-eu/1945-59/schuman-declaration-may-1950_en,gov,,
LUX:eu-1945-59,LUX,eu-1945-59,"The history of the European Union, 1945-59",European Union (european-union.europa.eu),https://european-union.europa.eu/principles-countries-history/history-eu/1945-59_en,gov,,
LUX:curia-court,LUX,curia-court,The Court of Justice of the European Union in Luxembourg,Court of Justice of the European Union (Curia),https://curia.europa.eu/jcms/jcms/Jo2_25540/en/,gov,,
LUX:wikipedia-history-luxembourg,LUX,wikipedia-history-luxembourg,History of Luxembourg,Wikipedia,https://en.wikipedia.org/wiki/History_of_Luxembourg,reference,,
LVA:latvia-history-britannica,LVA,latvia-history-britannica,Latvia: History,Encyclopaedia Britannica,https://www.britannica.com/place/Latvia/History,encyclopedia,,
LVA:ulmanis-britannica,LVA,ulmanis-britannica,Kārlis Ulmanis,Encyclopaedia Britannica,https://www.britannica.com/biography/Karlis-Ulmanis,encyclopedia,,
LVA:riga-unesco,LVA,riga-unesco,Historic Centre of Riga,UNESCO World Heritage Centre,https://whc.unesco.org/en/list/852/,gov,,
LVA:history-of-riga-rop,LVA,history-of-riga-rop,History of the Port of Riga,Freeport of Riga Authority (rop.lv),https://rop.lv/en/history,gov,,
LVA:mfa-history-latvia,LVA,mfa-history-latvia,History of Latvia,Ministry of Foreign Affairs of the Republic of Latvia,https://www2.mfa.gov.lv/en/belgium/history-of-latvia,gov,,
LVA:mfa-treaty1920,LVA,mfa-treaty1920,The centenary of signing the Latvia-Russia Peace Treaty to be marked in Riga,Ministry of Foreign Affairs of the Republic of Latvia,https://www.mfa.gov.lv/en/article/centenary-signing-latvia-russia-peace-treaty-be-marked-riga,gov,,
LVA:courland-tandf,LVA,courland-tandf,"The struggle for neutrality: an examination of the Duchy of Courland in the Baltic and Atlantic, 1642-1698",Journal of Early Modern History (Taylor & Francis),https://www.tandfonline.com/doi/full/10.1080/14788810.2021.1908083,academic,,
LVA:occupation-museum,LVA,occupation-museum,About the Museum,Museum of the Occupation of Latvia,https://okupacijasmuzejs.lv/en/about-the-museum,museum,,
LVA:mrp-russias-periphery,LVA,mrp-russias-periphery,Molotov-Ribbentrop Pact,"Russia's Periphery, William & Mary",https://russiasperiphery.pages.wm.edu/baltic-states/general/molotov-ribbentrop-pact/,reference,,
LVA:welles-state-continuity,LVA,welles-state-continuity,U.S. non-recognition of Latvia’s occupation,Ministry of Foreign Affairs of Latvia,https://www.mfa.gov.lv/en/bilateral-relations-between-republic-latvia-and-united-states-america,gov,,
LVA:rumbula-ushmm,LVA,rumbula-ushmm,Riga,United States Holocaust Memorial Museum,https://encyclopedia.ushmm.org/content/en/article/riga,museum,,
LVA:baltic-way-baltdefcol,LVA,baltic-way-baltdefcol,Restoration of Independence in the Baltics,Baltic Defence College,https://baltdefcol.org/news/restoration-of-independence-in-the-baltics,academic,,
LVA:latvia-may4-latvia-eu,LVA,latvia-may4-latvia-eu,May 4th: Latvia's Path to Independence,Latvia.eu (Latvian Institute),https://www.latvia.eu/our-dna/identity-history/may-4th-the-way-to-independence/,gov,,
LVA:nato-latvia-mod,LVA,nato-latvia-mod,Latvia and NATO,Ministry of Defence of the Republic of Latvia,https://www.mod.gov.lv/en/nato/latvia-and-nato,gov,,
LVA:abrene-baltictimes,LVA,abrene-baltictimes,"So long, Abrene",The Baltic Times,https://www.baltictimes.com/news/articles/19404/,reference,,
LVA:satv-court-2007,LVA,satv-court-2007,Judgment on the Latvia-Russia border treaty (case 2007-10-0102),Constitutional Court of the Republic of Latvia,https://www.satv.tiesa.gov.lv/wp-content/uploads/2007/04/2007-10-0102_Spriedums_ENG.pdf,gov,,
LVA:wikipedia-latvian-declaration,LVA,wikipedia-latvian-declaration,Latvian Declaration of Independence,Wikipedia,https://en.wikipedia.org/wiki/Latvian_Declaration_of_Independence,reference,,
LVA:wikipedia-baltic-occupation,LVA,wikipedia-baltic-occupation,Occupation of the Baltic states,Wikipedia,https://en.wikipedia.org/wiki/Occupation_of_the_Baltic_states,reference,,
MAR:unesco-volubilis,MAR,unesco-volubilis,Archaeological Site of Volubilis,UNESCO World Heritage Centre,https://whc.unesco.org/en/list/836/,gov,,
MAR:worldhistory-roman-morocco,MAR,worldhistory-roman-morocco,Exploring Roman Morocco,World History Encyclopedia,https://www.worldhistory.org/article/2129/exploring-roman-morocco/,encyclopedia,,
MAR:britannica-idrisid,MAR,britannica-idrisid,Idrisid dynasty,Encyclopaedia Britannica,https://www.britannica.com/topic/Idrisid-dynasty,encyclopedia,,
MAR:newworld-idrisid,MAR,newworld-idrisid,Idrisid dynasty,New World Encyclopedia,https://www.newworldencyclopedia.org/entry/Idrisid_dynasty,encyclopedia,,
MAR:britannica-north-africa-almoravids,MAR,britannica-north-africa-almoravids,North Africa: The Maghrib under the Almoravids and the Almohads,Encyclopaedia Britannica,https://www.britannica.com/place/North-Africa/The-Maghrib-under-the-Almoravids-and-the-Almohads,encyclopedia,,
MAR:met-almoravid-almohad,MAR,met-almoravid-almohad,The Art of the Almoravid and Almohad Periods (ca. 1062–1269),The Metropolitan Museum of Art,https://www.metmuseum.org/essays/the-art-of-the-almoravid-and-almohad-periods-ca-1062-1269,museum,,
MAR:britannica-marinid,MAR,britannica-marinid,Marinid dynasty,Encyclopaedia Britannica,https://www.britannica.com/topic/Marinid-dynasty,encyclopedia,,
MAR:britannica-three-kings,MAR,britannica-three-kings,Battle of the Three Kings,Encyclopaedia Britannica,https://www.britannica.com/event/Battle-of-the-Three-Kings,encyclopedia,,
MAR:ebsco-ksar-el-kebir,MAR,ebsco-ksar-el-kebir,Battle of Ksar el-Kebir,EBSCO Research Starters,https://www.ebsco.com/research-starters/military-history-and-science/battle-ksar-el-kebir,reference,,
MAR:embassy-alaouite,MAR,embassy-alaouite,Alaouite Dynasty (1660–present),Embassy of the Kingdom of Morocco in the United States,https://us.diplomatie.ma/en/node/1909,gov,,
MAR:history-cooperative-alaouite,MAR,history-cooperative-alaouite,Moroccan Royal Family Tree: The Alaouite Dynasty,History Cooperative,https://historycooperative.org/moroccan-royal-family-tree/,reference,,
MAR:state-morocco,MAR,state-morocco,A Guide to the United States' History of Recognition: Morocco,"U.S. Department of State, Office of the Historian",https://history.state.gov/countries/morocco,gov,,
MAR:britannica-treaty-fes,MAR,britannica-treaty-fes,Treaty of Fès (1912),Encyclopaedia Britannica,https://www.britannica.com/topic/Treaty-of-Fes,encyclopedia,,
MAR:britannica-rif-war,MAR,britannica-rif-war,Rif War,Encyclopaedia Britannica,https://www.britannica.com/event/Rif-War,encyclopedia,,
MAR:adst-morocco-independence,MAR,adst-morocco-independence,French Colony to Sovereign State: Moroccan Independence,Association for Diplomatic Studies & Training,https://adst.org/2015/10/french-colony-to-sovereign-statemoroccan-independence/,reference,,
MAR:nvdatabase-green-march,MAR,nvdatabase-green-march,"Moroccans march into Western Sahara in the Green March, 1975",Global Nonviolent Action Database (Swarthmore College),https://nvdatabase.swarthmore.edu/content/moroccans-march-western-sahara-green-march-1975,academic,,
MAR:ebsco-green-march,MAR,ebsco-green-march,Dispute over the Western Sahara Erupts in the Green March,EBSCO Research Starters,https://www.ebsco.com/research-starters/history/dispute-over-western-sahara-erupts-green-march,reference,,
MAR:britannica-mohammed-vi,MAR,britannica-mohammed-vi,Muhammad VI,Encyclopaedia Britannica,https://www.britannica.com/biography/Muhammad-VI,encyclopedia,,
MAR:constitutionnet-morocco-2011,MAR,constitutionnet-morocco-2011,Constitutional Reform in Morocco: Reform in times of revolution,International IDEA / ConstitutionNet,https://constitutionnet.org/vl/item/constitutional-reform-morocco-reform-times-revolution-abdellah-tourabi-2011,reference,,
MAR:wikipedia-spanish-protectorate,MAR,wikipedia-spanish-protectorate,Spanish protectorate in Morocco,Wikipedia,https://en.wikipedia.org/wiki/Spanish_protectorate_in_Morocco,reference,,
MCO:britannica-monaco,MCO,britannica-monaco,Monaco,Encyclopaedia Britannica,https://www.britannica.com/place/Monaco,encyclopedia,,
MCO:britannica-grimaldi,MCO,britannica-grimaldi,Grimaldi family,Encyclopaedia Britannica,https://www.britannica.com/topic/Grimaldi-family,encyclopedia,,
MCO:britannica-rainier,MCO,britannica-rainier,"Rainier III, prince de Monaco",Encyclopaedia Britannica,https://www.britannica.com/biography/Rainier-III-prince-de-Monaco,encyclopedia,,
MCO:britannica-albert2,MCO,britannica-albert2,"Albert II, prince of Monaco",Encyclopaedia Britannica,https://www.britannica.com/biography/Albert-II-prince-de-Monaco,encyclopedia,,
MCO:gouv-ancient-port,MCO,gouv-ancient-port,A port during Greek then Roman antiquity,Government of Monaco (gouv.mc),https://en.gouv.mc/Government-Institutions/History-and-Heritage/Periods/An-ancient-history-Prehistory-and-Antiquity/A-port-during-Greek-then-Roman-antiquity,gov,,
MCO:gouv-palace,MCO,gouv-palace,Monaco - Prince's Palace,Government of Monaco (gouv.mc),https://www.gouv.mc/en/government-institutions/history-and-heritage/places/monaco-prince-s-palace,gov,,
MCO:gouv-grimaldi-1297,MCO,gouv-grimaldi-1297,Occupation of the Rocher by François Grimaldi,Government of Monaco (gouv.mc),https://en.gouv.mc/Government-Institutions/History-and-Heritage/Periods/The-beginnings-of-independence-Middle-Ages/Occupation-of-the-Rocher-by-Francois-Grimaldi,gov,,
MCO:gouv-french-protection,MCO,gouv-french-protection,"French protection (Treaty of Péronne, 1641)",Government of Monaco (gouv.mc),https://en.gouv.mc/Government-Institutions/History-and-Heritage/Periods/From-the-Renaissance-to-the-Age-of-Enlightenment/French-protection,gov,,
MCO:gouv-secession,MCO,gouv-secession,Secession of Menton and Roquebrune (Treaty of 1861),Government of Monaco (gouv.mc),https://en.gouv.mc/Government-Institutions/History-and-Heritage/Periods/Times-of-trouble-1793-1861/Secession-of-Menton-and-Roquebrune,gov,,
MCO:sbm-history,MCO,sbm-history,History of the company (Société des Bains de Mer),Monte-Carlo Société des Bains de Mer,https://www.montecarlosbm-corporate.com/the-company/history/,reference,,
MCO:monaco-coe-accession,MCO,monaco-coe-accession,The history of Monaco's accession,Permanent Representation of Monaco to the Council of Europe (gouv.mc),https://monaco-coe.gouv.mc/en/monaco-and-the-council-of-europe/20-years-of-membership/the-history-of-monaco-s-accession,gov,,
MCO:un-members,MCO,un-members,United Nations Member States (Monaco admitted 28 May 1993),United Nations,https://www.un.org/en/about-us/member-states,gov,,
MCO:britannica-summary,MCO,britannica-summary,Monaco summary,Encyclopaedia Britannica,https://www.britannica.com/summary/Monaco,encyclopedia,,
MCO:britannica-albert1,MCO,britannica-albert1,"Albert, prince of Monaco",Encyclopaedia Britannica,https://www.britannica.com/biography/Albert-prince-of-Monaco,encyclopedia,,
MCO:globalsecurity-1215-1662,MCO,globalsecurity-1215-1662,Monaco: 1215 to 1662,GlobalSecurity.org,https://www.globalsecurity.org/military/world/europe/mc-history-2.htm,reference,,
MCO:globalsecurity-1815-present,MCO,globalsecurity-1815-present,Monaco: 1815 to Present,GlobalSecurity.org,https://www.globalsecurity.org/military/world/europe/mc-history-4.htm,reference,,
MCO:globalsecurity-early,MCO,globalsecurity-early,Monaco: Early History,GlobalSecurity.org,https://www.globalsecurity.org/military/world/europe/mc-history-1.htm,reference,,
MCO:wikipedia-history-monaco,MCO,wikipedia-history-monaco,History of Monaco,Wikipedia,https://en.wikipedia.org/wiki/History_of_Monaco,reference,,
MDA:moldova-history-britannica,MDA,moldova-history-britannica,Moldova: History,Encyclopaedia Britannica,https://www.britannica.com/place/Moldova/History,encyclopedia,,
MDA:moldavia-britannica,MDA,moldavia-britannica,Moldavia (historical principality),Encyclopaedia Britannica,https://www.britannica.com/place/Moldavia,encyclopedia,,
MDA:stephen-britannica,MDA,stephen-britannica,"Stephen (Stephen the Great), prince of Moldavia",Encyclopaedia Britannica,https://www.britannica.com/biography/Stephen-prince-of-Moldavia,encyclopedia,,
MDA:bucharest-britannica,MDA,bucharest-britannica,Treaty of Bucharest (1812),Encyclopaedia Britannica,https://www.britannica.com/event/Treaty-of-Bucharest-1812,encyclopedia,,
MDA:bessarabia-britannica,MDA,bessarabia-britannica,Bessarabia,Encyclopaedia Britannica,https://www.britannica.com/place/Bessarabia,encyclopedia,,
MDA:union-1918-reference,MDA,union-1918-reference,Union of 27 March 1918: the National Archive Agency provides access to the Sfatul Tarii collection,Moldpres (Moldova State News Agency),https://www.moldpres.md/eng/society/union-of-march-27-1918-the-national-archive-agency-provides-access-to-the-sfatul-tarii-collection,gov,,
MDA:soviet-occupation-reference,MDA,soviet-occupation-reference,Bessarabia's Annexation: Impact and Legacy of the USSR Ultimatum,Radio Moldova (public broadcaster),https://radiomoldova.md/p/36482,reference,,
MDA:famine-reference,MDA,famine-reference,"A Moldavian Holodomor? The Great Famine in Soviet Moldova, 1946-1947","Stanford University, Center for Russian, East European and Eurasian Studies",https://creees.stanford.edu/events/moldavian-holodomor-great-famine-soviet-moldova-1946-1947,academic,,
MDA:deportations-reference,MDA,deportations-reference,Moldova Commemorates Victims of Soviet Deportations,Balkan Insight (BIRN),https://balkaninsight.com/2023/07/06/moldova-commemorates-victims-of-soviet-deportations/,reference,,
MDA:independence-reference,MDA,independence-reference,"Mircea Snegur, Who Led Moldova's Independence Drive and Became President, Dies at 83",Radio Free Europe / Radio Liberty,https://www.rferl.org/a/mircea-snegur-moldova-independence-president-death/32592653.html,reference,,
MDA:transnistria-jamestown,MDA,transnistria-jamestown,Twenty Years of Russian 'Peacekeeping' in Moldova,The Jamestown Foundation,https://jamestown.org/twenty-years-of-russian-peacekeeping-in-moldova/,reference,,
MDA:osce-conflict,MDA,osce-conflict,Conflict prevention and resolution (5+2 format),OSCE Mission to Moldova,https://moldova.osce.org/mission-to-moldova/104529,gov,,
MDA:osce-about,MDA,osce-about,About the OSCE Mission to Moldova,OSCE Mission to Moldova,https://moldova.osce.org/mission-to-moldova/105893,gov,,
MDA:osce-gagauzia,MDA,osce-gagauzia,Rule of law (work on Gagauzia's autonomy),OSCE Mission to Moldova,https://moldova.osce.org/mission-to-moldova/104969,gov,,
MDA:un-resolution-72-282,MDA,un-resolution-72-282,Complete and unconditional withdrawal of foreign military forces from the territory of the Republic of Moldova (A/RES/72/282),United Nations General Assembly,https://digitallibrary.un.org/record/1632767?ln=en,primary,,
MDA:eu-candidate-ec,MDA,eu-candidate-ec,Moldova: Enlargement and Eastern Neighbourhood,European Commission,https://enlargement.ec.europa.eu/european-neighbourhood-policy/countries-region/moldova_en,gov,,
MDA:eu-candidate-ep,MDA,eu-candidate-ep,Statement on the decision of the European Council of 23 June 2022 on granting EU candidate status to Moldova,European Parliament,https://www.europarl.europa.eu/delegations/en/statement-on-the-decision-of-the-europea/product-details/20220623DPU33297,gov,,
MDA:language-loc,MDA,language-loc,Moldova: New Law Establishes Romanian as the State Language of the Country,"Library of Congress, Global Legal Monitor",https://www.loc.gov/item/global-legal-monitor/2023-04-23/moldova-new-law-establishes-romanian-as-the-state-language-of-the-country/,gov,,
MDA:statedept-moldova,MDA,statedept-moldova,A Guide to the United States' History of Recognition: Moldova,"U.S. Department of State, Office of the Historian",https://history.state.gov/countries/moldova,gov,,
MDG:eb-madagascar,MDG,eb-madagascar,Madagascar,Encyclopædia Britannica,https://www.britannica.com/place/Madagascar,encyclopedia,,
MDG:wiki-history,MDG,wiki-history,History of Madagascar,Wikipedia,https://en.wikipedia.org/wiki/History_of_Madagascar,reference,,
MDG:wiki-malagasy-people,MDG,wiki-malagasy-people,Malagasy peoples,Wikipedia,https://en.wikipedia.org/wiki/Malagasy_peoples,reference,,
MDG:wiki-antalaotra,MDG,wiki-antalaotra,Antalaotra,Wikipedia,https://en.wikipedia.org/wiki/Antalaotra,reference,,
MDG:unesco-silkroad,MDG,unesco-silkroad,Madagascar on the Maritime Silk Roads,UNESCO Silk Roads Programme,https://en.unesco.org/silkroad/content/did-you-know-madagascar-maritime-silk-roads,gov,,
MDG:lumen-kingdoms,MDG,lumen-kingdoms,The Kingdoms of Madagascar,Lumen Learning / SUNY World Civilization,https://courses.lumenlearning.com/suny-hccc-worldcivilization/chapter/the-kingdoms-of-madagascar/,academic,,
MDG:goldenage-saintemarie,MDG,goldenage-saintemarie,"Ile Sainte-Marie, Madagascar",Golden Age of Piracy,https://goldenageofpiracy.org/locations/madagascar/ile-sainte-marie,reference,,
MDG:wiki-andrianampoinimerina,MDG,wiki-andrianampoinimerina,Andrianampoinimerina,Wikipedia,https://en.wikipedia.org/wiki/Andrianampoinimerina,reference,,
MDG:wiki-radama,MDG,wiki-radama,Radama I,Wikipedia,https://en.wikipedia.org/wiki/Radama_I,reference,,
MDG:wiki-ranavalona1,MDG,wiki-ranavalona1,Ranavalona I,Wikipedia,https://en.wikipedia.org/wiki/Ranavalona_I,reference,,
MDG:unesco-ambohimanga,MDG,unesco-ambohimanga,Royal Hill of Ambohimanga (World Heritage List),UNESCO World Heritage Centre,https://whc.unesco.org/en/list/950/,gov,,
MDG:wiki-ranavalona3,MDG,wiki-ranavalona3,Ranavalona III,Wikipedia,https://en.wikipedia.org/wiki/Ranavalona_III,reference,,
MDG:wiki-uprising,MDG,wiki-uprising,Malagasy Uprising,Wikipedia,https://en.wikipedia.org/wiki/Malagasy_Uprising,reference,,
MDG:globalvoices-uprising,MDG,globalvoices-uprising,"In Madagascar, People Remember One of the Deadliest French Colonial Wars in History",Global Voices,https://globalvoices.org/2017/04/09/in-madagascar-people-remember-one-of-the-deadliest-french-colonial-wars-in-history/,reference,,
MDG:aaregistry-independence,MDG,aaregistry-independence,Madagascar Gains Independence From France,African American Registry,https://aaregistry.org/story/madagascar-gains-independence-from-france/,reference,,
MDG:conversation-ratsiraka,MDG,conversation-ratsiraka,Didier Ratsiraka: the legacy of Madagascar's 'Red Admiral',The Conversation,https://theconversation.com/didier-ratsiraka-the-legacy-of-madagascars-red-admiral-143017,reference,,
MDG:eb-ravalomanana,MDG,eb-ravalomanana,Marc Ravalomanana,Encyclopædia Britannica,https://www.britannica.com/biography/Marc-Ravalomanana,encyclopedia,,
MDG:reliefweb-timeline,MDG,reliefweb-timeline,Madagascar Timeline: Madagascar's turbulent political history,ReliefWeb / IRIN,https://reliefweb.int/report/madagascar/madagascar-timeline-madagascars-turbulent-political-history,reference,,
MDG:wikipedia-merina,MDG,wikipedia-merina,Merina Kingdom,Wikipedia,https://en.wikipedia.org/wiki/Merina_Kingdom,reference,,
MDG:statedept-madagascar,MDG,statedept-madagascar,A Guide to the United States' History of Recognition: Madagascar,"U.S. Department of State, Office of the Historian",https://history.state.gov/countries/madagascar,gov,,
MDG:bbc-madagascar,MDG,bbc-madagascar,Madagascar country profile,BBC News,https://www.bbc.com/news/world-africa-13861843,reference,,
MDG:unesco-atsinanana,MDG,unesco-atsinanana,Rainforests of the Atsinanana (World Heritage List),UNESCO World Heritage Centre,https://whc.unesco.org/en/list/1257/,gov,,
MDG:un-madagascar-drought,MDG,un-madagascar-drought,"Madagascar's hungry 'holding on for dear life', WFP chief warns",UN News,https://news.un.org/en/story/2021/06/1094632,gov,,
MEX:britannica-olmec,MEX,britannica-olmec,Olmec,Encyclopaedia Britannica,https://www.britannica.com/topic/Olmec,encyclopedia,,
MEX:unesco-teotihuacan,MEX,unesco-teotihuacan,Pre-Hispanic City of Teotihuacan,UNESCO World Heritage Centre,https://whc.unesco.org/en/list/414/,gov,,
MEX:britannica-pyramid-sun,MEX,britannica-pyramid-sun,Pyramid of the Sun,Encyclopaedia Britannica,https://www.britannica.com/place/Pyramid-of-the-Sun,encyclopedia,,
MEX:britannica-maya,MEX,britannica-maya,Maya,Encyclopaedia Britannica,https://www.britannica.com/topic/Maya-people,encyclopedia,,
MEX:natgeo-aztec,MEX,natgeo-aztec,Aztec Civilization,National Geographic Education,https://education.nationalgeographic.org/resource/aztec-civilization/,reference,,
MEX:britannica-aztec-people,MEX,britannica-aztec-people,Aztec,Encyclopaedia Britannica,https://www.britannica.com/topic/Aztec,encyclopedia,,
MEX:britannica-cortes,MEX,britannica-cortes,Hernan Cortes,Encyclopaedia Britannica,https://www.britannica.com/biography/Hernan-Cortes,encyclopedia,,
MEX:britannica-battle-tenochtitlan,MEX,britannica-battle-tenochtitlan,Battle of Tenochtitlan,Encyclopaedia Britannica,https://www.britannica.com/event/Battle-of-Tenochtitlan,encyclopedia,,
MEX:britannica-grito,MEX,britannica-grito,Grito de Dolores,Encyclopaedia Britannica,https://www.britannica.com/event/Grito-de-Dolores,encyclopedia,,
MEX:lumen-independence,MEX,lumen-independence,Winning Independence,"Lumen Learning, SUNY World History",https://courses.lumenlearning.com/suny-worldhistory/,academic,,
MEX:britannica-juarez,MEX,britannica-juarez,Benito Juarez,Encyclopaedia Britannica,https://www.britannica.com/biography/Benito-Juarez,encyclopedia,,
MEX:britannica-la-reforma,MEX,britannica-la-reforma,La Reforma,Encyclopaedia Britannica,https://www.britannica.com/event/La-Reforma,encyclopedia,,
MEX:britannica-mexican-revolution,MEX,britannica-mexican-revolution,Mexican Revolution,Encyclopaedia Britannica,https://www.britannica.com/event/Mexican-Revolution,encyclopedia,,
MEX:britannica-vicente-fox,MEX,britannica-vicente-fox,Vicente Fox,Encyclopaedia Britannica,https://www.britannica.com/biography/Vicente-Fox,encyclopedia,,
MEX:britannica-zapatista,MEX,britannica-zapatista,Zapatista National Liberation Army (EZLN),Encyclopaedia Britannica,https://www.britannica.com/topic/Zapatista-National-Liberation-Army,encyclopedia,,
MEX:wikipedia-mexican-independence,MEX,wikipedia-mexican-independence,Mexican War of Independence,Wikipedia,https://en.wikipedia.org/wiki/Mexican_War_of_Independence,reference,,
MEX:nwe-mexico,MEX,nwe-mexico,Mexico,New World Encyclopedia,https://www.newworldencyclopedia.org/entry/Mexico,encyclopedia,,
MKD:philip-britannica,MKD,philip-britannica,"Philip II, king of Macedonia",Encyclopaedia Britannica,https://www.britannica.com/biography/Philip-II-king-of-Macedonia,encyclopedia,,
MKD:alexander-britannica,MKD,alexander-britannica,Alexander the Great,Encyclopaedia Britannica,https://www.britannica.com/biography/Alexander-the-Great,encyclopedia,,
MKD:macedonia-region-britannica,MKD,macedonia-region-britannica,"Macedonia (region, Europe): Map, History & Facts",Encyclopaedia Britannica,https://www.britannica.com/place/Macedonia-region-Europe,encyclopedia,,
MKD:nmk-history-britannica,MKD,nmk-history-britannica,"North Macedonia: History (Ancient, Ottoman, Yugoslav)",Encyclopaedia Britannica,https://www.britannica.com/place/North-Macedonia/History,encyclopedia,,
MKD:samuel-britannica,MKD,samuel-britannica,"Samuel, tsar of western Bulgaria",Encyclopaedia Britannica,https://www.britannica.com/biography/Samuel-tsar-of-western-Bulgaria,encyclopedia,,
MKD:ohrid-unesco,MKD,ohrid-unesco,Natural and Cultural Heritage of the Ohrid region,UNESCO World Heritage Centre,https://whc.unesco.org/en/list/99/,gov,,
MKD:imro-britannica,MKD,imro-britannica,Internal Macedonian Revolutionary Organization (IMRO),Encyclopaedia Britannica,https://www.britannica.com/topic/Internal-Macedonian-Revolutionary-Organization,encyclopedia,,
MKD:ilinden-ebsco,MKD,ilinden-ebsco,Ilinden Uprising in Macedonia,EBSCO Research Starters,https://www.ebsco.com/research-starters/history/ilinden-uprising-macedonia,reference,,
MKD:nmk-independence-britannica,MKD,nmk-independence-britannica,North Macedonia: Independence,Encyclopaedia Britannica,https://www.britannica.com/place/North-Macedonia/Independence,encyclopedia,,
MKD:statedept-macedonia,MKD,statedept-macedonia,A Guide to the United States' History of Recognition: North Macedonia,"U.S. Department of State, Office of the Historian",https://history.state.gov/countries/macedonia,gov,,
MKD:icj-interim-accord,MKD,icj-interim-accord,"Application of the Interim Accord of 13 September 1995 (the former Yugoslav Republic of Macedonia v. Greece), Judgment of 5 December 2011",International Court of Justice,https://www.icj-cij.org/case/142,primary,,
MKD:prespa-text,MKD,prespa-text,"Prespa Agreement (Final Agreement for the Settlement of the Differences), 17 June 2018",Wikisource (treaty text),https://en.wikisource.org/wiki/Prespa_agreement,primary,,
MKD:ohrid-framework-pam,MKD,ohrid-framework-pam,"Ohrid Agreement (Framework Agreement, 13 August 2001)","Peace Accords Matrix, Kroc Institute, University of Notre Dame",https://peaceaccords.nd.edu/accord/ohrid-agreement,academic,,
MKD:nato-membership,MKD,nato-membership,"North Macedonia joins NATO as 30th Ally, 27 March 2020",North Atlantic Treaty Organization (NATO),https://www.nato.int/cps/ge/natohq/news_174589.htm,gov,,
MKD:eu-council-nmk,MKD,eu-council-nmk,Republic of North Macedonia (EU enlargement policy),Council of the European Union,https://www.consilium.europa.eu/en/policies/republic-north-macedonia/,gov,,
MKD:bulgaria-ecfr,MKD,bulgaria-ecfr,How to advance a European solution to Bulgaria's and North Macedonia's dispute,European Council on Foreign Relations (ECFR),https://ecfr.eu/article/how-to-advance-a-european-solution-to-bulgarias-and-north-macedonias-dispute/,reference,,
MKD:bulgaria-balkaninsight,MKD,bulgaria-balkaninsight,Bulgaria to Maintain Block on North Macedonia's Path to EU,Balkan Insight (BIRN),https://balkaninsight.com/2022/04/13/bulgaria-to-maintain-block-on-north-macedonias-path-to-eu-minister/,reference,,
MLI:met-transsaharan,MLI,met-transsaharan,The Trans-Saharan Gold Trade (7th–14th Century),The Metropolitan Museum of Art,https://www.metmuseum.org/essays/the-trans-saharan-gold-trade-7th-14th-century,museum,,
MLI:ebsco-ghana,MLI,ebsco-ghana,Rise and Fall of Ghana,EBSCO Research Starters,https://www.ebsco.com/research-starters/history/rise-and-fall-ghana,reference,,
MLI:lumen-ghana,MLI,lumen-ghana,The Ghana Empire — World Civilization,Lumen Learning,https://courses.lumenlearning.com/suny-hccc-worldcivilization/chapter/the-ghana-empire/,academic,,
MLI:britannica-sundiata,MLI,britannica-sundiata,"Sundiata Keita — Biography, Facts, & Empire",Encyclopædia Britannica,https://www.britannica.com/biography/Sundiata-Keita,encyclopedia,,
MLI:natgeo-mali,MLI,natgeo-mali,The Mali Empire,National Geographic Education,https://education.nationalgeographic.org/resource/mali-empire/,encyclopedia,,
MLI:wiki-mali-empire,MLI,wiki-mali-empire,History of the Mali Empire,Wikipedia,https://en.wikipedia.org/wiki/History_of_the_Mali_Empire,reference,,
MLI:ebsco-mansamusa,MLI,ebsco-mansamusa,Mansa Mūsā's Pilgrimage to Mecca,EBSCO Research Starters,https://www.ebsco.com/research-starters/history/mansa-musas-pilgrimage-mecca,reference,,
MLI:unesco-timbuktu,MLI,unesco-timbuktu,Timbuktu — World Heritage Centre,UNESCO,https://whc.unesco.org/en/list/119/,gov,,
MLI:saylor-songhai,MLI,saylor-songhai,The Songhai Empire (HIST103),Saylor Academy,https://learn.saylor.org/mod/page/view.php?id=70583,academic,,
MLI:wiki-sonni-ali,MLI,wiki-sonni-ali,Sonni Ali,Wikipedia,https://en.wikipedia.org/wiki/Sonni_Ali,reference,,
MLI:wiki-askia,MLI,wiki-askia,Askia Muhammad I,Wikipedia,https://en.wikipedia.org/wiki/Askia_Muhammad_I,reference,,
MLI:ebsco-songhai-fall,MLI,ebsco-songhai-fall,Fall of the Songhai Empire,EBSCO Research Starters,https://www.ebsco.com/research-starters/history/fall-songhai-empire,reference,,
MLI:wiki-moroccan-invasion,MLI,wiki-moroccan-invasion,Moroccan invasion of the Songhai Empire,Wikipedia,https://en.wikipedia.org/wiki/Moroccan_invasion_of_the_Songhai_Empire,reference,,
MLI:newworld-bamana,MLI,newworld-bamana,Bamana Empire,New World Encyclopedia,https://www.newworldencyclopedia.org/entry/Bamana_Empire,encyclopedia,,
MLI:wiki-segou,MLI,wiki-segou,Bamana (Ségou) Empire,Wikipedia,https://en.wikipedia.org/wiki/Bamana_Empire,reference,,
MLI:britannica-umartal,MLI,britannica-umartal,ʿUmar Tal — West African Tukulor Leader & Jihadist,Encyclopædia Britannica,https://www.britannica.com/biography/Umar-Tal,encyclopedia,,
MLI:blackpast-samori,MLI,blackpast-samori,Samori Touré (1830–1900),BlackPast.org,https://blackpast.org/global-african-history/toure-samori-1830-1900/,reference,,
MLI:britannica-samory,MLI,britannica-samory,"Samory — Mandingo Empire, Jihad, Abolitionist",Encyclopædia Britannica,https://www.britannica.com/biography/Samory,encyclopedia,,
MLI:wiki-samori,MLI,wiki-samori,Samori Ture,Wikipedia,https://en.wikipedia.org/wiki/Samori_Ture,reference,,
MLI:britannica-modibo,MLI,britannica-modibo,Modibo Keita — 1st President of Mali,Encyclopædia Britannica,https://www.britannica.com/biography/Modibo-Keita,encyclopedia,,
MLI:blackpast-modibo,MLI,blackpast-modibo,Modibo Keita (1915–1977),BlackPast.org,https://blackpast.org/global-african-history/people-global-african-history/modibo-keita-1915-1977/,reference,,
MLI:wiki-mali-federation,MLI,wiki-mali-federation,Mali Federation,Wikipedia,https://en.wikipedia.org/wiki/Mali_Federation,reference,,
MLI:wiki-moussa-traore,MLI,wiki-moussa-traore,Moussa Traoré,Wikipedia,https://en.wikipedia.org/wiki/Moussa_Traor%C3%A9,reference,,
MLI:aljazeera-timeline,MLI,aljazeera-timeline,Timeline: How Mali went from democracy beacon to instability,Al Jazeera,https://www.aljazeera.com/news/2026/4/27/timeline-how-mali-went-from-democracy-beacon-to-instability,reference,,
MLI:wiki-1991-coup,MLI,wiki-1991-coup,1991 Malian coup d'état,Wikipedia,https://en.wikipedia.org/wiki/1991_Malian_coup_d%27%C3%A9tat,reference,,
MLI:nvc-mali-1991,MLI,nvc-mali-1991,Mali's March Revolution (1991),International Center on Nonviolent Conflict,https://www.nonviolent-conflict.org/malis-march-revolution-1991/,reference,,
MLI:ctc-serval,MLI,ctc-serval,A Review of the French-led Military Campaign in Northern Mali,Combating Terrorism Center at West Point,https://ctc.westpoint.edu/a-review-of-the-french-led-military-campaign-in-northern-mali/,academic,,
MLI:wiki-2020-coup,MLI,wiki-2020-coup,2020 Malian coup d'état,Wikipedia,https://en.wikipedia.org/wiki/2020_Malian_coup_d%27%C3%A9tat,reference,,
MLI:crisisgroup-mali,MLI,crisisgroup-mali,"Mali, a Coup within a Coup",International Crisis Group,https://www.crisisgroup.org/qna/africa/mali/mali-coup-within-coup,reference,,
MLI:wikipedia-mali-empire,MLI,wikipedia-mali-empire,Mali Empire,Wikipedia,https://en.wikipedia.org/wiki/Mali_Empire,reference,,
MLI:wikipedia-mali,MLI,wikipedia-mali,Mali,Wikipedia,https://en.wikipedia.org/wiki/Mali,reference,,
MLT:whe-temples,MLT,whe-temples,The Megalithic Temples of Malta,World History Encyclopedia,https://www.worldhistory.org/article/1678/the-megalithic-temples-of-malta/,encyclopedia,,
MLT:whe-sleeping-lady,MLT,whe-sleeping-lady,The Sleeping Lady,World History Encyclopedia,https://www.worldhistory.org/image/245/the-sleeping-lady/,museum,,
MLT:heritage-ggantija,MLT,heritage-ggantija,Ggantija Archaeological Park,Heritage Malta,https://heritagemalta.mt/explore/ggantija-archaeological-park/,museum,,
MLT:britannica-malta,MLT,britannica-malta,"Malta: History, Language, Map, People",Encyclopaedia Britannica,https://www.britannica.com/place/Malta,encyclopedia,,
MLT:britannica-history-malta,MLT,britannica-history-malta,History of Malta,Encyclopaedia Britannica,https://www.britannica.com/topic/history-of-Malta,encyclopedia,,
MLT:britannica-malta-modern,MLT,britannica-malta-modern,Malta: Modern history (British rule and independence),Encyclopaedia Britannica,https://www.britannica.com/place/Malta/Modern-history,encyclopedia,,
MLT:britannica-maltese-people,MLT,britannica-maltese-people,Maltese (people),Encyclopaedia Britannica,https://www.britannica.com/topic/Maltese-people,encyclopedia,,
MLT:britannica-roger-i,MLT,britannica-roger-i,"Roger I, Norman Count of Sicily",Encyclopaedia Britannica,https://www.britannica.com/biography/Roger-I,encyclopedia,,
MLT:ebsco-stpaul,MLT,ebsco-stpaul,Feast of St. Paul's Shipwreck (Malta),EBSCO Research Starters,https://www.ebsco.com/research-starters/history/feast-st-pauls-shipwreck-malta,reference,,
MLT:whe-hospitaller,MLT,whe-hospitaller,Knights Hospitaller,World History Encyclopedia,https://www.worldhistory.org/Knights_Hospitaller/,encyclopedia,,
MLT:orderofmalta-uk,MLT,orderofmalta-uk,History of the Order of Malta: 1048 to Present,Order of Malta (British Association),https://www.orderofmalta.org.uk/history/1048-to-present/,primary,,
MLT:newworld-siege,MLT,newworld-siege,Siege of Malta (1565),New World Encyclopedia,https://www.newworldencyclopedia.org/entry/Siege_of_Malta_(1565),encyclopedia,,
MLT:britannica-siege-malta,MLT,britannica-siege-malta,Siege of Malta (1565),Encyclopaedia Britannica,https://www.britannica.com/event/Siege-of-Malta,encyclopedia,,
MLT:britannica-valette,MLT,britannica-valette,Jean Parisot de la Valette,Encyclopaedia Britannica,https://www.britannica.com/biography/Jean-Parisot-de-la-Valette,encyclopedia,,
MLT:britannica-valletta,MLT,britannica-valletta,"Valletta, Malta's historic capital",Encyclopaedia Britannica,https://www.britannica.com/place/Valletta,encyclopedia,,
MLT:britannica-hospitallers,MLT,britannica-hospitallers,Hospitallers (Knights of Malta),Encyclopaedia Britannica,https://www.britannica.com/topic/Hospitallers,encyclopedia,,
MLT:britannica-treaty-paris,MLT,britannica-treaty-paris,Treaty of Paris (1814),Encyclopaedia Britannica,https://www.britannica.com/topic/Treaty-of-Paris-1814,encyclopedia,,
MLT:rafbf-georgecross,MLT,rafbf-georgecross,George Cross awarded to the island of Malta,Royal Air Force Benevolent Fund,https://www.rafbf.org/news-and-stories/raf-history/george-cross-awarded-island-malta,reference,,
MLT:eu-malta,MLT,eu-malta,Malta — EU country profile,European Union,https://european-union.europa.eu/principles-countries-history/eu-countries/malta_en,gov,,
MLT:statedept-malta,MLT,statedept-malta,A Guide to the United States' History of Recognition: Malta,"U.S. Department of State, Office of the Historian",https://history.state.gov/countries/malta,gov,,
MLT:wikipedia-malta,MLT,wikipedia-malta,Malta,Wikipedia,https://en.wikipedia.org/wiki/Malta,reference,,
MMR:history-of-myanmar,MMR,history-of-myanmar,History of Myanmar,Encyclopaedia Britannica,https://www.britannica.com/topic/history-of-Myanmar,encyclopedia,,
MMR:unesco-pyu,MMR,unesco-pyu,Pyu Ancient Cities,UNESCO World Heritage Centre,https://whc.unesco.org/en/list/1444/,gov,,
MMR:pagan-kingdom,MMR,pagan-kingdom,Pagan kingdom,Encyclopaedia Britannica,https://www.britannica.com/place/Pagan-kingdom,encyclopedia,,
MMR:anawrahta,MMR,anawrahta,Anawrahta,Encyclopaedia Britannica,https://www.britannica.com/biography/Anawrahta,encyclopedia,,
MMR:unesco-bagan,MMR,unesco-bagan,Bagan,UNESCO World Heritage Centre,https://whc.unesco.org/en/list/1588,gov,,
MMR:toungoo-dynasty,MMR,toungoo-dynasty,Toungoo dynasty,Encyclopaedia Britannica,https://www.britannica.com/topic/Toungoo-dynasty,encyclopedia,,
MMR:bayinnaung,MMR,bayinnaung,Bayinnaung,Encyclopaedia Britannica,https://www.britannica.com/biography/Bayinnaung,encyclopedia,,
MMR:konbaung-dynasty,MMR,konbaung-dynasty,Alaungpaya Dynasty (Konbaung),Encyclopaedia Britannica,https://www.britannica.com/topic/Alaungpaya-Dynasty,encyclopedia,,
MMR:anglo-burmese-wars,MMR,anglo-burmese-wars,Anglo-Burmese Wars,Encyclopaedia Britannica,https://www.britannica.com/event/Anglo-Burmese-Wars,encyclopedia,,
MMR:treaty-of-yandabo,MMR,treaty-of-yandabo,Treaty of Yandabo,Encyclopaedia Britannica,https://www.britannica.com/event/Treaty-of-Yandabo,encyclopedia,,
MMR:british-burma,MMR,british-burma,"History of Myanmar: The British in Burma, 1885-1948",Encyclopaedia Britannica,https://www.britannica.com/topic/history-of-Myanmar/The-British-in-Burma-1885-1948,encyclopedia,,
MMR:aung-san,MMR,aung-san,Aung San,Encyclopaedia Britannica,https://www.britannica.com/biography/Aung-San,encyclopedia,,
MMR:officehistorian-burma,MMR,officehistorian-burma,"A Guide to the United States' History of Recognition, Diplomatic, and Consular Relations: Burma","U.S. Department of State, Office of the Historian",https://history.state.gov/countries/burma,gov,,
MMR:ne-win,MMR,ne-win,U Ne Win,Encyclopaedia Britannica,https://www.britannica.com/biography/U-Ne-Win,encyclopedia,,
MMR:myanmar-since-1988,MMR,myanmar-since-1988,Myanmar since 1988,Encyclopaedia Britannica,https://www.britannica.com/place/Myanmar/Myanmar-since-1988,encyclopedia,,
MMR:aung-san-suu-kyi,MMR,aung-san-suu-kyi,Aung San Suu Kyi,Encyclopaedia Britannica,https://www.britannica.com/biography/Aung-San-Suu-Kyi,encyclopedia,,
MMR:thein-sein,MMR,thein-sein,Thein Sein,Encyclopaedia Britannica,https://www.britannica.com/biography/Thein-Sein,encyclopedia,,
MMR:ohchr-rohingya,MMR,ohchr-rohingya,"UN Fact-Finding Mission on Myanmar: account of violations in Rakhine, Kachin and Shan States",United Nations Office of the High Commissioner for Human Rights (OHCHR),https://www.ohchr.org/en/press-releases/2018/09/myanmar-un-fact-finding-mission-releases-its-full-account-massive-violations,gov,,
MMR:coup-2021,MMR,coup-2021,2021 Myanmar coup d'etat,Encyclopaedia Britannica,https://www.britannica.com/event/2021-Myanmar-coup-d-etat,encyclopedia,,
MMR:myanmar-civil-war,MMR,myanmar-civil-war,Myanmar Civil War,Encyclopaedia Britannica,https://www.britannica.com/event/Myanmar-Civil-War,encyclopedia,,
MMR:wikipedia-pagan-kingdom,MMR,wikipedia-pagan-kingdom,Pagan Kingdom,Wikipedia,https://en.wikipedia.org/wiki/Pagan_Kingdom,reference,,
MMR:wikipedia-third-anglo-burmese,MMR,wikipedia-third-anglo-burmese,Third Anglo-Burmese War,Wikipedia,https://en.wikipedia.org/wiki/Third_Anglo-Burmese_War,reference,,
MMR:nwe-pagan-kingdom,MMR,nwe-pagan-kingdom,Pagan Kingdom,New World Encyclopedia,https://www.newworldencyclopedia.org/entry/Pagan_Kingdom,encyclopedia,,
MNE:montenegro-history-britannica,MNE,montenegro-history-britannica,Montenegro: History,Encyclopaedia Britannica,https://www.britannica.com/place/Montenegro/History,encyclopedia,,
MNE:montenegro-independence-britannica,MNE,montenegro-independence-britannica,Montenegro: Independence,Encyclopaedia Britannica,https://www.britannica.com/place/Montenegro/Independence,encyclopedia,,
MNE:duklja-familysearch,MNE,duklja-familysearch,Montenegro History (Duklja and Zeta),FamilySearch,https://www.familysearch.org/en/wiki/Montenegro_History,reference,,
MNE:crnojevic-press-nbcg,MNE,crnojevic-press-nbcg,History of the Crnojevic printing house and the Oktoih,National Library of Montenegro (Djurdje Crnojevic),https://www.nb-cg.me/en/about-us/history,gov,,
MNE:vladika-britannica,MNE,vladika-britannica,Vladika: the Montenegrin prince-bishop,Encyclopaedia Britannica,https://www.britannica.com/topic/vladika,encyclopedia,,
MNE:danilo-metropolitan-britannica,MNE,danilo-metropolitan-britannica,"Danilo I, first prince-bishop of the Petrovic-Njegos dynasty",Encyclopaedia Britannica,https://www.britannica.com/biography/Danilo-I,encyclopedia,,
MNE:njegos-britannica,MNE,njegos-britannica,"Peter II (Petar II Petrovic-Njegos), prince-bishop of Montenegro",Encyclopaedia Britannica,https://www.britannica.com/biography/Peter-II-prince-bishop-of-Montenegro,encyclopedia,,
MNE:mountain-wreath-rastko,MNE,mountain-wreath-rastko,The Mountain Wreath (Gorski vijenac),Projekat Rastko,https://www.rastko.rs/knjizevnost/njegos/njegos-mountain_wreath.html,reference,,
MNE:berlin-treaty-frus,MNE,berlin-treaty-frus,"Treaty of Berlin (1878), Articles XXVI-XXXIII on Montenegro","U.S. Department of State, Office of the Historian (FRUS 1878)",https://history.state.gov/historicaldocuments/frus1878/d523,primary,,
MNE:berlin-congress-search,MNE,berlin-congress-search,"Congress of Berlin and recognition of Montenegro, 1878",Encyclopaedia Britannica (Students),https://kids.britannica.com/students/article/Congress-of-Berlin/273185,encyclopedia,,
MNE:nikola-i-britannica,MNE,nikola-i-britannica,"Nicholas I, king of Montenegro",Encyclopaedia Britannica,https://www.britannica.com/biography/Nicholas-I-king-of-Montenegro,encyclopedia,,
MNE:danilo-prince-britannica,MNE,danilo-prince-britannica,"Danilo II, prince-bishop and first secular prince of Montenegro",Encyclopaedia Britannica,https://www.britannica.com/biography/Danilo-II,encyclopedia,,
MNE:ww1-montenegro-online,MNE,ww1-montenegro-online,Montenegro (First World War),1914-1918-Online International Encyclopedia of the First World War,https://encyclopedia.1914-1918-online.net/article/montenegro/,academic,,
MNE:mojkovac-traditiones,MNE,mojkovac-traditiones,"Frantisek Sistek, 'The Contested Memory of the First World War in Montenegro' (Battle of Mojkovac, January 1916), Traditiones 47/1 (2018), 63-86","Traditiones (ZRC SAZU, Slovenian Academy of Sciences and Arts)",https://ojs.zrc-sazu.si/traditiones/article/view/7199,academic,,
MNE:coe-referendum-report,MNE,coe-referendum-report,Consequences of the referendum in Montenegro,Council of Europe Parliamentary Assembly,https://assembly.coe.int/nw/xml/XRef/X2H-Xref-ViewHTML.asp?FileID=11480&lang=EN,gov,,
MNE:odihr-referendum,MNE,odihr-referendum,"Republic of Montenegro Referendum, 21 May 2006: ODIHR assessment",OSCE Office for Democratic Institutions and Human Rights,https://odihr.osce.org/odihr/elections/57891,gov,,
MNE:princeton-self-determination-search,MNE,princeton-self-determination-search,"Montenegro: federation, State Union and referendum",Princeton Encyclopedia of Self-Determination,https://pesd.princeton.edu/node/726,academic,,
MNE:ec-enlargement-montenegro,MNE,ec-enlargement-montenegro,"Montenegro: EU accession (application 2008, candidate status December 2010, negotiations from 2012)","European Commission, Directorate-General for Enlargement and Eastern Neighbourhood",https://enlargement.ec.europa.eu/countries/montenegro_en,gov,,
MNE:cbcg-euroisation,MNE,cbcg-euroisation,Euroisation: Montenegro's adoption of the Deutsche Mark and then the euro (sole legal tender from March 2002),Central Bank of Montenegro (Centralna banka Crne Gore),https://www.cbcg.me/en/core-functions/monetary-policy/euroisation,gov,,
MNE:nato-accession,MNE,nato-accession,Montenegro joins NATO as 29th Ally (5 June 2017),NATO,https://www.nato.int/cps/en/natohq/news_144647.htm,gov,,
MNE:nato-accession-search,MNE,nato-accession-search,Montenegro becomes NATO's 29th member,European Western Balkans,https://europeanwesternbalkans.com/2017/06/05/montenegro-joins-nato-as-29th-member/,reference,,
MNE:kosovo-border-ewb,MNE,kosovo-border-ewb,"Kosovo-Montenegro demarcation agreement came into effect (signed 2015, ratified March 2018)",European Western Balkans,https://europeanwesternbalkans.com/2018/06/06/kosovo-montenegro-demarcation-agreement-came-effect/,reference,,
MNE:prevlaka-unmop,MNE,prevlaka-unmop,"UNMOP: United Nations Mission of Observers in Prevlaka - Background (Croatia-FR Yugoslavia/Montenegro dispute and demilitarization, 1996-2002)",United Nations Peacekeeping,https://peacekeeping.un.org/sites/default/files/past/unmop/background.html,gov,,
MNE:statedept-montenegro,MNE,statedept-montenegro,A Guide to the United States' History of Recognition: Montenegro,"U.S. Department of State, Office of the Historian",https://history.state.gov/countries/montenegro,gov,,
MNG:britannica-mongolia,MNG,britannica-mongolia,Mongolia,Encyclopaedia Britannica,https://www.britannica.com/place/Mongolia,encyclopedia,,
MNG:britannica-history-mongolia,MNG,britannica-history-mongolia,History of Mongolia,Encyclopaedia Britannica,https://www.britannica.com/topic/history-of-Mongolia,encyclopedia,,
MNG:britannica-xiongnu,MNG,britannica-xiongnu,Xiongnu,Encyclopaedia Britannica,https://www.britannica.com/topic/Xiongnu,encyclopedia,,
MNG:britannica-genghis-khan,MNG,britannica-genghis-khan,Genghis Khan,Encyclopaedia Britannica,https://www.britannica.com/biography/Genghis-Khan,encyclopedia,,
MNG:britannica-mongol-empire,MNG,britannica-mongol-empire,Mongol empire,Encyclopaedia Britannica,https://www.britannica.com/place/Mongol-empire,encyclopedia,,
MNG:britannica-yasa,MNG,britannica-yasa,Yasa (Mongol law),Encyclopaedia Britannica,https://www.britannica.com/topic/Yasa-Mongol-law,encyclopedia,,
MNG:britannica-kublai-khan,MNG,britannica-kublai-khan,Kublai Khan,Encyclopaedia Britannica,https://www.britannica.com/biography/Kublai-Khan,encyclopedia,,
MNG:britannica-karakorum,MNG,britannica-karakorum,Karakorum,Encyclopaedia Britannica,https://www.britannica.com/place/Karakorum,encyclopedia,,
MNG:britannica-zanabazar,MNG,britannica-zanabazar,Zanabazar,Encyclopaedia Britannica,https://www.britannica.com/biography/Zanabazar,encyclopedia,,
MNG:britannica-manchu-ascendancy,MNG,britannica-manchu-ascendancy,History of Mongolia: The ascendancy of the Manchu,Encyclopaedia Britannica,https://www.britannica.com/topic/history-of-Mongolia/The-ascendancy-of-the-Manchu,encyclopedia,,
MNG:britannica-independence-revolution,MNG,britannica-independence-revolution,Mongolia: Independence and revolution,Encyclopaedia Britannica,https://www.britannica.com/place/Mongolia/Independence-and-revolution,encyclopedia,,
MNG:britannica-suhbaatar,MNG,britannica-suhbaatar,Damdiny Sühbaatar,Encyclopaedia Britannica,https://www.britannica.com/biography/Damdiny-Suhbaatar,encyclopedia,,
MNG:britannica-bogd-gegeen-khan,MNG,britannica-bogd-gegeen-khan,Bogd Gegeen Khan,Encyclopaedia Britannica,https://www.britannica.com/biography/Bogd-Gegeen-Khan,encyclopedia,,
MNG:britannica-counterrevolution-japan,MNG,britannica-counterrevolution-japan,Mongolia: Counterrevolution and Japan,Encyclopaedia Britannica,https://www.britannica.com/place/Mongolia/Counterrevolution-and-Japan,encyclopedia,,
MNG:britannica-reform-democracy,MNG,britannica-reform-democracy,Mongolia: Reform and the birth of democracy,Encyclopaedia Britannica,https://www.britannica.com/place/Mongolia/Reform-and-the-birth-of-democracy,encyclopedia,,
MNG:britannica-mongolia-since-1990,MNG,britannica-mongolia-since-1990,History of Mongolia: Mongolia since 1990,Encyclopaedia Britannica,https://www.britannica.com/topic/history-of-Mongolia/Mongolia-since-1990,encyclopedia,,
MNG:unesco-orkhon,MNG,unesco-orkhon,Orkhon Valley Cultural Landscape (World Heritage List),UNESCO World Heritage Centre,https://whc.unesco.org/en/list/1081/,gov,,
MNG:loc-mongolia-country-study,MNG,loc-mongolia-country-study,Mongolia: A Country Study,"Library of Congress, Federal Research Division",https://www.loc.gov/item/90006289/,gov,,
MNG:wikipedia-mongol-empire,MNG,wikipedia-mongol-empire,Mongol Empire,Wikipedia,https://en.wikipedia.org/wiki/Mongol_Empire,reference,,
MNG:wikipedia-outer-mongolia,MNG,wikipedia-outer-mongolia,Outer Mongolia,Wikipedia,https://en.wikipedia.org/wiki/Outer_Mongolia,reference,,
MNG:whe-mongol-empire,MNG,whe-mongol-empire,Mongol Empire,World History Encyclopedia,https://www.worldhistory.org/Mongol_Empire/,encyclopedia,,
MOZ:britannica-moz,MOZ,britannica-moz,Mozambique,Encyclopaedia Britannica,https://www.britannica.com/place/Mozambique,encyclopedia,,
MOZ:britannica-sofala,MOZ,britannica-sofala,Sofala,Encyclopaedia Britannica,https://www.britannica.com/place/Sofala,encyclopedia,,
MOZ:britannica-dagama,MOZ,britannica-dagama,Vasco da Gama,Encyclopaedia Britannica,https://www.britannica.com/biography/Vasco-da-Gama,encyclopedia,,
MOZ:unesco-ilha,MOZ,unesco-ilha,Island of Mozambique — World Heritage List,UNESCO,https://whc.unesco.org/en/list/599/,gov,,
MOZ:natgeo-ilha,MOZ,natgeo-ilha,Island of Mozambique UNESCO World Heritage Site,National Geographic,https://www.nationalgeographic.com/travel/article/island-of-mozambique-unesco-world-heritage-site,reference,,
MOZ:marinersmuseum-dagama,MOZ,marinersmuseum-dagama,Vasco da Gama,The Mariners' Museum — Ages of Exploration,https://exploration.marinersmuseum.org/subject/vasco-da-gama/,museum,,
MOZ:conciliation-context,MOZ,conciliation-context,Historical context: War and peace in Mozambique,Conciliation Resources (Accord),https://www.c-r.org/accord/mozambique/historical-context%C2%A0war-and-peace-mozambique,academic,,
MOZ:ebsco-frelimo,MOZ,ebsco-frelimo,Mozambique Liberation Front (FRELIMO),EBSCO Research Starters,https://www.ebsco.com/research-starters/history/mozambique-liberation-front-frelimo,reference,,
MOZ:blackpast-civil-war,MOZ,blackpast-civil-war,The Mozambican Civil War (1977–1992),BlackPast.org,https://www.blackpast.org/global-african-history/the-mozambican-civil-war-1977-1992/,reference,,
MOZ:peaceagreements-moz,MOZ,peaceagreements-moz,Mozambique Civil War (1976–1992) and RENAMO,PA-X / peaceagreements.org,https://www.peaceagreements.org/conflict/59/,academic,,
MOZ:vatican-rome,MOZ,vatican-rome,Mozambique: 29 years after the peace accords that ended the civil war,Vatican News,https://www.vaticannews.va/en/africa/news/2021-10/mozambique-29-years-after-the-peace-accords-that-ended-the-civi.html,reference,,
MOZ:slafnet-moz,MOZ,slafnet-moz,Mozambique: An Introductory Economic Survey (Report No. 5610-MOZ),World Bank,https://documents1.worldbank.org/curated/en/657691468057312098/pdf/multi0page.pdf,gov,,
MOZ:historyrise-zambezia,MOZ,historyrise-zambezia,Colonial State Formation Without Integration: Tax Capacity and Labour Regimes in Portuguese Mozambique (1890s–1970s),Cambridge University Press / International Review of Social History,https://www.cambridge.org/core/journals/international-review-of-social-history/article/colonial-state-formation-without-integration-tax-capacity-and-labour-regimes-in-portuguese-mozambique-1890s1970s/D10934ACA671BFEC0E15240A728A6401,academic,,
MOZ:opendemocracy-gas,MOZ,opendemocracy-gas,"War in Mozambique: a natural gas blessing, turned curse",openDemocracy,https://www.opendemocracy.net/en/oureconomy/war-mozambique-natural-gas-blessing-turned-curse/,reference,,
MOZ:theconversation-gas,MOZ,theconversation-gas,Offshore gas finds offered major promise for Mozambique: what went wrong,The Conversation,https://theconversation.com/offshore-gas-finds-offered-major-promise-for-mozambique-what-went-wrong-158079,reference,,
MOZ:defenceweb-cabo,MOZ,defenceweb-cabo,Project developers must prioritise human security as gas project restarts in Mozambique,DefenceWeb,https://www.defenceweb.co.za/joint/diplomacy-a-peace/project-developers-must-prioritise-human-security-as-gas-project-restarts-in-mozambique/,reference,,
MOZ:africanhistoryextra-towns,MOZ,africanhistoryextra-towns,A history of the medieval coastal towns of Mozambique (c. 500–1890 CE),African History Extra,https://www.africanhistoryextra.com/p/a-history-of-the-medieval-coastal,academic,,
MOZ:wiki-history-moz,MOZ,wiki-history-moz,History of Mozambique,Wikipedia,https://en.wikipedia.org/wiki/History_of_Mozambique,reference,,
MOZ:wiki-sofala,MOZ,wiki-sofala,Sofala,Wikipedia,https://en.wikipedia.org/wiki/Sofala,reference,,
MOZ:wiki-swahili-coast,MOZ,wiki-swahili-coast,Swahili coast,Wikipedia,https://en.wikipedia.org/wiki/Swahili_coast,reference,,
MOZ:wiki-fort-saosebastiao,MOZ,wiki-fort-saosebastiao,Fort São Sebastião (Mozambique),Wikipedia,https://en.wikipedia.org/wiki/Fort_S%C3%A3o_Sebasti%C3%A3o_(Mozambique),reference,,
MOZ:wiki-prazo,MOZ,wiki-prazo,Prazo,Wikipedia,https://en.wikipedia.org/wiki/Prazo,reference,,
MOZ:wiki-gaza-empire,MOZ,wiki-gaza-empire,Gaza Empire,Wikipedia,https://en.wikipedia.org/wiki/Gaza_Empire,reference,,
MOZ:wiki-gungunhana,MOZ,wiki-gungunhana,Gungunhana,Wikipedia,https://en.wikipedia.org/wiki/Gungunhana,reference,,
MOZ:wiki-chibalo,MOZ,wiki-chibalo,Chibalo,Wikipedia,https://en.wikipedia.org/wiki/Chibalo,reference,,
MOZ:wiki-war-of-independence,MOZ,wiki-war-of-independence,Mozambican War of Independence,Wikipedia,https://en.wikipedia.org/wiki/Mozambican_War_of_Independence,reference,,
MOZ:wiki-mondlane,MOZ,wiki-mondlane,Eduardo Mondlane,Wikipedia,https://en.wikipedia.org/wiki/Eduardo_Mondlane,reference,,
MOZ:wiki-machel,MOZ,wiki-machel,Samora Machel,Wikipedia,https://en.wikipedia.org/wiki/Samora_Machel,reference,,
MOZ:wiki-rome-accords,MOZ,wiki-rome-accords,Rome General Peace Accords,Wikipedia,https://en.wikipedia.org/wiki/Rome_General_Peace_Accords,reference,,
MOZ:wiki-coral-field,MOZ,wiki-coral-field,Coral gas field,Wikipedia,https://en.wikipedia.org/wiki/Coral_gas_field,reference,,
MOZ:statedept-mozambique,MOZ,statedept-mozambique,A Guide to the United States' History of Recognition: Mozambique,"U.S. Department of State, Office of the Historian",https://history.state.gov/countries/mozambique,gov,,
MRT:britannica-mauritania,MRT,britannica-mauritania,Mauritania,Encyclopaedia Britannica,https://www.britannica.com/place/Mauritania,encyclopedia,,
MRT:britannica-almoravids,MRT,britannica-almoravids,Almoravids (Berber confederation),Encyclopaedia Britannica,https://www.britannica.com/topic/Almoravids,encyclopedia,,
MRT:britannica-daddah,MRT,britannica-daddah,Moktar Ould Daddah,Encyclopaedia Britannica,https://www.britannica.com/biography/Moktar-Ould-Daddah,encyclopedia,,
MRT:britannica-polisario,MRT,britannica-polisario,Polisario Front,Encyclopaedia Britannica,https://www.britannica.com/topic/Polisario-Front,encyclopedia,,
MRT:blackpast-daddah,MRT,blackpast-daddah,Moktar Ould Daddah (1924–2003),BlackPast.org,https://www.blackpast.org/global-african-history/moktar-ould-daddah-1924-2003/,reference,,
MRT:unesco-ksour,MRT,unesco-ksour,"Ancient Ksour of Ouadane, Chinguetti, Tichitt and Oualata",UNESCO World Heritage Centre,https://whc.unesco.org/en/list/750/,museum,,
MRT:wiki-ksour,MRT,wiki-ksour,"Ancient Ksour of Ouadane, Chinguetti, Tichitt and Oualata",Wikipedia,"https://en.wikipedia.org/wiki/Ancient_Ksour_of_Ouadane,_Chinguetti,_Tichitt_and_Oualata",reference,,
MRT:wiki-history-mauritania,MRT,wiki-history-mauritania,History of Mauritania,Wikipedia,https://en.wikipedia.org/wiki/History_of_Mauritania,reference,,
MRT:wiki-koumbi-saleh,MRT,wiki-koumbi-saleh,Koumbi Saleh,Wikipedia,https://en.wikipedia.org/wiki/Koumbi_Saleh,reference,,
MRT:wiki-ibn-yasin,MRT,wiki-ibn-yasin,Abdallah ibn Yasin,Wikipedia,https://en.wikipedia.org/wiki/Abdallah_ibn_Yasin,reference,,
MRT:wiki-abu-bakr,MRT,wiki-abu-bakr,Abu Bakr ibn Umar,Wikipedia,https://en.wikipedia.org/wiki/Abu_Bakr_ibn_Umar,reference,,
MRT:wiki-beni-hassan,MRT,wiki-beni-hassan,Beni Ḥassān,Wikipedia,https://en.wikipedia.org/wiki/Beni_%E1%B8%A4ass%C4%81n,reference,,
MRT:wiki-char-bouba,MRT,wiki-char-bouba,Char Bouba war,Wikipedia,https://en.wikipedia.org/wiki/Char_Bouba_war,reference,,
MRT:wiki-brakna,MRT,wiki-brakna,Emirate of Brakna,Wikipedia,https://en.wikipedia.org/wiki/Emirate_of_Brakna,reference,,
MRT:wiki-annexation-wsahara,MRT,wiki-annexation-wsahara,Annexation of Western Sahara,Wikipedia,https://en.wikipedia.org/wiki/Annexation_of_Western_Sahara,reference,,
MRT:antislavery-mauritania,MRT,antislavery-mauritania,Descent-based slavery in Mauritania,Anti-Slavery International,https://www.antislavery.org/what-we-do/mauritania/,reference,,
MRT:minorityrights-mauritania,MRT,minorityrights-mauritania,Enforcing Mauritania's Anti-Slavery Legislation,Minority Rights Group,https://minorityrights.org/enforcing-mauritanias-anti-slavery-legislation-the-continued-failure-of-the-justice-system-to-prevent-protect-and-punish/,reference,,
MRT:statedept-mauritania,MRT,statedept-mauritania,A Guide to the United States' History of Recognition: Mauritania,"U.S. Department of State, Office of the Historian",https://history.state.gov/countries/mauritania,gov,,
MUS:eb-mauritius,MUS,eb-mauritius,Mauritius,Encyclopædia Britannica,https://www.britannica.com/place/Mauritius,encyclopedia,,
MUS:eb-independence,MUS,eb-independence,"Mauritius — Independence, Economy, Culture",Encyclopædia Britannica,https://www.britannica.com/place/Mauritius/Independence,encyclopedia,,
MUS:eb-grandport,MUS,eb-grandport,Battle of Grand Port,Encyclopædia Britannica,https://www.britannica.com/event/Battle-of-Grand-Port,encyclopedia,,
MUS:eb-aapravasi,MUS,eb-aapravasi,Aapravasi Ghat,Encyclopædia Britannica,https://www.britannica.com/place/Aapravasi-Ghat,encyclopedia,,
MUS:eb-chagos,MUS,eb-chagos,Chagos Archipelago,Encyclopædia Britannica,https://www.britannica.com/place/Chagos-Archipelago,encyclopedia,,
MUS:wiki-mauritius,MUS,wiki-mauritius,Mauritius,Wikipedia,https://en.wikipedia.org/wiki/Mauritius,reference,,
MUS:wiki-isledefrance,MUS,wiki-isledefrance,Isle de France (Mauritius),Wikipedia,https://en.wikipedia.org/wiki/Isle_de_France_(Mauritius),reference,,
MUS:wiki-dodo,MUS,wiki-dodo,Dodo,Wikipedia,https://en.wikipedia.org/wiki/Dodo,reference,,
MUS:wiki-lemorne,MUS,wiki-lemorne,Le Morne Brabant,Wikipedia,https://en.wikipedia.org/wiki/Le_Morne_Brabant,reference,,
MUS:wiki-expulsion,MUS,wiki-expulsion,Expulsion of the Chagossians,Wikipedia,https://en.wikipedia.org/wiki/Expulsion_of_the_Chagossians,reference,,
MUS:nhm-dodo,MUS,nhm-dodo,The dodo bird: the real facts about this icon of extinction,"Natural History Museum, London",https://www.nhm.ac.uk/discover/the-dodo-bird-the-real-facts-about-this-icon-of-extinction.html,museum,,
MUS:unesco-aapravasi,MUS,unesco-aapravasi,Aapravasi Ghat (World Heritage List),UNESCO World Heritage Centre,https://whc.unesco.org/en/list/1227/,gov,,
MUS:unesco-lemorne,MUS,unesco-lemorne,Le Morne Cultural Landscape (World Heritage List),UNESCO World Heritage Centre,https://whc.unesco.org/en/list/1259/,gov,,
MUS:blackpast-ramgoolam,MUS,blackpast-ramgoolam,Seewoosagur Ramgoolam (1900–1985),BlackPast.org,https://www.blackpast.org/global-african-history/seewoosagur-ramgoolam-1900-1985/,reference,,
MUS:worldbank-mauritius,MUS,worldbank-mauritius,Mauritius Overview,World Bank Group,https://www.worldbank.org/en/country/mauritius/overview,gov,,
MUS:commons-chagos,MUS,commons-chagos,2025 treaty on the British Indian Ocean Territory / Chagos Archipelago,House of Commons Library,https://commonslibrary.parliament.uk/research-briefings/cbp-10273/,gov,,
MUS:fcdo-chagos,MUS,fcdo-chagos,Mauritius No. 1 (2025): Agreement concerning the Chagos Archipelago including Diego Garcia,"UK Foreign, Commonwealth & Development Office",https://assets.publishing.service.gov.uk/media/682f25afc054883884bff42a/CS_Mauritius_1.2025_Agreement_Chagos_Diego_Garcia.pdf,gov,,
MUS:govmu-explore,MUS,govmu-explore,Explore Mauritius — Republic of Mauritius,Government of Mauritius,https://govmu.org/EN/Pages/exploremauritius.aspx,gov,,
MUS:statedept-mauritius,MUS,statedept-mauritius,A Guide to the United States' History of Recognition: Mauritius,"U.S. Department of State, Office of the Historian",https://history.state.gov/countries/mauritius,gov,,
MWI:britannica-malawi,MWI,britannica-malawi,Malawi (country overview and history),Encyclopaedia Britannica,https://www.britannica.com/place/Malawi,encyclopedia,,
MWI:britannica-maravi,MWI,britannica-maravi,Maravi Confederacy,Encyclopaedia Britannica,https://www.britannica.com/topic/Maravi-Confederacy,encyclopedia,,
MWI:wiki-maravi,MWI,wiki-maravi,Maravi,Wikipedia,https://en.wikipedia.org/wiki/Maravi,reference,,
MWI:adf-maravi,MWI,adf-maravi,The Kingdom of Maravi,Africa Defense Forum (ADF) Magazine,https://adf-magazine.com/2023/07/the-kingdom-of-maravi/,reference,,
MWI:wiki-history-malawi,MWI,wiki-history-malawi,History of Malawi,Wikipedia,https://en.wikipedia.org/wiki/History_of_Malawi,reference,,
MWI:unesco-chongoni,MWI,unesco-chongoni,Chongoni Rock-Art Area,UNESCO World Heritage Centre,https://whc.unesco.org/en/list/476/,gov,,
MWI:wiki-chongoni,MWI,wiki-chongoni,Chongoni Rock Art Area,Wikipedia,https://en.wikipedia.org/wiki/Chongoni_Rock_Art_Area,reference,,
MWI:britannica-livingstone,MWI,britannica-livingstone,David Livingstone (Zambezi expedition),Encyclopaedia Britannica,https://www.britannica.com/biography/David-Livingstone,encyclopedia,,
MWI:wiki-umca,MWI,wiki-umca,Universities' Mission to Central Africa,Wikipedia,https://en.wikipedia.org/wiki/Universities%27_Mission_to_Central_Africa,reference,,
MWI:wiki-livingstonia,MWI,wiki-livingstonia,Livingstonia Mission,Wikipedia,https://en.wikipedia.org/wiki/Livingstonia_Mission,reference,,
MWI:wiki-christianity-malawi,MWI,wiki-christianity-malawi,Christianity in Malawi,Wikipedia,https://en.wikipedia.org/wiki/Christianity_in_Malawi,reference,,
MWI:wiki-bca-protectorate,MWI,wiki-bca-protectorate,British Central Africa Protectorate,Wikipedia,https://en.wikipedia.org/wiki/British_Central_Africa_Protectorate,reference,,
MWI:britannica-johnston,MWI,britannica-johnston,Sir Harry Hamilton Johnston,Encyclopaedia Britannica,https://www.britannica.com/biography/Harry-Hamilton-Johnston,encyclopedia,,
MWI:britannica-chilembwe,MWI,britannica-chilembwe,John Chilembwe,Encyclopaedia Britannica,https://www.britannica.com/biography/John-Chilembwe,encyclopedia,,
MWI:blackpast-chilembwe,MWI,blackpast-chilembwe,John Chilembwe (ca. 1871–1915),BlackPast.org,https://www.blackpast.org/global-african-history/chilembwe-john-c-1871-1915/,reference,,
MWI:wiki-chilembwe,MWI,wiki-chilembwe,John Chilembwe,Wikipedia,https://en.wikipedia.org/wiki/John_Chilembwe,reference,,
MWI:britannica-federation,MWI,britannica-federation,Federation of Rhodesia and Nyasaland,Encyclopaedia Britannica,https://www.britannica.com/place/Federation-of-Rhodesia-and-Nyasaland,encyclopedia,,
MWI:ebsco-federation,MWI,ebsco-federation,Formation of the Federation of Rhodesia and Nyasaland,EBSCO Research Starters,https://www.ebsco.com/research-starters/history/formation-federation-rhodesia-and-nyasaland,reference,,
MWI:wiki-nyasaland-emergency,MWI,wiki-nyasaland-emergency,Nyasaland emergency of 1959,Wikipedia,https://en.wikipedia.org/wiki/Nyasaland_emergency_of_1959,reference,,
MWI:wiki-devlin,MWI,wiki-devlin,Devlin Commission,Wikipedia,https://en.wikipedia.org/wiki/Devlin_Commission,reference,,
MWI:britannica-banda,MWI,britannica-banda,Hastings Kamuzu Banda,Encyclopaedia Britannica,https://www.britannica.com/biography/Hastings-Kamuzu-Banda,encyclopedia,,
MWI:blackpast-banda,MWI,blackpast-banda,Hastings Banda (ca. 1896–1997),BlackPast.org,https://www.blackpast.org/global-african-history/banda-dr-hastings-kamuzu-c-1896-1997/,reference,,
MWI:statedept-malawi,MWI,statedept-malawi,A Guide to the History of Recognition: Malawi,"U.S. Department of State, Office of the Historian",https://history.state.gov/countries/malawi,gov,,
MWI:wiki-1993-referendum,MWI,wiki-1993-referendum,1993 Malawian democracy referendum,Wikipedia,https://en.wikipedia.org/wiki/1993_Malawian_democracy_referendum,reference,,
MWI:wiki-1994-election,MWI,wiki-1994-election,1994 Malawian general election,Wikipedia,https://en.wikipedia.org/wiki/1994_Malawian_general_election,reference,,
MWI:wiki-joyce-banda,MWI,wiki-joyce-banda,Joyce Banda,Wikipedia,https://en.wikipedia.org/wiki/Joyce_Banda,reference,,
MWI:wiki-bingu,MWI,wiki-bingu,Bingu wa Mutharika,Wikipedia,https://en.wikipedia.org/wiki/Bingu_wa_Mutharika,reference,,
MWI:wiki-2020-election,MWI,wiki-2020-election,2020 Malawian presidential election,Wikipedia,https://en.wikipedia.org/wiki/2020_Malawian_presidential_election,reference,,
MWI:wiki-chakwera,MWI,wiki-chakwera,Lazarus Chakwera,Wikipedia,https://en.wikipedia.org/wiki/Lazarus_Chakwera,reference,,
MWI:wiki-2025-election,MWI,wiki-2025-election,2025 Malawian general election,Wikipedia,https://en.wikipedia.org/wiki/2025_Malawian_general_election,reference,,
MYS:britannica-srivijaya,MYS,britannica-srivijaya,Srivijaya empire,Encyclopaedia Britannica,https://www.britannica.com/place/Srivijaya-empire,encyclopedia,,
MYS:ebsco-srivijaya,MYS,ebsco-srivijaya,Srivijaya (Research Starters: History),EBSCO,https://www.ebsco.com/research-starters/history/srivijaya,reference,,
MYS:britannica-paramesvara,MYS,britannica-paramesvara,"Paramesvara, Malay ruler and founder of Malacca",Encyclopaedia Britannica,https://www.britannica.com/biography/Paramesvara,encyclopedia,,
MYS:worldhistory-portuguese-malacca,MYS,worldhistory-portuguese-malacca,Portuguese Malacca,World History Encyclopedia,https://www.worldhistory.org/Portuguese_Malacca/,encyclopedia,,
MYS:ebsco-melaka-portuguese,MYS,ebsco-melaka-portuguese,Melaka Falls to the Portuguese (Research Starters: History),EBSCO,https://www.ebsco.com/research-starters/history/melaka-falls-portuguese,reference,,
MYS:britannica-straits-settlements,MYS,britannica-straits-settlements,Straits Settlements,Encyclopaedia Britannica,https://www.britannica.com/place/Straits-Settlements,encyclopedia,,
MYS:britannica-malaya-borneo,MYS,britannica-malaya-borneo,Malaysia: Malaya and northern Borneo under British control,Encyclopaedia Britannica,https://www.britannica.com/place/Malaysia/Malaya-and-northern-Borneo-under-British-control,encyclopedia,,
MYS:britannica-malayan-emergency,MYS,britannica-malayan-emergency,Malayan Emergency,Encyclopaedia Britannica,https://www.britannica.com/event/Malayan-Emergency,encyclopedia,,
MYS:britannica-political-transformation,MYS,britannica-political-transformation,"Malaysia: Political transformation (occupation, federation, NEP)",Encyclopaedia Britannica,https://www.britannica.com/place/Malaysia/Political-transformation,encyclopedia,,
MYS:britannica-federation-malaya,MYS,britannica-federation-malaya,Federation of Malaya,Encyclopaedia Britannica,https://www.britannica.com/place/Federation-of-Malaya,encyclopedia,,
MYS:britannica-tunku,MYS,britannica-tunku,Tunku Abdul Rahman Putra Alhaj,Encyclopaedia Britannica,https://www.britannica.com/biography/Tunku-Abdul-Rahman-Putra-Alhaj,encyclopedia,,
MYS:britannica-mahathir,MYS,britannica-mahathir,Mahathir bin Mohamad,Encyclopaedia Britannica,https://www.britannica.com/biography/Mahathir-bin-Mohamad,encyclopedia,,
MYS:nlb-fall-singapore,MYS,nlb-fall-singapore,1942 and the Fall of Singapore,"National Heritage Board, Singapore",https://www.roots.gov.sg/stories-landing/stories/1942-and-the-fall-of-singapore/story,gov,,
MYS:history-state-frus-malaysia,MYS,history-state-frus-malaysia,"Foreign Relations of the United States, 1964–1968: Indonesia/Malaysia (Konfrontasi and separation)","U.S. Department of State, Office of the Historian",https://history.state.gov/historicaldocuments/frus1964-68v26/d270,primary,,
MYS:unesco-melaka-georgetown,MYS,unesco-melaka-georgetown,"Melaka and George Town, Historic Cities of the Straits of Malacca",UNESCO World Heritage Centre,https://whc.unesco.org/en/list/1223,gov,,
MYS:iseas-nep,MYS,iseas-nep,Fifty Years of Malaysia's New Economic Policy,ISEAS – Yusof Ishak Institute,https://www.iseas.edu.sg/wp-content/uploads/2021/07/ISEAS_EWP_2021-7_Lee.pdf,academic,,
MYS:aljazeera-najib-1mdb,MYS,aljazeera-najib-1mdb,Malaysia's Najib gets 12 years in jail for 1MDB-linked graft case,Al Jazeera,https://www.aljazeera.com/news/2020/7/28/malaysias-najib-gets-12-years-in-jail-for-1mdb-linked-graft-case,reference,,
MYS:aljazeera-anwar-timeline,MYS,aljazeera-anwar-timeline,Timeline: Anwar Ibrahim's long road to Malaysian prime minister,Al Jazeera,https://www.aljazeera.com/news/2020/10/13/malaysias-anwar,reference,,
MYS:wikipedia-federation-malaya,MYS,wikipedia-federation-malaya,Federation of Malaya,Wikipedia,https://en.wikipedia.org/wiki/Federation_of_Malaya,reference,,
MYS:statedept-malaysia,MYS,statedept-malaysia,A Guide to the United States' History of Recognition: Malaysia,"U.S. Department of State, Office of the Historian",https://history.state.gov/countries/malaysia,gov,,
NAM:britannica-namibia,NAM,britannica-namibia,"Namibia (country, history and government)",Encyclopaedia Britannica,https://www.britannica.com/place/Namibia,encyclopedia,,
NAM:britannica-twyfelfontein,NAM,britannica-twyfelfontein,Twyfelfontein,Encyclopaedia Britannica,https://www.britannica.com/place/Twyfelfontein,encyclopedia,,
NAM:britannica-genocide,NAM,britannica-genocide,Commemorating the Genocide of the Herero and Nama,Federal Government of Germany,https://www.bundesregierung.de/breg-de/bundesregierung/bundeskanzleramt/gedenken-herero-und-nama-2350348,gov,,
NAM:unesco-twyfelfontein,NAM,unesco-twyfelfontein,Twyfelfontein or /Ui-//aes,UNESCO World Heritage Centre,https://whc.unesco.org/en/list/1255/,gov,,
NAM:icj-namibia,NAM,icj-namibia,Legal Consequences for States of the Continued Presence of South Africa in Namibia (1971 Advisory Opinion),International Court of Justice,https://www.icj-cij.org/case/53,primary,,
NAM:wiki-namibia,NAM,wiki-namibia,Namibia,Wikipedia,https://en.wikipedia.org/wiki/Namibia,reference,,
NAM:wiki-history-namibia,NAM,wiki-history-namibia,History of Namibia,Wikipedia,https://en.wikipedia.org/wiki/History_of_Namibia,reference,,
NAM:wiki-genocide,NAM,wiki-genocide,Herero and Nama genocide,Wikipedia,https://en.wikipedia.org/wiki/Herero_and_Nama_genocide,reference,,
NAM:wiki-swapo,NAM,wiki-swapo,South West African People's Organisation (SWAPO),Wikipedia,https://en.wikipedia.org/wiki/South_West_African_People%27s_Organisation,reference,,
NAM:wiki-twyfelfontein,NAM,wiki-twyfelfontein,Twyfelfontein,Wikipedia,https://en.wikipedia.org/wiki/Twyfelfontein,reference,,
NAM:wiki-jonker,NAM,wiki-jonker,Jonker Afrikaner,Wikipedia,https://en.wikipedia.org/wiki/Jonker_Afrikaner,reference,,
NAM:britannica-herero-conflict,NAM,britannica-herero-conflict,German-Herero conflict of 1904–07,Encyclopaedia Britannica,https://www.britannica.com/topic/German-Herero-conflict-of-1904-1907,encyclopedia,,
NAM:montreal-herero,NAM,montreal-herero,Herero Genocide in Namibia,Montreal Holocaust Museum,https://museeholocauste.ca/en/resources-training/herero-genocide-namibia/,museum,,
NAM:ehne-herero,NAM,ehne-herero,The Massacre of the Herero and Nama: A colonial laboratory for genocide?,EHNE (Encyclopédie d'histoire numérique de l'Europe),https://ehne.fr/en/encyclopedia/themes/europe-europeans-and-world/europe-and-colonial-wars/massacre-herero-and-nama-a-colonial-laboratory-genocide,academic,,
NAM:sahistory-genocide-timeline,NAM,sahistory-genocide-timeline,"Timeline of the German and Herero, Nama War and Genocide",South African History Online,https://www.sahistory.org.za/article/timeline-german-and-herero-nama-war-and-genocide,reference,,
NAM:wiki-shark-island,NAM,wiki-shark-island,Shark Island concentration camp,Wikipedia,https://en.wikipedia.org/wiki/Shark_Island_concentration_camp,reference,,
NAM:un-namibia-independence,NAM,un-namibia-independence,The UN's role in Namibian Independence,United Nations in Namibia,https://namibia.un.org/en/175155-uns-role-namibian-independence,gov,,
NAM:wiki-untag,NAM,wiki-untag,United Nations Transition Assistance Group (UNTAG),Wikipedia,https://en.wikipedia.org/wiki/United_Nations_Transition_Assistance_Group,reference,,
NAM:wiki-border-war,NAM,wiki-border-war,South African Border War,Wikipedia,https://en.wikipedia.org/wiki/South_African_Border_War,reference,,
NAM:statedept-namibia,NAM,statedept-namibia,A Guide to the United States' History of Recognition: Namibia,"U.S. Department of State, Office of the Historian",https://history.state.gov/countries/namibia,gov,,
NCL:britannica-ncl,NCL,britannica-ncl,New Caledonia,Encyclopaedia Britannica,https://www.britannica.com/place/New-Caledonia-French-unique-collectivity-Pacific-Ocean,encyclopedia,,
NCL:britannica-ncl-history,NCL,britannica-ncl-history,New Caledonia — History,Encyclopaedia Britannica,https://www.britannica.com/place/New-Caledonia-French-unique-collectivity-Pacific-Ocean/History,encyclopedia,,
NCL:britannica-lapita,NCL,britannica-lapita,Lapita culture,Encyclopaedia Britannica,https://www.britannica.com/topic/Lapita-culture,encyclopedia,,
NCL:britannica-cook,NCL,britannica-cook,James Cook,Encyclopaedia Britannica,https://www.britannica.com/biography/James-Cook,encyclopedia,,
NCL:un-ncl,NCL,un-ncl,New Caledonia — The United Nations and Decolonization,"United Nations, Department of Political and Peacebuilding Affairs",https://www.un.org/dppa/decolonization/en/nsgt/new-caledonia,gov,,
NCL:noumea-accord,NCL,noumea-accord,Agreement on New Caledonia signed in Nouméa on 5 May 1998 (Nouméa Accord),Government of France (Embassy of France),https://nz.ambafrance.org/Agreement-on-New-Caledonia-signed-in-Noumea-on-5-May-1998,primary,,
NCL:ohist-ncl,NCL,ohist-ncl,New Caledonia — Visits by Foreign Leaders / Department History,"U.S. Department of State, Office of the Historian",https://history.state.gov/departmenthistory/visits/new-caledonia,gov,,
NCL:unesco-lagoons,NCL,unesco-lagoons,Lagoons of New Caledonia: Reef Diversity and Associated Ecosystems,UNESCO World Heritage Centre,https://whc.unesco.org/en/list/1115/,gov,,
NCL:rnz-2024-unrest,NCL,rnz-2024-unrest,New Caledonia riots one year on: 'Like the country was at war',RNZ Pacific,https://www.rnz.co.nz/international/pacific-news/560812/new-caledonia-riots-one-year-on-like-the-country-was-at-war,reference,,
NCL:adck-tjibaou,NCL,adck-tjibaou,Centre culturel Tjibaou,Agence de developpement de la culture kanak (ADCK),https://www.adck.nc/,museum,,
NCL:rnz-flnks-split,NCL,rnz-flnks-split,"New Caledonia's pro-independence split widens, another party quits FLNKS",RNZ Pacific,https://www.rnz.co.nz/international/pacific-news/579421/new-caledonia-s-pro-independence-split-widens-another-party-quits-flnks,reference,,
NCL:usgs-mcs-ncl,NCL,usgs-mcs-ncl,Mineral Commodity Summaries 2026: Nickel,U.S. Geological Survey,https://www.usgs.gov/centers/national-minerals-information-center,gov,,
NCL:isee-recensement,NCL,isee-recensement,Recensement de la population de la Nouvelle-Caledonie,Institut de la statistique et des etudes economiques Nouvelle-Caledonie (ISEE),https://www.isee.nc/population/recensement,gov,,
NCL:rnz-bougival,NCL,rnz-bougival,New Caledonia's political parties commit to 'historic' deal in France,RNZ Pacific,https://www.rnz.co.nz/international/pacific-news/566745/new-caledonia-s-political-parties-commit-to-historic-deal-in-france,reference,,
NCL:rnz-elysee-oudinot,NCL,rnz-elysee-oudinot,Pro-independence FLNKS 'unequivocally' reject latest agreement for New Caledonia,RNZ Pacific,https://www.rnz.co.nz/international/pacific-news/584662/pro-independence-flnks-unequivocally-reject-latest-agreement-for-new-caledonia,reference,,
NCL:wikipedia-new-caledonia,NCL,wikipedia-new-caledonia,New Caledonia,Wikipedia,https://en.wikipedia.org/wiki/New_Caledonia,reference,,
NCL:nwe-new-caledonia,NCL,nwe-new-caledonia,New Caledonia,New World Encyclopedia,https://www.newworldencyclopedia.org/entry/New_Caledonia,encyclopedia,,
NER:gobero-wiki,NER,gobero-wiki,Gobero,Wikipedia,https://en.wikipedia.org/wiki/Gobero,reference,,
NER:uchicago-gobero,NER,uchicago-gobero,Stone Age Graveyard Reveals Lifestyles of a 'Green Sahara',University of Chicago News,https://news.uchicago.edu/story/stone-age-graveyard-reveals-lifestyles-green-sahara-two-successive-cultures-thrived-lakeside,academic,,
NER:sereno-gobero,NER,sereno-gobero,Lakeside Cemeteries in the Sahara: 5000 Years of Holocene Population and Environmental Change,"Sereno et al., PLoS ONE (PMC)",https://www.ncbi.nlm.nih.gov/pmc/articles/PMC2515196/,academic,,
NER:nigerheritage-archaeology,NER,nigerheritage-archaeology,Archaeology of the Green Sahara,NigerHeritage,https://www.nigerheritage.org/archaeology,reference,,
NER:nigersaurus-wiki,NER,nigersaurus-wiki,Nigersaurus,Wikipedia,https://en.wikipedia.org/wiki/Nigersaurus,reference,,
NER:hist-niger-wiki,NER,hist-niger-wiki,History of Niger,Wikipedia,https://en.wikipedia.org/wiki/History_of_Niger,reference,,
NER:sultanate-agadez-wiki,NER,sultanate-agadez-wiki,Sultanate of Agadez,Wikipedia,https://en.wikipedia.org/wiki/Sultanate_of_Agadez,reference,,
NER:agadez-wiki,NER,agadez-wiki,Agadez,Wikipedia,https://en.wikipedia.org/wiki/Agadez,reference,,
NER:worldheritage-agadez,NER,worldheritage-agadez,"Historic Centre of Agadez (World Heritage List, inscribed 2013)",UNESCO World Heritage Centre,https://whc.unesco.org/en/list/1268/,gov,,
NER:askia-britannica,NER,askia-britannica,Muhammad I Askia,Encyclopaedia Britannica,https://www.britannica.com/biography/Muhammad-I-Askia,encyclopedia,,
NER:songhai-lumen,NER,songhai-lumen,Songhai,"Lumen Learning, World Civilization",https://courses.lumenlearning.com/suny-hccc-worldcivilization/chapter/songhai/,reference,,
NER:damagaram-wiki,NER,damagaram-wiki,Sultanate of Damagaram,Wikipedia,https://en.wikipedia.org/wiki/Sultanate_of_Damagaram,reference,,
NER:africanhistory-damagaram,NER,africanhistory-damagaram,"A history of the Damagaram sultanate of Zinder, ca. 1730–1899",African History Extra,https://www.africanhistoryextra.com/p/a-history-of-the-damagaram-sultanate,reference,,
NER:britannica-niger-ref,NER,britannica-niger-ref,Niger (country),Encyclopaedia Britannica,https://www.britannica.com/place/Niger,encyclopedia,,
NER:voulet-chanoine-wiki,NER,voulet-chanoine-wiki,Voulet–Chanoine Mission,Wikipedia,https://en.wikipedia.org/wiki/Voulet%E2%80%93Chanoine_Mission,reference,,
NER:ictj-niger,NER,ictj-niger,France Signals Willingness to Discuss Reparations for Colonial Massacres in Niger,International Center for Transitional Justice,https://www.ictj.org/latest-news/france-signals-willingness-discuss-reparations-colonial-massacres-niger,reference,,
NER:diori-britannica,NER,diori-britannica,Hamani Diori,Encyclopaedia Britannica,https://www.britannica.com/biography/Hamani-Diori,encyclopedia,,
NER:diori-blackpast,NER,diori-blackpast,Hamani Diori (1916–1989),BlackPast.org,https://www.blackpast.org/global-african-history/hamani-diori-1916-1989/,reference,,
NER:statedept-niger,NER,statedept-niger,A Guide to the History of Recognition: Niger,"U.S. Department of State, Office of the Historian",https://history.state.gov/countries/niger,gov,,
NER:sahel-drought-env,NER,sahel-drought-env,"Sahel Drought and Famine, 1968–1985",Environment & Society Portal,https://www.environmentandsociety.org/tools/keywords/sahel-drought-and-famine-1968-1985,reference,,
NER:world-nuclear-niger,NER,world-nuclear-niger,Uranium in Niger,World Nuclear Association,https://world-nuclear.org/information-library/country-profiles/countries-g-n/niger,reference,,
NER:somair-wiki,NER,somair-wiki,SOMAÏR,Wikipedia,https://en.wikipedia.org/wiki/SOMAIR,reference,,
NER:coup-1974-wiki,NER,coup-1974-wiki,1974 Nigerien coup d'état,Wikipedia,https://en.wikipedia.org/wiki/1974_Nigerien_coup_d%27%C3%A9tat,reference,,
NER:tuareg-90s-wiki,NER,tuareg-90s-wiki,Tuareg rebellion (1990–1995),Wikipedia,https://en.wikipedia.org/wiki/Tuareg_rebellion_(1990%E2%80%931995),reference,,
NER:tuareg-2007-wiki,NER,tuareg-2007-wiki,Tuareg rebellion (2007–2009),Wikipedia,https://en.wikipedia.org/wiki/Tuareg_rebellion_(2007%E2%80%932009),reference,,
NER:minorityrights-tuareg,NER,minorityrights-tuareg,Tuareg in Niger,Minority Rights Group,https://minorityrights.org/communities/tuareg-2/,reference,,
NER:coup-2023-wiki,NER,coup-2023-wiki,2023 Nigerien coup d'état,Wikipedia,https://en.wikipedia.org/wiki/2023_Nigerien_coup_d%27%C3%A9tat,reference,,
NER:hrw-niger-2023,NER,hrw-niger-2023,"Niger: Two Years On, Ex-President Still Arbitrarily Detained",Human Rights Watch,https://www.hrw.org/news/2025/07/23/niger-two-years-on-ex-president-still-arbitrarily-detained,reference,,
NGA:britannica-nigeria,NGA,britannica-nigeria,Nigeria (country overview and history),Encyclopaedia Britannica,https://www.britannica.com/place/Nigeria,encyclopedia,,
NGA:britannica-civil-war,NGA,britannica-civil-war,Nigerian Civil War,Encyclopaedia Britannica,https://www.britannica.com/topic/Nigerian-civil-war,encyclopedia,,
NGA:britannica-oyo,NGA,britannica-oyo,Oyo empire,Encyclopaedia Britannica,https://www.britannica.com/place/Oyo-empire,encyclopedia,,
NGA:britannica-benin-bronzes,NGA,britannica-benin-bronzes,Benin Bronzes,Encyclopaedia Britannica,https://www.britannica.com/art/Benin-Bronzes,encyclopedia,,
NGA:met-nok,NGA,met-nok,Nok Terracottas (Heilbrunn Timeline of Art History),The Metropolitan Museum of Art,https://www.metmuseum.org/toah/hd/nok1/hd_nok1.htm,museum,,
NGA:breunig-nok,NGA,breunig-nok,"A Chronology of the Central Nigerian Nok Culture, 1500 BC to the Beginning of the Common Era",Peter Breunig and Nicole Rupp (academic study),,academic,,
NGA:lumen-bornu,NGA,lumen-bornu,The Bornu Empire,"Lumen Learning, World Civilization",https://courses.lumenlearning.com/suny-hccc-worldcivilization/chapter/bornu-empire/,reference,,
NGA:idris-alooma-wiki,NGA,idris-alooma-wiki,Idris Alooma,Wikipedia,https://en.wikipedia.org/wiki/Idris_Alooma,reference,,
NGA:blackpast-hausa,NGA,blackpast-hausa,Hausa City-States (ca. 1000–1815),BlackPast.org,https://www.blackpast.org/global-african-history/hausa-city-states/,reference,,
NGA:blackpast-sokoto,NGA,blackpast-sokoto,Sultanate of Sokoto (Sokoto Caliphate): 1804–1903,BlackPast.org,https://www.blackpast.org/global-african-history/sultanate-sokoto-sokoto-caliphate/,reference,,
NGA:usman-wiki,NGA,usman-wiki,Usman dan Fodio,Wikipedia,https://en.wikipedia.org/wiki/Usman_dan_Fodio,reference,,
NGA:attahiru-wiki,NGA,attahiru-wiki,Muhammadu Attahiru I,Wikipedia,https://en.wikipedia.org/wiki/Muhammadu_Attahiru_I,reference,,
NGA:slavevoyages,NGA,slavevoyages,Trans-Atlantic Slave Trade Database (Estimates),SlaveVoyages.org,https://www.slavevoyages.org/assessment/estimates,academic,,
NGA:slaveryremembrance-biafra,NGA,slaveryremembrance-biafra,Bight of Biafra,Slavery and Remembrance (Colonial Williamsburg Foundation),https://slaveryandremembrance.org/,reference,,
NGA:britishmuseum-benin,NGA,britishmuseum-benin,The Benin Bronzes,The British Museum,https://www.britishmuseum.org/about-us/british-museum-story/contested-objects-collection/benin-bronzes,museum,,
NGA:nms-benin,NGA,nms-benin,The British raid on Benin 1897,National Museums Scotland,https://www.nms.ac.uk/,museum,,
NGA:statedept-nigeria,NGA,statedept-nigeria,A Guide to the History of Recognition: Nigeria,"U.S. Department of State, Office of the Historian",https://history.state.gov/countries/nigeria,gov,,
NGA:sahistory-independence,NGA,sahistory-independence,Nigeria gained independence from the United Kingdom,South African History Online,https://www.sahistory.org.za/,reference,,
NGA:history-civil-war,NGA,history-civil-war,Civil war breaks out in Nigeria (6 July 1967),HISTORY,https://www.history.com/this-day-in-history,reference,,
NGA:cfr-transition,NGA,cfr-transition,"Abacha, Abiola, and Nigeria's 1999 Transition to Civilian Rule",Council on Foreign Relations,https://www.cfr.org/,reference,,
NGA:aljazeera-economy,NGA,aljazeera-economy,Nigeria becomes Africa's largest economy,Al Jazeera,https://www.aljazeera.com/,reference,,
NGA:sais-democracy,NGA,sais-democracy,Assessing Twenty-Five Years of Democracy in Nigeria,SAIS Review of International Affairs,https://saisreview.sais.jhu.edu/,academic,,
NGA:wikipedia-nigeria,NGA,wikipedia-nigeria,Nigeria,Wikipedia,https://en.wikipedia.org/wiki/Nigeria,reference,,
NIC:britannica-nicaragua,NIC,britannica-nicaragua,Nicaragua,Encyclopædia Britannica,https://www.britannica.com/place/Nicaragua,encyclopedia,,
NIC:britannica-history-nicaragua,NIC,britannica-history-nicaragua,History of Nicaragua,Encyclopædia Britannica,https://www.britannica.com/topic/history-of-Nicaragua,encyclopedia,,
NIC:britannica-nicarao,NIC,britannica-nicarao,Nicarao (people),Encyclopædia Britannica,https://www.britannica.com/topic/Nicarao,encyclopedia,,
NIC:unesco-leon-viejo,NIC,unesco-leon-viejo,Ruins of León Viejo,UNESCO World Heritage Centre,https://whc.unesco.org/en/list/613/,gov,,
NIC:britannica-leon,NIC,britannica-leon,"León, Nicaragua",Encyclopædia Britannica,https://www.britannica.com/place/Leon-Nicaragua,encyclopedia,,
NIC:britannica-mosquito-coast,NIC,britannica-mosquito-coast,Mosquito Coast,Encyclopædia Britannica,https://www.britannica.com/place/Mosquito-Coast,encyclopedia,,
NIC:britannica-william-walker,NIC,britannica-william-walker,William Walker,Encyclopædia Britannica,https://www.britannica.com/biography/William-Walker,encyclopedia,,
NIC:history-state-filibuster,NIC,history-state-filibuster,"Territorial Expansion, Filibustering, and U.S. Interest in Central America","U.S. Department of State, Office of the Historian",https://history.state.gov/milestones/1830-1860/territorial-expansion,gov,,
NIC:britannica-sandino,NIC,britannica-sandino,César Augusto Sandino,Encyclopædia Britannica,https://www.britannica.com/biography/Cesar-Augusto-Sandino,encyclopedia,,
NIC:britannica-somoza-family,NIC,britannica-somoza-family,Somoza family,Encyclopædia Britannica,https://www.britannica.com/topic/Somoza-family,encyclopedia,,
NIC:britannica-somoza-garcia,NIC,britannica-somoza-garcia,Anastasio Somoza (García),Encyclopædia Britannica,https://www.britannica.com/biography/Anastasio-Somoza,encyclopedia,,
NIC:britannica-somoza-debayle,NIC,britannica-somoza-debayle,Anastasio Somoza Debayle,Encyclopædia Britannica,https://www.britannica.com/biography/Anastasio-Somoza-Debayle,encyclopedia,,
NIC:britannica-sandinista,NIC,britannica-sandinista,Sandinista,Encyclopædia Britannica,https://www.britannica.com/topic/Sandinista,encyclopedia,,
NIC:britannica-sandinista-government,NIC,britannica-sandinista-government,Nicaragua: The Sandinista government,Encyclopædia Britannica,https://www.britannica.com/place/Nicaragua/The-Sandinista-government,encyclopedia,,
NIC:britannica-contra,NIC,britannica-contra,Contra (Nicaraguan counterrevolutionary),Encyclopædia Britannica,https://www.britannica.com/topic/contra-Nicaraguan-counterrevolutionary,encyclopedia,,
NIC:britannica-ortega,NIC,britannica-ortega,Daniel Ortega,Encyclopædia Britannica,https://www.britannica.com/biography/Daniel-Ortega,encyclopedia,,
NIC:britannica-ortega-return,NIC,britannica-ortega-return,Nicaragua: Ortega's return to power,Encyclopædia Britannica,https://www.britannica.com/place/Nicaragua/Ortegas-return-to-power,encyclopedia,,
NIC:ohchr-nicaragua-2018,NIC,ohchr-nicaragua-2018,Nicaragua: Human rights crisis demands action and accountability,UN Office of the High Commissioner for Human Rights (OHCHR),https://www.ohchr.org/en/press-releases/2018/08/nicaragua-human-rights-crisis-demands-action-and-accountability-un-report,gov,,
NIC:iachr-nicaragua-2018,NIC,iachr-nicaragua-2018,IACHR Updates Death Toll Records of Human Rights Crisis in Nicaragua,Inter-American Commission on Human Rights (OAS),https://www.oas.org/en/iachr/jsForm/?File=/en/iachr/media_center/preleases/2021/302.asp,gov,,
NIC:wikipedia-act-independence-ca,NIC,wikipedia-act-independence-ca,Act of Independence of Central America,Wikipedia,https://en.wikipedia.org/wiki/Act_of_Independence_of_Central_America,reference,,
NIC:statedept-nicaragua,NIC,statedept-nicaragua,A Guide to the United States' History of Recognition: Nicaragua,"U.S. Department of State, Office of the Historian",https://history.state.gov/countries/nicaragua,gov,,
NLD:britannica-netherlands,NLD,britannica-netherlands,Netherlands,Encyclopaedia Britannica,https://www.britannica.com/place/Netherlands,encyclopedia,,
NLD:britannica-eighty-years-war,NLD,britannica-eighty-years-war,Eighty Years' War,Encyclopaedia Britannica,https://www.britannica.com/event/Eighty-Years-War,encyclopedia,,
NLD:britannica-union-utrecht,NLD,britannica-union-utrecht,Union of Utrecht,Encyclopaedia Britannica,https://www.britannica.com/topic/Union-of-Utrecht,encyclopedia,,
NLD:britannica-westphalia,NLD,britannica-westphalia,Peace of Westphalia,Encyclopaedia Britannica,https://www.britannica.com/event/Peace-of-Westphalia,encyclopedia,,
NLD:britannica-voc,NLD,britannica-voc,Dutch East India Company (VOC),Encyclopaedia Britannica,https://www.britannica.com/topic/Dutch-East-India-Company,encyclopedia,,
NLD:britannica-batavian-republic,NLD,britannica-batavian-republic,Batavian Republic,Encyclopaedia Britannica,https://www.britannica.com/place/Batavian-Republic,encyclopedia,,
NLD:britannica-st-elizabeth,NLD,britannica-st-elizabeth,St. Elizabeth's flood,Encyclopaedia Britannica,https://www.britannica.com/event/St-Elizabeths-flood,encyclopedia,,
NLD:britannica-north-sea-flood,NLD,britannica-north-sea-flood,North Sea flood of 1953,Encyclopaedia Britannica,https://www.britannica.com/event/North-Sea-flood,encyclopedia,,
NLD:royal-house-william,NLD,royal-house-william,William of Orange (1533–1584),Royal House of the Netherlands,https://www.royal-house.nl/topics/william-of-orange-1533-1584,gov,,
NLD:royal-house-kingdom,NLD,royal-house-kingdom,History of the Kingdom of the Netherlands,Royal House of the Netherlands,https://www.royal-house.nl/topics/history-of-the-kingdom-of-the-netherlands,gov,,
NLD:rijksmuseum,NLD,rijksmuseum,Rijksmuseum collection and the Dutch Golden Age,"Rijksmuseum, Amsterdam",https://www.rijksmuseum.nl/en,museum,,
NLD:rijksmuseum-slavery,NLD,rijksmuseum-slavery,Slavery: the Rijksmuseum exhibition and Dutch colonial slavery,"Rijksmuseum, Amsterdam",https://www.rijksmuseum.nl/en/whats-on/exhibitions/past/slavery,museum,,
NLD:rmo-roman,NLD,rmo-roman,The Netherlands in Roman Times,Rijksmuseum van Oudheden (National Museum of Antiquities),https://www.rmo.nl/en/exhibitions/permanent-exhibitions/netherlands-in-roman-times/,museum,,
NLD:unesco-limes,NLD,unesco-limes,Frontiers of the Roman Empire – The Lower German Limes,UNESCO World Heritage Centre,https://whc.unesco.org/en/list/1631/,gov,,
NLD:ushmm-netherlands,NLD,ushmm-netherlands,The Netherlands (Holocaust Encyclopedia),United States Holocaust Memorial Museum,https://encyclopedia.ushmm.org/content/en/article/the-netherlands,museum,,
NLD:annefrank-victims,NLD,annefrank-victims,The Netherlands: the greatest number of Jewish victims in Western Europe,Anne Frank House,https://www.annefrank.org/en/anne-frank/go-in-depth/netherlands-greatest-number-jewish-victims-western-europe/,museum,,
NLD:niod-indonesia,NLD,niod-indonesia,"Independence, Decolonization, Violence and War in Indonesia, 1945–1950","NIOD Institute for War, Holocaust and Genocide Studies",https://www.niod.nl/en/projects/independence-decolonization-violence-and-war-indonesia-1945-1950,academic,,
NLD:wikipedia-act-abjuration,NLD,wikipedia-act-abjuration,Act of Abjuration,Wikipedia,https://en.wikipedia.org/wiki/Act_of_Abjuration,reference,,
NLD:nwe-eighty-years-war,NLD,nwe-eighty-years-war,Eighty Years' War,New World Encyclopedia,https://www.newworldencyclopedia.org/entry/Eighty_Years%27_War,encyclopedia,,
NOR:harald-snl,NOR,harald-snl,Harald 1 Hårfagre,Store norske leksikon,https://snl.no/Harald_1_H%C3%A5rfagre,encyclopedia,,
NOR:olav-snl,NOR,olav-snl,Olav den hellige,Store norske leksikon,https://snl.no/Olav_den_hellige,encyclopedia,,
NOR:kalmar-snl,NOR,kalmar-snl,Kalmarunionen,Store norske leksikon,https://snl.no/Kalmarunionen,encyclopedia,,
NOR:kiel-snl,NOR,kiel-snl,Kieltraktaten,Store norske leksikon,https://snl.no/Kieltraktaten,encyclopedia,,
NOR:svalbard-snl,NOR,svalbard-snl,Svalbard,Store norske leksikon,https://snl.no/Svalbard,encyclopedia,,
NOR:nasjonalromantikk-snl,NOR,nasjonalromantikk-snl,Nasjonalromantikken,Store norske leksikon,https://snl.no/nasjonalromantikken,encyclopedia,,
NOR:bryggen-snl,NOR,bryggen-snl,Bryggen i Bergen,Store norske leksikon,https://snl.no/Bryggen_i_Bergen,encyclopedia,,
NOR:norway-kiel-britannica,NOR,norway-kiel-britannica,Norway: The Treaty of Kiel,Encyclopaedia Britannica,https://www.britannica.com/place/Norway/The-Treaty-of-Kiel,encyclopedia,,
NOR:kiel-event-britannica,NOR,kiel-event-britannica,Treaty of Kiel,Encyclopaedia Britannica,https://www.britannica.com/event/Treaty-of-Kiel,encyclopedia,,
NOR:norway-union-britannica,NOR,norway-union-britannica,"Norway: The union conflict, 1859–1905",Encyclopaedia Britannica,https://www.britannica.com/place/Norway/The-union-conflict-1859-1905,encyclopedia,,
NOR:haakon-britannica,NOR,haakon-britannica,Haakon VII,Encyclopaedia Britannica,https://www.britannica.com/biography/Haakon-VII,encyclopedia,,
NOR:norway-ww2-britannica,NOR,norway-ww2-britannica,Norway: World War II,Encyclopaedia Britannica,https://www.britannica.com/place/Norway/World-War-II,encyclopedia,,
NOR:eidsvoll-1814,NOR,eidsvoll-1814,The story of 1814 in 1-2-3,Eidsvoll 1814 (Norwegian national museum),https://eidsvoll1814.no/en/the-story-of-1814-in-123,museum,,
NOR:svalbard-storting,NOR,svalbard-storting,The Svalbard Treaty,Stortinget (Parliament of Norway),https://www.stortinget.no/en/In-English/About-the-Storting/historical-highlights/the-svalbard-treaty/,gov,,
NOR:greenland-pcij,NOR,greenland-pcij,"Legal Status of Eastern Greenland (Denmark v. Norway), 1933",Permanent Court of International Justice,https://www.worldcourts.com/pcij/eng/decisions/1933.04.05_greenland.htm,primary,,
NOR:quisling-regjeringen,NOR,quisling-regjeringen,Vidkun Quisling's illegal government in Oslo 1940,Government of Norway (regjeringen.no),https://www.regjeringen.no/en/the-government/previous-governments/regjeringer-siden-1814/historiske-regjeringer/norways-governments-1940-1945/vidkun-quislings-illegal-government-in-oslo-1940/id2602597/,gov,,
NOR:ekofisk-industriminne,NOR,ekofisk-industriminne,The discovery which changed Norway – Ekofisk,Norwegian Petroleum Museum (industriminne),https://ekofisk.industriminne.no/en/the-discovery-which-changed-norway/,museum,,
NOR:eu-norway-gov,NOR,eu-norway-gov,Norway and the EU: Historical overview,Mission of Norway to the EU (norway.no),https://www.norway.no/en/missions/eu/areas-of-cooperation/historical-overview/,gov,,
NOR:barents-regjeringen,NOR,barents-regjeringen,Agreement reached between Norway and the Russian Federation in the negotiations on maritime delimitation,Government of Norway (regjeringen.no),https://www.regjeringen.no/en/aktuelt/maritime_delimitation/id601942,gov,,
NOR:barents-faq-regjeringen,NOR,barents-faq-regjeringen,The maritime delimitation between Norway and Russia: Frequently Asked Questions,Government of Norway (regjeringen.no),https://www.regjeringen.no/en/topics/foreign-affairs/international-law/innsikt_delelinje/questions/id614010/,gov,,
NOR:barents-asil,NOR,barents-asil,Norway and Russia Agree on Maritime Boundary in the Barents Sea and the Arctic Ocean,American Society of International Law (ASIL Insights),https://www.asil.org/insights/volume/14/issue/34/norway-and-russia-agree-maritime-boundary-barents-sea-and-arctic-ocean,academic,,
NOR:bryggen-unesco,NOR,bryggen-unesco,Bryggen (World Heritage List),UNESCO World Heritage Centre,https://whc.unesco.org/en/list/59/,gov,,
NOR:wikipedia-harald-fairhair,NOR,wikipedia-harald-fairhair,Harald Fairhair,Wikipedia,https://en.wikipedia.org/wiki/Harald_Fairhair,reference,,
NOR:wikipedia-denmark-norway,NOR,wikipedia-denmark-norway,Denmark–Norway,Wikipedia,https://en.wikipedia.org/wiki/Denmark%E2%80%93Norway,reference,,
NPL:britannica-nepal-history,NPL,britannica-nepal-history,"Nepal — History (Himalayas, Monarchy, Unification)",Encyclopædia Britannica,https://www.britannica.com/place/Nepal/History,encyclopedia,,
NPL:britannica-licchavi,NPL,britannica-licchavi,Licchavi era,Encyclopædia Britannica,https://www.britannica.com/event/Licchavi-era,encyclopedia,,
NPL:britannica-malla,NPL,britannica-malla,Malla era,Encyclopædia Britannica,https://www.britannica.com/event/Malla-era,encyclopedia,,
NPL:britannica-yaksha-malla,NPL,britannica-yaksha-malla,Yaksha Malla,Encyclopædia Britannica,https://www.britannica.com/biography/Yaksha-Malla,encyclopedia,,
NPL:britannica-prithvi,NPL,britannica-prithvi,Prithvi Narayan Shah,Encyclopædia Britannica,https://www.britannica.com/biography/Prithvi-Narayan-Shah,encyclopedia,,
NPL:britannica-anglo-nepalese,NPL,britannica-anglo-nepalese,Anglo-Nepalese War,Encyclopædia Britannica,https://www.britannica.com/topic/Anglo-Nepalese-War,encyclopedia,,
NPL:britannica-sugauli,NPL,britannica-sugauli,"Treaty of Sagauli (Sugauli), 1816",Encyclopædia Britannica,https://www.britannica.com/event/Treaty-of-Sagauli,encyclopedia,,
NPL:britannica-jung-bahadur,NPL,britannica-jung-bahadur,Jung Bahadur,Encyclopædia Britannica,https://www.britannica.com/biography/Jung-Bahadur,encyclopedia,,
NPL:britannica-rana,NPL,britannica-rana,Rana era,Encyclopædia Britannica,https://www.britannica.com/event/Rana-era,encyclopedia,,
NPL:britannica-nepal-fall,NPL,britannica-nepal-fall,Nepal — Fall of the monarchy,Encyclopædia Britannica,https://www.britannica.com/place/Nepal/Fall-of-the-monarchy,encyclopedia,,
NPL:britannica-nepal-federal,NPL,britannica-nepal-federal,Nepal — Federal republic,Encyclopædia Britannica,https://www.britannica.com/place/Nepal/Federal-republic,encyclopedia,,
NPL:britannica-quake-2015,NPL,britannica-quake-2015,Nepal earthquake of 2015,Encyclopædia Britannica,https://www.britannica.com/topic/Nepal-earthquake-of-2015,encyclopedia,,
NPL:unesco-lumbini,NPL,unesco-lumbini,"Lumbini, the Birthplace of the Lord Buddha",UNESCO World Heritage Centre,https://whc.unesco.org/en/list/666/,gov,,
NPL:unesco-kathmandu,NPL,unesco-kathmandu,Kathmandu Valley World Heritage Site,UNESCO World Heritage Centre,https://whc.unesco.org/en/list/121/,gov,,
NPL:usgs-gorkha,NPL,usgs-gorkha,One Year After the M7.8 Nepal (Gorkha) Earthquake,U.S. Geological Survey,https://www.usgs.gov/news/featured-story/one-year-after-m78-nepal-earthquake,gov,,
NPL:loc-nepal,NPL,loc-nepal,Nepal and Bhutan: Country Studies,"U.S. Library of Congress, Federal Research Division",https://www.loc.gov/item/93012226/,gov,,
NPL:wikipedia-unification-nepal,NPL,wikipedia-unification-nepal,Unification of Nepal,Wikipedia,https://en.wikipedia.org/wiki/Unification_of_Nepal,reference,,
NPL:statedept-nepal,NPL,statedept-nepal,A Guide to the United States' History of Recognition: Nepal,"U.S. Department of State, Office of the Historian",https://history.state.gov/countries/nepal,gov,,
NZL:brit-nz,NZL,brit-nz,New Zealand (country),Encyclopaedia Britannica,https://www.britannica.com/place/New-Zealand,encyclopedia,,
NZL:brit-nz-wars,NZL,brit-nz-wars,New Zealand Wars,Encyclopaedia Britannica,https://www.britannica.com/topic/New-Zealand-Wars,encyclopedia,,
NZL:brit-sheppard,NZL,brit-sheppard,Kate Sheppard,Encyclopaedia Britannica,https://www.britannica.com/biography/Kate-Sheppard,encyclopedia,,
NZL:brit-ngata,NZL,brit-ngata,Apirana Ngata,Encyclopaedia Britannica,https://www.britannica.com/biography/Apirana-Ngata,encyclopedia,,
NZL:nzh-voyaging,NZL,nzh-voyaging,Pacific voyaging and discovery,NZ History (Manatū Taonga — Ministry for Culture and Heritage),https://nzhistory.govt.nz/page/pacific-voyaging-and-discovery,gov,,
NZL:teara-arrival,NZL,teara-arrival,Māori arrival and settlement,Te Ara — The Encyclopedia of New Zealand,https://teara.govt.nz/en/history/page-1,encyclopedia,,
NZL:nzh-european,NZL,nzh-european,European voyaging and discovery,NZ History (Manatū Taonga — Ministry for Culture and Heritage),https://nzhistory.govt.nz/page/european-voyaging-and-discovery,gov,,
NZL:teara-european,NZL,teara-european,European discovery of New Zealand,Te Ara — The Encyclopedia of New Zealand,https://teara.govt.nz/en/european-discovery-of-new-zealand,encyclopedia,,
NZL:nzh-marsden,NZL,nzh-marsden,Samuel Marsden conducts New Zealand's first Christian service,NZ History (Manatū Taonga — Ministry for Culture and Heritage),https://nzhistory.govt.nz/samuel-marsden-conducts-nzs-first-christian-service,gov,,
NZL:teara-marsden,NZL,teara-marsden,"Marsden, Samuel",Te Ara — The Encyclopedia of New Zealand,https://teara.govt.nz/en/1966/marsden-samuel,encyclopedia,,
NZL:teara-musket,NZL,teara-musket,Musket wars,Te Ara — The Encyclopedia of New Zealand,https://teara.govt.nz/en/musket-wars,encyclopedia,,
NZL:nzh-terauparaha,NZL,nzh-terauparaha,Te Rauparaha,NZ History (Manatū Taonga — Ministry for Culture and Heritage),https://nzhistory.govt.nz/people/te-rauparaha,gov,,
NZL:nzh-treaty-differences,NZL,nzh-treaty-differences,Differences between the texts of the Treaty of Waitangi,NZ History (Manatū Taonga — Ministry for Culture and Heritage),https://nzhistory.govt.nz/politics/treaty/read-the-Treaty/differences-between-the-texts,gov,,
NZL:teara-tiriti,NZL,teara-tiriti,Te Tiriti o Waitangi — the Treaty of Waitangi,Te Ara — The Encyclopedia of New Zealand,https://teara.govt.nz/en/te-tiriti-o-waitangi-the-treaty-of-waitangi,encyclopedia,,
NZL:teara-nz-wars,NZL,teara-nz-wars,New Zealand Wars,Te Ara — The Encyclopedia of New Zealand,https://teara.govt.nz/en/new-zealand-wars,encyclopedia,,
NZL:nzh-raupatu,NZL,nzh-raupatu,Raupatu — land confiscations,NZ History (Manatū Taonga — Ministry for Culture and Heritage),https://nzhistory.govt.nz/politics/the-maori-king-movement-1860-94/raupatu-confiscations,gov,,
NZL:nzh-suffrage,NZL,nzh-suffrage,New Zealand women and the vote,NZ History (Manatū Taonga — Ministry for Culture and Heritage),https://nzhistory.govt.nz/politics/womens-suffrage,gov,,
NZL:nzh-statute,NZL,nzh-statute,Statute of Westminster enacted,NZ History (Manatū Taonga — Ministry for Culture and Heritage),https://nzhistory.govt.nz/statute-of-westminster-passed-confirming-nz-autonomy,gov,,
NZL:teara-social-security,NZL,teara-social-security,Social security — scope of the 1938 legislation,Te Ara — The Encyclopedia of New Zealand,https://teara.govt.nz/en/1966/social-security/page-2,encyclopedia,,
NZL:teara-ngata,NZL,teara-ngata,"Ngata, Apirana Turupa",Te Ara — Dictionary of New Zealand Biography,https://teara.govt.nz/en/biographies/3n5/ngata-apirana-turupa,encyclopedia,,
NZL:teara-tribunal,NZL,teara-tribunal,Waitangi Tribunal — Te Rōpū Whakamana i te Tiriti o Waitangi,Te Ara — The Encyclopedia of New Zealand,https://teara.govt.nz/en/waitangi-tribunal-te-ropu-whakamana,encyclopedia,,
NZL:teara-tereo,NZL,teara-tereo,Te reo Māori — the Māori language,Te Ara — The Encyclopedia of New Zealand,https://teara.govt.nz/en/te-reo-maori-the-maori-language,encyclopedia,,
NZL:teara-settlements,NZL,teara-settlements,Ngā whakataunga tiriti — Treaty of Waitangi settlement process,Te Ara — The Encyclopedia of New Zealand,https://teara.govt.nz/en/nga-whakataunga-tiriti-treaty-of-waitangi-settlement-process,encyclopedia,,
NZL:unesco-tongariro,NZL,unesco-tongariro,Tongariro National Park,UNESCO World Heritage Centre,https://whc.unesco.org/en/list/421/,gov,,
NZL:unesco-tewahipounamu,NZL,unesco-tewahipounamu,Te Wahipounamu — South West New Zealand,UNESCO World Heritage Centre,https://whc.unesco.org/en/list/551/,gov,,
NZL:statedept-newzealand,NZL,statedept-newzealand,A Guide to the United States' History of Recognition: New Zealand,"U.S. Department of State, Office of the Historian",https://history.state.gov/countries/new-zealand,gov,,
OMN:britannica-oman,OMN,britannica-oman,Oman: The early period,Encyclopaedia Britannica,https://www.britannica.com/place/Oman/The-early-period,encyclopedia,,
OMN:britannica-restoration,OMN,britannica-restoration,Oman: Restoration of Omani rule,Encyclopaedia Britannica,https://www.britannica.com/place/Oman/Restoration-of-Omani-rule,encyclopedia,,
OMN:britannica-albusaid,OMN,britannica-albusaid,Al Bu Said dynasty,Encyclopaedia Britannica,https://www.britannica.com/topic/Al-Bu-Said-dynasty,encyclopedia,,
OMN:britannica-yarubid,OMN,britannica-yarubid,Yarubid dynasty,Encyclopaedia Britannica,https://www.britannica.com/topic/Yarubid-dynasty,encyclopedia,,
OMN:britannica-ahmad,OMN,britannica-ahmad,"Ahmad ibn Said, imam of Oman",Encyclopaedia Britannica,https://www.britannica.com/biography/Ahmad-ibn-Said,encyclopedia,,
OMN:britannica-said,OMN,britannica-said,"Said ibn Sultan, Omani ruler and Zanzibar sultan",Encyclopaedia Britannica,https://www.britannica.com/biography/Said-ibn-Sultan,encyclopedia,,
OMN:britannica-said-taimur,OMN,britannica-said-taimur,"Said ibn Taymur, sultan of Oman",Encyclopaedia Britannica,https://www.britannica.com/biography/Said-ibn-Taymur,encyclopedia,,
OMN:britannica-qaboos,OMN,britannica-qaboos,Qaboos bin Said: Biography and Facts,Encyclopaedia Britannica,https://www.britannica.com/biography/Qaboos-bin-Said,encyclopedia,,
OMN:britannica-haitham,OMN,britannica-haitham,"Haitham bin Tariq, sultan of Oman",Encyclopaedia Britannica,https://www.britannica.com/biography/Haitham-bin-Tariq,encyclopedia,,
OMN:britannica-ibadiyyah,OMN,britannica-ibadiyyah,"Ibadiyyah, Islamic sect",Encyclopaedia Britannica,https://www.britannica.com/topic/Ibadiyyah,encyclopedia,,
OMN:unesco-bat,OMN,unesco-bat,"Archaeological Sites of Bat, Al-Khutm and Al-Ayn",UNESCO World Heritage Centre,https://whc.unesco.org/en/list/434/,gov,,
OMN:unesco-frankincense,OMN,unesco-frankincense,Land of Frankincense,UNESCO World Heritage Centre,https://whc.unesco.org/en/list/1010/,gov,,
OMN:loc-ancient-oman,OMN,loc-ancient-oman,Ancient Oman: Archaeological Digs and Historical Discoveries in the Sultanate of Oman,Library of Congress,https://blogs.loc.gov/international-collections/2018/05/ancient-oman-archaeological-digs-and-historical-discoveries-in-the-sultanate-of-oman/,gov,,
OMN:fanack-imamates,OMN,fanack-imamates,Oman: History of Oman - The Imamates,Fanack,https://fanack.com/oman/history-of-oman/the-imamates/,reference,,
OMN:usembassy-history,OMN,usembassy-history,History of the U.S.-Oman Relationship,U.S. Embassy in Oman,https://om.usembassy.gov/history-of-the-u-s-oman-relationship/,gov,,
OMN:oman-fm-history,OMN,oman-fm-history,About Oman: The State - History,"Ministry of Foreign Affairs, Sultanate of Oman",https://www.fm.gov.om/en/about-oman/state/history/,gov,,
OMN:wikipedia-sultanate-oman,OMN,wikipedia-sultanate-oman,Sultanate of Oman,Wikipedia,https://en.wikipedia.org/wiki/Sultanate_of_Oman,reference,,
OMN:nwe-oman,OMN,nwe-oman,Oman,New World Encyclopedia,https://www.newworldencyclopedia.org/entry/Oman,encyclopedia,,
PAK:britannica-indus,PAK,britannica-indus,Indus civilization,Encyclopædia Britannica,https://www.britannica.com/topic/Indus-civilization,encyclopedia,,
PAK:britannica-mohenjodaro,PAK,britannica-mohenjodaro,Mohenjo-daro,Encyclopædia Britannica,https://www.britannica.com/place/Mohenjo-daro,encyclopedia,,
PAK:unesco-mohenjodaro,PAK,unesco-mohenjodaro,Archaeological Ruins at Moenjodaro,UNESCO World Heritage Centre,https://whc.unesco.org/en/list/138/,gov,,
PAK:britannica-taxila,PAK,britannica-taxila,Taxila,Encyclopædia Britannica,https://www.britannica.com/place/Taxila,encyclopedia,,
PAK:unesco-taxila,PAK,unesco-taxila,Taxila,UNESCO World Heritage Centre,https://whc.unesco.org/en/list/139/,gov,,
PAK:britannica-kanishka,PAK,britannica-kanishka,"Kanishka, Kushan emperor",Encyclopædia Britannica,https://www.britannica.com/biography/Kaniska,encyclopedia,,
PAK:loc-pakistan,PAK,loc-pakistan,Pakistan: A Country Study,"Library of Congress, Federal Research Division",https://www.loc.gov/item/95017247/,gov,,
PAK:britannica-mughal,PAK,britannica-mughal,Mughal dynasty,Encyclopædia Britannica,https://www.britannica.com/topic/Mughal-dynasty,encyclopedia,,
PAK:unesco-lahore,PAK,unesco-lahore,Fort and Shalamar Gardens in Lahore,UNESCO World Heritage Centre,https://whc.unesco.org/en/list/171/,gov,,
PAK:britannica-jinnah,PAK,britannica-jinnah,Mohammed Ali Jinnah,Encyclopædia Britannica,https://www.britannica.com/biography/Mohammed-Ali-Jinnah,encyclopedia,,
PAK:britannica-independenceact,PAK,britannica-independenceact,Indian Independence Act,Encyclopædia Britannica,https://www.britannica.com/topic/Indian-Independence-Act-1947,encyclopedia,,
PAK:britannica-radcliffe,PAK,britannica-radcliffe,Radcliffe Line,Encyclopædia Britannica,https://www.britannica.com/place/Radcliffe-Line,encyclopedia,,
PAK:britannica-liaquat,PAK,britannica-liaquat,Liaquat Ali Khan,Encyclopædia Britannica,https://www.britannica.com/biography/Liaquat-Ali-Khan,encyclopedia,,
PAK:britannica-zia,PAK,britannica-zia,Mohammad Zia-ul-Haq,Encyclopædia Britannica,https://www.britannica.com/biography/Mohammad-Zia-ul-Haq,encyclopedia,,
PAK:britannica-bangladesh,PAK,britannica-bangladesh,Bangladesh Liberation War,Encyclopædia Britannica,https://www.britannica.com/event/Bangladesh-Liberation-War,encyclopedia,,
PAK:britannica-1971war,PAK,britannica-1971war,1971 India-Pakistan War,Encyclopædia Britannica,https://www.britannica.com/event/1971-India-Pakistan-War,encyclopedia,,
PAK:britannica-bhutto,PAK,britannica-bhutto,Zulfikar Ali Bhutto,Encyclopædia Britannica,https://www.britannica.com/biography/Zulfikar-Ali-Bhutto,encyclopedia,,
PAK:statedept-pakistan,PAK,statedept-pakistan,A Guide to the United States' History of Recognition: Pakistan,"U.S. Department of State, Office of the Historian",https://history.state.gov/countries/pakistan,gov,,
PAK:wikipedia-pakistan,PAK,wikipedia-pakistan,Pakistan,Wikipedia,https://en.wikipedia.org/wiki/Pakistan,reference,,
PAN:britannica-balboa,PAN,britannica-balboa,Vasco Nunez de Balboa,Encyclopaedia Britannica,https://www.britannica.com/biography/Vasco-Nunez-de-Balboa,encyclopedia,,
PAN:britannica-panama,PAN,britannica-panama,Panama,Encyclopaedia Britannica,https://www.britannica.com/place/Panama,encyclopedia,,
PAN:loc-panama,PAN,loc-panama,Panama: A Country Study,Library of Congress Country Studies,https://countrystudies.us/panama/,gov,,
PAN:unesco-panama-viejo,PAN,unesco-panama-viejo,El Sitio Arqueológico de Panamá Viejo,Patronato Panamá Viejo,https://www.patronatopanamaviejo.org/sitio-arqueologico/,museum,,
PAN:unesco-portobelo,PAN,unesco-portobelo,Fortifications on the Caribbean Side of Panama: Portobelo-San Lorenzo,UNESCO World Heritage Centre,https://whc.unesco.org/en/list/135/,gov,,
PAN:britannica-morgan,PAN,britannica-morgan,Sir Henry Morgan,Encyclopaedia Britannica,https://www.britannica.com/biography/Henry-Morgan-Welsh-buccaneer,encyclopedia,,
PAN:state-panama-canal,PAN,state-panama-canal,The Panama Canal and the Torrijos-Carter Treaties,"U.S. Department of State, Office of the Historian",https://history.state.gov/milestones/1977-1980/panama-canal,gov,,
PAN:state-building-canal,PAN,state-building-canal,"Building the Panama Canal, 1903-1914","U.S. Department of State, Office of the Historian",https://2001-2009.state.gov/r/pa/ho/time/ip/17456.htm,gov,,
PAN:britannica-hay-bunau-varilla,PAN,britannica-hay-bunau-varilla,Hay-Bunau-Varilla Treaty,Encyclopaedia Britannica,https://www.britannica.com/event/Hay-Bunau-Varilla-Treaty,encyclopedia,,
PAN:britannica-torrijos,PAN,britannica-torrijos,Omar Torrijos,Encyclopaedia Britannica,https://www.britannica.com/biography/Omar-Torrijos,encyclopedia,,
PAN:britannica-just-cause,PAN,britannica-just-cause,United States invasion of Panama (Operation Just Cause),Encyclopaedia Britannica,https://www.britannica.com/topic/United-States-invasion-of-Panama,encyclopedia,,
PAN:britannica-canal-expansion,PAN,britannica-canal-expansion,Panama Canal: Capital Improvements and Expansion,Encyclopaedia Britannica,https://www.britannica.com/topic/Panama-Canal,encyclopedia,,
PAN:statedept-panama,PAN,statedept-panama,A Guide to the United States' History of Recognition: Panama,"U.S. Department of State, Office of the Historian",https://history.state.gov/countries/panama,gov,,
PER:britannica-peru-history,PER,britannica-peru-history,Peru: History,Encyclopaedia Britannica,https://www.britannica.com/place/Peru/History,encyclopedia,,
PER:britannica-peru-independence,PER,britannica-peru-independence,Peru: Achievement of independence,Encyclopaedia Britannica,https://www.britannica.com/place/Peru/Achievement-of-independence,encyclopedia,,
PER:britannica-peru-government,PER,britannica-peru-government,Peru: Government and society,Encyclopaedia Britannica,https://www.britannica.com/place/Peru/Government-and-society,encyclopedia,,
PER:britannica-pachacuti,PER,britannica-pachacuti,Pachacuti Inca Yupanqui,Encyclopaedia Britannica,https://www.britannica.com/biography/Pachacuti-Inca-Yupanqui,encyclopedia,,
PER:britannica-atahualpa,PER,britannica-atahualpa,Atahuallpa,Encyclopaedia Britannica,https://www.britannica.com/biography/Atahuallpa,encyclopedia,,
PER:britannica-pizarro,PER,britannica-pizarro,Francisco Pizarro,Encyclopaedia Britannica,https://www.britannica.com/biography/Francisco-Pizarro,encyclopedia,,
PER:britannica-cajamarca,PER,britannica-cajamarca,Battle of Cajamarca (1532),Encyclopaedia Britannica,https://www.britannica.com/event/Battle-of-Cajamarca-1532,encyclopedia,,
PER:britannica-viceroyalty-peru,PER,britannica-viceroyalty-peru,Viceroyalty of Peru,Encyclopaedia Britannica,https://www.britannica.com/place/Viceroyalty-of-Peru,encyclopedia,,
PER:britannica-tupac-amaru-ii,PER,britannica-tupac-amaru-ii,Tupac Amaru II,Encyclopaedia Britannica,https://www.britannica.com/biography/Tupac-Amaru-II,encyclopedia,,
PER:britannica-san-martin,PER,britannica-san-martin,Jose de San Martin,Encyclopaedia Britannica,https://www.britannica.com/biography/Jose-de-San-Martin,encyclopedia,,
PER:britannica-bolivar,PER,britannica-bolivar,Simon Bolivar,Encyclopaedia Britannica,https://www.britannica.com/biography/Simon-Bolivar,encyclopedia,,
PER:britannica-ayacucho,PER,britannica-ayacucho,Battle of Ayacucho,Encyclopaedia Britannica,https://www.britannica.com/event/Battle-of-Ayacucho,encyclopedia,,
PER:britannica-war-pacific,PER,britannica-war-pacific,War of the Pacific,Encyclopaedia Britannica,https://www.britannica.com/event/War-of-the-Pacific,encyclopedia,,
PER:britannica-shining-path,PER,britannica-shining-path,Shining Path,Encyclopaedia Britannica,https://www.britannica.com/topic/Shining-Path,encyclopedia,,
PER:britannica-guzman,PER,britannica-guzman,Abimael Guzman,Encyclopaedia Britannica,https://www.britannica.com/biography/Abimael-Guzman,encyclopedia,,
PER:unesco-caral,PER,unesco-caral,Sacred City of Caral-Supe,UNESCO World Heritage Centre,https://whc.unesco.org/en/list/1269/,gov,,
PER:unesco-chavin,PER,unesco-chavin,Chavin (Archaeological Site),UNESCO World Heritage Centre,https://whc.unesco.org/en/list/330/,gov,,
PER:unesco-nazca,PER,unesco-nazca,Lines and Geoglyphs of Nasca and Pampas de Jumana,UNESCO World Heritage Centre,https://whc.unesco.org/en/list/700/,gov,,
PER:unesco-cusco,PER,unesco-cusco,City of Cuzco,UNESCO World Heritage Centre,https://whc.unesco.org/en/list/273/,gov,,
PER:unesco-machu-picchu,PER,unesco-machu-picchu,Historic Sanctuary of Machu Picchu,UNESCO World Heritage Centre,https://whc.unesco.org/en/list/274/,gov,,
PER:wikipedia-peruvian-independence,PER,wikipedia-peruvian-independence,Peruvian War of Independence,Wikipedia,https://en.wikipedia.org/wiki/Peruvian_War_of_Independence,reference,,
PER:statedept-peru,PER,statedept-peru,A Guide to the United States' History of Recognition: Peru,"U.S. Department of State, Office of the Historian",https://history.state.gov/countries/peru,gov,,
PHL:britannica-philippines,PHL,britannica-philippines,Philippines (country overview and history),Encyclopaedia Britannica,https://www.britannica.com/place/Philippines,encyclopedia,,
PHL:britannica-sulu,PHL,britannica-sulu,Sulu Archipelago (Sultanate of Sulu),Encyclopaedia Britannica,https://www.britannica.com/place/Sulu-Archipelago,encyclopedia,,
PHL:britannica-maguindanao,PHL,britannica-maguindanao,Maguindanao people (Sultanate of Maguindanao; Sultan Kudarat),Encyclopaedia Britannica,https://www.britannica.com/topic/Maguindanao-people,encyclopedia,,
PHL:britannica-spanish-period,PHL,britannica-spanish-period,Philippines: The Spanish period (Legazpi; Manila; the Church),Encyclopaedia Britannica,https://www.britannica.com/place/Philippines/The-Spanish-period,encyclopedia,,
PHL:britannica-galleon,PHL,britannica-galleon,Manila galleon (Acapulco trade),Encyclopaedia Britannica,https://www.britannica.com/technology/Manila-galleon,encyclopedia,,
PHL:unesco-baroque-churches,PHL,unesco-baroque-churches,Baroque Churches of the Philippines,UNESCO World Heritage Centre,https://whc.unesco.org/en/list/677/,gov,,
PHL:britannica-revolution,PHL,britannica-revolution,Philippine Revolution (Katipunan; Bonifacio; Rizal's execution),Encyclopaedia Britannica,https://www.britannica.com/event/Philippine-Revolution,encyclopedia,,
PHL:nhcp-rizal,PHL,nhcp-rizal,Jose Rizal and the Revolution,National Historical Commission of the Philippines,https://nhcp.gov.ph/jose-rizal-and-the-revolution/,gov,,
PHL:britannica-independence-day,PHL,britannica-independence-day,Independence Day (Philippines): the 12 June 1898 declaration,Encyclopaedia Britannica,https://www.britannica.com/topic/Independence-Day-Philippines,encyclopedia,,
PHL:loc-aguinaldo,PHL,loc-aguinaldo,Emilio Aguinaldo y Famy (World of 1898 research guide),Library of Congress,https://guides.loc.gov/world-of-1898/emilio-aguinaldo-famy,gov,,
PHL:statedept-philamwar,PHL,statedept-philamwar,"The Philippine-American War, 1899-1902 (Treaty of Paris cession)","U.S. Department of State, Office of the Historian",https://history.state.gov/milestones/1899-1913/war,gov,,
PHL:britannica-philamwar,PHL,britannica-philamwar,Philippine-American War (and the Commonwealth),Encyclopaedia Britannica,https://www.britannica.com/event/Philippine-American-War,encyclopedia,,
PHL:britannica-aguinaldo,PHL,britannica-aguinaldo,Emilio Aguinaldo (biography),Encyclopaedia Britannica,https://www.britannica.com/biography/Emilio-Aguinaldo,encyclopedia,,
PHL:ww2museum-1946,PHL,ww2museum-1946,"July 4, 1946: The Philippines Gained Independence from the United States",The National WWII Museum,https://www.nationalww2museum.org/war/articles/july-4-1946-philippines-independence,museum,,
PHL:statedept-philippines,PHL,statedept-philippines,A Guide to the United States' History of Recognition: The Philippines,"U.S. Department of State, Office of the Historian",https://history.state.gov/countries/philippines,gov,,
PHL:britannica-martial-law,PHL,britannica-martial-law,Philippines: Martial law under Marcos,Encyclopaedia Britannica,https://www.britannica.com/place/Philippines/Martial-law,encyclopedia,,
PHL:britannica-marcos,PHL,britannica-marcos,Ferdinand Marcos (biography; martial law; People Power),Encyclopaedia Britannica,https://www.britannica.com/biography/Ferdinand-E-Marcos,encyclopedia,,
PHL:wikipedia-first-philippine-republic,PHL,wikipedia-first-philippine-republic,First Philippine Republic,Wikipedia,https://en.wikipedia.org/wiki/First_Philippine_Republic,reference,,
PHL:nwe-philippines,PHL,nwe-philippines,Philippines,New World Encyclopedia,https://www.newworldencyclopedia.org/entry/Philippines,encyclopedia,,
PNG:brit-png,PNG,brit-png,Papua New Guinea,Encyclopædia Britannica,https://www.britannica.com/place/Papua-New-Guinea,encyclopedia,,
PNG:brit-png-history,PNG,brit-png-history,Papua New Guinea — History,Encyclopædia Britannica,https://www.britannica.com/place/Papua-New-Guinea/History,encyclopedia,,
PNG:brit-png-colonial,PNG,brit-png-colonial,Papua New Guinea — The colonial period,Encyclopædia Britannica,https://www.britannica.com/place/Papua-New-Guinea/The-colonial-period,encyclopedia,,
PNG:brit-png-languages,PNG,brit-png-languages,Papua New Guinea — Languages,Encyclopædia Britannica,https://www.britannica.com/place/Papua-New-Guinea/Languages,encyclopedia,,
PNG:brit-kuk,PNG,brit-kuk,Kuk Early Agricultural Site,Encyclopædia Britannica,https://www.britannica.com/place/Kuk-Early-Agricultural-Site,encyclopedia,,
PNG:brit-mandate,PNG,brit-mandate,Class C mandate,Encyclopædia Britannica,https://www.britannica.com/topic/Class-C-mandate,encyclopedia,,
PNG:unesco-kuk,PNG,unesco-kuk,Kuk Early Agricultural Site — World Heritage List,UNESCO World Heritage Centre,https://whc.unesco.org/en/list/887,gov,,
PNG:awm-kokoda,PNG,awm-kokoda,Kokoda,Australian War Memorial,https://www.awm.gov.au/articles/encyclopedia/kokoda,museum,,
PNG:awm-bougainville-ww2,PNG,awm-bougainville-ww2,Bougainville's Hard Slog (1944–45 campaign),Australian War Memorial,https://www.awm.gov.au/articles/blog/bougainvilles-hard-slog,museum,,
PNG:anzac-kokoda,PNG,anzac-kokoda,"Australians in the Kokoda Track Campaign, 21 July to 16 November 1942","Anzac Portal, Australian Department of Veterans' Affairs",https://anzacportal.dva.gov.au/wars-and-missions/ww2/where/swpa/png/kokoda-1942,gov,,
PNG:naa-png-independence,PNG,naa-png-independence,Independence of Papua New Guinea,National Archives of Australia,https://www.naa.gov.au/help-your-research/fact-sheets/independence-papua-new-guinea,gov,,
PNG:statedept-png,PNG,statedept-png,A Guide to the United States' History of Recognition: Papua New Guinea,"U.S. Department of State, Office of the Historian",https://history.state.gov/countries/papua-new-guinea,gov,,
PNG:natarchives-uk-png,PNG,natarchives-uk-png,"Records of Papua New Guinea, 1883–1942",National Archives of Australia,https://www.naa.gov.au/help-your-research/fact-sheets/records-papua-new-guinea-1883-1942,archive,,
PNG:peo-papua,PNG,peo-papua,Administration of Papua,Parliamentary Education Office (Australia),https://peo.gov.au/understand-our-parliament/history-of-parliament/history-milestones/australian-parliament-history-timeline/events/administration-of-papua,gov,,
PNG:slnsw-png,PNG,slnsw-png,Papua New Guinea: forty years of independence,State Library of New South Wales,https://www.sl.nsw.gov.au/stories/papua-new-guinea-forty-years-independence,archive,,
PNG:concil-bougainville,PNG,concil-bougainville,Bougainville: the conflict in focus,Conciliation Resources,https://www.c-r.org/programme/pacific/bougainville-conflict-focus,reference,,
PNG:globalsec-bougainville,PNG,globalsec-bougainville,Bougainville,GlobalSecurity.org,https://www.globalsecurity.org/military/world/war/bougainville.htm,reference,,
PNG:unimelb-bougainville,PNG,unimelb-bougainville,The Bougainville referendum and beyond,"University of Melbourne, Laureate Program in Comparative Constitutional Law",https://law.unimelb.edu.au/constitutional-transformations/projects/completed-projects/the-bougainville-referendum-and-beyond,academic,,
PNG:cnn-bougainville,PNG,cnn-bougainville,Bougainville votes overwhelmingly for independence from Papua New Guinea,CNN,https://www.cnn.com/2019/12/11/asia/bougainville-papua-new-guinea-intl-hnk/index.html,reference,,
PNG:bbc-png,PNG,bbc-png,Papua New Guinea country profile,BBC News,https://www.bbc.com/news/world-asia-pacific-15436981,reference,,
PNG:wikipedia-png,PNG,wikipedia-png,Papua New Guinea,Wikipedia,https://en.wikipedia.org/wiki/Papua_New_Guinea,reference,,
POL:mieszko-britannica,POL,mieszko-britannica,Mieszko I,Encyclopaedia Britannica,https://www.britannica.com/biography/Mieszko-I,encyclopedia,,
POL:poland-history-britannica,POL,poland-history-britannica,Poland: History,Encyclopaedia Britannica,https://www.britannica.com/place/Poland/History,encyclopedia,,
POL:culture-baptism,POL,culture-baptism,Historical Facts about the Baptism of Poland,Culture.pl (Adam Mickiewicz Institute),https://culture.pl/en/article/historical-facts-about-the-baptism-of-poland,reference,,
POL:pma-crown,POL,pma-crown,1000 Years of the Polish Crown,Polish Museum of America,https://www.polishmuseumofamerica.org/1000-years-of-the-polish-crown/,museum,,
POL:casimir-britannica,POL,casimir-britannica,Casimir III the Great,Encyclopaedia Britannica,https://www.britannica.com/biography/Casimir-III,encyclopedia,,
POL:grunwald-britannica,POL,grunwald-britannica,Battle of Grunwald (1410),Encyclopaedia Britannica,https://www.britannica.com/event/Battle-of-Grunwald-1410,encyclopedia,,
POL:copernicus-britannica,POL,copernicus-britannica,Nicolaus Copernicus,Encyclopaedia Britannica,https://www.britannica.com/biography/Nicolaus-Copernicus,encyclopedia,,
POL:lublin-britannica,POL,lublin-britannica,Union of Lublin,Encyclopaedia Britannica,https://www.britannica.com/event/Union-of-Lublin,encyclopedia,,
POL:lublin-unesco,POL,lublin-unesco,The Act of the Union of Lublin document,UNESCO Memory of the World,https://www.unesco.org/en/memory-world/act-union-lublin-document,gov,,
POL:sobieski-britannica,POL,sobieski-britannica,John III Sobieski,Encyclopaedia Britannica,https://www.britannica.com/biography/John-III-Sobieski,encyclopedia,,
POL:deluge-reference,POL,deluge-reference,"The Deluge (Swedish invasion, 1655-1660)",Encyclopaedia Britannica,https://www.britannica.com/place/Poland/History,encyclopedia,,
POL:partitions-britannica,POL,partitions-britannica,Partitions of Poland,Encyclopaedia Britannica,https://www.britannica.com/event/Partitions-of-Poland,encyclopedia,,
POL:constitution1791-reference,POL,constitution1791-reference,Constitution of 3 May 1791,Polish History Museum / Google Arts & Culture,https://artsandculture.google.com/story/the-constitution-of-3-may-1791-polish-history-museum/GAUBxqydkc8F0A,museum,,
POL:partitioned-poland-reference,POL,partitioned-poland-reference,History of Poland (1795-1918),Encyclopaedia Britannica,https://www.britannica.com/place/Poland/History,encyclopedia,,
POL:chopin-britannica,POL,chopin-britannica,Frederic Chopin,Encyclopaedia Britannica,https://www.britannica.com/biography/Frederic-Chopin,encyclopedia,,
POL:pilsudski-britannica,POL,pilsudski-britannica,Jozef Pilsudski,Encyclopaedia Britannica,https://www.britannica.com/biography/Jozef-Pilsudski,encyclopedia,,
POL:invasion-ushmm,POL,invasion-ushmm,"Invasion of Poland, Fall 1939",United States Holocaust Memorial Museum,https://encyclopedia.ushmm.org/content/en/article/invasion-of-poland-fall-1939,museum,,
POL:invasion-britannica,POL,invasion-britannica,Invasion of Poland (1939),Encyclopaedia Britannica,https://www.britannica.com/event/Invasion-of-Poland,encyclopedia,,
POL:auschwitz-unesco,POL,auschwitz-unesco,Auschwitz Birkenau German Nazi Concentration and Extermination Camp (1940-1945),UNESCO World Heritage Centre,https://whc.unesco.org/en/list/31/,gov,,
POL:polish-victims-ushmm,POL,polish-victims-ushmm,Polish Victims,United States Holocaust Memorial Museum,https://encyclopedia.ushmm.org/content/en/article/polish-victims,museum,,
POL:solidarity-britannica,POL,solidarity-britannica,Solidarity (Polish trade union),Encyclopaedia Britannica,https://www.britannica.com/topic/Solidarity,encyclopedia,,
POL:walesa-britannica,POL,walesa-britannica,Lech Walesa,Encyclopaedia Britannica,https://www.britannica.com/biography/Lech-Walesa,encyclopedia,,
POL:jp2-britannica,POL,jp2-britannica,St. John Paul II,Encyclopaedia Britannica,https://www.britannica.com/biography/Saint-John-Paul-II,encyclopedia,,
POL:poland-eu-gov,POL,poland-eu-gov,Poland in the EU,Government of Poland (gov.pl),https://www.gov.pl/web/eu/poland-in-the-eu,gov,,
POL:wikipedia-mieszko,POL,wikipedia-mieszko,Mieszko I,Wikipedia,https://en.wikipedia.org/wiki/Mieszko_I,reference,,
POL:wikipedia-partitions-poland,POL,wikipedia-partitions-poland,Partitions of Poland,Wikipedia,https://en.wikipedia.org/wiki/Partitions_of_Poland,reference,,
PRI:britannica-pr-history,PRI,britannica-pr-history,Puerto Rico: History,Encyclopædia Britannica,https://www.britannica.com/place/Puerto-Rico/History,encyclopedia,,
PRI:britannica-ponce-de-leon,PRI,britannica-ponce-de-leon,Juan Ponce de León,Encyclopædia Britannica,https://www.britannica.com/biography/Juan-Ponce-de-Leon,encyclopedia,,
PRI:britannica-caparra,PRI,britannica-caparra,"Caparra, historical settlement",Encyclopædia Britannica,https://www.britannica.com/place/Caparra,encyclopedia,,
PRI:unesco-la-fortaleza,PRI,unesco-la-fortaleza,La Fortaleza and San Juan National Historic Site,UNESCO World Heritage Centre,https://whc.unesco.org/en/list/266,gov,,
PRI:nps-saju-elmorro,PRI,nps-saju-elmorro,"El Morro, San Juan National Historic Site",U.S. National Park Service,https://www.nps.gov/saju/learn/historyculture/el-morro.htm,gov,,
PRI:loc-lares-1868,PRI,loc-lares-1868,The Grito de Lares: The Rebellion of 1868,Library of Congress,https://www.loc.gov/collections/puerto-rico-books-and-pamphlets/articles-and-essays/nineteenth-century-puerto-rico/rebellion-of-1868/,gov,,
PRI:loc-1898-pr-overview,PRI,loc-1898-pr-overview,The Changing of the Guard: Puerto Rico in 1898,Library of Congress,https://guides.loc.gov/world-of-1898/puerto-rico-overview,gov,,
PRI:history-state-spanish-american-war,PRI,history-state-spanish-american-war,"The Spanish-American War, 1898","U.S. Department of State, Office of the Historian",https://history.state.gov/milestones/1866-1898/spanish-american-war,gov,,
PRI:loc-treaty-of-paris,PRI,loc-treaty-of-paris,Treaty of Paris of 1898,Library of Congress,https://guides.loc.gov/world-of-1898/treaty-of-paris,gov,,
PRI:britannica-us-rule,PRI,britannica-us-rule,Puerto Rico: Rule by the United States,Encyclopædia Britannica,https://www.britannica.com/place/Puerto-Rico/Rule-by-the-United-States,encyclopedia,,
PRI:loc-jones-act,PRI,loc-jones-act,1917: Jones-Shafroth Act,Library of Congress,https://guides.loc.gov/latinx-civil-rights/jones-shafroth-act,gov,,
PRI:britannica-jones-act,PRI,britannica-jones-act,Jones-Shafroth Act,Encyclopædia Britannica,https://www.britannica.com/event/Jones-Shafroth-Act,encyclopedia,,
PRI:britannica-albizu-campos,PRI,britannica-albizu-campos,Pedro Albizu Campos,Encyclopædia Britannica,https://www.britannica.com/biography/Pedro-Albizu-Campos,encyclopedia,,
PRI:britannica-munoz-marin,PRI,britannica-munoz-marin,Luis Muñoz Marín,Encyclopædia Britannica,https://www.britannica.com/biography/Luis-Munoz-Marin,encyclopedia,,
PRI:britannica-commonwealth,PRI,britannica-commonwealth,Puerto Rico: The Commonwealth,Encyclopædia Britannica,https://www.britannica.com/place/Puerto-Rico/The-commonwealth,encyclopedia,,
PRI:loc-pr-constitution,PRI,loc-pr-constitution,Guide to Law Online: Puerto Rico — Constitution,Library of Congress,https://guides.loc.gov/law-us-puerto-rico/constitution,gov,,
PRI:britannica-status-debate,PRI,britannica-status-debate,Puerto Rico: The Debate over Political Status,Encyclopædia Britannica,https://www.britannica.com/place/Puerto-Rico/The-debate-over-political-status,encyclopedia,,
PRI:britannica-hurricane-maria,PRI,britannica-hurricane-maria,Hurricane Maria,Encyclopædia Britannica,https://www.britannica.com/event/Hurricane-Maria,encyclopedia,,
PRI:wikipedia-puerto-rico,PRI,wikipedia-puerto-rico,Puerto Rico,Wikipedia,https://en.wikipedia.org/wiki/Puerto_Rico,reference,,
PRK:korea-place,PRK,korea-place,Korea (history),Encyclopaedia Britannica,https://www.britannica.com/place/Korea,encyclopedia,,
PRK:gojoseon-whe,PRK,gojoseon-whe,Gojoseon,World History Encyclopedia,https://www.worldhistory.org/Gojoseon/,encyclopedia,,
PRK:three-kingdoms,PRK,three-kingdoms,Three Kingdoms period,Encyclopaedia Britannica,https://www.britannica.com/topic/Three-Kingdoms-period,encyclopedia,,
PRK:joseon-dynasty,PRK,joseon-dynasty,Joseon dynasty,Encyclopaedia Britannica,https://www.britannica.com/topic/Joseon-dynasty,encyclopedia,,
PRK:korea-japanese-rule,PRK,korea-japanese-rule,Korea Under Japanese Rule,Encyclopaedia Britannica,https://www.britannica.com/topic/Korea-Under-Japanese-Rule,encyclopedia,,
PRK:history-north-korea,PRK,history-north-korea,History of North Korea,Encyclopaedia Britannica,https://www.britannica.com/topic/history-of-North-Korea,encyclopedia,,
PRK:kim-il-sung,PRK,kim-il-sung,Kim Il-Sung,Encyclopaedia Britannica,https://www.britannica.com/biography/Kim-Il-Sung,encyclopedia,,
PRK:kim-jong-il,PRK,kim-jong-il,Kim Jong Il,Encyclopaedia Britannica,https://www.britannica.com/biography/Kim-Jong-Il,encyclopedia,,
PRK:kim-jong-un,PRK,kim-jong-un,Kim Jong-Un,Encyclopaedia Britannica,https://www.britannica.com/biography/Kim-Jong-Eun,encyclopedia,,
PRK:juche,PRK,juche,Juche,Encyclopaedia Britannica,https://www.britannica.com/topic/Juche,encyclopedia,,
PRK:state-korean-war,PRK,state-korean-war,The Korean War and Japan's Recovery,"U.S. Department of State, Office of the Historian",https://history.state.gov/milestones/1945-1952/korean-war,gov,,
PRK:history-state-korean-war-short,PRK,history-state-korean-war-short,NSC-68 and the Korean War,"U.S. Department of State, Office of the Historian",https://history.state.gov/departmenthistory/short-history/koreanwar,gov,,
PRK:archives-korean-conflict,PRK,archives-korean-conflict,US Enters the Korean Conflict,U.S. National Archives,https://www.archives.gov/education/lessons/korean-conflict,gov,,
PRK:loc-country-study,PRK,loc-country-study,North Korea: A Country Study,"U.S. Library of Congress, Federal Research Division",https://www.loc.gov/item/2008028547/,gov,,
PRK:un-membership,PRK,un-membership,"United Nations Member States (admission of the two Koreas, 1991)",United Nations,https://www.un.org/en/about-us/member-states,gov,,
PRK:crs-nuclear,PRK,crs-nuclear,North Korea's Nuclear Weapons and Missile Programs,"U.S. Congressional Research Service, Library of Congress",https://www.congress.gov/crs-product/IF10472,gov,,
PRK:acatimeline,PRK,acatimeline,"Chronology of U.S.-North Korean Nuclear and Missile Diplomacy, 1985-2022",Arms Control Association,https://www.armscontrol.org/factsheets/chronology-us-north-korean-nuclear-and-missile-diplomacy-1985-2022,reference,,
PRK:wikipedia-goryeo,PRK,wikipedia-goryeo,Goryeo,Wikipedia,https://en.wikipedia.org/wiki/Goryeo,reference,,
PRK:wikipedia-korea-japanese-rule,PRK,wikipedia-korea-japanese-rule,Korea under Japanese rule,Wikipedia,https://en.wikipedia.org/wiki/Korea_under_Japanese_rule,reference,,
PRK:whe-goryeo,PRK,whe-goryeo,Goryeo,World History Encyclopedia,https://www.worldhistory.org/Goryeo/,encyclopedia,,
PRT:afonso-britannica,PRT,afonso-britannica,"Afonso I, king of Portugal",Encyclopaedia Britannica,https://www.britannica.com/biography/Afonso-I-king-of-Portugal,encyclopedia,,
PRT:portugal-reconquista-britannica,PRT,portugal-reconquista-britannica,Portugal: The kingdom and the Reconquista,Encyclopaedia Britannica,https://www.britannica.com/place/Portugal/The-kingdom-and-the-Reconquista,encyclopedia,,
PRT:portugal-history-britannica,PRT,portugal-history-britannica,History of Portugal,Encyclopaedia Britannica,https://www.britannica.com/topic/history-of-Portugal,encyclopedia,,
PRT:alcanices-britannica,PRT,alcanices-britannica,Treaty of Alcanices (1297),Encyclopaedia Britannica,https://www.britannica.com/topic/Treaty-of-Alcanices,encyclopedia,,
PRT:dinis-britannica,PRT,dinis-britannica,"Dinis, king of Portugal",Encyclopaedia Britannica,https://www.britannica.com/biography/Dinis,encyclopedia,,
PRT:henry-britannica,PRT,henry-britannica,Henry the Navigator,Encyclopaedia Britannica,https://www.britannica.com/biography/Henry-the-Navigator,encyclopedia,,
PRT:dias-britannica,PRT,dias-britannica,Bartolomeu Dias,Encyclopaedia Britannica,https://www.britannica.com/biography/Bartolomeu-Dias,encyclopedia,,
PRT:gama-britannica,PRT,gama-britannica,Vasco da Gama,Encyclopaedia Britannica,https://www.britannica.com/biography/Vasco-da-Gama,encyclopedia,,
PRT:cabral-britannica,PRT,cabral-britannica,Pedro Alvares Cabral,Encyclopaedia Britannica,https://www.britannica.com/biography/Pedro-Alvares-Cabral,encyclopedia,,
PRT:tordesillas-britannica,PRT,tordesillas-britannica,Treaty of Tordesillas (1494),Encyclopaedia Britannica,https://www.britannica.com/event/Treaty-of-Tordesillas,encyclopedia,,
PRT:belem-unesco,PRT,belem-unesco,Monastery of the Hieronymites and Tower of Belem in Lisbon,UNESCO World Heritage Centre,https://whc.unesco.org/en/list/263/,gov,,
PRT:iberian-union-britannica,PRT,iberian-union-britannica,"History of Portugal: Union of Spain and Portugal, 1580-1640",Encyclopaedia Britannica,https://www.britannica.com/topic/history-of-Portugal/Union-of-Spain-and-Portugal-1580-1640,encyclopedia,,
PRT:lisbon-quake-britannica,PRT,lisbon-quake-britannica,Lisbon earthquake of 1755,Encyclopaedia Britannica,https://www.britannica.com/event/Lisbon-earthquake-of-1755,encyclopedia,,
PRT:pombal-britannica,PRT,pombal-britannica,Marquis de Pombal,Encyclopaedia Britannica,https://www.britannica.com/biography/Marquis-de-Pombal,encyclopedia,,
PRT:peninsular-britannica,PRT,peninsular-britannica,Peninsular War,Encyclopaedia Britannica,https://www.britannica.com/event/Peninsular-War,encyclopedia,,
PRT:john-vi-britannica,PRT,john-vi-britannica,"John VI, king of Portugal",Encyclopaedia Britannica,https://www.britannica.com/biography/John-VI-king-of-Portugal,encyclopedia,,
PRT:pedro-i-britannica,PRT,pedro-i-britannica,"Pedro I, emperor of Brazil",Encyclopaedia Britannica,https://www.britannica.com/biography/Pedro-I,encyclopedia,,
PRT:salazar-britannica,PRT,salazar-britannica,Antonio de Oliveira Salazar,Encyclopaedia Britannica,https://www.britannica.com/biography/Antonio-de-Oliveira-Salazar,encyclopedia,,
PRT:estado-novo-britannica,PRT,estado-novo-britannica,Estado Novo (Portuguese history),Encyclopaedia Britannica,https://www.britannica.com/topic/Estado-Novo-Portuguese-history,encyclopedia,,
PRT:carnation-britannica,PRT,carnation-britannica,Revolution of the Carnations,Encyclopaedia Britannica,https://www.britannica.com/topic/Revolution-of-the-Carnations,encyclopedia,,
PRT:portugal-eu,PRT,portugal-eu,Portugal (EU member country profile),European Union (european-union.europa.eu),https://european-union.europa.eu/principles-countries-history/eu-countries/portugal_en,gov,,
PRT:olivenca-eulex,PRT,olivenca-eulex,"Written question on the Olivenca issue (Portugal/Spain) and the Ajuda Bridge, E-1298/2003",European Parliament / EUR-Lex Official Journal,https://eur-lex.europa.eu/LexUriServ/LexUriServ.do?uri=OJ:C:2003:280E:0127:0128:EN:PDF,gov,,
PRT:selvagens-state,PRT,selvagens-state,"Limits in the Seas No. 155, Portugal: Maritime Claims and Boundaries","U.S. Department of State, Office of Ocean and Polar Affairs",https://www.state.gov/wp-content/uploads/2025/01/LIS155-Portugal-508-FINAL-1-14-2024.pdf,gov,,
PRT:wikipedia-kingdom-portugal,PRT,wikipedia-kingdom-portugal,Kingdom of Portugal,Wikipedia,https://en.wikipedia.org/wiki/Kingdom_of_Portugal,reference,,
PRT:wikipedia-iberian-union,PRT,wikipedia-iberian-union,Iberian Union,Wikipedia,https://en.wikipedia.org/wiki/Iberian_Union,reference,,
PRT:nwe-portugal,PRT,nwe-portugal,Portugal,New World Encyclopedia,https://www.newworldencyclopedia.org/entry/Portugal,encyclopedia,,
PRY:britannica-paraguay,PRY,britannica-paraguay,Paraguay,Encyclopaedia Britannica,https://www.britannica.com/place/Paraguay,encyclopedia,,
PRY:britannica-history-paraguay,PRY,britannica-history-paraguay,History of Paraguay,Encyclopaedia Britannica,https://www.britannica.com/topic/history-of-Paraguay,encyclopedia,,
PRY:britannica-paraguay-colonial,PRY,britannica-paraguay-colonial,Paraguay: The colonial period,Encyclopaedia Britannica,https://www.britannica.com/place/Paraguay/Colonial-period,encyclopedia,,
PRY:britannica-asuncion,PRY,britannica-asuncion,Asuncion,Encyclopaedia Britannica,https://www.britannica.com/place/Asuncion,encyclopedia,,
PRY:britannica-francia,PRY,britannica-francia,Jose Gaspar Rodriguez de Francia,Encyclopaedia Britannica,https://www.britannica.com/biography/Jose-Gaspar-Rodriguez-de-Francia,encyclopedia,,
PRY:britannica-carlos-lopez,PRY,britannica-carlos-lopez,Carlos Antonio Lopez,Encyclopaedia Britannica,https://www.britannica.com/biography/Carlos-Antonio-Lopez,encyclopedia,,
PRY:britannica-solano-lopez,PRY,britannica-solano-lopez,Francisco Solano Lopez,Encyclopaedia Britannica,https://www.britannica.com/biography/Francisco-Solano-Lopez,encyclopedia,,
PRY:britannica-triple-alliance,PRY,britannica-triple-alliance,War of the Triple Alliance,Encyclopaedia Britannica,https://www.britannica.com/event/War-of-the-Triple-Alliance,encyclopedia,,
PRY:britannica-chaco-war,PRY,britannica-chaco-war,Chaco War,Encyclopaedia Britannica,https://www.britannica.com/event/Chaco-War,encyclopedia,,
PRY:britannica-stroessner,PRY,britannica-stroessner,Alfredo Stroessner,Encyclopaedia Britannica,https://www.britannica.com/biography/Alfredo-Stroessner,encyclopedia,,
PRY:britannica-lugo,PRY,britannica-lugo,Fernando Lugo,Encyclopaedia Britannica,https://www.britannica.com/biography/Fernando-Lugo,encyclopedia,,
PRY:britannica-itaipu,PRY,britannica-itaipu,Itaipu Dam,Encyclopaedia Britannica,https://www.britannica.com/topic/Itaipu-Dam,encyclopedia,,
PRY:britannica-guarani-language,PRY,britannica-guarani-language,Guarani language,Encyclopaedia Britannica,https://www.britannica.com/topic/Guarani-language,encyclopedia,,
PRY:unesco-jesuit-missions,PRY,unesco-jesuit-missions,Jesuit Missions of La Santisima Trinidad de Parana and Jesus de Tavarangue,UNESCO World Heritage Centre,https://whc.unesco.org/en/list/648/,gov,,
PRY:loc-paraguay-study,PRY,loc-paraguay-study,Paraguay: A Country Study,"Library of Congress, Federal Research Division",https://www.loc.gov/item/89600299/,gov,,
PRY:statedept-paraguay,PRY,statedept-paraguay,A Guide to the United States' History of Recognition: Paraguay,"U.S. Department of State, Office of the Historian",https://history.state.gov/countries/paraguay,gov,,
PSE:britannica-palestine,PSE,britannica-palestine,"Palestine - region, history",Encyclopaedia Britannica,https://www.britannica.com/place/Palestine,encyclopedia,,
PSE:wiki-canaan,PSE,wiki-canaan,Canaan,Wikipedia,https://en.wikipedia.org/wiki/Canaan,reference,,
PSE:britannica-philistines,PSE,britannica-philistines,Philistine - people,Encyclopaedia Britannica,https://www.britannica.com/topic/Philistine-people,encyclopedia,,
PSE:wiki-philistines,PSE,wiki-philistines,Philistines,Wikipedia,https://en.wikipedia.org/wiki/Philistines,reference,,
PSE:wiki-syria-palaestina,PSE,wiki-syria-palaestina,Syria Palaestina,Wikipedia,https://en.wikipedia.org/wiki/Syria_Palaestina,reference,,
PSE:wiki-muslim-conquest-jerusalem,PSE,wiki-muslim-conquest-jerusalem,First Muslim conquest of Jerusalem,Wikipedia,https://en.wikipedia.org/wiki/First_Muslim_conquest_of_Jerusalem,reference,,
PSE:britannica-dome-of-the-rock,PSE,britannica-dome-of-the-rock,Dome of the Rock,Encyclopaedia Britannica,https://www.britannica.com/topic/Dome-of-the-Rock,encyclopedia,,
PSE:britannica-crusades,PSE,britannica-crusades,Crusades,Encyclopaedia Britannica,https://www.britannica.com/event/Crusades,encyclopedia,,
PSE:britannica-saladin,PSE,britannica-saladin,Saladin,Encyclopaedia Britannica,https://www.britannica.com/biography/Saladin,encyclopedia,,
PSE:un-origins-palestine,PSE,un-origins-palestine,"Origins and Evolution of the Palestine Problem, Part I (1917-1947)",United Nations,https://www.un.org/unispal/history2/origins-and-evolution-of-the-palestine-problem/part-i-1917-1947/,gov,,
PSE:britannica-balfour,PSE,britannica-balfour,Balfour Declaration,Encyclopaedia Britannica,https://www.britannica.com/event/Balfour-Declaration,encyclopedia,,
PSE:un-resolution-181,PSE,un-resolution-181,General Assembly Resolution 181 (II): Future Government of Palestine,United Nations,https://www.un.org/unispal/document/auto-insert-185393/,primary,,
PSE:un-about-nakba,PSE,un-about-nakba,About the Nakba,United Nations (Question of Palestine),https://www.un.org/unispal/about-the-nakba/,gov,,
PSE:wiki-nakba,PSE,wiki-nakba,Nakba,Wikipedia,https://en.wikipedia.org/wiki/Nakba,reference,,
PSE:britannica-husseini,PSE,britannica-husseini,Amin al-Husayni,Encyclopaedia Britannica,https://www.britannica.com/biography/Amin-al-Husayni,encyclopedia,,
PSE:britannica-plo,PSE,britannica-plo,Palestine Liberation Organization (PLO),Encyclopaedia Britannica,https://www.britannica.com/topic/Palestine-Liberation-Organization,encyclopedia,,
PSE:britannica-six-day-war,PSE,britannica-six-day-war,Six-Day War,Encyclopaedia Britannica,https://www.britannica.com/event/Six-Day-War,encyclopedia,,
PSE:britannica-intifada,PSE,britannica-intifada,Intifada,Encyclopaedia Britannica,https://www.britannica.com/topic/intifada,encyclopedia,,
PSE:wiki-declaration-independence,PSE,wiki-declaration-independence,Palestinian Declaration of Independence,Wikipedia,https://en.wikipedia.org/wiki/Palestinian_Declaration_of_Independence,reference,,
PSE:britannica-gaza-blockade,PSE,britannica-gaza-blockade,Gaza Strip - Blockade,Encyclopaedia Britannica,https://www.britannica.com/place/Gaza-Strip,encyclopedia,,
PSE:wiki-gaza-blockade,PSE,wiki-gaza-blockade,Blockade of the Gaza Strip,Wikipedia,https://en.wikipedia.org/wiki/Blockade_of_the_Gaza_Strip,reference,,
PSE:un-res-67-19,PSE,un-res-67-19,General Assembly Resolution 67/19: Status of Palestine in the United Nations,United Nations (Security Council Report archive),https://www.securitycouncilreport.org/un-documents/document/ares6719.php,primary,,
PSE:wiki-res-67-19,PSE,wiki-res-67-19,United Nations General Assembly resolution 67/19,Wikipedia,https://en.wikipedia.org/wiki/United_Nations_General_Assembly_resolution_67/19,reference,,
PSE:wiki-gaza-war,PSE,wiki-gaza-war,Gaza war (2023-present),Wikipedia,https://en.wikipedia.org/wiki/Gaza_war,reference,,
PSE:icj-order-26jan2024,PSE,icj-order-26jan2024,Summary of the Order of 26 January 2024 (South Africa v. Israel),International Court of Justice,https://www.icj-cij.org/node/203454,primary,,
PSE:icj-case-192,PSE,icj-case-192,Application of the Genocide Convention in the Gaza Strip (South Africa v. Israel) - case overview,International Court of Justice,https://www.icj-cij.org/case/192,primary,,
PSE:un-anatomy-genocide,PSE,un-anatomy-genocide,Anatomy of a Genocide - Report of the Special Rapporteur (A/HRC/55/73),United Nations (Question of Palestine),https://www.un.org/unispal/document/anatomy-of-a-genocide-report-of-the-special-rapporteur-on-the-situation-of-human-rights-in-the-palestinian-territory-occupied-since-1967-to-human-rights-council-advance-unedited-version-a-hrc-55/,gov,,
PSE:ohchr-albanese-report,PSE,ohchr-albanese-report,Anatomy of a Genocide (A/HRC/55/73),United Nations Human Rights Council,https://digitallibrary.un.org/record/4060409,gov,,
PSE:amnesty-genocide-report,PSE,amnesty-genocide-report,Amnesty International concludes Israel is committing genocide against Palestinians in Gaza,Amnesty International,https://www.amnesty.org/en/latest/news/2024/12/amnesty-international-concludes-israel-is-committing-genocide-against-palestinians-in-gaza/,gov,,
PSE:hrw-genocide-water,PSE,hrw-genocide-water,Extermination and Acts of Genocide: Israel Deliberately Depriving Palestinians in Gaza of Water,Human Rights Watch,https://www.hrw.org/report/2024/12/19/extermination-and-acts-genocide/israel-deliberately-depriving-palestinians-gaza,gov,,
PSE:ohchr-coi-genocide,PSE,ohchr-coi-genocide,"Israel has committed genocide in the Gaza Strip, UN Commission finds",United Nations (OHCHR),https://www.ohchr.org/en/press-releases/2025/09/israel-has-committed-genocide-gaza-strip-un-commission-finds,gov,,
PSE:britannica-arafat,PSE,britannica-arafat,Yasser Arafat,Encyclopaedia Britannica,https://www.britannica.com/biography/Yasser-Arafat,encyclopedia,,
PSE:britannica-darwish,PSE,britannica-darwish,Mahmoud Darwish,Encyclopaedia Britannica,https://www.britannica.com/biography/Mahmoud-Darwish,encyclopedia,,
PSE:nwe-palestine,PSE,nwe-palestine,Palestine,New World Encyclopedia,https://www.newworldencyclopedia.org/entry/Palestine,encyclopedia,,
QAT:unesco-zubarah,QAT,unesco-zubarah,Al Zubarah Archaeological Site,UNESCO World Heritage Centre,https://whc.unesco.org/en/list/1402/,gov,,
QAT:qm-zubarah,QAT,qm-zubarah,Al Zubarah: Qatar's Largest Heritage Site,Qatar Museums,https://qm.org.qa/en/visit/heritage-sites/al-zubarah/,museum,,
QAT:loc-gulf-studies,QAT,loc-gulf-studies,Persian Gulf States: Country Studies (Qatar),"Library of Congress, Federal Research Division",https://www.loc.gov/item/93046476/,gov,,
QAT:eb-qatar-history,QAT,eb-qatar-history,"Qatar: History (Persian Gulf, Oil, Gas)",Encyclopaedia Britannica,https://www.britannica.com/place/Qatar/History,encyclopedia,,
QAT:eb-history-qatar,QAT,eb-history-qatar,History of Qatar,Encyclopaedia Britannica,https://www.britannica.com/topic/history-of-Qatar,encyclopedia,,
QAT:diwan-mohammed,QAT,diwan-mohammed,Sheikh Mohammed bin Thani — Qatar's Rulers,"The Amiri Diwan, State of Qatar",https://www.diwan.gov.qa/about-qatar/qatars-rulers/sheikh-mohammed-bin-thani?sc_lang=en,gov,,
QAT:qatar-gov-wajba,QAT,qatar-gov-wajba,The Battle of Al-Wajba (The Founder),Government of Qatar (qatar.qa),https://www.qatar.qa/en/the-founder/alwajba-battle/,gov,,
QAT:qdl-treaty-1916,QAT,qdl-treaty-1916,Text of the Treaty of 3 November 1916 between His Majesty's Government and Sheikh Abdullah bin Jassim of al-Katar,Qatar Digital Library / British Library India Office Records,https://www.qdl.qa/en/archive/81055/vdc_100023626988.0x000002,primary,,
QAT:soh-qatar,QAT,soh-qatar,A Guide to U.S. Recognition and Diplomatic Relations: Qatar,"U.S. Department of State, Office of the Historian",https://history.state.gov/countries/qatar,gov,,
QAT:eb-hamad,QAT,eb-hamad,Sheikh Hamad ibn Khalifa Al Thani,Encyclopaedia Britannica,https://www.britannica.com/biography/Sheikh-Hamad-ibn-Khalifa-Al-Thani,encyclopedia,,
QAT:eb-tamim,QAT,eb-tamim,Sheikh Tamim ibn Hamad Al Thani,Encyclopaedia Britannica,https://www.britannica.com/biography/Sheikh-Tamim-ibn-Hamad-Al-Thani,encyclopedia,,
QAT:eb-aljazeera,QAT,eb-aljazeera,Al Jazeera,Encyclopaedia Britannica,https://www.britannica.com/topic/Al-Jazeera,encyclopedia,,
QAT:eb-worldcup-2022,QAT,eb-worldcup-2022,2022 FIFA World Cup,Encyclopaedia Britannica,https://www.britannica.com/sports/2022-FIFA-World-Cup,encyclopedia,,
QAT:wikipedia-history-qatar,QAT,wikipedia-history-qatar,History of Qatar,Wikipedia,https://en.wikipedia.org/wiki/History_of_Qatar,reference,,
ROU:dacia-britannica,ROU,dacia-britannica,Dacia,Encyclopaedia Britannica,https://www.britannica.com/place/Dacia,encyclopedia,,
ROU:decebalus-britannica,ROU,decebalus-britannica,Decebalus,Encyclopaedia Britannica,https://www.britannica.com/biography/Decebalus,encyclopedia,,
ROU:trajan-britannica,ROU,trajan-britannica,Trajan: Military campaigns,Encyclopaedia Britannica,https://www.britannica.com/biography/Trajan/Military-campaigns,encyclopedia,,
ROU:dacia-worldhistory,ROU,dacia-worldhistory,Dacia,World History Encyclopedia,https://www.worldhistory.org/Dacia/,encyclopedia,,
ROU:trajans-column-worldhistory,ROU,trajans-column-worldhistory,Trajan's Column,World History Encyclopedia,https://www.worldhistory.org/Trajans_Column/,encyclopedia,,
ROU:romania-britannica,ROU,romania-britannica,Romania,Encyclopaedia Britannica,https://www.britannica.com/place/Romania,encyclopedia,,
ROU:history-romania-britannica,ROU,history-romania-britannica,History of Romania,Encyclopaedia Britannica,https://www.britannica.com/topic/history-of-Romania,encyclopedia,,
ROU:antonescu-britannica,ROU,antonescu-britannica,Ion Antonescu,Encyclopaedia Britannica,https://www.britannica.com/biography/Ion-Antonescu,encyclopedia,,
ROU:moldova-britannica,ROU,moldova-britannica,Moldova,Encyclopaedia Britannica,https://www.britannica.com/place/Moldova,encyclopedia,,
ROU:moldova-romania-origins,ROU,moldova-romania-origins,Moldova and Romania: A Long and Complicated Relationship,Origins (Ohio State University / Miami University),https://origins.osu.edu/read/moldova-and-romania-long-and-complicated-relationship,academic,,
ROU:horezu-unesco,ROU,horezu-unesco,Monastery of Horezu,UNESCO World Heritage Centre,https://whc.unesco.org/en/list/597/,gov,,
ROU:sighisoara-unesco,ROU,sighisoara-unesco,Historic Centre of Sighisoara,UNESCO World Heritage Centre,https://whc.unesco.org/en/list/902/,gov,,
ROU:dacian-fortresses-unesco,ROU,dacian-fortresses-unesco,Dacian Fortresses of the Orastie Mountains,UNESCO World Heritage Centre,https://whc.unesco.org/en/list/906/,gov,,
ROU:walachia-britannica,ROU,walachia-britannica,Walachia,Encyclopaedia Britannica,https://www.britannica.com/place/Walachia,encyclopedia,,
ROU:stephen-britannica,ROU,stephen-britannica,"Stephen, prince of Moldavia (Stephen the Great)",Encyclopaedia Britannica,https://www.britannica.com/biography/Stephen-prince-of-Moldavia,encyclopedia,,
ROU:vlad-britannica,ROU,vlad-britannica,Vlad the Impaler,Encyclopaedia Britannica,https://www.britannica.com/biography/Vlad-the-Impaler,encyclopedia,,
ROU:moldavia-churches-unesco,ROU,moldavia-churches-unesco,Churches of Moldavia,UNESCO World Heritage Centre,https://whc.unesco.org/en/list/598/,gov,,
ROU:union-actmedia,ROU,union-actmedia,24 January 1859: A Glimpse on the Union of Romanian Principalities,AGERPRES / ACT Media,https://actmedia.eu/daily/24-january-1859-a-glimpse-on-the-union-of-romanian-principalities/101451,reference,,
ROU:carol-encyclopedia,ROU,carol-encyclopedia,Carol I,Encyclopedia.com,https://www.encyclopedia.com/people/history/romanian-history-biographies/carol-i,encyclopedia,,
ROU:trianon-britannica,ROU,trianon-britannica,Treaty of Trianon,Encyclopaedia Britannica,https://www.britannica.com/event/Treaty-of-Trianon,encyclopedia,,
ROU:ushmm-romania,ROU,ushmm-romania,Romania,United States Holocaust Memorial Museum,https://encyclopedia.ushmm.org/content/en/article/romania,museum,,
ROU:ceausescu-ebsco,ROU,ceausescu-ebsco,Ceausescu Is Overthrown in Romania,EBSCO Research Starters,https://www.ebsco.com/research-starters/history/ceausescu-overthrown-romania,reference,,
ROU:nato-2004,ROU,nato-2004,"Seven new members join NATO, 29 March 2004",North Atlantic Treaty Organization,https://www.nato.int/cps/en/natolive/news_20926.htm,gov,,
ROU:eu-ecb-2007,ROU,eu-ecb-2007,Bulgaria and Romania join the European Union,European Central Bank,https://www.ecb.europa.eu/press/pr/date/2007/html/pr070102_1.en.html,gov,,
ROU:icj-black-sea,ROU,icj-black-sea,"Maritime Delimitation in the Black Sea (Romania v. Ukraine), Judgment of 3 February 2009",International Court of Justice,https://www.icj-cij.org/case/132,primary,,
ROU:wikipedia-united-principalities,ROU,wikipedia-united-principalities,United Principalities of Moldavia and Wallachia,Wikipedia,https://en.wikipedia.org/wiki/United_Principalities_of_Moldavia_and_Wallachia,reference,,
ROU:statedept-romania,ROU,statedept-romania,A Guide to the United States' History of Recognition: Romania,"U.S. Department of State, Office of the Historian",https://history.state.gov/countries/romania,gov,,
RUS:britannica-russia,RUS,britannica-russia,Russia,Encyclopaedia Britannica,https://www.britannica.com/place/Russia,encyclopedia,,
RUS:britannica-kyivan-rus,RUS,britannica-kyivan-rus,Kyivan Rus,Encyclopaedia Britannica,https://www.britannica.com/topic/Kyivan-Rus,encyclopedia,,
RUS:wiki-christianization-rus,RUS,wiki-christianization-rus,Christianization of Kievan Rus',Wikipedia,https://en.wikipedia.org/wiki/Christianization_of_Kievan_Rus%27,encyclopedia,,
RUS:wiki-batu-khan,RUS,wiki-batu-khan,Batu Khan,Wikipedia,https://en.wikipedia.org/wiki/Batu_Khan,encyclopedia,,
RUS:britannica-ivan-iv,RUS,britannica-ivan-iv,Ivan the Terrible,Encyclopaedia Britannica,https://www.britannica.com/biography/Ivan-the-Terrible,encyclopedia,,
RUS:britannica-peter,RUS,britannica-peter,Peter the Great,Encyclopaedia Britannica,https://www.britannica.com/biography/Peter-the-Great,encyclopedia,,
RUS:britannica-catherine,RUS,britannica-catherine,Catherine the Great,Encyclopaedia Britannica,https://www.britannica.com/biography/Catherine-the-Great,encyclopedia,,
RUS:britannica-emancipation,RUS,britannica-emancipation,Emancipation Manifesto,Encyclopaedia Britannica,https://www.britannica.com/event/Emancipation-Manifesto,encyclopedia,,
RUS:britannica-russian-revolution,RUS,britannica-russian-revolution,Russian Revolution,Encyclopaedia Britannica,https://www.britannica.com/event/Russian-Revolution,encyclopedia,,
RUS:britannica-nicholas-ii,RUS,britannica-nicholas-ii,"Nicholas II, Emperor of Russia",Encyclopaedia Britannica,https://www.britannica.com/biography/Nicholas-II-tsar-of-Russia,encyclopedia,,
RUS:britannica-soviet-union,RUS,britannica-soviet-union,Soviet Union,Encyclopaedia Britannica,https://www.britannica.com/place/Soviet-Union,encyclopedia,,
RUS:britannica-holodomor,RUS,britannica-holodomor,Holodomor,Encyclopaedia Britannica,https://www.britannica.com/event/Holodomor,encyclopedia,,
RUS:britannica-great-purge,RUS,britannica-great-purge,Great Purge,Encyclopaedia Britannica,https://www.britannica.com/event/Great-Purge,encyclopedia,,
RUS:britannica-stalingrad,RUS,britannica-stalingrad,Battle of Stalingrad,Encyclopaedia Britannica,https://www.britannica.com/event/Battle-of-Stalingrad,encyclopedia,,
RUS:ushmm-eastern-front,RUS,ushmm-eastern-front,The Eastern Front: The German War against the Soviet Union,United States Holocaust Memorial Museum,https://encyclopedia.ushmm.org/content/en/article/the-soviet-union-and-the-eastern-front,museum,,
RUS:wiki-soviet-casualties,RUS,wiki-soviet-casualties,World War II casualties of the Soviet Union,Wikipedia,https://en.wikipedia.org/wiki/World_War_II_casualties_of_the_Soviet_Union,encyclopedia,,
RUS:britannica-collapse-ussr,RUS,britannica-collapse-ussr,The collapse of the Soviet Union,Encyclopaedia Britannica,https://www.britannica.com/event/the-collapse-of-the-Soviet-Union,encyclopedia,,
RUS:wiki-annexation-crimea,RUS,wiki-annexation-crimea,Annexation of Crimea by the Russian Federation,Wikipedia,https://en.wikipedia.org/wiki/Annexation_of_Crimea_by_the_Russian_Federation,encyclopedia,,
RUS:wikipedia-kievan-rus,RUS,wikipedia-kievan-rus,Kievan Rus',Wikipedia,https://en.wikipedia.org/wiki/Kievan_Rus%27,reference,,
RUS:wikipedia-mongol-invasion-rus,RUS,wikipedia-mongol-invasion-rus,Mongol invasion of Kievan Rus',Wikipedia,https://en.wikipedia.org/wiki/Mongol_invasion_of_Kievan_Rus%27,reference,,
RUS:whe-kievan-rus,RUS,whe-kievan-rus,Kievan Rus,World History Encyclopedia,https://www.worldhistory.org/Kievan_Rus/,encyclopedia,,
RWA:wiki-history-rwanda,RWA,wiki-history-rwanda,History of Rwanda,Wikipedia,https://en.wikipedia.org/wiki/History_of_Rwanda,reference,,
RWA:wiki-kingdom-rwanda,RWA,wiki-kingdom-rwanda,Kingdom of Rwanda,Wikipedia,https://en.wikipedia.org/wiki/Kingdom_of_Rwanda,reference,,
RWA:wiki-rwabugiri,RWA,wiki-rwabugiri,Kigeli IV Rwabugiri,Wikipedia,https://en.wikipedia.org/wiki/Kigeli_IV_Rwabugiri,reference,,
RWA:wiki-musinga,RWA,wiki-musinga,Yuhi V Musinga,Wikipedia,https://en.wikipedia.org/wiki/Yuhi_V_Musinga,reference,,
RWA:wiki-rwandan-revolution,RWA,wiki-rwandan-revolution,Rwandan Revolution,Wikipedia,https://en.wikipedia.org/wiki/Rwandan_Revolution,reference,,
RWA:wiki-1961-referendum,RWA,wiki-1961-referendum,1961 Rwandan monarchy referendum,Wikipedia,https://en.wikipedia.org/wiki/1961_Rwandan_monarchy_referendum,reference,,
RWA:wiki-kayibanda,RWA,wiki-kayibanda,Grégoire Kayibanda,Wikipedia,https://en.wikipedia.org/wiki/Gr%C3%A9goire_Kayibanda,reference,,
RWA:ebsco-rise-rwanda,RWA,ebsco-rise-rwanda,Rise of Rwanda,EBSCO Research Starters,https://www.ebsco.com/research-starters/history/rise-rwanda,reference,,
RWA:un-historical-background,RWA,un-historical-background,Outreach Programme on the 1994 Genocide against the Tutsi in Rwanda — Historical Background,United Nations,https://www.un.org/en/preventgenocide/rwanda/historical-background.shtml,gov,,
RWA:un-prevent-genocide,RWA,un-prevent-genocide,Outreach Programme on the 1994 Genocide against the Tutsi in Rwanda and the United Nations,United Nations,https://www.un.org/en/preventgenocide/rwanda/,gov,,
RWA:ictr-genocide,RWA,ictr-genocide,The Genocide,United Nations International Criminal Tribunal for Rwanda (IRMCT),https://unictr.irmct.org/en/genocide,gov,,
RWA:ushmm-massacre,RWA,ushmm-massacre,Massacre of the Tutsi Minority,United States Holocaust Memorial Museum,https://www.ushmm.org/genocide-prevention/countries/rwanda/massacre-of-the-tutsi-minority,museum,,
RWA:ushmm-divided,RWA,ushmm-divided,Divided by Ethnicity,United States Holocaust Memorial Museum,https://www.ushmm.org/genocide-prevention/countries/rwanda/divided-by-ethnicity,museum,,
RWA:preventgenocide-idcard,RWA,preventgenocide-idcard,Indangamuntu 1994: The role of the identity card in the genocide,Prevent Genocide International (Jim Fussell),http://www.preventgenocide.org/edu/pastgenocides/rwanda/indangamuntu.htm,academic,,
RWA:eb-habyarimana,RWA,eb-habyarimana,Juvénal Habyarimana,Encyclopædia Britannica,https://www.britannica.com/biography/Juvenal-Habyarimana,encyclopedia,,
RWA:eb-gacaca,RWA,eb-gacaca,Gacaca court,Encyclopædia Britannica,https://www.britannica.com/topic/gacaca-court,encyclopedia,,
RWA:marquette-justice,RWA,marquette-justice,Justice after genocide: Rwanda's journey toward accountability and healing,Marquette University,https://today.marquette.edu/2025/01/justice-after-genocide-rwandas-journey-toward-accountability-and-healing/,academic,,
RWA:wikipedia-kingdom-rwanda,RWA,wikipedia-kingdom-rwanda,Kingdom of Rwanda,Wikipedia,https://en.wikipedia.org/wiki/Kingdom_of_Rwanda,reference,,
RWA:statedept-rwanda,RWA,statedept-rwanda,A Guide to the United States' History of Recognition: Rwanda,"U.S. Department of State, Office of the Historian",https://history.state.gov/countries/rwanda,gov,,
SAU:britannica-saudi-kingdom,SAU,britannica-saudi-kingdom,Saudi Arabia: The Kingdom of Saudi Arabia,Encyclopaedia Britannica,https://www.britannica.com/place/Saudi-Arabia,encyclopedia,,
SAU:britannica-ibn-saud,SAU,britannica-ibn-saud,"Ibn Saud: Biography, History, Children, and Facts",Encyclopaedia Britannica,https://www.britannica.com/biography/Ibn-Saud,encyclopedia,,
SAU:britannica-hijrah,SAU,britannica-hijrah,"Hijrah: History, Definition, and Importance",Encyclopaedia Britannica,https://www.britannica.com/event/Hijrah-Islam,encyclopedia,,
SAU:britannica-arabia,SAU,britannica-arabia,Saudi Arabia: A Country Study,"U.S. Library of Congress, Federal Research Division",https://tile.loc.gov/storage-services/master/frd/frdcstdy/sa/saudiarabiacount00metz_0/saudiarabiacount00metz_0.pdf,gov,,
SAU:britannica-jeddah,SAU,britannica-jeddah,"Treaty of Jeddah (United Kingdom-Saudi Arabia, 1927)",Encyclopaedia Britannica,https://www.britannica.com/topic/Treaty-of-Jeddah,encyclopedia,,
SAU:unesco-hegra,SAU,unesco-hegra,Hegra Archaeological Site (al-Hijr / Madain Salih),UNESCO World Heritage Centre,https://whc.unesco.org/en/list/1293/,gov,,
SAU:unesco-diriyah,SAU,unesco-diriyah,At-Turaif District in ad-Dariyah,UNESCO World Heritage Centre,https://whc.unesco.org/en/list/1329/,gov,,
SAU:saudipedia-hegra,SAU,saudipedia-hegra,Hegra (Madain Salih),Saudipedia,https://saudipedia.com/en/article/738/history/landmarks-and-monuments/hegra-madain-salih,reference,,
SAU:saudipedia-first-state,SAU,saudipedia-first-state,First Saudi State,Saudipedia,https://saudipedia.com/en/article/651/history/the-first-saudi-state/first-saudi-state,reference,,
SAU:saudipedia-second-state,SAU,saudipedia-second-state,Second Saudi State,Saudipedia,https://saudipedia.com/en/article/653/history/the-second-saudi-state/second-saudi-state,reference,,
SAU:saudipedia-unification,SAU,saudipedia-unification,When Was the Unification of Saudi Arabia Officially Announced?,Saudipedia,https://saudipedia.com/en/article/4884/history/history-of-the-kingdom-of-saudi-arabia/when-was-the-unification-of-saudi-arabia-officially-announced,reference,,
SAU:saudipedia-oil,SAU,saudipedia-oil,Oil Discovery in Saudi Arabia,Saudipedia,https://saudipedia.com/en/article/1051/economy-and-business/energy-and-natural-resources/oil-discovery-in-saudi-arabia,reference,,
SAU:wiki-proclamation,SAU,wiki-proclamation,Proclamation of the Kingdom of Saudi Arabia,Wikipedia,https://en.wikipedia.org/wiki/Proclamation_of_the_Kingdom_of_Saudi_Arabia,reference,,
SAU:wiki-unification,SAU,wiki-unification,Unification of Saudi Arabia,Wikipedia,https://en.wikipedia.org/wiki/Unification_of_Saudi_Arabia,reference,,
SAU:wiki-ibn-saud,SAU,wiki-ibn-saud,Ibn Saud,Wikipedia,https://en.wikipedia.org/wiki/Ibn_Saud,reference,,
SAU:wiki-muhammad,SAU,wiki-muhammad,Muhammad,Wikipedia,https://en.wikipedia.org/wiki/Muhammad,reference,,
SAU:wiki-first-state,SAU,wiki-first-state,First Saudi state,Wikipedia,https://en.wikipedia.org/wiki/First_Saudi_state,reference,,
SAU:wiki-second-state,SAU,wiki-second-state,Second Saudi state,Wikipedia,https://en.wikipedia.org/wiki/Second_Saudi_state,reference,,
SAU:wiki-siege-diriyah,SAU,wiki-siege-diriyah,Siege of Diriyah (1818),Wikipedia,https://en.wikipedia.org/wiki/Siege_of_Diriyah,reference,,
SAU:wiki-battle-riyadh,SAU,wiki-battle-riyadh,Battle of Riyadh (1902),Wikipedia,https://en.wikipedia.org/wiki/Battle_of_Riyadh,reference,,
SAU:wiki-jeddah-treaty,SAU,wiki-jeddah-treaty,Treaty of Jeddah (1927),Wikipedia,https://en.wikipedia.org/wiki/Treaty_of_Jeddah_(1927),reference,,
SAU:wiki-sharifate,SAU,wiki-sharifate,Sharifate of Mecca,Wikipedia,https://en.wikipedia.org/wiki/Sharifate_of_Mecca,reference,,
SAU:wiki-lihyan,SAU,wiki-lihyan,Lihyan,Wikipedia,https://en.wikipedia.org/wiki/Lihyan,reference,,
SAU:wiki-oil-history,SAU,wiki-oil-history,History of the oil industry in Saudi Arabia,Wikipedia,https://en.wikipedia.org/wiki/History_of_the_oil_industry_in_Saudi_Arabia,reference,,
SAU:wiki-dammam7,SAU,wiki-dammam7,Dammam No. 7,Wikipedia,https://en.wikipedia.org/wiki/Dammam_No._7,reference,,
SAU:majalla-kingdoms,SAU,majalla-kingdoms,The Arabian Peninsula: A cradle of ancient kingdoms,Al Majalla,https://en.majalla.com/node/324451/culture-social-affairs/arabian-peninsula-cradle-ancient-kingdoms,reference,,
SAU:baker-embargo,SAU,baker-embargo,The Arab Embargo 50 Years Ago Weaponized Oil,"Baker Institute for Public Policy, Rice University",https://www.bakerinstitute.org/research/arab-embargo-50-years-ago-weaponized-oil-inflict-economic-trauma-sound-familiar,academic,,
SAU:ebsco-faisal,SAU,ebsco-faisal,Faisal (King of Saudi Arabia),EBSCO Research Starters,https://www.ebsco.com/research-starters/history/faisal,reference,,
SAU:vision2030-gov,SAU,vision2030-gov,Saudi Vision 2030 - Overview,Government of Saudi Arabia,https://www.vision2030.gov.sa/en/overview,gov,,
SAU:pif-vision2030,SAU,pif-vision2030,Vision 2030 reform plan announced,Public Investment Fund (Saudi Arabia),https://www.pif.gov.sa/en/news-and-insights/press-releases/2016/vision-2030-reform-plan-announced/,gov,,
SAU:nwe-saudi-arabia,SAU,nwe-saudi-arabia,Saudi Arabia,New World Encyclopedia,https://www.newworldencyclopedia.org/entry/Saudi_Arabia,encyclopedia,,
SDN:wiki-kush,SDN,wiki-kush,Kingdom of Kush,Wikipedia,https://en.wikipedia.org/wiki/Kingdom_of_Kush,reference,,
SDN:wh-kush,SDN,wh-kush,The Kingdom of Kush,World History Encyclopedia,https://www.worldhistory.org/Kush/,encyclopedia,,
SDN:eb-sudan-kush,SDN,eb-sudan-kush,Sudan — The kingdom of Kush,Encyclopædia Britannica,https://www.britannica.com/place/Sudan/The-kingdom-of-Kush,encyclopedia,,
SDN:unesco-meroe,SDN,unesco-meroe,Archaeological Sites of the Island of Meroe,UNESCO World Heritage Centre,https://whc.unesco.org/en/list/1336/,gov,,
SDN:wiki-christian-nubia,SDN,wiki-christian-nubia,"Nubia (Christian kingdoms: Nobatia, Makuria, Alodia)",Wikipedia,https://en.wikipedia.org/wiki/Nubia,reference,,
SDN:wiki-baqt,SDN,wiki-baqt,Baqt,Wikipedia,https://en.wikipedia.org/wiki/Baqt,reference,,
SDN:ebsco-baqt,SDN,ebsco-baqt,Christian Nubia and Muslim Egypt Sign Treaty,EBSCO Research Starters,https://www.ebsco.com/research-starters/history/christian-nubia-and-muslim-egypt-sign-treaty,reference,,
SDN:wiki-funj,SDN,wiki-funj,Funj Sultanate,Wikipedia,https://en.wikipedia.org/wiki/Funj_Sultanate,reference,,
SDN:wiki-darfur,SDN,wiki-darfur,Sultanate of Darfur,Wikipedia,https://en.wikipedia.org/wiki/Sultanate_of_Darfur,reference,,
SDN:eb-sudan-funj,SDN,eb-sudan-funj,Sudan — The Funj,Encyclopædia Britannica,https://www.britannica.com/place/Sudan,encyclopedia,,
SDN:eb-sudan-turco,SDN,eb-sudan-turco,History of Sudan — Egyptian-Ottoman rule over the Sudan,Encyclopædia Britannica,https://www.britannica.com/topic/history-of-Sudan/Egyptian-Ottoman-rule-over-the-Sudan,encyclopedia,,
SDN:blackpast-khartoum,SDN,blackpast-khartoum,"Khartoum, Sudan (1821– )",BlackPast.org,https://www.blackpast.org/global-african-history/khartoum-sudan-1821/,reference,,
SDN:wiki-mahdist,SDN,wiki-mahdist,Mahdist State,Wikipedia,https://en.wikipedia.org/wiki/Mahdist_State,reference,,
SDN:eb-siege-khartoum,SDN,eb-siege-khartoum,Siege of Khartoum,Encyclopædia Britannica,https://www.britannica.com/event/Siege-of-Khartoum,encyclopedia,,
SDN:eb-omdurman,SDN,eb-omdurman,Battle of Omdurman,Encyclopædia Britannica,https://www.britannica.com/event/Battle-of-Omdurman,encyclopedia,,
SDN:eb-condominium,SDN,eb-condominium,Anglo-Egyptian Condominium,Encyclopædia Britannica,https://www.britannica.com/place/Anglo-Egyptian-Condominium,encyclopedia,,
SDN:wiki-anglo-egyptian,SDN,wiki-anglo-egyptian,Anglo-Egyptian Sudan,Wikipedia,https://en.wikipedia.org/wiki/Anglo-Egyptian_Sudan,reference,,
SDN:wiki-sudan,SDN,wiki-sudan,Sudan,Wikipedia,https://en.wikipedia.org/wiki/Sudan,reference,,
SDN:wiki-first-civil-war,SDN,wiki-first-civil-war,First Sudanese Civil War,Wikipedia,https://en.wikipedia.org/wiki/First_Sudanese_Civil_War,reference,,
SDN:wiki-addis-ababa,SDN,wiki-addis-ababa,Addis Ababa Agreement (1972),Wikipedia,https://en.wikipedia.org/wiki/Addis_Ababa_Agreement_(1972),reference,,
SDN:encyclopedia-civil-wars,SDN,encyclopedia-civil-wars,Sudanese Civil Wars,Encyclopedia.com,https://www.encyclopedia.com/humanities/encyclopedias-almanacs-transcripts-and-maps/sudanese-civil-wars,reference,,
SDN:wiki-darfur-war,SDN,wiki-darfur-war,War in Darfur,Wikipedia,https://en.wikipedia.org/wiki/War_in_Darfur,reference,,
SDN:icc-bashir,SDN,icc-bashir,Al Bashir Case,International Criminal Court,https://www.icc-cpi.int/darfur/albashir,gov,,
SDN:ushmm-bashir,SDN,ushmm-bashir,ICC Issues Arrest Warrant for Sudanese President Bashir,United States Holocaust Memorial Museum,https://www.ushmm.org/genocide-prevention/blog/icc-issues-arrest-warrant-for-sudanese-president-bashir,museum,,
SDN:usip-south-sudan,SDN,usip-south-sudan,Referendum in Southern Sudan / Independence of South Sudan,United Nations Mission in the Sudan (UNMIS),https://peacekeeping.un.org/sites/default/files/past/unmis/referendum.shtml,gov,,
SDN:wiki-2019-coup,SDN,wiki-2019-coup,2019 Sudanese coup d'état,Wikipedia,https://en.wikipedia.org/wiki/2019_Sudanese_coup_d%27%C3%A9tat,reference,,
SDN:hrw-bashir,SDN,hrw-bashir,"Sudan: With al-Bashir Ouster, End Authoritarianism",Human Rights Watch,https://www.hrw.org/news/2019/04/11/sudan-al-bashir-ouster-end-authoritarianism,reference,,
SDN:statedept-sudan,SDN,statedept-sudan,A Guide to the United States' History of Recognition: Sudan,"U.S. Department of State, Office of the Historian",https://history.state.gov/countries/sudan,gov,,
SDS:wiki-history-ss,SDS,wiki-history-ss,History of South Sudan,Wikipedia,https://en.wikipedia.org/wiki/History_of_South_Sudan,reference,,
SDS:oxford-precolonial,SDS,oxford-precolonial,Precolonial History of South Sudan,Oxford Research Encyclopedia of African History,https://oxfordre.com/africanhistory/display/10.1093/acrefore/9780190277734.001.0001/acrefore-9780190277734-e-4,academic,,
SDS:wiki-shilluk,SDS,wiki-shilluk,Shilluk Kingdom,Wikipedia,https://en.wikipedia.org/wiki/Shilluk_Kingdom,reference,,
SDS:minority-rights-ss,SDS,minority-rights-ss,South Sudan country profile,Minority Rights Group,https://minorityrights.org/country/south-sudan/,reference,,
SDS:wiki-turco-egyptian,SDS,wiki-turco-egyptian,Turco-Egyptian conquest of Sudan (1820–1824),Wikipedia,https://en.wikipedia.org/wiki/Turco-Egyptian_conquest_of_Sudan_(1820%E2%80%931824),reference,,
SDS:wiki-zubayr,SDS,wiki-zubayr,Al-Zubayr Rahma Mansur,Wikipedia,https://en.wikipedia.org/wiki/Al-Zubayr_Rahma_Mansur,reference,,
SDS:blackpast-khartoum,SDS,blackpast-khartoum,"Khartoum, Sudan (1821– )",BlackPast.org,https://www.blackpast.org/global-african-history/khartoum-sudan-1821/,reference,,
SDS:britannica-condominium,SDS,britannica-condominium,Anglo-Egyptian Condominium,Encyclopaedia Britannica,https://www.britannica.com/place/Anglo-Egyptian-Condominium,encyclopedia,,
SDS:lse-southern-policy,SDS,lse-southern-policy,British policy in Anglo-Egyptian Sudan and the north–south divide,"Africa at LSE, London School of Economics",https://blogs.lse.ac.uk/africaatlse/2012/07/02/british-policy-in-anglo-egyptian-sudan-bears-some-responsibility-for-the-deep-rooted-divisions-between-north-and-south/,academic,,
SDS:britannica-addis,SDS,britannica-addis,Sudan: The Addis Ababa Agreement,Encyclopaedia Britannica,https://www.britannica.com/place/Sudan/The-Addis-Ababa-Agreement,encyclopedia,,
SDS:wiki-addis,SDS,wiki-addis,Addis Ababa Agreement (1972),Wikipedia,https://en.wikipedia.org/wiki/Addis_Ababa_Agreement_(1972),reference,,
SDS:britannica-cpa,SDS,britannica-cpa,"South Sudan: The 2005 Comprehensive Peace Agreement, Conflict, Independence",Encyclopaedia Britannica,https://www.britannica.com/place/South-Sudan/The-2005-Comprehensive-Peace-Agreement,encyclopedia,,
SDS:cfr-cpa,SDS,cfr-cpa,Ten Years Later: Taking Stock of Sudan's Comprehensive Peace Agreement,Council on Foreign Relations,https://www.cfr.org/blog/ten-years-later-taking-stock-sudans-comprehensive-peace-agreement,reference,,
SDS:un-referendum,SDS,un-referendum,Referendum in Southern Sudan,United Nations Mission in the Sudan (UNMIS),https://peacekeeping.un.org/sites/default/files/past/unmis/referendum.shtml,gov,,
SDS:state-ss-relations,SDS,state-ss-relations,U.S. Relations With South Sudan,U.S. Department of State,https://2021-2025.state.gov/u-s-relations-with-south-sudan/,gov,,
SDS:commons-primer,SDS,commons-primer,Civil war in South Sudan: a primer,UK House of Commons Library,https://commonslibrary.parliament.uk/research-briefings/sn06788/,gov,,
SDS:un-famine,SDS,un-famine,Famine declared in region of South Sudan,United Nations,https://www.un.org/en/academic-impact/famine-declared-region-south-sudan-%E2%80%93-un,gov,,
SDS:wiki-famine,SDS,wiki-famine,2017 South Sudan famine,Wikipedia,https://en.wikipedia.org/wiki/2017_South_Sudan_famine,reference,,
SDS:lshtm-mortality,SDS,lshtm-mortality,Estimates of crisis-attributable mortality in South Sudan,London School of Hygiene and Tropical Medicine,https://www.lshtm.ac.uk/south-sudan-report-faqs,academic,,
SDS:accord-rtgonu,SDS,accord-rtgonu,The Formation of the Revitalized Transitional Government of National Unity in South Sudan,ACCORD,https://www.accord.org.za/conflict-trends/the-formation-of-the-revitalized-transitional-government-of-national-unity-in-south-sudan/,academic,,
SDS:statedept-southsudan,SDS,statedept-southsudan,A Guide to the United States' History of Recognition: South Sudan,"U.S. Department of State, Office of the Historian",https://history.state.gov/countries/south-sudan,gov,,
SEN:wiki-takrur,SEN,wiki-takrur,Takrur,Wikipedia,https://en.wikipedia.org/wiki/Takrur,reference,,
SEN:blackpast-islam-wa,SEN,blackpast-islam-wa,Islam Is Introduced into West Africa (750 CE),BlackPast.org,https://www.blackpast.org/global-african-history/islam-is-introduced-into-west-africa-750-ce/,encyclopedia,,
SEN:wiki-islam-senegal,SEN,wiki-islam-senegal,Islam in Senegal,Wikipedia,https://en.wikipedia.org/wiki/Islam_in_Senegal,reference,,
SEN:blackpast-salt-gold,SEN,blackpast-salt-gold,The Trans-Saharan Salt and Gold Trade (500 BCE–1800 AD),BlackPast.org,https://www.blackpast.org/global-african-history/the-trans-saharan-salt-and-gold-trade-500-bce-1800-ad/,encyclopedia,,
SEN:worldhistory-wolof,SEN,worldhistory-wolof,Wolof Empire,World History Encyclopedia,https://www.worldhistory.org/Wolof_Empire/,encyclopedia,,
SEN:britannica-jolof,SEN,britannica-jolof,Jolof kingdom,Encyclopaedia Britannica,https://www.britannica.com/place/Jolof-kingdom,encyclopedia,,
SEN:wiki-guelowar,SEN,wiki-guelowar,Guelowar dynasty,Wikipedia,https://en.wikipedia.org/wiki/Guelowar,reference,,
SEN:wiki-cayor,SEN,wiki-cayor,Cayor,Wikipedia,https://en.wikipedia.org/wiki/Cayor,reference,,
SEN:wiki-baol,SEN,wiki-baol,Baol,Wikipedia,https://en.wikipedia.org/wiki/Baol,reference,,
SEN:openstax-african-trade,SEN,openstax-african-trade,The Roots of African Trade (World History Vol. 2),OpenStax,https://openstax.org/books/world-history-volume-2/pages/3-1-the-roots-of-african-trade,academic,,
SEN:wiki-french-conquest,SEN,wiki-french-conquest,French conquest of Senegal,Wikipedia,https://en.wikipedia.org/wiki/French_conquest_of_Senegal,reference,,
SEN:britannica-saintlouis,SEN,britannica-saintlouis,"Saint-Louis, Senegal",Encyclopaedia Britannica,https://www.britannica.com/place/Saint-Louis-Senegal,encyclopedia,,
SEN:unesco-goree,SEN,unesco-goree,Island of Gorée (World Heritage List),UNESCO World Heritage Centre,https://whc.unesco.org/en/list/26,gov,,
SEN:wiki-house-of-slaves,SEN,wiki-house-of-slaves,House of Slaves,Wikipedia,https://en.wikipedia.org/wiki/House_of_Slaves,reference,,
SEN:britannica-goree,SEN,britannica-goree,Gorée Island,Encyclopaedia Britannica,https://www.britannica.com/place/Goree-Island,encyclopedia,,
SEN:wiki-four-communes,SEN,wiki-four-communes,Four Communes,Wikipedia,https://en.wikipedia.org/wiki/Four_Communes,reference,,
SEN:blackpast-diagne,SEN,blackpast-diagne,Blaise Diagne (1872–1934),BlackPast.org,https://www.blackpast.org/global-african-history/diagne-blaise-1872-1934/,encyclopedia,,
SEN:wiki-amadou-bamba,SEN,wiki-amadou-bamba,Amadou Bamba,Wikipedia,https://en.wikipedia.org/wiki/Amadou_Bamba,reference,,
SEN:britannica-mali-fed,SEN,britannica-mali-fed,Mali Federation,Encyclopaedia Britannica,https://www.britannica.com/topic/Mali-Federation,encyclopedia,,
SEN:wiki-mali-fed,SEN,wiki-mali-fed,Mali Federation,Wikipedia,https://en.wikipedia.org/wiki/Mali_Federation,reference,,
SEN:asc-senghor,SEN,asc-senghor,Léopold Sédar Senghor (web dossier),African Studies Centre Leiden,https://www.ascleiden.nl/content/webdossiers/leopold-sedar-senghor,academic,,
SEN:britannica-senghor,SEN,britannica-senghor,Léopold Senghor,Encyclopaedia Britannica,https://www.britannica.com/biography/Leopold-Senghor,encyclopedia,,
SEN:usip-senegal,SEN,usip-senegal,Senegal — The Global State of Democracy,International IDEA,https://www.idea.int/democracytracker/country/senegal,reference,,
SEN:wiki-mfdc,SEN,wiki-mfdc,Movement of Democratic Forces of Casamance,Wikipedia,https://en.wikipedia.org/wiki/Movement_of_Democratic_Forces_of_Casamance,reference,,
SEN:newhumanitarian-casamance,SEN,newhumanitarian-casamance,Casamance: Between war and peace,The New Humanitarian,https://www.thenewhumanitarian.org/2015/08/03/between-war-and-peace,reference,,
SEN:cdsafrica-senegal,SEN,cdsafrica-senegal,"Senegal's Democratic Evolution: Elections, Governance, and Presidential Legacies",Centre for Democracy and Development Africa,https://www.cdsafrica.org/senegals-democratic-evolution-elections-governance-and-presidential-legacies/,reference,,
SEN:wiki-macky-sall,SEN,wiki-macky-sall,Macky Sall,Wikipedia,https://en.wikipedia.org/wiki/Macky_Sall,reference,,
SEN:wiki-faye,SEN,wiki-faye,Bassirou Diomaye Faye,Wikipedia,https://en.wikipedia.org/wiki/Bassirou_Diomaye_Faye,reference,,
SEN:statedept-senegal,SEN,statedept-senegal,A Guide to the United States' History of Recognition: Senegal,"U.S. Department of State, Office of the Historian",https://history.state.gov/countries/senegal,gov,,
SLB:bbc-solomon,SLB,bbc-solomon,Solomon Islands profile - Timeline,BBC News,https://www.bbc.com/news/world-asia-15897585,reference,,
SLB:unesco-rennell,SLB,unesco-rennell,East Rennell (World Heritage List),UNESCO World Heritage Centre,https://whc.unesco.org/en/list/854/,gov,,
SLB:eb-history-slb,SLB,eb-history-slb,History of Solomon Islands,Encyclopædia Britannica,https://www.britannica.com/place/history-of-Solomon-Islands,encyclopedia,,
SLB:eb-mendana,SLB,eb-mendana,Álvaro de Mendaña de Neira,Encyclopædia Britannica,https://www.britannica.com/biography/Alvaro-de-Mendana-de-Neira,encyclopedia,,
SLB:eb-kenilorea,SLB,eb-kenilorea,Peter Kenilorea,Encyclopædia Britannica,https://www.britannica.com/biography/Peter-Kenilorea,encyclopedia,,
SLB:eb-guadalcanal,SLB,eb-guadalcanal,Battle of Guadalcanal,Encyclopædia Britannica,https://www.britannica.com/event/Battle-of-Guadalcanal,encyclopedia,,
SLB:eb-blackbirding,SLB,eb-blackbirding,Blackbirding,Encyclopædia Britannica,https://www.britannica.com/topic/blackbirding,encyclopedia,,
SLB:iao-lapita,SLB,iao-lapita,Lapita Culture and the Arrival of Asians in the Pacific,Facts and Details (Islands & Oceania),https://ioa.factsanddetails.com/article/entry-516.html,reference,,
SLB:anglican-patteson,SLB,anglican-patteson,"John Coleridge Patteson, Missionary Bishop of Melanesia",Project Canterbury / Anglican History,https://anglicanhistory.org/oceania/patteson/,academic,,
SLB:anu-melanesianmission,SLB,anu-melanesianmission,"The Melanesian Mission, 1877–1909",ANU Press,https://press-files.anu.edu.au/downloads/press/n2401/pdf/ch04.pdf,academic,,
SLB:uq-protectorate,SLB,uq-protectorate,"British Solomon Islands Protectorate, 1893–1978",University of Queensland (Law),https://law.uq.edu.au/files/27216/UQChapter3British%20Solomon%20Islands%20Protectorate.pdf,academic,,
SLB:awm-guadalcanal,SLB,awm-guadalcanal,Solomon Islands Campaign: Guadalcanal (collection),Australian War Memorial,https://www.awm.gov.au/collection/LIB23109,museum,,
SLB:ww2museum-guadalcanal,SLB,ww2museum-guadalcanal,The Battle of Guadalcanal,"The National WWII Museum, New Orleans",https://www.nationalww2museum.org/war/articles/battle-guadalcanal,museum,,
SLB:statedept-slb,SLB,statedept-slb,U.S. Relations With the Solomon Islands,U.S. Department of State,https://2021-2025.state.gov/u-s-relations-with-the-solomon-islands/,gov,,
SLB:dva-ramsi,SLB,dva-ramsi,"Australian peacekeepers in Solomon Islands, 2000–2017","Australian Government (Anzac Portal, Dept of Veterans' Affairs)",https://anzacportal.dva.gov.au/wars-and-missions/peacekeeping/summaries/solomon-islands-2000-2017,gov,,
SLB:voa-chinaswitch,SLB,voa-chinaswitch,Taiwan Says Solomon Islands Switches Recognition to China,Voice of America,https://www.voanews.com/a/east-asia-pacific_taiwan-says-solomon-islands-switches-recognition-china/6175881.html,reference,,
SLB:voa-manele,SLB,voa-manele,Solomon Islands Chooses Jeremiah Manele as New Prime Minister,Voice of America,https://www.voanews.com/a/solomon-islands-chooses-jeremiah-manele-as-new-prime-minister/7594624.html,reference,,
SLB:csis-crisis,SLB,csis-crisis,The Deep Roots of the Solomon Islands' Ongoing Political Crisis,Center for Strategic and International Studies (CSIS),https://www.csis.org/analysis/deep-roots-solomon-islands-ongoing-political-crisis,reference,,
SLB:asiasociety-2024,SLB,asiasociety-2024,Unpacking Solomon Islands 2024 Elections,Asia Society Policy Institute,https://asiasociety.org/policy-institute/geopolitical-shifts-and-local-priorities-unpacking-solomon-islands-2024-elections,reference,,
SLB:wikipedia-solomon-islands,SLB,wikipedia-solomon-islands,Solomon Islands,Wikipedia,https://en.wikipedia.org/wiki/Solomon_Islands,reference,,
SLB:statedept-solomon,SLB,statedept-solomon,A Guide to the United States' History of Recognition: Solomon Islands,"U.S. Department of State, Office of the Historian",https://history.state.gov/countries/solomon-islands,gov,,
SLE:britannica-sierra-leone,SLE,britannica-sierra-leone,Sierra Leone (country overview and history),Encyclopaedia Britannica,https://www.britannica.com/place/Sierra-Leone,encyclopedia,,
SLE:pedro-de-sintra-wiki,SLE,pedro-de-sintra-wiki,Pedro de Sintra,Wikipedia,https://en.wikipedia.org/wiki/Pedro_de_Sintra,reference,,
SLE:encyclopaedia-africana-sl,SLE,encyclopaedia-africana-sl,Sierra Leone,Encyclopaedia Africana,https://encyclopaediaafricana.com/sierra-leone/,reference,,
SLE:mane-people-wiki,SLE,mane-people-wiki,Mane people,Wikipedia,https://en.wikipedia.org/wiki/Mane_people,reference,,
SLE:history-of-sl-wiki,SLE,history-of-sl-wiki,History of Sierra Leone,Wikipedia,https://en.wikipedia.org/wiki/History_of_Sierra_Leone,reference,,
SLE:slavery-remembrance-sl,SLE,slavery-remembrance-sl,Sierra Leone,Slavery and Remembrance (Colonial Williamsburg Foundation),https://slaveryandremembrance.org/articles/article/?id=A0140,academic,,
SLE:sl-heritage-bunce,SLE,sl-heritage-bunce,"Bunce Island, Sierra Leone River",Sierra Leone Heritage,https://www.sierraleoneheritage.org/sites/monuments/bunce,museum,,
SLE:yale-glc-bunce,SLE,yale-glc-bunce,Bunce Island in Sierra Leone (Gilder Lehrman Center),"Yale University, Gilder Lehrman Center",https://glc.yale.edu/,academic,,
SLE:rhs-bunce,SLE,rhs-bunce,Bloody Bunce: A Legacy of the Transatlantic Slave Trade in Sierra Leone,Royal Historical Society,https://blog.royalhistsoc.org/2019/10/29/bunce-island-legacy/,academic,,
SLE:blackpast-founding-sl,SLE,blackpast-founding-sl,"Founding of Sierra Leone, 1787",BlackPast.org,https://www.blackpast.org/global-african-history/founding-sierra-leone/,reference,,
SLE:branch-foundings-sl,SLE,branch-foundings-sl,"On the Foundings of Sierra Leone, 1787–1808","BRANCH (Britain, Representation and Nineteenth-Century History)",https://branchcollective.org/?ps_articles=isaac-land-on-the-foundings-of-sierra-leone-1787-1808,academic,,
SLE:blackpast-freetown,SLE,blackpast-freetown,"Freetown, Sierra Leone (1792– )",BlackPast.org,https://www.blackpast.org/global-african-history/places-global-african-history/freetown-sierra-leone-1792/,reference,,
SLE:nova-scotian-settlers-wiki,SLE,nova-scotian-settlers-wiki,Nova Scotian Settlers,Wikipedia,https://en.wikipedia.org/wiki/Nova_Scotian_Settlers,reference,,
SLE:liberated-africans-wiki,SLE,liberated-africans-wiki,Liberated Africans in Sierra Leone,Wikipedia,https://en.wikipedia.org/wiki/Liberated_Africans_in_Sierra_Leone,reference,,
SLE:blackpast-fourah-bay,SLE,blackpast-fourah-bay,Fourah Bay College (1827– ),BlackPast.org,https://www.blackpast.org/global-african-history/fourah-bay-college-1827/,reference,,
SLE:fourah-bay-wiki,SLE,fourah-bay-wiki,Fourah Bay College,Wikipedia,https://en.wikipedia.org/wiki/Fourah_Bay_College,reference,,
SLE:saro-people-wiki,SLE,saro-people-wiki,Saro people,Wikipedia,https://en.wikipedia.org/wiki/Saro_people,reference,,
SLE:hut-tax-war-wiki,SLE,hut-tax-war-wiki,Hut Tax War of 1898,Wikipedia,https://en.wikipedia.org/wiki/Hut_Tax_War_of_1898,reference,,
SLE:bai-bureh-wiki,SLE,bai-bureh-wiki,Bai Bureh,Wikipedia,https://en.wikipedia.org/wiki/Bai_Bureh,reference,,
SLE:blackpast-margai,SLE,blackpast-margai,Milton Augustus Margai (1895–1964),BlackPast.org,https://www.blackpast.org/global-african-history/people-global-african-history/milton-augustus-margai-1895-1964/,reference,,
SLE:statedept-sierra-leone,SLE,statedept-sierra-leone,A Guide to the History of Recognition: Sierra Leone,"U.S. Department of State, Office of the Historian",https://history.state.gov/countries/sierra-leone,gov,,
SLE:britannica-stevens,SLE,britannica-stevens,Siaka Stevens,Encyclopaedia Britannica,https://www.britannica.com/biography/Siaka-Stevens,encyclopedia,,
SLE:usembassy-sl-history,SLE,usembassy-sl-history,Policy & History (Sierra Leone),U.S. Embassy in Sierra Leone,https://sl.usembassy.gov/policy-history/,gov,,
SLE:blackpast-sl-civil-war,SLE,blackpast-sl-civil-war,The Sierra Leone Civil War (1991–2002),BlackPast.org,https://www.blackpast.org/global-african-history/sierra-leone-civil-war-1991-2002/,reference,,
SLE:foday-sankoh-wiki,SLE,foday-sankoh-wiki,Foday Sankoh,Wikipedia,https://en.wikipedia.org/wiki/Foday_Sankoh,reference,,
SLE:operation-palliser-wiki,SLE,operation-palliser-wiki,British military intervention in the Sierra Leone Civil War (Operation Palliser),Wikipedia,https://en.wikipedia.org/wiki/Operation_Palliser,reference,,
SLE:sl-civil-war-wiki,SLE,sl-civil-war-wiki,Sierra Leone Civil War,Wikipedia,https://en.wikipedia.org/wiki/Sierra_Leone_Civil_War,reference,,
SLE:rscsl-taylor,SLE,rscsl-taylor,The Prosecutor vs. Charles Ghankay Taylor,Residual Special Court for Sierra Leone,https://rscsl.org/the-scsl/cases/charles-taylor/,primary,,
SLE:un-news-taylor,SLE,un-news-taylor,Prosecutor welcomes UN-backed court's decision to uphold Charles Taylor conviction,United Nations News,https://news.un.org/en/story/2013/09/450782,gov,,
SLE:who-ebola-sl,SLE,who-ebola-sl,Statement on the end of the Ebola outbreak in Sierra Leone,"World Health Organization, Regional Office for Africa",https://www.afro.who.int/news/statement-end-ebola-outbreak-sierra-leone,gov,,
SLE:ebola-sl-wiki,SLE,ebola-sl-wiki,Ebola virus epidemic in Sierra Leone,Wikipedia,https://en.wikipedia.org/wiki/Ebola_virus_epidemic_in_Sierra_Leone,reference,,
SLV:unesco-joya-ceren,SLV,unesco-joya-ceren,Joya de Ceren Archaeological Site,UNESCO World Heritage Centre,https://whc.unesco.org/en/list/675/,primary,,
SLV:britannica-elsalvador,SLV,britannica-elsalvador,El Salvador,Encyclopaedia Britannica,https://www.britannica.com/place/El-Salvador,encyclopedia,,
SLV:britannica-history-elsalvador,SLV,britannica-history-elsalvador,History of El Salvador,Encyclopaedia Britannica,https://www.britannica.com/topic/history-of-El-Salvador,encyclopedia,,
SLV:britannica-cuscatlan,SLV,britannica-cuscatlan,"Cuscatlan, historical region",Encyclopaedia Britannica,https://www.britannica.com/place/Cuscatlan,encyclopedia,,
SLV:britannica-pipil,SLV,britannica-pipil,Pipil people,Encyclopaedia Britannica,https://www.britannica.com/topic/Pipil,encyclopedia,,
SLV:britannica-elsalvador-colonial,SLV,britannica-elsalvador-colonial,El Salvador: The colonial period,Encyclopaedia Britannica,https://www.britannica.com/place/El-Salvador/The-colonial-period,encyclopedia,,
SLV:britannica-coffee-republic,SLV,britannica-coffee-republic,El Salvador: A coffee republic,Encyclopaedia Britannica,https://www.britannica.com/place/El-Salvador/A-coffee-republic,encyclopedia,,
SLV:britannica-military-dictatorships,SLV,britannica-military-dictatorships,El Salvador: Military dictatorships,Encyclopaedia Britannica,https://www.britannica.com/place/El-Salvador/Military-dictatorships,encyclopedia,,
SLV:britannica-matanza,SLV,britannica-matanza,"La matanza, revolt, El Salvador",Encyclopaedia Britannica,https://www.britannica.com/topic/la-matanza-revolt-El-Salvador,encyclopedia,,
SLV:britannica-marti,SLV,britannica-marti,Agustin Farabundo Marti,Encyclopaedia Britannica,https://www.britannica.com/biography/Augustin-Farabundo-Marti,encyclopedia,,
SLV:britannica-civil-war,SLV,britannica-civil-war,El Salvador: Civil war,Encyclopaedia Britannica,https://www.britannica.com/place/El-Salvador/Civil-war,encyclopedia,,
SLV:britannica-romero,SLV,britannica-romero,St. Oscar Romero,Encyclopaedia Britannica,https://www.britannica.com/biography/Oscar-Arnulfo-Romero,encyclopedia,,
SLV:britannica-postconflict,SLV,britannica-postconflict,El Salvador: The postconflict era,Encyclopaedia Britannica,https://www.britannica.com/place/El-Salvador/The-postconflict-era,encyclopedia,,
SLV:britannica-chapultepec,SLV,britannica-chapultepec,Chapultepec Peace Accords,Encyclopaedia Britannica,https://www.britannica.com/topic/Chapultepec-Peace-Accords,encyclopedia,,
SLV:britannica-bukele,SLV,britannica-bukele,Nayib Bukele,Encyclopaedia Britannica,https://www.britannica.com/biography/Nayib-Bukele,encyclopedia,,
SLV:britannica-cecot,SLV,britannica-cecot,Terrorism Confinement Center (CECOT),Encyclopaedia Britannica,https://www.britannica.com/topic/Terrorism-Confinement-Center,encyclopedia,,
SLV:britannica-morazan,SLV,britannica-morazan,Francisco Morazan,Encyclopaedia Britannica,https://www.britannica.com/biography/Francisco-Morazan,encyclopedia,,
SLV:britannica-central-america-independence,SLV,britannica-central-america-independence,"Central America: Independence, 1808-23",Encyclopaedia Britannica,https://www.britannica.com/place/Central-America/Independence-1808-23,encyclopedia,,
SLV:britannica-united-provinces,SLV,britannica-united-provinces,United Provinces of Central America,Encyclopaedia Britannica,https://www.britannica.com/place/United-Provinces-of-Central-America,encyclopedia,,
SLV:loc-acta-independencia,SLV,loc-acta-independencia,Acta de Independencia de Centro America,Library of Congress (In Custodia Legis),https://blogs.loc.gov/law/2017/09/acta-de-independencia-de-centro-america-pic-of-the-week/,gov,,
SLV:history-central-american-federation,SLV,history-central-american-federation,Central American Federation,"U.S. Department of State, Office of the Historian",https://history.state.gov/countries/central-american-federation,gov,,
SLV:history-el-salvador,SLV,history-el-salvador,"El Salvador, Countries","U.S. Department of State, Office of the Historian",https://history.state.gov/countries/el-salvador,gov,,
SLV:un-chapultepec-agreement,SLV,un-chapultepec-agreement,Chapultepec Agreement (1992),United Nations Peacemaker,https://peacemaker.un.org/en/node/9167,primary,,
SLV:un-truth-report,SLV,un-truth-report,From Madness to Hope: Report of the Commission on the Truth for El Salvador,United Nations,https://digitallibrary.un.org/record/183599,primary,,
SLV:wikipedia-act-independence-ca,SLV,wikipedia-act-independence-ca,Act of Independence of Central America,Wikipedia,https://en.wikipedia.org/wiki/Act_of_Independence_of_Central_America,reference,,
SMR:britannica-sanmarino-history,SMR,britannica-sanmarino-history,History of San Marino,Encyclopaedia Britannica,https://www.britannica.com/topic/history-of-San-Marino,encyclopedia,,
SMR:britannica-sanmarino,SMR,britannica-sanmarino,San Marino,Encyclopaedia Britannica,https://www.britannica.com/place/San-Marino-republic-Europe,encyclopedia,,
SMR:unesco-titano,SMR,unesco-titano,San Marino Historic Centre and Mount Titano,UNESCO World Heritage Centre,https://whc.unesco.org/en/list/1245,gov,,
SMR:sms-origins,SMR,sms-origins,Origins of San Marino - the world's oldest Republic,SanMarinoSite,https://www.sanmarinosite.com/en/history/origins-of-san-marino/,reference,,
SMR:vsm-history,SMR,vsm-history,History of San Marino,Visit San Marino (official tourism site),https://www.visitsanmarino.com/pub1/VisitSM/en/contenuto/About-San-Marino/STORIA.html,gov,,
SMR:worldatlas-oldest,SMR,worldatlas-oldest,The World's Oldest Continuous Republic,WorldAtlas,https://www.worldatlas.com/ancient-world/the-world-s-oldest-continous-republic.html,reference,,
SMR:consulate-institutions,SMR,consulate-institutions,The Institutions of the Republic of San Marino,Consulate of San Marino to the UK,https://www.consolatosanmarino.uk/en/the-institutions-of-the-republic-of-san-marino/,gov,,
SMR:officeholidays-liberation,SMR,officeholidays-liberation,San Marino Liberation Day (Alberoni occupation and 1740 restoration),Office Holidays,https://www.officeholidays.com/holidays/san-marino/san-marino-liberation-day,reference,,
SMR:newworld-recognition,SMR,newworld-recognition,"San Marino (Napoleon, Congress of Vienna, 1862 treaty)",New World Encyclopedia,https://www.newworldencyclopedia.org/entry/San_Marino,reference,,
SMR:sms-eighteenth,SMR,sms-eighteenth,"San Marino: Garibaldi, Lincoln and the 19th century",SanMarinoSite,https://www.sanmarinosite.com/en/history/eighteenth-century/,reference,,
SMR:statedept-sanmarino,SMR,statedept-sanmarino,A Guide to the United States' History of Recognition: San Marino,"U.S. Department of State, Office of the Historian",https://history.state.gov/countries/san-marino,gov,,
SMR:mystic-lincoln,SMR,mystic-lincoln,Lincoln Made Honorary Citizen of San Marino,Mystic Stamp Discovery Center,https://info.mysticstamp.com/lincoln-made-honorary-citizen-of-san-marino_tdih/,reference,,
SMR:officeholidays-arengo,SMR,officeholidays-arengo,Anniversary of the Arengo (1906 democratic reform),Office Holidays,https://www.officeholidays.com/holidays/san-marino/anniversary-of-the-arengo,reference,,
SMR:sms-worldwars,SMR,sms-worldwars,"World wars and fascism in San Marino, 1922-1945",SanMarinoSite,https://www.sanmarinosite.com/en/history/world-wars-fascism/,reference,,
SMR:officeholidays-fascism,SMR,officeholidays-fascism,Anniversary of the Fall of Fascism and Freedom Day,Office Holidays,https://www.officeholidays.com/holidays/san-marino/anniversary-of-the-fall-of-fascism-and-freedom-day,reference,,
SMR:ww2db-sanmarino,SMR,ww2db-sanmarino,San Marino in World War II,World War II Database,https://ww2db.com/country/san_marino,reference,,
SMR:un-growth,SMR,un-growth,Growth in United Nations Membership,United Nations,https://www.un.org/en/about-us/growth-in-un-membership,gov,,
SMR:unscr-744,SMR,unscr-744,Security Council Resolution 744 (1992): Admission of San Marino,United Nations Security Council,https://unscr.com/en/resolutions/744/,primary,,
SMR:bcsm-euro,SMR,bcsm-euro,San Marino and the Euro,Central Bank of the Republic of San Marino (BCSM),https://www.bcsm.sm/en/international-relations/san-marino-towards-europe/san-marino-and-the-euro,gov,,
SMR:wikipedia-san-marino,SMR,wikipedia-san-marino,San Marino,Wikipedia,https://en.wikipedia.org/wiki/San_Marino,reference,,
SOL:wiki-zeila,SOL,wiki-zeila,Zeila,Wikipedia,https://en.wikipedia.org/wiki/Zeila,reference,,
SOL:africanhistoryextra-zeila,SOL,africanhistoryextra-zeila,"A complete history of Zeila (Zayla), a medieval city in Somaliland",African History Extra,https://www.africanhistoryextra.com/p/a-complete-history-of-zeila-zayla,academic,,
SOL:lumen-sultanates,SOL,lumen-sultanates,The Sultanates of Somalia (World Civilization),Lumen Learning,https://courses.lumenlearning.com/suny-hccc-worldcivilization/chapter/the-sultanates-of-somalia/,reference,,
SOL:wiki-british-somaliland,SOL,wiki-british-somaliland,British Somaliland,Wikipedia,https://en.wikipedia.org/wiki/British_Somaliland,reference,,
SOL:worldhistory-british-somaliland,SOL,worldhistory-british-somaliland,British Somaliland: The Protectorate on the Horn of Africa,World History Encyclopedia,https://www.worldhistory.org/British_Somaliland/,encyclopedia,,
SOL:wiki-state-of-somaliland,SOL,wiki-state-of-somaliland,State of Somaliland,Wikipedia,https://en.wikipedia.org/wiki/State_of_Somaliland,reference,,
SOL:africanarguments-30,SOL,africanarguments-30,"Somaliland at 30: Still unrecognised, but alive and well",African Arguments,https://africanarguments.org/2021/05/somaliland-at-30-still-unrecognised-but-alive-and-well/,academic,,
SOL:wiki-isaaq-genocide,SOL,wiki-isaaq-genocide,Isaaq genocide,Wikipedia,https://en.wikipedia.org/wiki/Isaaq_genocide,reference,,
SOL:wiki-bombardment-1988,SOL,wiki-bombardment-1988,Bombardment of Burao and Hargeisa 1988,Wikipedia,https://en.wikipedia.org/wiki/Bombardment_of_Burao_and_Hargeisa_1988,reference,,
SOL:aljazeera-genocide,SOL,aljazeera-genocide,Investigating genocide in Somaliland,Al Jazeera,https://www.aljazeera.com/features/2014/2/6/investigating-genocide-in-somaliland,reference,,
SOL:britannica-somaliland,SOL,britannica-somaliland,Somaliland,Encyclopaedia Britannica,https://www.britannica.com/place/Somaliland,encyclopedia,,
SOL:wiki-declaration,SOL,wiki-declaration,Somaliland Declaration of Independence,Wikipedia,https://en.wikipedia.org/wiki/Somaliland_Declaration_of_Independence,reference,,
SOL:boell-democracy,SOL,boell-democracy,Unrecognized Vote: Somaliland's Democratic Journey,Heinrich Boll Stiftung,https://ke.boell.org/en/2021/05/05/unrecognized-vote-somalilands-democratic-journey,academic,,
SOL:wiki-egal,SOL,wiki-egal,Muhammad Haji Ibrahim Egal,Wikipedia,https://en.wikipedia.org/wiki/Muhammad_Haji_Ibrahim_Egal,reference,,
SOL:wiki-2001-referendum,SOL,wiki-2001-referendum,2001 Somaliland constitutional referendum,Wikipedia,https://en.wikipedia.org/wiki/2001_Somaliland_constitutional_referendum,reference,,
SOL:globalex-somaliland,SOL,globalex-somaliland,Researching the Somaliland Legal System,"GlobaLex, NYU Law",https://www.nyulawglobal.org/globalex/somaliland1.html,academic,,
SOL:rusi-democracy,SOL,rusi-democracy,Somaliland: The Power of Democracy,Royal United Services Institute (RUSI),https://www.rusi.org/explore-our-research/publications/commentary/somaliland-power-democracy,academic,,
SOL:aljazeera-lasanod,SOL,aljazeera-lasanod,Conflict in disputed Las Anod dims Somaliland's diplomatic dreams,Al Jazeera,https://www.aljazeera.com/features/2023/5/10/conflict-in-disputed-las-anod-dims-somalilands-diplomatic-dreams,reference,,
SOL:iss-puntland,SOL,iss-puntland,The various layers to the Somaliland-Puntland discord,Institute for Security Studies (ISS Africa),https://issafrica.org/iss-today/the-various-layers-to-the-somaliland-puntland-discord,academic,,
SOL:crisisgroup-ethiopia,SOL,crisisgroup-ethiopia,The Stakes in the Ethiopia-Somaliland Deal,International Crisis Group,https://www.crisisgroup.org/africa/ethiopia-somaliland/stakes-ethiopia-somaliland-deal,academic,,
SOL:aljazeera-ethiopia-mou,SOL,aljazeera-ethiopia-mou,Ethiopia signs agreement to use Somaliland's Red Sea port,Al Jazeera,https://www.aljazeera.com/news/2024/1/1/ethiopia-signs-agreement-to-use-somalilands-red-sea-port,reference,,
SOL:aljazeera-israel,SOL,aljazeera-israel,Israel becomes first country to recognise Somaliland,Al Jazeera,https://www.aljazeera.com/news/2025/12/26/israel-becomes-first-country-to-recognise-somaliland,reference,,
SOL:un-sc-meeting,SOL,un-sc-meeting,Israel's Recognition of Somaliland Triggers Sharp Divides at the Security Council,United Nations (Security Council press release),https://press.un.org/en/2025/sc16270.doc.htm,gov,,
SOL:britannica-who-recognizes,SOL,britannica-who-recognizes,Who recognizes Somaliland?,Encyclopaedia Britannica,https://www.britannica.com/question/Who-recognizes-Somaliland,encyclopedia,,
SOL:wiki-international-recognition,SOL,wiki-international-recognition,International recognition of Somaliland,Wikipedia,https://en.wikipedia.org/wiki/International_recognition_of_Somaliland,reference,,
SOL:wikipedia-somaliland,SOL,wikipedia-somaliland,Somaliland,Wikipedia,https://en.wikipedia.org/wiki/Somaliland,reference,,
SOM:britannica-somalia,SOM,britannica-somalia,Somalia (country and history),Encyclopaedia Britannica,https://www.britannica.com/place/Somalia,encyclopedia,,
SOM:britannica-punt,SOM,britannica-punt,Middle Portico South (Portico of Punt),"Polish-Egyptian Archaeological and Conservation Expedition, University of Warsaw",https://www.templeofhatshepsut.uw.edu.pl/en/middle_portico_south_portico_of_punt.html,academic,,
SOM:worldhistory-punt,SOM,worldhistory-punt,Punt,World History Encyclopedia,https://www.worldhistory.org/punt/,encyclopedia,,
SOM:wikipedia-somali-maritime,SOM,wikipedia-somali-maritime,Somali maritime history,Wikipedia,https://en.wikipedia.org/wiki/Somali_maritime_history,encyclopedia,,
SOM:wikipedia-history-somalia,SOM,wikipedia-history-somalia,History of Somalia,Wikipedia,https://en.wikipedia.org/wiki/History_of_Somalia,encyclopedia,,
SOM:britannica-ahmad-gran,SOM,britannica-ahmad-gran,Somalia: A Country Study,"U.S. Library of Congress, Federal Research Division",https://tile.loc.gov/storage-services/master/frd/frdcstdy/so/somaliacountryst00metz_0/somaliacountryst00metz_0.pdf,gov,,
SOM:wikipedia-adal,SOM,wikipedia-adal,Adal Sultanate,Wikipedia,https://en.wikipedia.org/wiki/Adal_Sultanate,encyclopedia,,
SOM:wikipedia-ethiopian-adal-war,SOM,wikipedia-ethiopian-adal-war,Ethiopian–Adal War,Wikipedia,https://en.wikipedia.org/wiki/Ethiopian%E2%80%93Adal_War,encyclopedia,,
SOM:lumen-sultanates,SOM,lumen-sultanates,The Sultanates of Somalia,"Lumen Learning, Early World Civilizations",https://courses.lumenlearning.com/atd-herkimer-worldcivilization/chapter/the-sultanates-of-somalia/,reference,,
SOM:wikipedia-geledi,SOM,wikipedia-geledi,Sultanate of the Geledi,Wikipedia,https://en.wikipedia.org/wiki/Sultanate_of_the_Geledi,encyclopedia,,
SOM:wikipedia-majeerteen,SOM,wikipedia-majeerteen,Majeerteen Sultanate,Wikipedia,https://en.wikipedia.org/wiki/Majeerteen_Sultanate,encyclopedia,,
SOM:wikipedia-british-somaliland,SOM,wikipedia-british-somaliland,British Somaliland,Wikipedia,https://en.wikipedia.org/wiki/British_Somaliland,encyclopedia,,
SOM:wikipedia-italian-somaliland,SOM,wikipedia-italian-somaliland,Italian Somaliland,Wikipedia,https://en.wikipedia.org/wiki/Italian_Somaliland,encyclopedia,,
SOM:wikipedia-dervish,SOM,wikipedia-dervish,Dervish movement (Somali),Wikipedia,https://en.wikipedia.org/wiki/Dervish_movement_(Somali),encyclopedia,,
SOM:face2face-hassan,SOM,face2face-hassan,The Somali leader who led a 20-year resistance against colonial powers,Face2Face Africa,https://face2faceafrica.com/article/this-somali-leader-led-20-year-armed-resistance-against-british-ethiopian-and-italian-colonialists,reference,,
SOM:wikipedia-fifth-expedition,SOM,wikipedia-fifth-expedition,"Fifth Expedition (Somaliland), 1920",Wikipedia,https://en.wikipedia.org/wiki/Fifth_Expedition_(Somaliland),encyclopedia,,
SOM:state-somalia-bgn,SOM,state-somalia-bgn,Background Notes: Somalia,U.S. Department of State,https://1997-2001.state.gov/background_notes/somalia_0798_bgn.html,gov,,
SOM:wikipedia-trust-territory,SOM,wikipedia-trust-territory,Trust Territory of Somaliland,Wikipedia,https://en.wikipedia.org/wiki/Trust_Territory_of_Somaliland,encyclopedia,,
SOM:britannica-siad-barre,SOM,britannica-siad-barre,Mohamed Siad Barre,Encyclopaedia Britannica,https://www.britannica.com/biography/Mohamed-Siad-Barre,encyclopedia,,
SOM:wikipedia-1969-coup,SOM,wikipedia-1969-coup,1969 Somali coup d'état,Wikipedia,https://en.wikipedia.org/wiki/1969_Somali_coup_d%27%C3%A9tat,encyclopedia,,
SOM:trt-siad-barre,SOM,trt-siad-barre,Socialist Somalia: the legacy of Barre's military regime,TRT World,https://www.trtworld.com/article/12729721,reference,,
SOM:congress-somalia,SOM,congress-somalia,Somalia (CRS In Focus),U.S. Library of Congress / Congressional Research Service,https://www.congress.gov/crs-product/IF10155,gov,,
SOM:wikipedia-1992-famine,SOM,wikipedia-1992-famine,1992 famine in Somalia,Wikipedia,https://en.wikipedia.org/wiki/1992_famine_in_Somalia,encyclopedia,,
SOM:wikipedia-unitaf,SOM,wikipedia-unitaf,Unified Task Force (Operation Restore Hope),Wikipedia,https://en.wikipedia.org/wiki/Unified_Task_Force,encyclopedia,,
SOM:wikipedia-gothic-serpent,SOM,wikipedia-gothic-serpent,Operation Gothic Serpent (Battle of Mogadishu),Wikipedia,https://en.wikipedia.org/wiki/Operation_Gothic_Serpent,encyclopedia,,
SOM:congress-alshabaab,SOM,congress-alshabaab,Al Shabaab (CRS In Focus),U.S. Library of Congress / Congressional Research Service,https://www.congress.gov/crs_external_products/IF/HTML/IF10170.web.html,gov,,
SOM:amisom-background,SOM,amisom-background,AMISOM – Background of Conflict,Peacekeeping and Stability Operations Institute (PKSOI),https://pksoi.armywarcollege.edu/index.php/amisom-background-of-conflict/,gov,,
SOM:wikipedia-fgs,SOM,wikipedia-fgs,Federal Government of Somalia,Wikipedia,https://en.wikipedia.org/wiki/Federal_Government_of_Somalia,encyclopedia,,
SOM:statedept-somalia,SOM,statedept-somalia,A Guide to the United States' History of Recognition: Somalia,"U.S. Department of State, Office of the Historian",https://history.state.gov/countries/somalia,gov,,
SRB:serbia-history-britannica,SRB,serbia-history-britannica,Serbia: History,Encyclopaedia Britannica,https://www.britannica.com/place/Serbia,encyclopedia,,
SRB:nemanjic-britannica,SRB,nemanjic-britannica,Nemanjić Dynasty,Encyclopaedia Britannica,https://www.britannica.com/topic/Nemanjic-dynasty,encyclopedia,,
SRB:stefan-nemanja-britannica,SRB,stefan-nemanja-britannica,Stefan Nemanja,Encyclopaedia Britannica,https://www.britannica.com/biography/Stefan-Nemanja,encyclopedia,,
SRB:saint-sava-britannica,SRB,saint-sava-britannica,Saint Sava,Encyclopaedia Britannica,https://www.britannica.com/biography/Saint-Sava,encyclopedia,,
SRB:stephen-firstcrowned-britannica,SRB,stephen-firstcrowned-britannica,Stephen II Nemanja (Stefan the First-Crowned),Encyclopaedia Britannica,https://www.britannica.com/biography/Stephen-II-Nemanja,encyclopedia,,
SRB:stefan-dusan-britannica,SRB,stefan-dusan-britannica,Stefan Dušan,Encyclopaedia Britannica,https://www.britannica.com/biography/Stefan-Dusan,encyclopedia,,
SRB:battle-kosovo-britannica,SRB,battle-kosovo-britannica,Battle of Kosovo (1389),Encyclopaedia Britannica,https://www.britannica.com/event/Battle-of-Kosovo-1389-Balkans,encyclopedia,,
SRB:karadjordje-britannica,SRB,karadjordje-britannica,Karadjordje,Encyclopaedia Britannica,https://www.britannica.com/biography/Karadjordje,encyclopedia,,
SRB:serbia-ottoman-britannica,SRB,serbia-ottoman-britannica,Serbia: The disintegration of Ottoman rule,Encyclopaedia Britannica,https://www.britannica.com/place/Serbia/The-disintegration-of-Ottoman-rule,encyclopedia,,
SRB:ksc-britannica,SRB,ksc-britannica,"Kingdom of Serbs, Croats and Slovenes",Encyclopaedia Britannica,https://www.britannica.com/place/Kingdom-of-Serbs-Croats-and-Slovenes,encyclopedia,,
SRB:serbia-yugoslav-kingdom-britannica,SRB,serbia-yugoslav-kingdom-britannica,Serbia in the Yugoslav kingdom,Encyclopaedia Britannica,https://www.britannica.com/place/Serbia/Serbia-in-the-Yugoslav-kingdom,encyclopedia,,
SRB:tito-britannica,SRB,tito-britannica,Josip Broz Tito,Encyclopaedia Britannica,https://www.britannica.com/biography/Josip-Broz-Tito,encyclopedia,,
SRB:serbia-tenyears-britannica,SRB,serbia-tenyears-britannica,Serbia: The Ten Years' War,Encyclopaedia Britannica,https://www.britannica.com/place/Serbia/The-Ten-Years-War,encyclopedia,,
SRB:kosovo-conflict-britannica,SRB,kosovo-conflict-britannica,Kosovo conflict,Encyclopaedia Britannica,https://www.britannica.com/event/Kosovo-conflict,encyclopedia,,
SRB:milosevic-britannica,SRB,milosevic-britannica,Slobodan Milošević,Encyclopaedia Britannica,https://www.britannica.com/biography/Slobodan-Milosevic,encyclopedia,,
SRB:montenegro-independence-britannica,SRB,montenegro-independence-britannica,Montenegro: Independence,Encyclopaedia Britannica,https://www.britannica.com/place/Montenegro/Independence,encyclopedia,,
SRB:icj-kosovo,SRB,icj-kosovo,Accordance with international law of the unilateral declaration of independence in respect of Kosovo — Advisory Opinion of 22 July 2010,International Court of Justice,https://www.icj-cij.org/case/141,primary,,
SRB:unsc1244-unmik,SRB,unsc1244-unmik,United Nations Security Council Resolution 1244 (1999),United Nations Interim Administration Mission in Kosovo (UNMIK),https://unmik.unmissions.org/en/united-nations-resolution-1244,primary,,
SRB:brussels-ohrid-eeas,SRB,brussels-ohrid-eeas,Belgrade–Pristina Dialogue: Agreement on the path to normalisation between Kosovo and Serbia,European External Action Service (EU),https://www.eeas.europa.eu/eeas/belgrade-pristina-dialogue-agreement-path-normalisation-between-kosovo-and-serbia_en,gov,,
SRB:icty-milosevic,SRB,icty-milosevic,Slobodan Milošević (IT-02-54) case information,International Criminal Tribunal for the former Yugoslavia (UN-IRMCT),https://www.icty.org/en/case/slobodan_milosevic,primary,,
SRB:statedept-serbia,SRB,statedept-serbia,"A Guide to the United States' History of Recognition, Diplomatic, and Consular Relations, by Country: Serbia","U.S. Department of State, Office of the Historian",https://history.state.gov/countries/serbia/diplomatic_relations,gov,,
SRB:studenica-unesco,SRB,studenica-unesco,Studenica Monastery,UNESCO World Heritage Centre,https://whc.unesco.org/en/list/389/,gov,,
SRB:kosovo-monuments-unesco,SRB,kosovo-monuments-unesco,Medieval Monuments in Kosovo,UNESCO World Heritage Centre,https://whc.unesco.org/en/list/724/,gov,,
SRB:wikipedia-stefan-nemanja,SRB,wikipedia-stefan-nemanja,Stefan Nemanja,Wikipedia,https://en.wikipedia.org/wiki/Stefan_Nemanja,reference,,
SRB:wikipedia-serbian-despotate,SRB,wikipedia-serbian-despotate,Serbian Despotate,Wikipedia,https://en.wikipedia.org/wiki/Serbian_Despotate,reference,,
SRB:wikipedia-principality-serbia,SRB,wikipedia-principality-serbia,Principality of Serbia,Wikipedia,https://en.wikipedia.org/wiki/Principality_of_Serbia,reference,,
SRB:nwe-serbia,SRB,nwe-serbia,Serbia,New World Encyclopedia,https://www.newworldencyclopedia.org/entry/Serbia,encyclopedia,,
STP:britannica-stp,STP,britannica-stp,São Tomé and Príncipe,Encyclopaedia Britannica,https://www.britannica.com/place/Sao-Tome-and-Principe,encyclopedia,,
STP:britannica-stp-independence,STP,britannica-stp-independence,São Tomé and Príncipe — After independence,Encyclopaedia Britannica,https://www.britannica.com/place/Sao-Tome-and-Principe/After-independence,encyclopedia,,
STP:britannica-pinto-da-costa,STP,britannica-pinto-da-costa,Manuel Pinto da Costa,Encyclopaedia Britannica,https://www.britannica.com/biography/Manuel-Pinto-da-Costa,encyclopedia,,
STP:britannica-forros,STP,britannica-forros,Forros (people),Encyclopaedia Britannica,https://www.britannica.com/topic/Forros,encyclopedia,,
STP:worldhistory-stp,STP,worldhistory-stp,The Portuguese Colonization of São Tomé and Príncipe,World History Encyclopedia,https://www.worldhistory.org/article/1763/the-portuguese-colonization-of-sao-tome-and-princi/,encyclopedia,,
STP:blackpast-pinto-da-costa,STP,blackpast-pinto-da-costa,Manuel Pinto da Costa (1937– ),BlackPast.org,https://www.blackpast.org/global-african-history/manuel-pinto-da-costa-1937/,reference,,
STP:museu-batepa,STP,museu-batepa,Batepá Massacre,"Museu do Aljube (Resistance and Freedom Museum, Lisbon)",https://www.museudoaljube.pt/en/2023/02/03/batepa-massacre/,museum,,
STP:academia-batepa,STP,academia-batepa,The February 1953 Massacre in São Tomé: Crack in the Salazarist Image of Multiracial Harmony,Academic article (Africa: Journal of the International African Institute),https://www.researchgate.net/publication/351091344_The_February_1953_Massacre_in_Sao_Tome,academic,,
STP:chocolateclass-stp,STP,chocolateclass-stp,"Sugar, Cocoa, and Slavery in Portuguese Colonial Africa",Chocolate Class (Harvard University course site),https://chocolateclass.wordpress.com/2020/03/24/sugar-cocoa-and-slavery-in-portuguese-colonial-africa/,academic,,
STP:saotomeexpert-servicais,STP,saotomeexpert-servicais,The Serviçais — Plantation Contract Workers,São Tomé Expert,https://www.saotomeexpert.pt/en/sao-tome-and-principe-plantations-contract-workers/,reference,,
STP:saotomeexpert-angolares,STP,saotomeexpert-angolares,The Angolares of São Tomé and Príncipe,São Tomé Expert,https://www.saotomeexpert.pt/en/sao-tome-and-principe-angolares-population/,reference,,
STP:wiki-history-stp,STP,wiki-history-stp,History of São Tomé and Príncipe,Wikipedia,https://en.wikipedia.org/wiki/History_of_S%C3%A3o_Tom%C3%A9_and_Pr%C3%ADncipe,reference,,
STP:wiki-stp,STP,wiki-stp,São Tomé and Príncipe,Wikipedia,https://en.wikipedia.org/wiki/S%C3%A3o_Tom%C3%A9_and_Pr%C3%ADncipe,reference,,
STP:wiki-rei-amador,STP,wiki-rei-amador,Rei Amador,Wikipedia,https://en.wikipedia.org/wiki/Rei_Amador,reference,,
STP:wiki-batepa,STP,wiki-batepa,Batepá massacre,Wikipedia,https://en.wikipedia.org/wiki/Batep%C3%A1_massacre,reference,,
STP:wiki-mlstp,STP,wiki-mlstp,Movement for the Liberation of São Tomé and Príncipe,Wikipedia,https://en.wikipedia.org/wiki/Movement_for_the_Liberation_of_S%C3%A3o_Tom%C3%A9_and_Pr%C3%ADncipe_%E2%80%93_Social_Democratic_Party,reference,,
SUR:britannica-suriname,SUR,britannica-suriname,Suriname: History,Encyclopaedia Britannica,https://www.britannica.com/place/Suriname/History,encyclopedia,,
SUR:britannica-suriname-people,SUR,britannica-suriname-people,Suriname: People,Encyclopaedia Britannica,https://www.britannica.com/place/Suriname/People,encyclopedia,,
SUR:britannica-breda,SUR,britannica-breda,Treaty of Breda (1667),Encyclopaedia Britannica,https://www.britannica.com/event/Treaty-of-Breda,encyclopedia,,
SUR:britannica-willoughby,SUR,britannica-willoughby,"Francis Willoughby, 5th Baron Willoughby of Parham",Encyclopaedia Britannica,https://www.britannica.com/biography/Francis-Willoughby-5th-Baron-Willoughby-of-Parham,encyclopedia,,
SUR:britannica-geerlings-simons,SUR,britannica-geerlings-simons,Jennifer Geerlings-Simons,Encyclopaedia Britannica,https://www.britannica.com/biography/Jennifer-Gerrlings-Simons,encyclopedia,,
SUR:nycourts-breda,SUR,nycourts-breda,"Treaty of Breda, 1667",Historical Society of the New York Courts,https://history.nycourts.gov/about_period/treaty-of-breda-1667/,reference,,
SUR:unesco-paramaribo,SUR,unesco-paramaribo,Historic Inner City of Paramaribo,UNESCO World Heritage Centre,https://whc.unesco.org/en/list/940/,gov,,
SUR:statedept-suriname,SUR,statedept-suriname,A Guide to the History of Recognition: Suriname,"U.S. Department of State, Office of the Historian",https://history.state.gov/countries/suriname,gov,,
SUR:loc-crs-suriname,SUR,loc-crs-suriname,Suriname: Background and U.S. Relations,"Congressional Research Service, Library of Congress",https://www.congress.gov/crs-product/R48730,gov,,
SUR:blackpast-ferrier,SUR,blackpast-ferrier,Johan Ferrier (1910-2010),BlackPast,https://www.blackpast.org/global-african-history/johan-ferrier-1910-2010/,reference,,
SUR:radboud-hindustani,SUR,radboud-hindustani,Suriname death records reveal fate of Hindustani indentured labourers after slavery,Radboud University,https://www.ru.nl/en/about-us/news/suriname-death-records-reveal-fate-of-hindustani-indentured-labourers-after-slavery,academic,,
SUR:nuhanovic-december,SUR,nuhanovic-december,Case Against Desi Bouterse (December Murders Case),Nuhanovic Foundation,https://www.nuhanovicfoundation.org/case/december-murders-case/,reference,,
SUR:nl-prosecution-interiorwar,SUR,nl-prosecution-interiorwar,"Dutch police arrest man on suspicion of war crimes, Surinamese Interior War",Netherlands Public Prosecution Service (Openbaar Ministerie),https://www.prosecutionservice.nl/latest/news/2021/10/29/dutch-police-arrest-man-on-suspicion-of-war-crimes-surinamese-interior-war,gov,,
SUR:totalenergies-granmorgu,SUR,totalenergies-granmorgu,Suriname: Final Investment Decision for the GranMorgu development on Block 58,TotalEnergies,https://totalenergies.com/news/press-releases/suriname-totalenergies-announces-final-investment-decision-granmorgu,primary,,
SUR:idea-suriname-2025,SUR,idea-suriname-2025,"Suriname: Democracy Tracker, July 2025",International IDEA,https://www.idea.int/democracytracker/report/suriname/july-2025,reference,,
SVK:slovakia-britannica,SVK,slovakia-britannica,Slovakia,Encyclopaedia Britannica,https://www.britannica.com/place/Slovakia,encyclopedia,,
SVK:moravia-britannica,SVK,moravia-britannica,Moravia (and Great Moravia),Encyclopaedia Britannica,https://www.britannica.com/place/Moravia,encyclopedia,,
SVK:svatopluk-britannica,SVK,svatopluk-britannica,"Svatopluk, prince of Moravia",Encyclopaedia Britannica,https://www.britannica.com/biography/Svatopluk,encyclopedia,,
SVK:cyril-methodius-britannica,SVK,cyril-methodius-britannica,Saints Cyril and Methodius,Encyclopaedia Britannica,https://www.britannica.com/biography/Saints-Cyril-and-Methodius,encyclopedia,,
SVK:stur-britannica,SVK,stur-britannica,Ľudovít Štúr,Encyclopaedia Britannica,https://www.britannica.com/biography/Ludovit-Stur,encyclopedia,,
SVK:slovak-literature-britannica,SVK,slovak-literature-britannica,Slovak literature,Encyclopaedia Britannica,https://www.britannica.com/art/Slovak-literature,encyclopedia,,
SVK:czechoslovakia-britannica,SVK,czechoslovakia-britannica,Czechoslovakia,Encyclopaedia Britannica,https://www.britannica.com/place/Czechoslovakia,encyclopedia,,
SVK:velvet-revolution-britannica,SVK,velvet-revolution-britannica,Velvet Revolution,Encyclopaedia Britannica,https://www.britannica.com/topic/Velvet-Revolution,encyclopedia,,
SVK:slovakia-travel-history,SVK,slovakia-travel-history,History of Slovakia,Slovakia.travel (official tourism portal),https://slovakia.travel/en/about-slovakia/history,gov,,
SVK:bratislava-coronation,SVK,bratislava-coronation,Bratislava: Coronation City,Visit Bratislava (official city tourism),https://www.visitbratislava.com/about/coronation-city/,reference,,
SVK:tiso-ushmm,SVK,tiso-ushmm,Jozef Tiso,United States Holocaust Memorial Museum,https://encyclopedia.ushmm.org/content/en/article/jozef-tiso-1,museum,,
SVK:holocaust-slovakia-ushmm,SVK,holocaust-slovakia-ushmm,The Holocaust in Slovakia,United States Holocaust Memorial Museum,https://encyclopedia.ushmm.org/content/en/article/the-holocaust-in-slovakia,museum,,
SVK:snp-ww2museum,SVK,snp-ww2museum,The Slovak National Uprising of 1944,"The National WWII Museum, New Orleans",https://www.nationalww2museum.org/war/articles/slovak-national-uprising-1944,museum,,
SVK:icj-gabcikovo,SVK,icj-gabcikovo,Gabčíkovo-Nagymaros Project (Hungary/Slovakia),International Court of Justice,https://www.icj-cij.org/case/92,primary,,
SVK:icj-gabcikovo-summary,SVK,icj-gabcikovo-summary,"Gabčíkovo-Nagymaros Project, Judgment of 25 September 1997",International Court of Justice,https://www.icj-cij.org/node/101335,primary,,
SVK:nato-slovakia,SVK,nato-slovakia,Slovakia and NATO enlargement (2004 invitees),North Atlantic Treaty Organization,https://www.nato.int/en/what-we-do/partnerships-and-cooperation/enlargement-and-article-10,gov,,
SVK:eu-slovakia-euro,SVK,eu-slovakia-euro,Slovakia and the euro,European Commission (Economy and Finance),https://economy-finance.ec.europa.eu/euro/eu-countries-and-euro/slovakia-and-euro_en,gov,,
SVK:state-dept-slovakia,SVK,state-dept-slovakia,U.S. Relations With Slovakia,U.S. Department of State,https://2021-2025.state.gov/u-s-relations-with-slovakia/,gov,,
SVK:statedept-slovakia,SVK,statedept-slovakia,A Guide to the United States' History of Recognition: Slovakia,"U.S. Department of State, Office of the Historian",https://history.state.gov/countries/slovakia,gov,,
SVN:slovenia-si-past,SVN,slovenia-si-past,Our past,Slovenia.si (Government Communication Office),https://slovenia.si/this-is-slovenia/our-past,gov,,
SVN:govsi-history,SVN,govsi-history,History of Slovenia,Government of Slovenia (gov.si),https://www.gov.si/en/topics/history-of-slovenia/,gov,,
SVN:slovenia-britannica-middle-ages,SVN,slovenia-britannica-middle-ages,Slovenia: The Middle Ages,Encyclopaedia Britannica,https://www.britannica.com/place/Slovenia/The-Middle-Ages,encyclopedia,,
SVN:trubar-britannica,SVN,trubar-britannica,Primoz Trubar,Encyclopaedia Britannica,https://www.britannica.com/biography/Primoz-Trubar,encyclopedia,,
SVN:culture-si-protestantism,SVN,culture-si-protestantism,Protestantism and the First Slovene Books,Culture.si,https://www.culture.si/en/Protestantism_and_the_First_Slovene_Books,reference,,
SVN:stb-reformation,SVN,stb-reformation,Tracing the Slovenian Reformation,Slovenian Tourist Board (slovenia.info),https://www.slovenia.info/en/stories/tracing-the-slovenian-reformation,gov,,
SVN:ljubljana-britannica,SVN,ljubljana-britannica,Ljubljana,Encyclopaedia Britannica,https://www.britannica.com/place/Ljubljana,encyclopedia,,
SVN:idrija-unesco,SVN,idrija-unesco,Heritage of Mercury. Almaden and Idrija,UNESCO World Heritage Centre,https://whc.unesco.org/en/list/1313/,gov,,
SVN:illyrian-britannica-history,SVN,illyrian-britannica-history,History of Slovenia,Encyclopaedia Britannica,https://www.britannica.com/topic/history-of-Slovenia,encyclopedia,,
SVN:preseren-britannica,SVN,preseren-britannica,France Preseren,Encyclopaedia Britannica,https://www.britannica.com/biography/France-Preseren,encyclopedia,,
SVN:scs-britannica,SVN,scs-britannica,"Kingdom of Serbs, Croats, and Slovenes",Encyclopaedia Britannica,https://www.britannica.com/place/Kingdom-of-Serbs-Croats-and-Slovenes,encyclopedia,,
SVN:slovenia-britannica-since-1918,SVN,slovenia-britannica-since-1918,Slovenia since 1918,Encyclopaedia Britannica,https://www.britannica.com/place/Slovenia/Slovenia-since-1918,encyclopedia,,
SVN:carinthia-plebiscite-mdpi,SVN,carinthia-plebiscite-mdpi,"Carinthian Plebiscite, 1920",Encyclopedia (MDPI),https://encyclopedia.pub/entry/34127,reference,,
SVN:trieste-frus,SVN,trieste-frus,"The Trieste Settlement, October 1954 (London Memorandum)","U.S. Department of State, Office of the Historian (FRUS 1952-54, vol. VIII)",https://history.state.gov/historicaldocuments/frus1952-54v08/ch2subsub5,primary,,
SVN:osimo-reference,SVN,osimo-reference,Treaty of Osimo (1975) and the Trieste settlement,Free Trieste / international treaties archive,https://triestelibera.one/home/english/international-treaties,reference,,
SVN:govsi-independence,SVN,govsi-independence,Independence and Unity Day (the 1990 plebiscite),Government of Slovenia (gov.si),https://www.gov.si/en/news/independence-and-unity-day/,gov,,
SVN:brioni-reference,SVN,brioni-reference,Brioni Agreement and the end of the Ten-Day War,Zentrum fur Osteuropa- und internationale Studien (ZOiS),https://www.zois-berlin.de/en/publications/ten-days-that-ended-yugoslavia-the-forgotten-war-in-slovenia-30-years-later,reference,,
SVN:govsi-nato,SVN,govsi-nato,Slovenia's NATO membership,Government of Slovenia (gov.si),https://www.gov.si/en/topics/slovenias-nato-membership/,gov,,
SVN:eu-slovenia,SVN,eu-slovenia,Slovenia – EU country,European Union (european-union.europa.eu),https://european-union.europa.eu/principles-countries-history/eu-countries/slovenia_en,gov,,
SVN:govsi-arbitration,SVN,govsi-arbitration,Arbitration (the border dispute with Croatia),Government of Slovenia (gov.si),https://www.gov.si/en/registries/projects/arbitraza/,gov,,
SVN:pca-case,SVN,pca-case,"Arbitration between the Republic of Croatia and the Republic of Slovenia (PCA Case No. 2012-04, Final Award 29 June 2017)",Permanent Court of Arbitration,https://pca-cpa.org/en/cases/3/,primary,,
SVN:skocjan-unesco,SVN,skocjan-unesco,Skocjan Caves,UNESCO World Heritage Centre,https://whc.unesco.org/en/list/390/,gov,,
SVN:statedept-slovenia,SVN,statedept-slovenia,A Guide to the United States' History of Recognition: Slovenia,"U.S. Department of State, Office of the Historian",https://history.state.gov/countries/slovenia,gov,,
SWE:sweden-history-britannica,SWE,sweden-history-britannica,Sweden: History,Encyclopaedia Britannica,https://www.britannica.com/place/Sweden,encyclopedia,,
SWE:sweden-vasa-kings-britannica,SWE,sweden-vasa-kings-britannica,Sweden: The early Vasa kings (1523–1611),Encyclopaedia Britannica,https://www.britannica.com/place/Sweden/The-early-Vasa-kings-1523-1611,encyclopedia,,
SWE:birka-unesco,SWE,birka-unesco,Birka and Hovgården,UNESCO World Heritage Centre,https://whc.unesco.org/en/list/555/,gov,,
SWE:kalmar-britannica,SWE,kalmar-britannica,Kalmar Union,Encyclopaedia Britannica,https://www.britannica.com/place/Kalmar-Union,encyclopedia,,
SWE:historiska-kalmar,SWE,historiska-kalmar,Queen Margaret and the Union of Kalmar,Swedish History Museum (Historiska museet),https://historiska.se/en/explore-history/history-hub/queen-margaret-and-the-union-of-kalmar/,museum,,
SWE:bloodbath-britannica,SWE,bloodbath-britannica,Stockholm Bloodbath,Encyclopaedia Britannica,https://www.britannica.com/event/Stockholm-Bloodbath,encyclopedia,,
SWE:historiska-bloodbath,SWE,historiska-bloodbath,The Stockholm blood bath,Swedish History Museum (Historiska museet),https://historiska.se/en/explore-history/history-hub/the-stockholm-bloodbath/,museum,,
SWE:vasa-britannica,SWE,vasa-britannica,Gustav I Vasa,Encyclopaedia Britannica,https://www.britannica.com/biography/Gustav-I-Vasa,encyclopedia,,
SWE:riksdagen-decisions,SWE,riksdagen-decisions,Decisions that have changed Sweden 1523–2023,Sveriges Riksdag (Swedish Parliament),https://www.riksdagen.se/en/news/from-royal-power-to-peoples-power---500-years-of-parliament-in-sweden/decisions-that-have-changed-sweden-15232023/,gov,,
SWE:historiska-reformation,SWE,historiska-reformation,Gustav Vasa and the Reformation,Swedish History Museum (Historiska museet),https://historiska.se/en/explore-history/history-hub/gustav-vasa-and-the-reformation/,museum,,
SWE:westphalia-britannica,SWE,westphalia-britannica,Peace of Westphalia,Encyclopaedia Britannica,https://www.britannica.com/event/Peace-of-Westphalia,encyclopedia,,
SWE:roskilde-britannica,SWE,roskilde-britannica,Treaty of Roskilde,Encyclopaedia Britannica,https://www.britannica.com/topic/Treaty-of-Roskilde,encyclopedia,,
SWE:poltava-britannica,SWE,poltava-britannica,Battle of Poltava,Encyclopaedia Britannica,https://www.britannica.com/event/Battle-of-Poltava,encyclopedia,,
SWE:nystad-reference,SWE,nystad-reference,Treaty of Nystad (1721),Encyclopaedia Britannica,https://www.britannica.com/place/Sweden,encyclopedia,,
SWE:hamina-britannica,SWE,hamina-britannica,"Treaty of Hamina (Fredrikshamn, 1809)",Encyclopaedia Britannica,https://www.britannica.com/topic/Treaty-of-Hamina,encyclopedia,,
SWE:kiel-britannica,SWE,kiel-britannica,Treaty of Kiel,Encyclopaedia Britannica,https://www.britannica.com/event/Treaty-of-Kiel,encyclopedia,,
SWE:norway-union-britannica,SWE,norway-union-britannica,"Norway: The union conflict, 1859–1905",Encyclopaedia Britannica,https://www.britannica.com/place/Norway/The-union-conflict-1859-1905,encyclopedia,,
SWE:loc-swedes,SWE,loc-swedes,The Swedes (Scandinavian immigration),Library of Congress,https://www.loc.gov/classroom-materials/immigration/scandinavian/the-swedes/,gov,,
SWE:welfare-britannica,SWE,welfare-britannica,Sweden: The welfare state,Encyclopaedia Britannica,https://www.britannica.com/place/Sweden/The-welfare-state,encyclopedia,,
SWE:nato-sweden,SWE,nato-sweden,Sweden officially joins NATO,NATO,https://www.nato.int/en/news-and-events/articles/news/2024/03/07/sweden-officially-joins-nato,gov,,
SWE:nato-flag,SWE,nato-flag,Swedish flag raised at NATO Headquarters,NATO,https://www.nato.int/en/news-and-events/articles/news/2024/03/11/swedish-flag-raised-at-nato-headquarters,gov,,
SWE:wikipedia-gustav-vasa,SWE,wikipedia-gustav-vasa,Gustav I of Sweden,Wikipedia,https://en.wikipedia.org/wiki/Gustav_I_of_Sweden,reference,,
SWZ:britannica-eswatini,SWZ,britannica-eswatini,Eswatini,Encyclopaedia Britannica,https://www.britannica.com/place/Eswatini,encyclopedia,,
SWZ:britannica-colonial-sz,SWZ,britannica-colonial-sz,Eswatini — Colonial administration,Encyclopaedia Britannica,https://www.britannica.com/place/Eswatini/Colonial-administration,encyclopedia,,
SWZ:britannica-sobhuza-i,SWZ,britannica-sobhuza-i,Sobhuza I,Encyclopaedia Britannica,https://www.britannica.com/biography/Sobhuza-I,encyclopedia,,
SWZ:britannica-mswati-ii,SWZ,britannica-mswati-ii,Mswati II,Encyclopaedia Britannica,https://www.britannica.com/biography/Mswati-II,encyclopedia,,
SWZ:britannica-sobhuza-ii,SWZ,britannica-sobhuza-ii,Sobhuza II,Encyclopaedia Britannica,https://www.britannica.com/biography/Sobhuza-II,encyclopedia,,
SWZ:wiki-history-sz,SWZ,wiki-history-sz,History of Eswatini,Wikipedia,https://en.wikipedia.org/wiki/History_of_Eswatini,reference,,
SWZ:wiki-ngwane-iii,SWZ,wiki-ngwane-iii,Ngwane III,Wikipedia,https://en.wikipedia.org/wiki/Ngwane_III,reference,,
SWZ:wiki-mswati-ii,SWZ,wiki-mswati-ii,Mswati II,Wikipedia,https://en.wikipedia.org/wiki/Mswati_II,reference,,
SWZ:wiki-mbandzeni,SWZ,wiki-mbandzeni,Mbandzeni (Dlamini IV),Wikipedia,https://en.wikipedia.org/wiki/Mbandzeni,reference,,
SWZ:wiki-ndlovukati,SWZ,wiki-ndlovukati,Ndlovukati (Queen Mother of Eswatini),Wikipedia,https://en.wikipedia.org/wiki/Ndlovukati,reference,,
SWZ:wiki-mswati-iii,SWZ,wiki-mswati-iii,Mswati III,Wikipedia,https://en.wikipedia.org/wiki/Mswati_III,reference,,
SWZ:wiki-constitution-sz,SWZ,wiki-constitution-sz,Constitution of Eswatini,Wikipedia,https://en.wikipedia.org/wiki/Constitution_of_Eswatini,reference,,
SWZ:sahistory-sobhuza-i,SWZ,sahistory-sobhuza-i,King Sobhuza I,South African History Online,https://www.sahistory.org.za/people/king-sobhuza-i,reference,,
SWZ:blackpast-sobhuza-ii,SWZ,blackpast-sobhuza-ii,King Sobhuza II (1899–1982),BlackPast.org,https://www.blackpast.org/global-african-history/people-global-african-history/king-sobhuza-ii-1899-1982/,reference,,
SWZ:encyaf-mbandzeni,SWZ,encyaf-mbandzeni,Mbandzeni (Dlamini IV),Encyclopaedia Africana,https://encyclopaediaafricana.com/mbandzeni-dlamini-iv/,encyclopedia,,
SWZ:nationsency-swaziland,SWZ,nationsency-swaziland,Swaziland — History,Nations Encyclopedia,https://www.nationsencyclopedia.com/Africa/Swaziland-HISTORY.html,reference,,
SWZ:familysearch-sz,SWZ,familysearch-sz,Eswatini History,FamilySearch,https://www.familysearch.org/en/wiki/Eswatini_History,reference,,
SWZ:statedept-swaziland,SWZ,statedept-swaziland,Background Note: Swaziland,U.S. Department of State,https://2009-2017.state.gov/outofdate/bgn/swaziland/116104.htm,gov,,
SWZ:statedept-recognition,SWZ,statedept-recognition,A Guide to the United States' History of Recognition: Eswatini,"U.S. Department of State, Office of the Historian",https://history.state.gov/countries/swaziland,gov,,
SWZ:kiddle-history-sz,SWZ,kiddle-history-sz,History of Eswatini (facts for kids),Kiddle,https://kids.kiddle.co/History_of_Eswatini,reference,,
SWZ:commons-eswatini-protests,SWZ,commons-eswatini-protests,Pro-democracy protests in Eswatini,"UK Parliament, House of Commons Library",https://commonslibrary.parliament.uk/research-briefings/cbp-9316/,gov,,
SWZ:natgeo-eswatini,SWZ,natgeo-eswatini,Africa's last absolute monarchy is shaken as protestors defy Eswatini's king,National Geographic,https://www.nationalgeographic.com/history/article/africas-last-absolute-monarchy-shaken-as-protestors-defy-eswatini-king,reference,,
SWZ:wikipedia-eswatini,SWZ,wikipedia-eswatini,Eswatini,Wikipedia,https://en.wikipedia.org/wiki/Eswatini,reference,,
SYC:wiki-history,SYC,wiki-history,History of Seychelles,Wikipedia,https://en.wikipedia.org/wiki/History_of_Seychelles,reference,,
SYC:holidify,SYC,holidify,History of Seychelles,Holidify,https://www.holidify.com/pages/history-of-seychelles-679.html,reference,,
SYC:seyvillas,SYC,seyvillas,Seychelles History — Timeline,SeyVillas Seychelles Travel Guide,https://www.seyvillas.com/en/guide/at-a-glance/history,reference,,
SYC:kreol-mag,SYC,kreol-mag,The French History of the Seychelles,Kreol Magazine,https://kreolmagazine.com/culture/history-and-culture/the-french-history-of-the-seychelles/,reference,,
SYC:liquisearch,SYC,liquisearch,History of Seychelles — French Settlement and Rule,Liquisearch,https://www.liquisearch.com/history_of_seychelles/french_settlement_and_rule,reference,,
SYC:sey-museum-slavery,SYC,sey-museum-slavery,History of Slavery,Seychelles National Museum,https://seychellesnationalmuseums.org/exhibitions/slavery/,museum,,
SYC:sna-creole,SYC,sna-creole,Seychelles at 250: Liberated slaves and the birth of the Creole identity,Seychelles News Agency,http://www.seychellesnewsagency.com/articles/12503/Seychelles+at++Liberated+slaves+in+Seychelles+and+the+birth+of+the+Creole+identity,reference,,
SYC:state-gov-old,SYC,state-gov-old,Background Note: Seychelles,U.S. Department of State (archived),https://2009-2017.state.gov/outofdate/bgn/seychelles/113208.htm,gov,,
SYC:unesco-aldabra,SYC,unesco-aldabra,Aldabra Atoll — World Heritage List,UNESCO World Heritage Centre,https://whc.unesco.org/en/list/185/,gov,,
SYC:unesco-valleedemai,SYC,unesco-valleedemai,Vallée de Mai Nature Reserve — World Heritage List,UNESCO World Heritage Centre,https://whc.unesco.org/en/list/261/,gov,,
SYC:sif-vdm,SYC,sif-vdm,Welcome to the Vallée de Mai,Seychelles Islands Foundation,https://www.sif.sc/vdm,reference,,
SYC:sna-aldabra,SYC,sna-aldabra,Seychelles' Aldabra Atoll — decades as a UNESCO World Heritage Site,Seychelles News Agency,http://www.seychellesnewsagency.com/articles/19514/,reference,,
SYC:uca-seychelles,SYC,uca-seychelles,Seychelles Voluntary National Review 2025,"Government of Seychelles, Ministry of Finance",https://www.finance.gov.sc/wp-content/uploads/2025/10/VNR_SEYCHELLES_2025-1.pdf,gov,,
SYC:ascleiden-mancham,SYC,ascleiden-mancham,James Mancham,African Studies Centre Leiden,https://www.ascleiden.nl/content/library-weekly/james-mancham,academic,,
SYC:wiki-1981coup,SYC,wiki-1981coup,1981 Seychelles coup attempt,Wikipedia,https://en.wikipedia.org/wiki/1981_Seychelles_coup_attempt,reference,,
SYC:wiki-economy,SYC,wiki-economy,Economy of Seychelles,Wikipedia,https://en.wikipedia.org/wiki/Economy_of_Seychelles,reference,,
SYC:cia-factbook,SYC,cia-factbook,Seychelles — Economy,CIA World Factbook,https://www.indexmundi.com/seychelles/economy_overview.html,gov,,
SYC:statedept-seychelles,SYC,statedept-seychelles,A Guide to the United States' History of Recognition: Seychelles,"U.S. Department of State, Office of the Historian",https://history.state.gov/countries/seychelles,gov,,
SYR:britannica-syria,SYR,britannica-syria,Syria — history,Encyclopaedia Britannica,https://www.britannica.com/place/Syria,encyclopedia,,
SYR:britannica-ebla,SYR,britannica-ebla,"Ebla — ancient city, Syria",Encyclopaedia Britannica,https://www.britannica.com/place/Ebla,encyclopedia,,
SYR:britannica-mari,SYR,britannica-mari,"Mari — ancient city, Syria",Encyclopaedia Britannica,https://www.britannica.com/place/Mari-ancient-city-Syria,encyclopedia,,
SYR:britannica-ugaritic-alphabet,SYR,britannica-ugaritic-alphabet,Ugaritic alphabet,Encyclopaedia Britannica,https://www.britannica.com/topic/Ugaritic-alphabet,encyclopedia,,
SYR:britannica-aramaean,SYR,britannica-aramaean,Aramaean — ancient Middle Eastern people,Encyclopaedia Britannica,https://www.britannica.com/topic/Aramaean,encyclopedia,,
SYR:britannica-damascus,SYR,britannica-damascus,Damascus — History,Encyclopaedia Britannica,https://www.britannica.com/place/Damascus/History,encyclopedia,,
SYR:unesco-damascus,SYR,unesco-damascus,Ancient City of Damascus — UNESCO World Heritage List,UNESCO World Heritage Centre,https://whc.unesco.org/en/list/20/,gov,,
SYR:unesco-palmyra,SYR,unesco-palmyra,Site of Palmyra — UNESCO World Heritage List,UNESCO World Heritage Centre,https://whc.unesco.org/en/list/23/,gov,,
SYR:britannica-zenobia,SYR,britannica-zenobia,Zenobia — Queen of Palmyra,Encyclopaedia Britannica,https://www.britannica.com/biography/Zenobia,encyclopedia,,
SYR:britannica-umayyad,SYR,britannica-umayyad,Umayyad dynasty — Islamic history,Encyclopaedia Britannica,https://www.britannica.com/topic/Umayyad-dynasty-Islamic-history,encyclopedia,,
SYR:britannica-great-mosque-damascus,SYR,britannica-great-mosque-damascus,Great Mosque of Damascus,Encyclopaedia Britannica,https://www.britannica.com/topic/Great-Mosque-of-Damascus,encyclopedia,,
SYR:britannica-saladin,SYR,britannica-saladin,Saladin — sultan of Egypt and Syria,Encyclopaedia Britannica,https://www.britannica.com/biography/Saladin,encyclopedia,,
SYR:worldhistory-saladin,SYR,worldhistory-saladin,Saladin,World History Encyclopedia,https://www.worldhistory.org/Saladin/,encyclopedia,,
SYR:britannica-ayyubid,SYR,britannica-ayyubid,Ayyubid dynasty,Encyclopaedia Britannica,https://www.britannica.com/topic/Ayyubid-dynasty,encyclopedia,,
SYR:britannica-mamluk,SYR,britannica-mamluk,Mamluk dynasty — rulers of Egypt and Syria (1250–1517),Encyclopaedia Britannica,https://www.britannica.com/topic/Mamluk-dynasty-Egypt-Syria,encyclopedia,,
SYR:historian-syria,SYR,historian-syria,"A Guide to the History of Recognition, Diplomatic, and Consular Relations: Syria","U.S. Department of State, Office of the Historian",https://history.state.gov/countries/syria,gov,,
SYR:britannica-uar,SYR,britannica-uar,United Arab Republic,Encyclopaedia Britannica,https://www.britannica.com/place/United-Arab-Republic,encyclopedia,,
SYR:britannica-bashar,SYR,britannica-bashar,Bashar al-Assad,Encyclopaedia Britannica,https://www.britannica.com/biography/Bashar-al-Assad,encyclopedia,,
SYR:britannica-bashar-civilwar,SYR,britannica-bashar-civilwar,Bashar al-Assad — Unrest and civil war,Encyclopaedia Britannica,https://www.britannica.com/biography/Bashar-al-Assad/Unrest-and-civil-war,encyclopedia,,
SYR:ohchr-syria-deaths,SYR,ohchr-syria-deaths,"UN Human Rights Office estimates more than 306,000 civilians killed over 10 years in Syria conflict",UN Office of the High Commissioner for Human Rights (OHCHR),https://www.ohchr.org/en/press-releases/2022/06/un-human-rights-office-estimates-more-306000-civilians-were-killed-over-10,gov,,
SYR:unhcr-syria,SYR,unhcr-syria,Syrian Arab Republic — country page,UN Refugee Agency (UNHCR),https://www.unhcr.org/where-we-work/countries/syrian-arab-republic,gov,,
SYR:wikipedia-arab-kingdom-syria,SYR,wikipedia-arab-kingdom-syria,Arab Kingdom of Syria,Wikipedia,https://en.wikipedia.org/wiki/Arab_Kingdom_of_Syria,reference,,
SYR:wikipedia-french-mandate-syria,SYR,wikipedia-french-mandate-syria,French Mandate for Syria and the Lebanon,Wikipedia,https://en.wikipedia.org/wiki/French_Mandate_for_Syria_and_the_Lebanon,reference,,
SYR:nwe-syria,SYR,nwe-syria,Syria,New World Encyclopedia,https://www.newworldencyclopedia.org/entry/Syria,encyclopedia,,
TCD:nature-sahelanthropus,TCD,nature-sahelanthropus,Sahelanthropus tchadensis,Wikipedia,https://en.wikipedia.org/wiki/Sahelanthropus,reference,,
TCD:australian-museum-sahelanthropus,TCD,australian-museum-sahelanthropus,Sahelanthropus tchadensis,Australian Museum,https://australian.museum/learn/science/human-evolution/sahelanthropus-tchadensis/,museum,,
TCD:smithsonian-toumai,TCD,smithsonian-toumai,Sahelanthropus tchadensis: Ten Years After the Discovery,Smithsonian Magazine,https://www.smithsonianmag.com/science-nature/sahelanthropus-tchadensis-ten-years-after-the-disocvery-2449553/,reference,,
TCD:wiki-sao,TCD,wiki-sao,Sao civilisation,Wikipedia,https://en.wikipedia.org/wiki/Sao_civilisation,reference,,
TCD:ancient-origins-sao,TCD,ancient-origins-sao,The Ancient Sao Civilization in Central Africa,Ancient Origins,https://www.ancient-origins.net/ancient-places-africa/lost-mists-time-ancient-sao-civilization-central-africa-003978,reference,,
TCD:wiki-kanem-bornu,TCD,wiki-kanem-bornu,Kanem-Bornu Empire,Wikipedia,https://en.wikipedia.org/wiki/Kanem%E2%80%93Bornu_Empire,reference,,
TCD:wiki-hummay,TCD,wiki-hummay,Hummay (founder of the Sayfawa dynasty),Wikipedia,https://en.wikipedia.org/wiki/Hummay,reference,,
TCD:ebsco-dunama,TCD,ebsco-dunama,Mai Dunama Dibbalemi,EBSCO Research Starters,https://www.ebsco.com/research-starters/history/mai-dunama-dibbalemi,encyclopedia,,
TCD:lumen-bornu,TCD,lumen-bornu,Bornu Empire,"Lumen Learning, World Civilization",https://courses.lumenlearning.com/suny-hccc-worldcivilization/chapter/bornu-empire/,academic,,
TCD:wiki-wadai,TCD,wiki-wadai,Wadai Sultanate,Wikipedia,https://en.wikipedia.org/wiki/Wadai_Sultanate,reference,,
TCD:britannica-wadai,TCD,britannica-wadai,Wadai (sultanate),Encyclopaedia Britannica,https://www.britannica.com/place/Wadai,encyclopedia,,
TCD:wiki-bagirmi,TCD,wiki-bagirmi,Sultanate of Bagirmi,Wikipedia,https://en.wikipedia.org/wiki/Sultanate_of_Bagirmi,reference,,
TCD:wiki-rabih,TCD,wiki-rabih,Rabih az-Zubayr,Wikipedia,https://en.wikipedia.org/wiki/Rabih_az-Zubayr,reference,,
TCD:wiki-kousseri,TCD,wiki-kousseri,Battle of Kousséri,Wikipedia,https://en.wikipedia.org/wiki/Battle_of_Kouss%C3%A9ri,reference,,
TCD:britannica-chad-independence,TCD,britannica-chad-independence,"Chad — Independence, Civil War, Lake Chad",Encyclopaedia Britannica,https://www.britannica.com/place/Chad/Independence,encyclopedia,,
TCD:wiki-french-chad,TCD,wiki-french-chad,French Chad,Wikipedia,https://en.wikipedia.org/wiki/French_Chad,reference,,
TCD:wiki-tombalbaye,TCD,wiki-tombalbaye,François Tombalbaye,Wikipedia,https://en.wikipedia.org/wiki/Fran%C3%A7ois_Tombalbaye,reference,,
TCD:ebsco-civil-war,TCD,ebsco-civil-war,Civil War Begins in Chad,EBSCO Research Starters,https://www.ebsco.com/research-starters/history/civil-war-begins-chad,encyclopedia,,
TCD:wiki-malloum,TCD,wiki-malloum,Félix Malloum,Wikipedia,https://en.wikipedia.org/wiki/F%C3%A9lix_Malloum,reference,,
TCD:factbook-chad,TCD,factbook-chad,Chad — Country Profile,CIA World Factbook,https://www.cia.gov/the-world-factbook/countries/chad/,gov,,
TCD:history-defined-toyota-war,TCD,history-defined-toyota-war,Chad and Libya: The Impact of the Great Toyota War,History Defined,https://www.historydefined.net/the-great-toyota-war/,reference,,
TCD:icj-aouzou,TCD,icj-aouzou,"Territorial Dispute (Libya/Chad), Judgment of 3 February 1994",International Court of Justice,https://www.icj-cij.org/case/83,primary,,
TCD:britannica-idriss-deby,TCD,britannica-idriss-deby,Idriss Déby,Encyclopaedia Britannica,https://www.britannica.com/biography/Idriss-Deby,encyclopedia,,
TCD:wiki-mps,TCD,wiki-mps,Patriotic Salvation Movement (MPS),Wikipedia,https://en.wikipedia.org/wiki/Patriotic_Salvation_Movement,reference,,
TCD:hrw-habre,TCD,hrw-habre,Hissène Habré (case coverage),Human Rights Watch,https://www.hrw.org/tag/hissene-habre,gov,,
TCD:fidh-habre,TCD,fidh-habre,Hissène Habré convicted: a historic verdict for the victims,International Federation for Human Rights (FIDH),https://www.fidh.org/en/impacts/hissene-habre-convicted-a-historic-verdict-for-the-victims,gov,,
TCD:france24-mahamat-deby,TCD,france24-mahamat-deby,"Mahamat Idriss Déby, son of slain president, emerges as Chad's new strongman",France 24,https://www.france24.com/en/africa/20210421-mahamat-idriss-deby-son-of-slain-president-emerges-as-chad-s-new-strongman,reference,,
TCD:britannica-mahamat-deby,TCD,britannica-mahamat-deby,Mahamat Idriss Déby Itno,Encyclopaedia Britannica,https://www.britannica.com/biography/Mahamat-Idriss-Deby-Itno,encyclopedia,,
TCD:statedept-chad,TCD,statedept-chad,A Guide to the United States' History of Recognition: Chad,"U.S. Department of State, Office of the Historian",https://history.state.gov/countries/chad,gov,,
TCD:wikipedia-chad,TCD,wikipedia-chad,Chad,Wikipedia,https://en.wikipedia.org/wiki/Chad,reference,,
TGO:britannica-togo,TGO,britannica-togo,Togo (country overview and history),Encyclopaedia Britannica,https://www.britannica.com/place/Togo,encyclopedia,,
TGO:ewe-exodus-wiki,TGO,ewe-exodus-wiki,Exodus of the Ewe from Notsé,Wikipedia,https://en.wikipedia.org/wiki/Exodus_of_the_Ewe_from_Nots%C3%A9,reference,,
TGO:unesco-koutammakou,TGO,unesco-koutammakou,"Koutammakou, the Land of the Batammariba",UNESCO World Heritage Centre,https://whc.unesco.org/en/list/1140/,gov,,
TGO:smarthistory-takienta,TGO,smarthistory-takienta,"Mud tower-houses (takienta), Koutammakou region",Smarthistory,https://smarthistory.org/mud-tower-houses-koutammakou/,academic,,
TGO:aneho-wiki,TGO,aneho-wiki,Aného,Wikipedia,https://en.wikipedia.org/wiki/An%C3%A9ho,reference,,
TGO:togoland-wiki,TGO,togoland-wiki,Togoland,Wikipedia,https://en.wikipedia.org/wiki/Togoland,reference,,
TGO:nachtigal-wiki,TGO,nachtigal-wiki,Gustav Nachtigal,Wikipedia,https://en.wikipedia.org/wiki/Gustav_Nachtigal,reference,,
TGO:germany-togo-wiki,TGO,germany-togo-wiki,Germany–Togo relations,Wikipedia,https://en.wikipedia.org/wiki/Germany%E2%80%93Togo_relations,reference,,
TGO:britishtogoland-wiki,TGO,britishtogoland-wiki,British Togoland,Wikipedia,https://en.wikipedia.org/wiki/British_Togoland,reference,,
TGO:britishtogoland-plebiscite-wiki,TGO,britishtogoland-plebiscite-wiki,1956 British Togoland status plebiscite,Wikipedia,https://en.wikipedia.org/wiki/1956_British_Togoland_status_plebiscite,reference,,
TGO:olympio-wiki,TGO,olympio-wiki,Sylvanus Olympio,Wikipedia,https://en.wikipedia.org/wiki/Sylvanus_Olympio,reference,,
TGO:eyadema-wiki,TGO,eyadema-wiki,Gnassingbé Eyadéma,Wikipedia,https://en.wikipedia.org/wiki/Gnassingb%C3%A9_Eyad%C3%A9ma,reference,,
TGO:faure-wiki,TGO,faure-wiki,Faure Gnassingbé,Wikipedia,https://en.wikipedia.org/wiki/Faure_Gnassingb%C3%A9,reference,,
TGO:history-of-togo-wiki,TGO,history-of-togo-wiki,History of Togo,Wikipedia,https://en.wikipedia.org/wiki/History_of_Togo,reference,,
TGO:togo-wiki,TGO,togo-wiki,Togo,Wikipedia,https://en.wikipedia.org/wiki/Togo,reference,,
TGO:kabye-wiki,TGO,kabye-wiki,Kabye people,Wikipedia,https://en.wikipedia.org/wiki/Kabye_people,reference,,
TGO:frenchtogoland-wiki,TGO,frenchtogoland-wiki,French Togoland,Wikipedia,https://en.wikipedia.org/wiki/French_Togoland,reference,,
TGO:statedept-togo,TGO,statedept-togo,"A Guide to the History of Recognition, Diplomatic, and Consular Relations: Togo","U.S. Department of State, Office of the Historian",https://history.state.gov/countries/togo,gov,,
TGO:aaregistry-togo,TGO,aaregistry-togo,Togo Gains Independence From France,African American Registry,https://aaregistry.org/story/togo-gains-independence-from-france/,reference,,
THA:eb-thailand,THA,eb-thailand,Thailand,Encyclopædia Britannica,https://www.britannica.com/place/Thailand,encyclopedia,,
THA:eb-sukhothai,THA,eb-sukhothai,Sukhothai kingdom,Encyclopædia Britannica,https://www.britannica.com/place/Sukhothai-kingdom,encyclopedia,,
THA:eb-ramkhamhaeng,THA,eb-ramkhamhaeng,Ramkhamhaeng,Encyclopædia Britannica,https://www.britannica.com/biography/Ramkhamhaeng,encyclopedia,,
THA:eb-taksin,THA,eb-taksin,Taksin,Encyclopædia Britannica,https://www.britannica.com/biography/Taksin,encyclopedia,,
THA:eb-rama-i,THA,eb-rama-i,Rama I,Encyclopædia Britannica,https://www.britannica.com/biography/Rama-I,encyclopedia,,
THA:eb-mongkut,THA,eb-mongkut,Mongkut (Rama IV),Encyclopædia Britannica,https://www.britannica.com/biography/Mongkut,encyclopedia,,
THA:eb-bowring,THA,eb-bowring,Bowring Treaty,Encyclopædia Britannica,https://www.britannica.com/event/Bowring-Treaty,encyclopedia,,
THA:eb-chulalongkorn,THA,eb-chulalongkorn,Chulalongkorn (Rama V),Encyclopædia Britannica,https://www.britannica.com/biography/Chulalongkorn,encyclopedia,,
THA:eb-pridi,THA,eb-pridi,Pridi Phanomyong,Encyclopædia Britannica,https://www.britannica.com/biography/Pridi-Phanomyong,encyclopedia,,
THA:eb-bhumibol,THA,eb-bhumibol,Bhumibol Adulyadej (Rama IX),Encyclopædia Britannica,https://www.britannica.com/biography/Bhumibol-Adulyadej,encyclopedia,,
THA:eb-vajiralongkorn,THA,eb-vajiralongkorn,Vajiralongkorn (Rama X),Encyclopædia Britannica,https://www.britannica.com/biography/Vajiralongkorn,encyclopedia,,
THA:unesco-sukhothai,THA,unesco-sukhothai,Historic Town of Sukhothai and Associated Historic Towns,UNESCO World Heritage Centre,https://whc.unesco.org/en/list/574/,gov,,
THA:unesco-ayutthaya,THA,unesco-ayutthaya,Historic City of Ayutthaya,UNESCO World Heritage Centre,https://whc.unesco.org/en/list/576/,gov,,
THA:siam-society-1896,THA,siam-society-1896,The Anglo-French Declaration of January 1896 and the Independence of Siam,The Siam Society (Journal of the Siam Society),https://thesiamsociety.org/wp-content/uploads/1970/03/JSS_058_2h_Jeshurun_AngloFrenchDeclarationJanuary1896.pdf,academic,,
THA:wikipedia-sukhothai,THA,wikipedia-sukhothai,Sukhothai Kingdom,Wikipedia,https://en.wikipedia.org/wiki/Sukhothai_Kingdom,reference,,
THA:statedept-thailand,THA,statedept-thailand,A Guide to the United States' History of Recognition: Thailand,"U.S. Department of State, Office of the Historian",https://history.state.gov/countries/thailand,gov,,
TJK:britannica-history-tajikistan,TJK,britannica-history-tajikistan,History of Tajikistan,Encyclopædia Britannica,https://www.britannica.com/topic/history-of-Tajikistan,encyclopedia,,
TJK:britannica-independence,TJK,britannica-independence,Tajikistan — Independence,Encyclopædia Britannica,https://www.britannica.com/place/Tajikistan/Independence,encyclopedia,,
TJK:britannica-sogdiana,TJK,britannica-sogdiana,"Sogdiana — Central Asia, Silk Road, Persian Empire",Encyclopædia Britannica,https://www.britannica.com/place/Sogdiana,encyclopedia,,
TJK:britannica-samanid,TJK,britannica-samanid,Samanid dynasty,Encyclopædia Britannica,https://www.britannica.com/topic/Samanid-dynasty,encyclopedia,,
TJK:britannica-ismail,TJK,britannica-ismail,Ismāʿīl I ibn Aḥmad,Encyclopædia Britannica,https://www.britannica.com/biography/Ismail-I-ibn-Ahmad,encyclopedia,,
TJK:britannica-rudaki,TJK,britannica-rudaki,Rūdakī — Persian poet,Encyclopædia Britannica,https://www.britannica.com/biography/Rudaki,encyclopedia,,
TJK:britannica-rahmon,TJK,britannica-rahmon,Emomali Rahmon — president of Tajikistan,Encyclopædia Britannica,https://www.britannica.com/biography/Emomali-Rahmon,encyclopedia,,
TJK:unesco-sarazm,TJK,unesco-sarazm,Proto-urban Site of Sarazm — World Heritage List,UNESCO World Heritage Centre,https://whc.unesco.org/en/list/1141/,gov,,
TJK:unesco-tajiknationalpark,TJK,unesco-tajiknationalpark,Tajik National Park (Mountains of the Pamirs) — World Heritage List,UNESCO World Heritage Centre,https://whc.unesco.org/en/list/1252/,gov,,
TJK:loc-centralasia,TJK,loc-centralasia,"Kazakstan, Kyrgyzstan, Tajikistan, Turkmenistan, and Uzbekistan: Country Studies","Federal Research Division, Library of Congress",https://www.loc.gov/item/97005110/,gov,,
TJK:un-unmot,TJK,un-unmot,UNMOT — United Nations Mission of Observers in Tajikistan,United Nations Peacekeeping,https://peacekeeping.un.org/sites/default/files/past/unmot/UnmotB.htm,gov,,
TJK:mfa-leader,TJK,mfa-leader,"The Founder of Peace and National Unity — Leader of the Nation, President of the Republic of Tajikistan",Ministry of Foreign Affairs of the Republic of Tajikistan,https://www.mfa.tj/en/main/view/2422/the-founder-of-peace-and-national-unity-leader-of-the-nation-president-of-the-republic-of-tajikistan,gov,,
TJK:worldbank-tajikistan,TJK,worldbank-tajikistan,Tajikistan Economic Update 2025,The World Bank,https://www.worldbank.org/en/country/tajikistan/publication/economic-update-2025,gov,,
TJK:iom-labourmigration,TJK,iom-labourmigration,"Labour Migration — IOM Tajikistan, UN Migration",International Organization for Migration (IOM),https://tajikistan.iom.int/labour-migration,gov,,
TJK:wikipedia-samanid,TJK,wikipedia-samanid,Samanid Empire,Wikipedia,https://en.wikipedia.org/wiki/Samanid_Empire,reference,,
TJK:statedept-tajikistan,TJK,statedept-tajikistan,A Guide to the United States' History of Recognition: Tajikistan,"U.S. Department of State, Office of the Historian",https://history.state.gov/countries/tajikistan,gov,,
TKM:britannica-turkmenistan,TKM,britannica-turkmenistan,Turkmenistan,Encyclopædia Britannica,https://www.britannica.com/place/Turkmenistan,encyclopedia,,
TKM:britannica-turkmen-history,TKM,britannica-turkmen-history,Turkmenistan — Turkmen tribes and Russian invasion,Encyclopædia Britannica,https://www.britannica.com/place/Turkmenistan/Turkmen-tribes-and-Russian-invasion,encyclopedia,,
TKM:britannica-gok-tepe,TKM,britannica-gok-tepe,Battle of Gök-Tepe,Encyclopædia Britannica,https://www.britannica.com/topic/Battle-of-Gok-Tepe,encyclopedia,,
TKM:britannica-parthia,TKM,britannica-parthia,Parthia,Encyclopædia Britannica,https://www.britannica.com/place/Parthia,encyclopedia,,
TKM:britannica-seljuq,TKM,britannica-seljuq,Seljuq dynasty,Encyclopædia Britannica,https://www.britannica.com/topic/Seljuq,encyclopedia,,
TKM:britannica-mongol,TKM,britannica-mongol,Mongol empire,Encyclopædia Britannica,https://www.britannica.com/place/Mongol-empire,encyclopedia,,
TKM:britannica-niyazov,TKM,britannica-niyazov,Saparmurad Niyazov,Encyclopædia Britannica,https://www.britannica.com/biography/Saparmurad-Niyazov,encyclopedia,,
TKM:britannica-gurbanguly,TKM,britannica-gurbanguly,Gurbanguly Berdymukhammedov,Encyclopædia Britannica,https://www.britannica.com/biography/Gurbanguly-Berdymukhammedov,encyclopedia,,
TKM:britannica-serdar,TKM,britannica-serdar,Serdar Berdymukhammedov,Encyclopædia Britannica,https://www.britannica.com/biography/Serdar-Berdymukhammedov,encyclopedia,,
TKM:unesco-merv,TKM,unesco-merv,State Historical and Cultural Park 'Ancient Merv',UNESCO World Heritage Centre,https://whc.unesco.org/en/list/886/,gov,,
TKM:unesco-nisa,TKM,unesco-nisa,Parthian Fortresses of Nisa,UNESCO World Heritage Centre,https://whc.unesco.org/en/list/1242/,gov,,
TKM:unesco-kunyaurgench,TKM,unesco-kunyaurgench,Kunya-Urgench,UNESCO World Heritage Centre,https://whc.unesco.org/en/list/1199/,gov,,
TKM:loc-turkmenistan,TKM,loc-turkmenistan,"Turkmenistan: A Country Study (in 'Kazakstan, Kyrgyzstan, Tajikistan, Turkmenistan, and Uzbekistan: Country Studies')","Library of Congress, Federal Research Division",https://www.loc.gov/item/97005110/,gov,,
TKM:history-state-tkm,TKM,history-state-tkm,"A Guide to the United States' History of Recognition, Diplomatic, and Consular Relations, by Country: Turkmenistan","U.S. Department of State, Office of the Historian",https://history.state.gov/countries/turkmenistan,gov,,
TKM:un-neutrality,TKM,un-neutrality,Permanent neutrality of Turkmenistan — General Assembly Resolution 50/80 (1995),United Nations Digital Library,https://digitallibrary.un.org/record/284240,gov,,
TKM:whe-parthia,TKM,whe-parthia,Parthian Empire,World History Encyclopedia,https://www.worldhistory.org/Parthia_(Empire)/,encyclopedia,,
TLS:britannica-east-timor,TLS,britannica-east-timor,East Timor,Encyclopaedia Britannica,https://www.britannica.com/place/East-Timor,encyclopedia,,
TLS:britannica-dili,TLS,britannica-dili,Dili,Encyclopaedia Britannica,https://www.britannica.com/place/Dili,encyclopedia,,
TLS:britannica-1975-invasion,TLS,britannica-1975-invasion,1975 invasion of East Timor,Encyclopaedia Britannica,https://www.britannica.com/event/1975-invasion-of-East-Timor,encyclopedia,,
TLS:britannica-santa-cruz,TLS,britannica-santa-cruz,Santa Cruz massacre,Encyclopaedia Britannica,https://www.britannica.com/event/Santa-Cruz-massacre,encyclopedia,,
TLS:britannica-gusmao,TLS,britannica-gusmao,Xanana Gusmao,Encyclopaedia Britannica,https://www.britannica.com/biography/Xanana-Gusmao,encyclopedia,,
TLS:history-state-timor,TLS,history-state-timor,"A Guide to the United States' History of Recognition, Diplomatic, and Consular Relations: Timor-Leste","U.S. Department of State, Office of the Historian",https://history.state.gov/countries/timor-leste,gov,,
TLS:un-untaet-background,TLS,un-untaet-background,UNTAET Background,United Nations Peacekeeping,https://peacekeeping.un.org/sites/default/files/past/etimor/UntaetB.htm,gov,,
TLS:un-untaet-page,TLS,un-untaet-page,UNTAET (United Nations Transitional Administration in East Timor),United Nations Peacekeeping,https://peacekeeping.un.org/sites/default/files/past/etimor/etimor.htm,gov,,
TLS:un-sg-nobel-1996,TLS,un-sg-nobel-1996,Secretary-General welcomes award of 1996 Nobel Peace Prize to Bishop Belo and Jose Ramos-Horta,United Nations (SG/SM/6075),https://press.un.org/en/1996/19961011.sgsm6075.html,primary,,
TLS:nobel-1996,TLS,nobel-1996,The Nobel Peace Prize 1996: Carlos Filipe Ximenes Belo and Jose Ramos-Horta,The Nobel Foundation (NobelPrize.org),https://www.nobelprize.org/prizes/peace/1996/summary/,primary,,
TLS:timorleste-gov-gusmao,TLS,timorleste-gov-gusmao,Biography: Kay Rala Xanana Gusmao,Government of Timor-Leste,https://timor-leste.gov.tl/?p=3&lang=en,gov,,
TLS:loc-indonesia-study,TLS,loc-indonesia-study,Indonesia: A Country Study (Federal Research Division),Library of Congress,https://www.loc.gov/item/2011038834/,gov,,
TLS:pca-timor-boundaries,TLS,pca-timor-boundaries,"Boundaries in the Island of Timor (Netherlands v. Portugal), Award of 25 June 1914",Permanent Court of Arbitration,https://www.worldcourts.com/pca/eng/decisions/1914.06.25_Netherlands_v_Portugal.pdf,primary,,
TLS:state-asean-2025,TLS,state-asean-2025,Timor-Leste's Accession to ASEAN,U.S. Department of State,https://www.state.gov/releases/office-of-the-spokesperson/2025/10/timor-lestes-accession-to-asean,gov,,
TLS:diplomat-asean-2025,TLS,diplomat-asean-2025,History Is Made: Timor-Leste Becomes ASEAN's 11th Member,The Diplomat,https://thediplomat.com/2025/10/history-is-made-timor-leste-becomes-aseans-11th-member/,reference,,
TLS:worldbank-timor,TLS,worldbank-timor,Timor-Leste: Country Data,World Bank,https://data.worldbank.org/country/timor-leste,reference,,
TLS:wikipedia-east-timor,TLS,wikipedia-east-timor,East Timor,Wikipedia,https://en.wikipedia.org/wiki/East_Timor,reference,,
TTO:britannica-tt,TTO,britannica-tt,Trinidad and Tobago,Encyclopaedia Britannica,https://www.britannica.com/place/Trinidad-and-Tobago,encyclopedia,,
TTO:britannica-tt-history,TTO,britannica-tt-history,Trinidad and Tobago: History,Encyclopaedia Britannica,https://www.britannica.com/place/Trinidad-and-Tobago/History,encyclopedia,,
TTO:britannica-eric-williams,TTO,britannica-eric-williams,Eric Williams,Encyclopaedia Britannica,https://www.britannica.com/biography/Eric-Williams,encyclopedia,,
TTO:statedept-tt,TTO,statedept-tt,A Guide to the History of Recognition: Trinidad and Tobago,"U.S. Department of State, Office of the Historian",https://history.state.gov/countries/trinidad-and-tobago,gov,,
TTO:national-trust-timeline,TTO,national-trust-timeline,T&T History Timeline,National Trust of Trinidad and Tobago,https://nationaltrust.tt/about-us/tt-history-timeline/,gov,,
TTO:national-trust-indenture,TTO,national-trust-indenture,The beginning of Indian Indentureship in Trinidad,National Trust of Trinidad and Tobago,https://nationaltrust.tt/beginning-of-indian-indentureship-trinidad/,gov,,
TTO:national-trust-1937,TTO,national-trust-1937,Locales of the 1937 Labour Revolution,National Trust of Trinidad and Tobago,https://nationaltrust.tt/locales-of-the-1937-labour-revolution/,gov,,
TTO:nalis-arrival-day,TTO,nalis-arrival-day,Indian Arrival Day,"National Library and Information System Authority (NALIS), Trinidad and Tobago",https://www.nalis.gov.tt/resources/tt-content-guide/indian-arrival-day/,gov,,
TTO:nalis-labour-day,TTO,nalis-labour-day,Labour Day,"National Library and Information System Authority (NALIS), Trinidad and Tobago",https://www.nalis.gov.tt/resources/tt-content-guide/labour-day/,gov,,
TTO:nalis-steelband,TTO,nalis-steelband,Steelband,"National Library and Information System Authority (NALIS), Trinidad and Tobago",https://www.nalis.gov.tt/resources/tt-content-guide/steelband/,gov,,
TTO:national-archives-unification,TTO,national-archives-unification,Trinidad and Tobago Experience Unification,National Archives of Trinidad and Tobago,https://nationalarchivestt.wordpress.com/2015/07/03/trinidad-and-tobago-experience-unification/,archive,,
TTO:energy-petroleum-history,TTO,energy-petroleum-history,Historical Facts on the Petroleum Industry of Trinidad and Tobago,"Ministry of Energy and Energy Industries, Trinidad and Tobago",https://www.energy.gov.tt/historical-facts-petroleum/,gov,,
TTO:visit-tobago-timeline,TTO,visit-tobago-timeline,Historical Timeline,Tobago House of Assembly (visittobago.gov.tt),https://visittobago.gov.tt/local-culture-people-heritage/history-culture/historical-timeline,gov,,
TTO:jamestown-jam,TTO,jamestown-jam,Jamaat al-Muslimeen: The Growth and Decline of Islamist Militancy in Trinidad and Tobago,The Jamestown Foundation,https://jamestown.org/jamaat-al-muslimeen-the-growth-and-decline-of-islamist-militancy-in-trinidad-and-tobago/,academic,,
TTO:finance-economy-2025,TTO,finance-economy-2025,Review of the Economy 2025,"Ministry of Finance, Government of the Republic of Trinidad and Tobago",https://www.finance.gov.tt/wp-content/uploads/2025/08/WEB-%E2%80%A2-REVIEW-OF-THE-ECONOMY-2025.pdf,gov,,
TUN:eb-carthage146,TUN,eb-carthage146,Battle of Carthage (146 BCE),Encyclopaedia Britannica,https://www.britannica.com/event/Battle-of-Carthage-146-BCE,encyclopedia,,
TUN:eb-punicwars,TUN,eb-punicwars,Punic Wars,Encyclopaedia Britannica,https://www.britannica.com/event/Punic-Wars,encyclopedia,,
TUN:whe-punicwars,TUN,whe-punicwars,Punic Wars,World History Encyclopedia,https://www.worldhistory.org/Punic_Wars/,encyclopedia,,
TUN:africaproconsularis,TUN,africaproconsularis,Africa Proconsularis (Roman province),UNRV Roman History,https://www.unrv.com/provinces/africa.php,reference,,
TUN:unesco-eljem,TUN,unesco-eljem,Amphitheatre of El Jem — World Heritage List,UNESCO World Heritage Centre,https://whc.unesco.org/en/list/38/,gov,,
TUN:unesco-kairouan,TUN,unesco-kairouan,Kairouan — World Heritage List,UNESCO World Heritage Centre,https://whc.unesco.org/en/list/499,gov,,
TUN:smarthistory-kairouan,TUN,smarthistory-kairouan,The Great Mosque of Kairouan,Smarthistory,https://smarthistory.org/the-great-mosque-of-kairouan/,academic,,
TUN:wiki-tunisia-history,TUN,wiki-tunisia-history,History of Tunisia,Wikipedia,https://en.wikipedia.org/wiki/History_of_Tunisia,reference,,
TUN:wiki-ottoman-tunisia,TUN,wiki-ottoman-tunisia,Ottoman Tunisia,Wikipedia,https://en.wikipedia.org/wiki/Ottoman_Tunisia,reference,,
TUN:eb-husaynid,TUN,eb-husaynid,Husaynid dynasty,Encyclopaedia Britannica,https://www.britannica.com/topic/Husaynid-dynasty,encyclopedia,,
TUN:wiki-husaynid,TUN,wiki-husaynid,Husainid dynasty,Wikipedia,https://en.wikipedia.org/wiki/Husainid_dynasty,reference,,
TUN:wiki-bardo,TUN,wiki-bardo,Treaty of Bardo (1881),Wikipedia,https://en.wikipedia.org/wiki/Treaty_of_Bardo,reference,,
TUN:wiki-french-protectorate,TUN,wiki-french-protectorate,French protectorate of Tunisia,Wikipedia,https://en.wikipedia.org/wiki/French_protectorate_of_Tunisia,reference,,
TUN:wiki-neodestour,TUN,wiki-neodestour,Neo Destour,Wikipedia,https://en.wikipedia.org/wiki/Neo_Destour,reference,,
TUN:wiki-independence,TUN,wiki-independence,Tunisian independence,Wikipedia,https://en.wikipedia.org/wiki/Tunisian_independence,reference,,
TUN:eb-bourguiba,TUN,eb-bourguiba,Habib Bourguiba,Encyclopaedia Britannica,https://www.britannica.com/biography/Habib-Bourguiba,encyclopedia,,
TUN:wiki-personal-status,TUN,wiki-personal-status,Code of Personal Status in Tunisia,Wikipedia,https://en.wikipedia.org/wiki/Code_of_Personal_Status_in_Tunisia,reference,,
TUN:eb-jasmine,TUN,eb-jasmine,Jasmine Revolution,Encyclopaedia Britannica,https://www.britannica.com/event/Jasmine-Revolution,encyclopedia,,
TUN:wiki-jasmine,TUN,wiki-jasmine,Jasmine Revolution,Wikipedia,https://en.wikipedia.org/wiki/Jasmine_Revolution,reference,,
TUN:nwe-tunisia,TUN,nwe-tunisia,Tunisia,New World Encyclopedia,https://www.newworldencyclopedia.org/entry/Tunisia,encyclopedia,,
TUR:unesco-catalhoyuk,TUR,unesco-catalhoyuk,Neolithic Site of Çatalhöyük,UNESCO World Heritage Centre,https://whc.unesco.org/en/list/1405/,gov,,
TUR:unesco-troy,TUR,unesco-troy,Archaeological Site of Troy,UNESCO World Heritage Centre,https://whc.unesco.org/en/list/849/,gov,,
TUR:natgeo-catalhoyuk,TUR,natgeo-catalhoyuk,"Çatalhöyük, Turkey's Stone Age settlement",National Geographic,https://www.nationalgeographic.com/history/history-magazine/article/early-agricultural-settlement-catalhoyuk-turkey,reference,,
TUR:whe-hittites,TUR,whe-hittites,The Hittites,World History Encyclopedia,https://www.worldhistory.org/hittite/,encyclopedia,,
TUR:whe-troy,TUR,whe-troy,Troy,World History Encyclopedia,https://www.worldhistory.org/troy/,encyclopedia,,
TUR:whe-osman,TUR,whe-osman,Osman I,World History Encyclopedia,https://www.worldhistory.org/Osman_I/,encyclopedia,,
TUR:britannica-anatolia,TUR,britannica-anatolia,Anatolia,Encyclopædia Britannica,https://www.britannica.com/place/Anatolia,encyclopedia,,
TUR:britannica-constantine,TUR,britannica-constantine,"Constantine I, Roman emperor",Encyclopædia Britannica,https://www.britannica.com/biography/Constantine-I-Roman-emperor,encyclopedia,,
TUR:britannica-byzantine,TUR,britannica-byzantine,Byzantine Empire,Encyclopædia Britannica,https://www.britannica.com/place/Byzantine-Empire,encyclopedia,,
TUR:britannica-manzikert,TUR,britannica-manzikert,Battle of Manzikert,Encyclopædia Britannica,https://www.britannica.com/event/Battle-of-Manzikert,encyclopedia,,
TUR:britannica-ottoman,TUR,britannica-ottoman,Ottoman Empire,Encyclopædia Britannica,https://www.britannica.com/place/Ottoman-Empire,encyclopedia,,
TUR:britannica-constantinople,TUR,britannica-constantinople,"Fall of Constantinople, 1453",Encyclopædia Britannica,https://www.britannica.com/event/Fall-of-Constantinople-1453,encyclopedia,,
TUR:met-suleyman,TUR,met-suleyman,The Age of Süleyman 'the Magnificent' (r. 1520–1566),The Metropolitan Museum of Art,https://www.metmuseum.org/essays/the-age-of-suleyman-the-magnificent-r-1520-1566,museum,,
TUR:ushmm-armenian,TUR,ushmm-armenian,The Armenian Genocide (1915–16): In Depth,United States Holocaust Memorial Museum,https://encyclopedia.ushmm.org/content/en/article/the-armenian-genocide-1915-16-in-depth,museum,,
TUR:britannica-armenian,TUR,britannica-armenian,Armenian Genocide,Encyclopædia Britannica,https://www.britannica.com/event/Armenian-Genocide,encyclopedia,,
TUR:britannica-ataturk,TUR,britannica-ataturk,Kemal Atatürk,Encyclopædia Britannica,https://www.britannica.com/biography/Kemal-Ataturk,encyclopedia,,
TUR:britannica-democrat-party,TUR,britannica-democrat-party,Democrat Party (Turkey),Encyclopædia Britannica,https://www.britannica.com/topic/Democrat-Party-political-party-Turkey,encyclopedia,,
TUR:britannica-turkey,TUR,britannica-turkey,Turkey,Encyclopædia Britannica,https://www.britannica.com/place/Turkey,encyclopedia,,
TUR:un-turkiye,TUR,un-turkiye,Türkiye — Member States,United Nations,https://www.un.org/en/about-us/member-states/turkiye,gov,,
TUR:whe-ottoman-empire,TUR,whe-ottoman-empire,Ottoman Empire,World History Encyclopedia,https://www.worldhistory.org/Ottoman_Empire/,encyclopedia,,
TUR:nwe-osman-i,TUR,nwe-osman-i,Osman I,New World Encyclopedia,https://www.newworldencyclopedia.org/entry/Osman_I,encyclopedia,,
TWN:britannica-taiwan,TWN,britannica-taiwan,Taiwan,Encyclopaedia Britannica,https://www.britannica.com/place/Taiwan,encyclopedia,,
TWN:britannica-nationalist-rule,TWN,britannica-nationalist-rule,Taiwan: Early Nationalist rule,Encyclopaedia Britannica,https://www.britannica.com/place/Taiwan/Early-Nationalist-rule,encyclopedia,,
TWN:britannica-successors,TWN,britannica-successors,Taiwan: Successors to Chiang Kai-shek,Encyclopaedia Britannica,https://www.britannica.com/place/Taiwan/Successors-to-Chiang-Kai-shek,encyclopedia,,
TWN:britannica-koxinga,TWN,britannica-koxinga,Zheng Chenggong (Koxinga),Encyclopaedia Britannica,https://www.britannica.com/biography/Zheng-Chenggong,encyclopedia,,
TWN:britannica-nanjing,TWN,britannica-nanjing,Battle of Nanjing (1659),Encyclopaedia Britannica,https://www.britannica.com/event/Battle-of-Nanjing,encyclopedia,,
TWN:britannica-shimonoseki,TWN,britannica-shimonoseki,Treaty of Shimonoseki,Encyclopaedia Britannica,https://www.britannica.com/event/Treaty-of-Shimonoseki,encyclopedia,,
TWN:britannica-sino-japanese-war,TWN,britannica-sino-japanese-war,First Sino-Japanese War (1894-95),Encyclopaedia Britannica,https://www.britannica.com/event/First-Sino-Japanese-War-1894-1895,encyclopedia,,
TWN:britannica-white-terror,TWN,britannica-white-terror,White Terror (Taiwan),Encyclopaedia Britannica,https://www.britannica.com/event/White-Terror-Taiwan,encyclopedia,,
TWN:britannica-chiang,TWN,britannica-chiang,Chiang Kai-shek,Encyclopaedia Britannica,https://www.britannica.com/biography/Chiang-Kai-shek,encyclopedia,,
TWN:britannica-lee,TWN,britannica-lee,Lee Teng-hui,Encyclopaedia Britannica,https://www.britannica.com/biography/Lee-Teng-hui,encyclopedia,,
TWN:state-chinese-rev,TWN,state-chinese-rev,The Chinese Revolution of 1949,"U.S. Department of State, Office of the Historian",https://history.state.gov/milestones/1945-1952/chinese-rev,gov,,
TWN:state-rapprochement,TWN,state-rapprochement,"Rapprochement with China, 1972","U.S. Department of State, Office of the Historian",https://history.state.gov/milestones/1969-1976/rapprochement-china,gov,,
TWN:state-china-policy,TWN,state-china-policy,"China Policy (Normalization of Relations, 1979)","U.S. Department of State, Office of the Historian",https://history.state.gov/milestones/1977-1980/china-policy,gov,,
TWN:npm,TWN,npm,"National Palace Museum, Taipei",National Palace Museum,https://www.npm.gov.tw/en/,museum,,
TWN:loh-history,TWN,loh-history,Library of Congress Country Studies,U.S. Library of Congress,https://www.loc.gov/collections/country-studies/about-this-collection/,gov,,
TWN:wikipedia-roc-retreat,TWN,wikipedia-roc-retreat,Retreat of the government of the Republic of China to Taiwan,Wikipedia,https://en.wikipedia.org/wiki/Retreat_of_the_government_of_the_Republic_of_China_to_Taiwan,reference,,
TZA:britannica-laetoli,TZA,britannica-laetoli,Laetoli,Encyclopaedia Britannica,https://www.britannica.com/place/Laetoli,encyclopedia,,
TZA:wiki-laetoli,TZA,wiki-laetoli,Laetoli,Wikipedia,https://en.wikipedia.org/wiki/Laetoli,reference,,
TZA:ncaa-laetoli,TZA,ncaa-laetoli,Laetoli Footprints,Ngorongoro Conservation Area Authority,https://www.ncaa.go.tz/laetoli-footprints/,gov,,
TZA:wiki-olduvai,TZA,wiki-olduvai,Olduvai Gorge,Wikipedia,https://en.wikipedia.org/wiki/Olduvai_Gorge,reference,,
TZA:wiki-mary-leakey,TZA,wiki-mary-leakey,Mary Leakey,Wikipedia,https://en.wikipedia.org/wiki/Mary_Leakey,reference,,
TZA:iugs-laetoli-olduvai,TZA,iugs-laetoli-olduvai,Palaeoanthropological Sites of Human Evolution: Laetoli–Olduvai Gorge,International Union of Geological Sciences,https://iugs-geoheritage.org/geoheritage_sites/laetoli-olduvai-gorge-palaeoanthropological-sites-of-human-evolution/,academic,,
TZA:wiki-history-tanzania,TZA,wiki-history-tanzania,History of Tanzania,Wikipedia,https://en.wikipedia.org/wiki/History_of_Tanzania,reference,,
TZA:wiki-swahili-language,TZA,wiki-swahili-language,Swahili language,Wikipedia,https://en.wikipedia.org/wiki/Swahili_language,reference,,
TZA:britannica-swahili-language,TZA,britannica-swahili-language,Swahili language,Encyclopaedia Britannica,https://www.britannica.com/topic/Swahili-language,encyclopedia,,
TZA:whc-kilwa,TZA,whc-kilwa,Ruins of Kilwa Kisiwani and Ruins of Songo Mnara,UNESCO World Heritage Centre,https://whc.unesco.org/en/list/144,gov,,
TZA:wiki-kilwa,TZA,wiki-kilwa,Kilwa Kisiwani,Wikipedia,https://en.wikipedia.org/wiki/Kilwa_Kisiwani,reference,,
TZA:natgeo-kilwa,TZA,natgeo-kilwa,"Kilwa, the abandoned East African city that controlled the medieval gold trade",National Geographic,https://www.nationalgeographic.com/history/history-magazine/article/abandoned-east-african-city-kilwa-controlled-medieval-gold-trade,reference,,
TZA:wiki-portuguese-east-africa,TZA,wiki-portuguese-east-africa,Portuguese conquest of the East African coast,Wikipedia,https://en.wikipedia.org/wiki/Portuguese_conquest_of_the_East_African_coast,reference,,
TZA:worldhistory-portuguese-east-africa,TZA,worldhistory-portuguese-east-africa,The Portuguese in East Africa,World History Encyclopedia,https://www.worldhistory.org/article/1798/the-portuguese-in-east-africa/,encyclopedia,,
TZA:britannica-said-ibn-sultan,TZA,britannica-said-ibn-sultan,Saʿīd ibn Sulṭān,Encyclopaedia Britannica,https://www.britannica.com/biography/Said-ibn-Sultan,encyclopedia,,
TZA:blackpast-zanzibar-sultanate,TZA,blackpast-zanzibar-sultanate,Sultanate of Zanzibar (1856–1964),BlackPast.org,https://www.blackpast.org/global-african-history/sultanate-zanzibar-1856-1964/,reference,,
TZA:wiki-slavery-zanzibar,TZA,wiki-slavery-zanzibar,Slavery in Zanzibar,Wikipedia,https://en.wikipedia.org/wiki/Slavery_in_Zanzibar,reference,,
TZA:ebsco-zanzibar-slavery,TZA,ebsco-zanzibar-slavery,Zanzibar Outlaws Slavery,EBSCO Research Starters,https://www.ebsco.com/research-starters/law/zanzibar-outlaws-slavery,reference,,
TZA:britannica-german-east-africa,TZA,britannica-german-east-africa,German East Africa,Encyclopaedia Britannica,https://www.britannica.com/place/German-East-Africa,encyclopedia,,
TZA:worldhistory-german-east-africa,TZA,worldhistory-german-east-africa,German East Africa,World History Encyclopedia,https://www.worldhistory.org/German_East_Africa/,encyclopedia,,
TZA:britannica-maji-maji,TZA,britannica-maji-maji,Maji Maji,Encyclopaedia Britannica,https://www.britannica.com/topic/Maji-Maji,encyclopedia,,
TZA:wiki-maji-maji,TZA,wiki-maji-maji,Maji Maji Rebellion,Wikipedia,https://en.wikipedia.org/wiki/Maji_Maji_Rebellion,reference,,
TZA:blackpast-maji-maji,TZA,blackpast-maji-maji,Maji Maji Uprising (1905–1907),BlackPast.org,https://www.blackpast.org/global-african-history/maji-maji-uprising-1905-1907/,reference,,
TZA:wiki-tanganyika-territory,TZA,wiki-tanganyika-territory,Tanganyika Territory,Wikipedia,https://en.wikipedia.org/wiki/Tanganyika_Territory,reference,,
TZA:britannica-nyerere,TZA,britannica-nyerere,Julius Nyerere,Encyclopaedia Britannica,https://www.britannica.com/biography/Julius-Nyerere,encyclopedia,,
TZA:wiki-tanganyika-1961,TZA,wiki-tanganyika-1961,Tanganyika (1961–1964),Wikipedia,https://en.wikipedia.org/wiki/Tanganyika_(1961%E2%80%931964),reference,,
TZA:blackpast-zanzibar-revolution,TZA,blackpast-zanzibar-revolution,The Zanzibar Revolution of 1964,BlackPast.org,https://www.blackpast.org/global-african-history/the-zanzibar-revolution-of-1964/,reference,,
TZA:britannica-tanzania-independence,TZA,britannica-tanzania-independence,"Tanzania: Independence, Unity, Sovereignty",Encyclopaedia Britannica,https://www.britannica.com/place/Tanzania/Independence,encyclopedia,,
TZA:wiki-articles-of-union,TZA,wiki-articles-of-union,Articles of Union (Tanganyika and Zanzibar),Wikipedia,https://en.wikipedia.org/wiki/Articles_of_Union,reference,,
TZA:britannica-arusha-declaration,TZA,britannica-arusha-declaration,Arusha Declaration,Encyclopaedia Britannica,https://www.britannica.com/topic/Arusha-Declaration,encyclopedia,,
TZA:wiki-arusha-declaration,TZA,wiki-arusha-declaration,Arusha Declaration,Wikipedia,https://en.wikipedia.org/wiki/Arusha_Declaration,reference,,
TZA:blackpast-arusha-declaration,TZA,blackpast-arusha-declaration,(1967) The Arusha Declaration,BlackPast.org,https://www.blackpast.org/global-african-history/arusha-declaration-1967-2/,reference,,
TZA:blackpast-nyerere,TZA,blackpast-nyerere,Julius K. Nyerere (1922–1999),BlackPast.org,https://www.blackpast.org/global-african-history/nyerere-julius-k-1922-1999/,reference,,
TZA:wiki-president-tanzania,TZA,wiki-president-tanzania,President of Tanzania,Wikipedia,https://en.wikipedia.org/wiki/President_of_Tanzania,reference,,
TZA:wiki-samia-suluhu,TZA,wiki-samia-suluhu,Samia Suluhu Hassan,Wikipedia,https://en.wikipedia.org/wiki/Samia_Suluhu_Hassan,reference,,
TZA:wikipedia-tanzania,TZA,wikipedia-tanzania,Tanzania,Wikipedia,https://en.wikipedia.org/wiki/Tanzania,reference,,
TZA:statedept-tanzania,TZA,statedept-tanzania,A Guide to the United States' History of Recognition: Tanzania,"U.S. Department of State, Office of the Historian",https://history.state.gov/countries/tanzania,gov,,
UGA:wiki-history-uganda,UGA,wiki-history-uganda,History of Uganda,Wikipedia,https://en.wikipedia.org/wiki/History_of_Uganda,reference,,
UGA:britannica-history-uganda,UGA,britannica-history-uganda,History of Uganda,Encyclopaedia Britannica,https://www.britannica.com/topic/history-of-Uganda,encyclopedia,,
UGA:britannica-uganda-bunyoro-buganda,UGA,britannica-uganda-bunyoro-buganda,Uganda: Bunyoro and Buganda,Encyclopaedia Britannica,https://www.britannica.com/place/Uganda/Bunyoro-and-Buganda,encyclopedia,,
UGA:wiki-history-buganda,UGA,wiki-history-buganda,History of Buganda,Wikipedia,https://en.wikipedia.org/wiki/History_of_Buganda,reference,,
UGA:buganda-history,UGA,buganda-history,Ebyafayo — History of Buganda,Buganda Kingdom (official),https://buganda.or.ug/history-of-buganda/,primary,,
UGA:monitor-arab-traders,UGA,monitor-arab-traders,Guns and ivory: How Arab traders uncovered the heartbeat of Africa,Daily Monitor,https://www.monitor.co.ug/uganda/special-reports/uganda-50/guns-and-ivory-how-arab-traders-uncovered-the-heartbeat-of-africa-1511156,reference,,
UGA:vilhanova-islam-uganda,UGA,vilhanova-islam-uganda,"White Fathers, Islam and Kiswahili in Nineteenth-Century Uganda",Asian and African Studies (V. Vilhanová),https://www.sav.sk/journals/uploads/040214278_Vilhanov%C3%A1.pdf,academic,,
UGA:britannica-martyrs-uganda,UGA,britannica-martyrs-uganda,Martyrs of Uganda,Encyclopaedia Britannica,https://www.britannica.com/event/Martyrs-of-Uganda,encyclopedia,,
UGA:wiki-uganda-martyrs,UGA,wiki-uganda-martyrs,Uganda Martyrs,Wikipedia,https://en.wikipedia.org/wiki/Uganda_Martyrs,reference,,
UGA:wiki-uganda-protectorate,UGA,wiki-uganda-protectorate,Protectorate of Uganda,Wikipedia,https://en.wikipedia.org/wiki/Protectorate_of_Uganda,reference,,
UGA:wiki-buganda-agreement,UGA,wiki-buganda-agreement,Buganda Agreement (1900),Wikipedia,https://en.wikipedia.org/wiki/Buganda_Agreement_(1900),reference,,
UGA:wiki-uganda-railway,UGA,wiki-uganda-railway,Uganda Railway,Wikipedia,https://en.wikipedia.org/wiki/Uganda_Railway,reference,,
UGA:monitor-uganda-railway,UGA,monitor-uganda-railway,History of the Uganda Railway,Daily Monitor,https://www.monitor.co.ug/uganda/magazines/people-power/history-of-uganda-railway-1607800,reference,,
UGA:statedept-uganda,UGA,statedept-uganda,U.S. Relations With Uganda / History,"U.S. Department of State, Office of the Historian",https://history.state.gov/countries/uganda,gov,,
UGA:blackpast-obote,UGA,blackpast-obote,Milton Obote (1925–2005),BlackPast.org,https://www.blackpast.org/global-african-history/milton-obote-1925-2005/,reference,,
UGA:britannica-obote,UGA,britannica-obote,Milton Obote,Encyclopaedia Britannica,https://www.britannica.com/biography/Milton-Obote,encyclopedia,,
UGA:wiki-mutesa-ii,UGA,wiki-mutesa-ii,Mutesa II of Buganda,Wikipedia,https://en.wikipedia.org/wiki/Mutesa_II_of_Buganda,reference,,
UGA:statehouse-mutesa,UGA,statehouse-mutesa,President Sir Edward Muteesa II,State House Uganda,https://statehouse.go.ug/the-state-house/past-presidents/president-sir-edward-luwangula-walugembe-muteesa-ii/,gov,,
UGA:wiki-mengo-crisis,UGA,wiki-mengo-crisis,Mengo Crisis (1966),Wikipedia,https://en.wikipedia.org/wiki/Mengo_Crisis,reference,,
UGA:britannica-idi-amin,UGA,britannica-idi-amin,Idi Amin,Encyclopaedia Britannica,https://www.britannica.com/biography/Idi-Amin,encyclopedia,,
UGA:origins-amin-coup,UGA,origins-amin-coup,"Idi Amin's Coup d'État, Uganda 1971",Origins (Ohio State University),https://origins.osu.edu/milestones/idi-amins-uganda-coup-1971,academic,,
UGA:wiki-asian-expulsion,UGA,wiki-asian-expulsion,Expulsion of Asians from Uganda,Wikipedia,https://en.wikipedia.org/wiki/Expulsion_of_Asians_from_Uganda,reference,,
UGA:lords-library-asians,UGA,lords-library-asians,Ugandan Asians: 50 years since their expulsion from Uganda,UK House of Lords Library,https://lordslibrary.parliament.uk/ugandan-asians-50-years-since-their-expulsion-from-uganda/,gov,,
UGA:ebsco-amin-terror,UGA,ebsco-amin-terror,Amin Regime Terrorizes Uganda,EBSCO Research Starters,https://www.ebsco.com/research-starters/history/amin-regime-terrorizes-uganda,reference,,
UGA:wiki-uganda-tanzania-war,UGA,wiki-uganda-tanzania-war,Uganda–Tanzania War,Wikipedia,https://en.wikipedia.org/wiki/Uganda%E2%80%93Tanzania_War,reference,,
UGA:wiki-binaisa,UGA,wiki-binaisa,Godfrey Binaisa,Wikipedia,https://en.wikipedia.org/wiki/Godfrey_Binaisa,reference,,
UGA:wiki-bush-war,UGA,wiki-bush-war,Ugandan Bush War,Wikipedia,https://en.wikipedia.org/wiki/Ugandan_Bush_War,reference,,
UGA:wiki-nra,UGA,wiki-nra,National Resistance Army,Wikipedia,https://en.wikipedia.org/wiki/National_Resistance_Army,reference,,
UGA:ebsco-museveni-kampala,UGA,ebsco-museveni-kampala,Museveni Captures Kampala,EBSCO Research Starters,https://www.ebsco.com/research-starters/history/museveni-captures-kampala,reference,,
UGA:britannica-museveni,UGA,britannica-museveni,Yoweri Museveni,Encyclopaedia Britannica,https://www.britannica.com/biography/Yoweri-Museveni,encyclopedia,,
UGA:hrw-kony-lra,UGA,hrw-kony-lra,Q&A on Joseph Kony and the Lord's Resistance Army,Human Rights Watch,https://www.hrw.org/news/2012/03/21/qa-joseph-kony-and-lords-resistance-army,archive,,
UGA:wiki-lra-insurgency,UGA,wiki-lra-insurgency,Lord's Resistance Army insurgency,Wikipedia,https://en.wikipedia.org/wiki/Lord%27s_Resistance_Army_insurgency,reference,,
UGA:loc-uganda-agelimit,UGA,loc-uganda-agelimit,Uganda: Bill Eliminating Presidential Age Limit,"U.S. Library of Congress, Global Legal Monitor",https://www.loc.gov/item/global-legal-monitor/2017-12-27/uganda-bill-eliminating-presidential-age-limit-and-extending-parliamentary-term-passed/,gov,,
UKR:history-ukraine-britannica,UKR,history-ukraine-britannica,History of Ukraine,Encyclopaedia Britannica,https://www.britannica.com/topic/history-of-Ukraine,encyclopedia,,
UKR:kyivanrus-britannica,UKR,kyivanrus-britannica,Kyivan Rus,Encyclopaedia Britannica,https://www.britannica.com/topic/Kyivan-Rus,encyclopedia,,
UKR:vladimir-britannica,UKR,vladimir-britannica,Vladimir I (Volodymyr the Great),Encyclopaedia Britannica,https://www.britannica.com/biography/Vladimir-I,encyclopedia,,
UKR:yaroslav-britannica,UKR,yaroslav-britannica,Yaroslav the Wise,Encyclopaedia Britannica,https://www.britannica.com/biography/Yaroslav-the-Wise,encyclopedia,,
UKR:kyiv-unesco,UKR,kyiv-unesco,"Kyiv: Saint-Sophia Cathedral and Related Monastic Buildings, Kyiv-Pechersk Lavra",UNESCO World Heritage Centre,https://whc.unesco.org/en/list/527/,gov,,
UKR:cossacks-britannica,UKR,cossacks-britannica,Ukraine: The Cossacks,Encyclopaedia Britannica,https://www.britannica.com/place/Ukraine/The-Cossacks,encyclopedia,,
UKR:zaporozhian-britannica,UKR,zaporozhian-britannica,Zaporozhian Sich,Encyclopaedia Britannica,https://www.britannica.com/place/Zaporozhian-Sich,encyclopedia,,
UKR:khmelnytsky-britannica,UKR,khmelnytsky-britannica,Bohdan Khmelnytsky,Encyclopaedia Britannica,https://www.britannica.com/biography/Bohdan-Khmelnytsky,encyclopedia,,
UKR:shevchenko-reference,UKR,shevchenko-reference,"Taras Shevchenko, Ukrainian poet and national hero",The Kyiv Independent,https://kyivindependent.com/taras-shevchenko-ukrainian-poet-and-national-hero/,reference,,
UKR:wwi-ukraine-britannica,UKR,wwi-ukraine-britannica,Ukraine: World War I and the struggle for independence,Encyclopaedia Britannica,https://www.britannica.com/place/Ukraine/World-War-I-and-the-struggle-for-independence,encyclopedia,,
UKR:holodomor-britannica,UKR,holodomor-britannica,Holodomor,Encyclopaedia Britannica,https://www.britannica.com/event/Holodomor,encyclopedia,,
UKR:holodomor-europarl,UKR,holodomor-europarl,Holodomor: Parliament recognises Soviet starvation of Ukrainians as genocide,European Parliament,https://www.europarl.europa.eu/news/en/press-room/20221209IPR64427/holodomor-parliament-recognises-soviet-starvation-of-ukrainians-as-genocide,gov,,
UKR:babynyar-ushmm,UKR,babynyar-ushmm,Mass Shootings at Babyn Yar (Babi Yar),United States Holocaust Memorial Museum,https://encyclopedia.ushmm.org/content/en/article/kiev-and-babi-yar,museum,,
UKR:babiyar-britannica,UKR,babiyar-britannica,Babi Yar massacre site,Encyclopaedia Britannica,https://www.britannica.com/place/Babi-Yar-massacre-site-Ukraine,encyclopedia,,
UKR:crimea-transfer-reference,UKR,crimea-transfer-reference,"Transfer of Crimea to the Ukrainian SSR, 19 February 1954",Mission of the President of Ukraine in the Autonomous Republic of Crimea,https://ppu.gov.ua/en/press-center/19-liutoho-1954-roku-vkhodzhennia-krymu-v-sklad-ukrainy-ursr/,gov,,
UKR:budapest-untreaty,UKR,budapest-untreaty,"Budapest Memorandum on security assurances (Ukraine's accession to the NPT), 5 December 1994",United Nations Treaty Collection,https://treaties.un.org/doc/Publication/UNTS/Volume%203007/Part/volume-3007-I-52241.pdf,primary,,
UKR:orange-britannica,UKR,orange-britannica,Orange Revolution,Encyclopaedia Britannica,https://www.britannica.com/topic/Orange-Revolution,encyclopedia,,
UKR:ukraine-crisis-britannica,UKR,ukraine-crisis-britannica,"Ukraine crisis of 2013-14 (Euromaidan, annexation of Crimea, war in the Donbas)",Encyclopaedia Britannica,https://www.britannica.com/topic/Ukraine-crisis,encyclopedia,,
UKR:unga-68-262,UKR,unga-68-262,"General Assembly Resolution 68/262, Territorial integrity of Ukraine (27 March 2014)",United Nations Digital Library,https://digitallibrary.un.org/record/767883,primary,,
UKR:unga-68-262-lawmonitor,UKR,unga-68-262-lawmonitor,United Nations Resolution Declares Crimea Referendum Invalid,"U.S. Library of Congress, Global Legal Monitor",https://www.loc.gov/item/global-legal-monitor/2014-04-02/united-nations-resolution-declares-crimea-referendum-invalid/,gov,,
UKR:invasion-2022-britannica,UKR,invasion-2022-britannica,Russia-Ukraine War (2022 Russian invasion of Ukraine),Encyclopaedia Britannica,https://www.britannica.com/event/2022-Russian-invasion-of-Ukraine,encyclopedia,,
UKR:unga-es11-1,UKR,unga-es11-1,"General Assembly Resolution ES-11/1, Aggression against Ukraine (2 March 2022)",United Nations General Assembly,https://press.un.org/en/2022/ga12407.doc.htm,primary,,
UKR:unga-es11-4,UKR,unga-es11-4,"General Assembly Resolution ES-11/4, Territorial integrity of Ukraine: defending the principles of the Charter of the United Nations (12 October 2022)",United Nations News,https://news.un.org/en/story/2022/10/1129492,primary,,
UKR:wikipedia-kievan-rus,UKR,wikipedia-kievan-rus,Kievan Rus',Wikipedia,https://en.wikipedia.org/wiki/Kievan_Rus%27,reference,,
UKR:wikipedia-mongol-invasion-rus,UKR,wikipedia-mongol-invasion-rus,Mongol invasion of Kievan Rus',Wikipedia,https://en.wikipedia.org/wiki/Mongol_invasion_of_Kievan_Rus%27,reference,,
UKR:wikipedia-cossack-hetmanate,UKR,wikipedia-cossack-hetmanate,Cossack Hetmanate,Wikipedia,https://en.wikipedia.org/wiki/Cossack_Hetmanate,reference,,
UKR:wikipedia-upr,UKR,wikipedia-upr,Ukrainian People's Republic,Wikipedia,https://en.wikipedia.org/wiki/Ukrainian_People%27s_Republic,reference,,
UKR:statedept-ukraine,UKR,statedept-ukraine,A Guide to the United States' History of Recognition: Ukraine,"U.S. Department of State, Office of the Historian",https://history.state.gov/countries/ukraine,gov,,
UKR:whe-kievan-rus,UKR,whe-kievan-rus,Kievan Rus,World History Encyclopedia,https://www.worldhistory.org/Kievan_Rus/,encyclopedia,,
URY:britannica-uruguay,URY,britannica-uruguay,Uruguay,Encyclopaedia Britannica,https://www.britannica.com/place/Uruguay,encyclopedia,,
URY:britannica-uruguay-struggle,URY,britannica-uruguay-struggle,Uruguay: The struggle for national identity,Encyclopaedia Britannica,https://www.britannica.com/place/Uruguay/The-struggle-for-national-identity,encyclopedia,,
URY:britannica-charrua,URY,britannica-charrua,Charrua,Encyclopaedia Britannica,https://www.britannica.com/topic/Charrua,encyclopedia,,
URY:britannica-colonia,URY,britannica-colonia,Colonia del Sacramento,Encyclopaedia Britannica,https://www.britannica.com/place/Colonia-del-Sacramento,encyclopedia,,
URY:unesco-colonia,URY,unesco-colonia,Historic Quarter of the City of Colonia del Sacramento,UNESCO World Heritage Centre,https://whc.unesco.org/en/list/747/,gov,,
URY:britannica-montevideo,URY,britannica-montevideo,Montevideo,Encyclopaedia Britannica,https://www.britannica.com/place/Montevideo,encyclopedia,,
URY:britannica-zabala,URY,britannica-zabala,Bruno Mauricio de Zabala,Encyclopaedia Britannica,https://www.britannica.com/biography/Bruno-Mauricio-de-Zabala,encyclopedia,,
URY:britannica-artigas,URY,britannica-artigas,Jose Gervasio Artigas,Encyclopaedia Britannica,https://www.britannica.com/biography/Jose-Gervasio-Artigas,encyclopedia,,
URY:britannica-lavalleja,URY,britannica-lavalleja,Juan Antonio Lavalleja,Encyclopaedia Britannica,https://www.britannica.com/biography/Juan-Antonio-Lavalleja,encyclopedia,,
URY:statedept-uruguay,URY,statedept-uruguay,"A Guide to the United States' History of Recognition, Diplomatic, and Consular Relations: Uruguay","U.S. Department of State, Office of the Historian",https://history.state.gov/countries/uruguay,gov,,
URY:britannica-batlle,URY,britannica-batlle,Jose Batlle y Ordonez,Encyclopaedia Britannica,https://www.britannica.com/biography/Jose-Batlle-y-Ordonez,encyclopedia,,
URY:britannica-tupamaro,URY,britannica-tupamaro,Tupamaro,Encyclopaedia Britannica,https://www.britannica.com/topic/Tupamaro,encyclopedia,,
URY:britannica-mujica,URY,britannica-mujica,Jose Mujica,Encyclopaedia Britannica,https://www.britannica.com/biography/Jose-Mujica,encyclopedia,,
USA:nara-declaration,USA,nara-declaration,The Declaration of Independence,U.S. National Archives,https://www.archives.gov/founding-docs/declaration,gov,,
USA:nara-13th,USA,nara-13th,13th Amendment to the U.S. Constitution: Abolition of Slavery (1865),U.S. National Archives,https://www.archives.gov/milestone-documents/13th-amendment,gov,,
USA:nara-emancipation,USA,nara-emancipation,The Emancipation Proclamation,U.S. National Archives,https://www.archives.gov/exhibits/featured-documents/emancipation-proclamation,gov,,
USA:nara-pearl-harbor,USA,nara-pearl-harbor,Joint Address to Congress Leading to a Declaration of War Against Japan (1941),U.S. National Archives,https://www.archives.gov/milestone-documents/joint-address-to-congress-declaration-of-war-against-japan,gov,,
USA:brit-jamestown,USA,brit-jamestown,Jamestown Colony,Encyclopaedia Britannica,https://www.britannica.com/place/Jamestown-Colony,encyclopedia,,
USA:brit-plymouth,USA,brit-plymouth,"Plymouth, Massachusetts",Encyclopaedia Britannica,https://www.britannica.com/place/Plymouth-Massachusetts,encyclopedia,,
USA:brit-mayflower,USA,brit-mayflower,Mayflower,Encyclopaedia Britannica,https://www.britannica.com/topic/Mayflower-ship,encyclopedia,,
USA:brit-civil-war,USA,brit-civil-war,American Civil War,Encyclopaedia Britannica,https://www.britannica.com/event/American-Civil-War,encyclopedia,,
USA:brit-lewis-clark,USA,brit-lewis-clark,Lewis and Clark Expedition,Encyclopaedia Britannica,https://www.britannica.com/event/Lewis-and-Clark-Expedition,encyclopedia,,
USA:brit-civil-rights-act,USA,brit-civil-rights-act,"Civil Rights Act (United States, 1964)",Encyclopaedia Britannica,https://www.britannica.com/event/Civil-Rights-Act-United-States-1964,encyclopedia,,
USA:nps-1619,USA,nps-1619,Arrival of the First Africans in 1619,U.S. National Park Service,https://www.nps.gov/articles/000/arrival-of-the-first-africans-in-1619.htm,gov,,
USA:loc-overview,USA,loc-overview,Abraham Lincoln and Emancipation; U.S. History Collections,Library of Congress,https://www.loc.gov/collections/abraham-lincoln-papers/articles-and-essays/abraham-lincoln-and-emancipation/,gov,,
USA:wikipedia-us-declaration,USA,wikipedia-us-declaration,United States Declaration of Independence,Wikipedia,https://en.wikipedia.org/wiki/United_States_Declaration_of_Independence,reference,,
UZB:britannica-sogdiana,UZB,britannica-sogdiana,"Sogdiana — Central Asia, Silk Road, Persian Empire",Encyclopaedia Britannica,https://www.britannica.com/place/Sogdiana,encyclopedia,,
UZB:britannica-samarkand,UZB,britannica-samarkand,"Samarkand — Uzbekistan, Map, History & Facts",Encyclopaedia Britannica,https://www.britannica.com/place/Samarkand-Uzbekistan,encyclopedia,,
UZB:worldhistory-alexander,UZB,worldhistory-alexander,Alexander the Great,World History Encyclopedia,https://www.worldhistory.org/Alexander_the_Great/,encyclopedia,,
UZB:britannica-roxana,UZB,britannica-roxana,"Roxana — Macedonian queen, Bactrian princess",Encyclopaedia Britannica,https://www.britannica.com/biography/Roxana,encyclopedia,,
UZB:britannica-qutaybah,UZB,britannica-qutaybah,Qutaybah ibn Muslim,Encyclopaedia Britannica,https://www.britannica.com/biography/Qutaybah-ibn-Muslim,encyclopedia,,
UZB:britannica-bukhara,UZB,britannica-bukhara,"Bukhara — Uzbekistan, Map, History & Facts",Encyclopaedia Britannica,https://www.britannica.com/place/Bukhara,encyclopedia,,
UZB:britannica-samanid,UZB,britannica-samanid,Samanid dynasty,Encyclopaedia Britannica,https://www.britannica.com/topic/Samanid-dynasty,encyclopedia,,
UZB:britannica-albukhari,UZB,britannica-albukhari,al-Bukhārī — hadith scholar,Encyclopaedia Britannica,https://www.britannica.com/biography/al-Bukhari,encyclopedia,,
UZB:worldhistory-genghis,UZB,worldhistory-genghis,Genghis Khan,World History Encyclopedia,https://www.worldhistory.org/Genghis_Khan/,encyclopedia,,
UZB:britannica-timur,UZB,britannica-timur,"Timur — Biography, Conquests, Empire & Facts",Encyclopaedia Britannica,https://www.britannica.com/biography/Timur,encyclopedia,,
UZB:unesco-samarkand,UZB,unesco-samarkand,Samarkand – Crossroad of Cultures — World Heritage List,UNESCO World Heritage Centre,https://whc.unesco.org/en/list/603/,gov,,
UZB:britannica-ulughbeg,UZB,britannica-ulughbeg,"Ulūgh Beg — astronomer, mathematician, ruler",Encyclopaedia Britannica,https://www.britannica.com/biography/Ulugh-Beg,encyclopedia,,
UZB:britannica-shaybanid,UZB,britannica-shaybanid,Shaybānid dynasty,Encyclopaedia Britannica,https://www.britannica.com/topic/Shaybanid-dynasty,encyclopedia,,
UZB:britannica-earlyuzbeks,UZB,britannica-earlyuzbeks,Uzbekistan — The early Uzbeks,Encyclopaedia Britannica,https://www.britannica.com/place/Uzbekistan/The-early-Uzbeks,encyclopedia,,
UZB:britannica-khiva,UZB,britannica-khiva,Khanate of Khiva,Encyclopaedia Britannica,https://www.britannica.com/place/khanate-of-Khiva,encyclopedia,,
UZB:unesco-khiva,UZB,unesco-khiva,Itchan Kala (Khiva) — World Heritage List,UNESCO World Heritage Centre,https://whc.unesco.org/en/list/543/,gov,,
UZB:unesco-bukhara,UZB,unesco-bukhara,Historic Centre of Bukhara — World Heritage List,UNESCO World Heritage Centre,https://whc.unesco.org/en/list/602/,gov,,
UZB:loc-russianconquest,UZB,loc-russianconquest,Uzbekistan — The Russian Conquest (Country Studies),U.S. Library of Congress Country Studies,https://countrystudies.us/uzbekistan/8.htm,gov,,
UZB:britannica-russiansoviet,UZB,britannica-russiansoviet,Uzbekistan — Russian and Soviet rule,Encyclopaedia Britannica,https://www.britannica.com/place/Uzbekistan/Russian-and-Soviet-rule,encyclopedia,,
UZB:soviethistory-aral,UZB,soviethistory-aral,Desiccation of the Aral Sea,"Seventeen Moments in Soviet History, Michigan State University",https://soviethistory.msu.edu/1985/desiccation-of-the-aral-sea/,academic,,
UZB:statedept-uzbekistan,UZB,statedept-uzbekistan,Uzbekistan — Countries (U.S. recognition and relations),"U.S. Department of State, Office of the Historian",https://history.state.gov/countries/uzbekistan,gov,,
UZB:britannica-karimov,UZB,britannica-karimov,Islam Karimov — Central Asian leader,Encyclopaedia Britannica,https://www.britannica.com/biography/Islam-Karimov,encyclopedia,,
UZB:britannica-mirziyoyev,UZB,britannica-mirziyoyev,"Shavkat Mirziyoyev — Biography, Uzbekistan & Presidency",Encyclopaedia Britannica,https://www.britannica.com/biography/Shavkat-Mirziyoyev,encyclopedia,,
UZB:hrw-forcedlabor,UZB,hrw-forcedlabor,"Uzbekistan Ends Systemic Forced Labor, Civil Society Says",Human Rights Watch,https://www.hrw.org/news/2022/03/11/uzbekistan-ends-systemic-forced-labor-civil-society-says,reference,,
UZB:wikipedia-khanate-bukhara,UZB,wikipedia-khanate-bukhara,Khanate of Bukhara,Wikipedia,https://en.wikipedia.org/wiki/Khanate_of_Bukhara,reference,,
UZB:wikipedia-emirate-bukhara,UZB,wikipedia-emirate-bukhara,Emirate of Bukhara,Wikipedia,https://en.wikipedia.org/wiki/Emirate_of_Bukhara,reference,,
VAT:sanpietro-tomb,VAT,sanpietro-tomb,The Tomb of Saint Peter,Fabbrica di San Pietro / basilicasanpietro.va,https://www.basilicasanpietro.va/en/san-pietro/the-tomb-of-saint-peter,primary,,
VAT:stpeters-britannica,VAT,stpeters-britannica,St. Peter's Basilica,Encyclopaedia Britannica,https://www.britannica.com/topic/Saint-Peters-Basilica,encyclopedia,,
VAT:papacy-britannica,VAT,papacy-britannica,Papacy,Encyclopaedia Britannica,https://www.britannica.com/topic/papacy,encyclopedia,,
VAT:apostolic-britannica,VAT,apostolic-britannica,Apostolic succession,Encyclopaedia Britannica,https://www.britannica.com/topic/apostolic-succession,encyclopedia,,
VAT:papalstates-britannica,VAT,papalstates-britannica,Papal States,Encyclopaedia Britannica,https://www.britannica.com/place/Papal-States,encyclopedia,,
VAT:papalstates-summary,VAT,papalstates-summary,Papal States (summary),Encyclopaedia Britannica,https://www.britannica.com/summary/Papal-States,encyclopedia,,
VAT:avignon-britannica,VAT,avignon-britannica,Avignon papacy,Encyclopaedia Britannica,https://www.britannica.com/event/Avignon-papacy,encyclopedia,,
VAT:gregoryxi-britannica,VAT,gregoryxi-britannica,Gregory XI,Encyclopaedia Britannica,https://www.britannica.com/biography/Gregory-XI,encyclopedia,,
VAT:sistine-vatican,VAT,sistine-vatican,History of the Sistine Chapel,Vatican Museums (museivaticani.va),https://www.museivaticani.va/content/museivaticani/en/collezioni/musei/cappella-sistina/storia-cappella-sistina.html,museum,,
VAT:museums-vatican,VAT,museums-vatican,The Vatican Museums,Encyclopaedia Britannica,https://www.britannica.com/topic/Vatican-Museums-and-Galleries,encyclopedia,,
VAT:italy-unification-britannica,VAT,italy-unification-britannica,Italy: The acquisition of Venetia and Rome,Encyclopaedia Britannica,https://www.britannica.com/place/Italy/The-acquisition-of-Venetia-and-Rome,encyclopedia,,
VAT:romanquestion-britannica,VAT,romanquestion-britannica,Roman question,Encyclopaedia Britannica,https://www.britannica.com/topic/Roman-question,encyclopedia,,
VAT:lateran-britannica,VAT,lateran-britannica,Lateran Treaty,Encyclopaedia Britannica,https://www.britannica.com/event/Lateran-Treaty,encyclopedia,,
VAT:ewtn-vatican-country,VAT,ewtn-vatican-country,How the Vatican Became a Country,EWTN Vatican,https://ewtnvatican.com/articles/how-the-vatican-became-a-country,reference,,
VAT:piusxii-britannica,VAT,piusxii-britannica,Pius XII: World War II and the Holocaust,Encyclopaedia Britannica,https://www.britannica.com/biography/Pius-XII/World-War-II-and-the-Holocaust,encyclopedia,,
VAT:vaticanii-britannica,VAT,vaticanii-britannica,Second Vatican Council,Encyclopaedia Britannica,https://www.britannica.com/event/Second-Vatican-Council,encyclopedia,,
VAT:holysee-un,VAT,holysee-un,The Holy See Celebrates Years as Permanent Observer to the United Nations,Permanent Observer Mission of the Holy See to the UN,https://holyseemission.org/contents/mission/5ac79b91753bc.php,gov,,
VAT:holysee-diplomatic,VAT,holysee-diplomatic,Diplomatic Relations of the Holy See,Permanent Observer Mission of the Holy See to the UN,https://holyseemission.org/contents/mission/diplomatic-relations-of-the-holy-see.php,gov,,
VAT:unesco-vatican,VAT,unesco-vatican,"Vatican City (World Heritage List, no. 286, inscribed 1984)",UNESCO World Heritage Centre,https://whc.unesco.org/en/list/286/,gov,,
VAT:unesco-rome,VAT,unesco-rome,Historic Centre of Rome and the Holy See properties enjoying extraterritorial rights,UNESCO World Heritage Centre,https://whc.unesco.org/en/list/91/,gov,,
VAT:stategov-holysee,VAT,stategov-holysee,Holy See — Countries,"U.S. Department of State, Office of the Historian (history.state.gov)",https://history.state.gov/countries/holy-see,gov,,
VAT:wikipedia-lateran-treaty,VAT,wikipedia-lateran-treaty,Lateran Treaty,Wikipedia,https://en.wikipedia.org/wiki/Lateran_Treaty,reference,,
VEN:britannica-venezuela,VEN,britannica-venezuela,Venezuela,Encyclopaedia Britannica,https://www.britannica.com/place/Venezuela,encyclopedia,,
VEN:britannica-independence,VEN,britannica-independence,Venezuela: The independence movement,Encyclopaedia Britannica,https://www.britannica.com/place/Venezuela/The-independence-movement,encyclopedia,,
VEN:britannica-bolivar,VEN,britannica-bolivar,Simon Bolivar,Encyclopaedia Britannica,https://www.britannica.com/biography/Simon-Bolivar,encyclopedia,,
VEN:britannica-miranda,VEN,britannica-miranda,Francisco de Miranda,Encyclopaedia Britannica,https://www.britannica.com/biography/Francisco-de-Miranda,encyclopedia,,
VEN:britannica-carabobo,VEN,britannica-carabobo,Battle of Carabobo,Encyclopaedia Britannica,https://www.britannica.com/event/Battle-of-Carabobo,encyclopedia,,
VEN:britannica-paez,VEN,britannica-paez,Jose Antonio Paez,Encyclopaedia Britannica,https://www.britannica.com/biography/Jose-Antonio-Paez,encyclopedia,,
VEN:britannica-chavez,VEN,britannica-chavez,Hugo Chavez,Encyclopaedia Britannica,https://www.britannica.com/biography/Hugo-Chavez,encyclopedia,,
VEN:loc-venezuela,VEN,loc-venezuela,Venezuela: A Country Study,"U.S. Library of Congress, Federal Research Division",https://www.loc.gov/resource/frdcstdy.venezuelacountry00hagg/,gov,,
VEN:history-state-venezuela,VEN,history-state-venezuela,"A Guide to the History of Recognition, Diplomatic, and Consular Relations: Venezuela","U.S. Department of State, Office of the Historian",https://history.state.gov/countries/venezuela,gov,,
VEN:crs-venezuela,VEN,crs-venezuela,Venezuela: Background and U.S. Relations (CRS Report R44841),"Congressional Research Service, U.S. Library of Congress",https://www.congress.gov/crs-product/R44841,gov,,
VEN:unhcr-venezuela,VEN,unhcr-venezuela,Venezuela Situation,United Nations High Commissioner for Refugees (UNHCR),https://www.unhcr.org/emergencies/venezuela-situation,gov,,
VEN:unesco-coro,VEN,unesco-coro,Coro and its Port,UNESCO World Heritage Centre,https://whc.unesco.org/en/list/658/,gov,,
VEN:cfr-petrostate,VEN,cfr-petrostate,Venezuela: The Rise and Fall of a Petrostate,Council on Foreign Relations,https://www.cfr.org/backgrounders/venezuela-crisis,reference,,
VEN:encyclopedia-federal-war,VEN,encyclopedia-federal-war,"Federal War (Venezuela, 1859-1863)",Encyclopedia.com (Encyclopedia of Latin American History and Culture),https://www.encyclopedia.com/humanities/encyclopedias-almanacs-transcripts-and-maps/federal-war-venezuela-1859-1863,reference,,
VNM:vietnam-place,VNM,vietnam-place,Vietnam,Encyclopaedia Britannica,https://www.britannica.com/place/Vietnam,encyclopedia,,
VNM:hung-vuong,VNM,hung-vuong,Hung Vuong,Encyclopaedia Britannica,https://www.britannica.com/topic/Hung-Vuong,encyclopedia,,
VNM:trung-sisters,VNM,trung-sisters,Trung Sisters,Encyclopaedia Britannica,https://www.britannica.com/biography/Trung-Sisters,encyclopedia,,
VNM:ngo-quyen,VNM,ngo-quyen,Ngo Quyen,Encyclopaedia Britannica,https://www.britannica.com/biography/Ngo-Quyen,encyclopedia,,
VNM:tran-dynasty,VNM,tran-dynasty,Tran dynasty,Encyclopaedia Britannica,https://www.britannica.com/topic/Tran-dynasty,encyclopedia,,
VNM:tran-hung-dao,VNM,tran-hung-dao,Tran Hung Dao,Encyclopaedia Britannica,https://www.britannica.com/biography/Tran-Hung-Dao,encyclopedia,,
VNM:le-loi,VNM,le-loi,Le Loi,Encyclopaedia Britannica,https://www.britannica.com/biography/Le-Loi,encyclopedia,,
VNM:gia-long,VNM,gia-long,Gia Long,Encyclopaedia Britannica,https://www.britannica.com/biography/Gia-Long,encyclopedia,,
VNM:nguyen-dynasty,VNM,nguyen-dynasty,Nguyen dynasty,Encyclopaedia Britannica,https://www.britannica.com/topic/Nguyen-dynasty,encyclopedia,,
VNM:french-indochina,VNM,french-indochina,Vietnam: A Country Study,"U.S. Library of Congress, Federal Research Division",https://tile.loc.gov/storage-services/master/frd/frdcstdy/vi/vietnamcountryst00cima_0/vietnamcountryst00cima_0.pdf,gov,,
VNM:ho-chi-minh,VNM,ho-chi-minh,Ho Chi Minh,Encyclopaedia Britannica,https://www.britannica.com/biography/Ho-Chi-Minh,encyclopedia,,
VNM:declaration-1945,VNM,declaration-1945,Proclamation of Independence of the Democratic Republic of Vietnam (1945),"Columbia University, Asia for Educators",https://afe.easia.columbia.edu/ps/vietnam/independence.pdf,primary,,
VNM:first-indochina-war,VNM,first-indochina-war,First Indochina War,Encyclopaedia Britannica,https://www.britannica.com/event/First-Indochina-War,encyclopedia,,
VNM:dien-bien-phu,VNM,dien-bien-phu,"Dien Bien Phu and the Fall of French Indochina, 1954","U.S. Department of State, Office of the Historian",https://history.state.gov/milestones/1953-1960/dien-bien-phu,gov,,
VNM:geneva-accords,VNM,geneva-accords,Geneva Accords,Encyclopaedia Britannica,https://www.britannica.com/event/Geneva-Accords,encyclopedia,,
VNM:gulf-of-tonkin,VNM,gulf-of-tonkin,Gulf of Tonkin Resolution (1964),Encyclopaedia Britannica,https://www.britannica.com/event/Gulf-of-Tonkin-Resolution,encyclopedia,,
VNM:vietnam-war,VNM,vietnam-war,Vietnam War,Encyclopaedia Britannica,https://www.britannica.com/event/Vietnam-War,encyclopedia,,
VNM:doi-moi,VNM,doi-moi,Trade Policy Review: Viet Nam (WT/TPR/G/287),World Trade Organization,https://www.wto.org/english/tratop_e/tpr_e/g287_e.pdf,gov,,
VNM:wikipedia-au-lac,VNM,wikipedia-au-lac,Âu Lạc,Wikipedia,https://en.wikipedia.org/wiki/%C3%82u_L%E1%BA%A1c,reference,,
VNM:wikipedia-ngo-quyen,VNM,wikipedia-ngo-quyen,Ngô Quyền,Wikipedia,https://en.wikipedia.org/wiki/Ng%C3%B4_Quy%E1%BB%81n,reference,,
VNM:wikipedia-french-indochina,VNM,wikipedia-french-indochina,French Indochina,Wikipedia,https://en.wikipedia.org/wiki/French_Indochina,reference,,
VNM:wikipedia-vietnam-declaration,VNM,wikipedia-vietnam-declaration,Proclamation of Independence of the Democratic Republic of Vietnam,Wikipedia,https://en.wikipedia.org/wiki/Proclamation_of_Independence_of_the_Democratic_Republic_of_Vietnam,reference,,
VUT:britannica-history,VUT,britannica-history,"Vanuatu — History (Melanesian, Colonization, Independence)",Encyclopædia Britannica,https://www.britannica.com/place/Vanuatu/History,encyclopedia,,
VUT:britannica-espiritusanto,VUT,britannica-espiritusanto,"Espiritu Santo — Vanuatu, Map, & Facts",Encyclopædia Britannica,https://www.britannica.com/place/Espiritu-Santo,encyclopedia,,
VUT:unesco-crmd,VUT,unesco-crmd,Chief Roi Mata's Domain — World Heritage List,UNESCO World Heritage Centre,https://whc.unesco.org/en/list/1280,gov,,
VUT:unesco-legendary,VUT,unesco-legendary,A Legendary Leader: Chief Roi Mata's Domain,UNESCO,https://www.unesco.org/archives/multimedia/document-1531,gov,,
VUT:vanuatu-tourism-crmd,VUT,vanuatu-tourism-crmd,Chief Roimata's Domain — World Heritage Site,Vanuatu Tourism Office,https://www.vanuatu.travel/en/chief-roimatas-domain-world-heritage-site,gov,,
VUT:anu-teouma,VUT,anu-teouma,The Teouma Lapita site and the early human settlement of the Pacific Islands,Australian National University (Open Research Repository),https://openresearch-repository.anu.edu.au/items/af4183bf-5419-4299-a705-addba6e86375,academic,,
VUT:humanities-teouma,VUT,humanities-teouma,Lapita cemetery in Vanuatu helps solve an ancient mystery,Australian Academy of the Humanities,https://humanities.org.au/power-of-the-humanities/lapita-cemetery-in-vanutu-thelps-solve-ancient-mystery/,academic,,
VUT:slnsw-spanish,VUT,slnsw-spanish,The Spanish quest for Terra Australis,State Library of New South Wales,https://www.sl.nsw.gov.au/stories/spanish-quest-terra-australis,archive,,
VUT:dailypost-newhebrides,VUT,dailypost-newhebrides,Who gave our former name — the 'New Hebrides' — and where did it originate from?,Vanuatu Daily Post,https://www.dailypost.vu/opinion/letters_to_editor/who-gave-our-former-name-the-new-hebrides-and-where-did-the-name-originate-from/article_e767fd3e-e58e-11ea-a440-3753fbdf2a27.html,reference,,
VUT:anu-christianity,VUT,anu-christianity,"An Archaeology of Early Christianity in Vanuatu (Ch. 2: contact, labour and missions)",ANU Press,https://press-files.anu.edu.au/downloads/press/n2244/html/ch02.xhtml,academic,,
VUT:paclii-blackbirding,VUT,paclii-blackbirding,Slaving in Australian Courts: Blackbirding Cases,Pacific Islands Legal Information Institute (Journal of South Pacific Law),https://www.paclii.org/journals/fJSPL/vol04/7.shtml,academic,,
VUT:state-vanuatu,VUT,state-vanuatu,U.S. Relations With Vanuatu,U.S. Department of State,https://2021-2025.state.gov/u-s-relations-with-vanuatu/,gov,,
VUT:reliefweb-harold,VUT,reliefweb-harold,COVID-19 and Tropical Cyclone Harold create the perfect storm in the Pacific,ReliefWeb (UN OCHA),https://reliefweb.int/report/vanuatu/issue-brief-new-vulnerability-covid-19-and-tropical-cyclone-harold-create-perfect,gov,,
VUT:uncdf-vanuatu,VUT,uncdf-vanuatu,Preparing for the perfect storm — Climate Disaster Risk Insurance in Vanuatu,UN Capital Development Fund,https://www.uncdf.org/article/6143/preparing-for-the-perfect-storm---climate-disaster-risk-insurance-in-vanuatu,gov,,
VUT:vanuatu-icj,VUT,vanuatu-icj,Vanuatu ICJ Initiative — Resolution,Government of Vanuatu (Vanuatu ICJ Initiative),https://www.vanuatuicj.com/resolution,gov,,
VUT:reliefweb-icj,VUT,reliefweb-icj,UN Member States request advice of the ICJ in supporting Vanuatu against climate change threats,ReliefWeb (UN),https://reliefweb.int/report/world/un-member-states-request-advice-international-court-justice-supporting-vanuatu-against-climate-change-threats,gov,,
VUT:icj-case187,VUT,icj-case187,Obligations of States in respect of Climate Change (Advisory Opinion),International Court of Justice,https://www.icj-cij.org/case/187,gov,,
VUT:earthorg-icj,VUT,earthorg-icj,A Comprehensive Analysis of the ICJ Climate Advisory Opinion,Earth.org,https://earth.org/icj-advisory-opinion-the-worlds-top-court-has-spoken-unequivocally-on-states-climate-change-obligations/,reference,,
VUT:statedept-vanuatu,VUT,statedept-vanuatu,A Guide to the United States' History of Recognition: Vanuatu,"U.S. Department of State, Office of the Historian",https://history.state.gov/countries/vanuatu,gov,,
YEM:britannica-yemen-history,YEM,britannica-yemen-history,"Yemen: History (ancient kingdoms, Islam, the imamate, unification and war)",Encyclopaedia Britannica,https://www.britannica.com/place/Yemen/History,encyclopedia,,
YEM:britannica-saba,YEM,britannica-saba,"Saba (ancient kingdom, Arabia)",Encyclopaedia Britannica,https://www.britannica.com/place/Saba-ancient-kingdom-Arabia,encyclopedia,,
YEM:britannica-marib,YEM,britannica-marib,"Marib: Yemen, Dam, and History",Encyclopaedia Britannica,https://www.britannica.com/place/Marib,encyclopedia,,
YEM:britannica-sheba,YEM,britannica-sheba,"Queen of Sheba: Legend, History, Name and Meaning",Encyclopaedia Britannica,https://www.britannica.com/biography/Queen-of-Sheba,encyclopedia,,
YEM:britannica-abraha,YEM,britannica-abraha,"Abraha (Himyarite kingdom, Christian ruler of Yemen)",Encyclopaedia Britannica,https://www.britannica.com/biography/Abraha,encyclopedia,,
YEM:britannica-aden,YEM,britannica-aden,"Aden: Yemen, Map, Population and Facts",Encyclopaedia Britannica,https://www.britannica.com/place/Aden,encyclopedia,,
YEM:britannica-yemeni-civil-war,YEM,britannica-yemeni-civil-war,Yemeni Civil War (Houthi conflict and Saudi-led intervention),Encyclopaedia Britannica,https://www.britannica.com/event/Yemeni-Civil-War,encyclopedia,,
YEM:britannica-arab-spring,YEM,britannica-arab-spring,Yemen: Arab Spring uprising,Encyclopaedia Britannica,https://www.britannica.com/place/Yemen/Arab-Spring-uprising,encyclopedia,,
YEM:unesco-sanaa,YEM,unesco-sanaa,Old City of Sana'a,UNESCO World Heritage Centre,https://whc.unesco.org/en/list/385/,gov,,
YEM:unesco-shibam,YEM,unesco-shibam,Old Walled City of Shibam,UNESCO World Heritage Centre,https://whc.unesco.org/en/list/192/,gov,,
YEM:unesco-zabid,YEM,unesco-zabid,Historic Town of Zabid,UNESCO World Heritage Centre,https://whc.unesco.org/en/list/611/,gov,,
YEM:ushistorian-yemen,YEM,ushistorian-yemen,"A Guide to the United States' History of Recognition, Diplomatic, and Consular Relations, by Country, since 1776: Yemen","U.S. Department of State, Office of the Historian",https://history.state.gov/countries/yemen,gov,,
YEM:iwm-aden,YEM,iwm-aden,A Short History of the Aden Emergency,Imperial War Museums,https://www.iwm.org.uk/history/cold-war/aden-emergency,museum,,
YEM:un-undp-yemen,YEM,un-undp-yemen,Assessing the Impact of War in Yemen: Pathways for Recovery,United Nations Development Programme,https://www.undp.org/publications/assessing-impact-war-yemen-pathways-recovery,gov,,
YEM:unnews-undp-yemen,YEM,unnews-undp-yemen,"Yemen: Recovery possible if war stops now, says UNDP report",United Nations News,https://news.un.org/en/story/2021/11/1106362,gov,,
YEM:un-osesgy-truce,YEM,un-osesgy-truce,Truce Agreement – April 2022,Office of the UN Special Envoy of the Secretary-General for Yemen (OSESGY),https://osesgy.unmissions.org/en/truce-agreement-april-2022,gov,,
YEM:ebsco-sheba,YEM,ebsco-sheba,Queen of Sheba (Research Starter),EBSCO Research Starters,https://www.ebsco.com/research-starters/religion-and-philosophy/queen-sheba,reference,,
YEM:openstax-aksum-himyar,YEM,openstax-aksum-himyar,"The Kingdoms of Aksum and Himyar (World History, Volume 1)","OpenStax, Rice University",https://openstax.org/books/world-history-volume-1/pages/10-3-the-kingdoms-of-aksum-and-himyar,academic,,
YEM:wikipedia-mutawakkilite,YEM,wikipedia-mutawakkilite,Mutawakkilite Kingdom of Yemen,Wikipedia,https://en.wikipedia.org/wiki/Mutawakkilite_Kingdom_of_Yemen,reference,,
ZAF:britannica-sahistory,ZAF,britannica-sahistory,"South Africa (country, history and government)",Encyclopaedia Britannica,https://www.britannica.com/place/South-Africa,encyclopedia,,
ZAF:unesco-hominid,ZAF,unesco-hominid,Fossil Hominid Sites of South Africa,UNESCO World Heritage Centre,https://whc.unesco.org/en/list/915/,gov,,
ZAF:unesco-mapungubwe,ZAF,unesco-mapungubwe,Mapungubwe Cultural Landscape,UNESCO World Heritage Centre,https://whc.unesco.org/en/list/1099/,gov,,
ZAF:sahistory-cradle,ZAF,sahistory-cradle,Cradle of Humankind,South African History Online,https://www.sahistory.org.za/article/cradle-humankind,reference,,
ZAF:britannica-vanriebeeck,ZAF,britannica-vanriebeeck,Jan van Riebeeck,Encyclopaedia Britannica,https://www.britannica.com/biography/Jan-van-Riebeeck,encyclopedia,,
ZAF:sahistory-vanriebeeck,ZAF,sahistory-vanriebeeck,Jan van Riebeeck,South African History Online,https://www.sahistory.org.za/people/jan-van-riebeeck,reference,,
ZAF:sahistory-slavery,ZAF,sahistory-slavery,History of slavery and early colonisation in South Africa,South African History Online,https://www.sahistory.org.za/article/history-slavery-and-early-colonisation-south-africa,reference,,
ZAF:britannica-mfecane,ZAF,britannica-mfecane,Mfecane,Encyclopaedia Britannica,https://www.britannica.com/event/Mfecane,encyclopedia,,
ZAF:britannica-shaka,ZAF,britannica-shaka,"Shaka, Zulu chief",Encyclopaedia Britannica,https://www.britannica.com/biography/Shaka-Zulu-chief,encyclopedia,,
ZAF:sahistory-revolution,ZAF,sahistory-revolution,Political revolution between 1820 and 1835,South African History Online,https://www.sahistory.org.za/article/political-revolution-between-1820-and-1835,reference,,
ZAF:sahistory-bloodriver,ZAF,sahistory-bloodriver,Origins of the Battle of Blood River 1838,South African History Online,https://www.sahistory.org.za/article/origins-battle-blood-river-1838,reference,,
ZAF:britannica-minerals,ZAF,britannica-minerals,"South Africa: Diamonds, gold and imperialist intervention (1870–1902)",Encyclopaedia Britannica,https://www.britannica.com/place/South-Africa/Diamonds-gold-and-imperialist-intervention-1870-1902,encyclopedia,,
ZAF:sahistory-mineral-revolution,ZAF,sahistory-mineral-revolution,Grade 8 – Topic 2 – The Mineral Revolution in South Africa,South African History Online,https://www.sahistory.org.za/article/grade-8-topic-2-mineral-revolution-south-africa,reference,,
ZAF:sahistory-saw,ZAF,sahistory-saw,The South African War 1899–1902,South African History Online,https://www.sahistory.org.za/article/south-african-war-1899-1902,reference,,
ZAF:britannica-saw,ZAF,britannica-saw,South African War,Encyclopaedia Britannica,https://www.britannica.com/event/South-African-War,encyclopedia,,
ZAF:treaty-vereeniging-wiki,ZAF,treaty-vereeniging-wiki,Treaty of Vereeniging,Wikipedia,https://en.wikipedia.org/wiki/Treaty_of_Vereeniging,reference,,
ZAF:sahistory-union,ZAF,sahistory-union,The Union of South Africa 1910,South African History Online,https://www.sahistory.org.za/article/union-south-africa-1910,reference,,
ZAF:britannica-southafricaact,ZAF,britannica-southafricaact,South Africa Act,Encyclopaedia Britannica,https://www.britannica.com/event/South-Africa-Act,encyclopedia,,
ZAF:britannica-apartheid,ZAF,britannica-apartheid,Apartheid,Encyclopaedia Britannica,https://www.britannica.com/topic/apartheid,encyclopedia,,
ZAF:sahistory-groupareas,ZAF,sahistory-groupareas,The Group Areas Act of 1950,South African History Online,https://www.sahistory.org.za/article/group-areas-act-1950,reference,,
ZAF:britannica-sharpeville,ZAF,britannica-sharpeville,Sharpeville massacre,Encyclopaedia Britannica,https://www.britannica.com/event/Sharpeville-massacre,encyclopedia,,
ZAF:sahistory-sharpeville,ZAF,sahistory-sharpeville,"Sharpeville Massacre, 21 March 1960",South African History Online,https://www.sahistory.org.za/topic/sharpeville-massacre-21-march-1960,reference,,
ZAF:sahistory-mandela,ZAF,sahistory-mandela,Nelson Rolihlahla Mandela,South African History Online,https://www.sahistory.org.za/people/nelson-rolihlahla-mandela,reference,,
ZAF:britannica-mandela,ZAF,britannica-mandela,Nelson Mandela,Encyclopaedia Britannica,https://www.britannica.com/biography/Nelson-Mandela,encyclopedia,,
ZAF:sahistory-1994,ZAF,sahistory-1994,The South African general elections: 1994,South African History Online,https://www.sahistory.org.za/article/south-african-general-elections-1994,reference,,
ZAF:apartheidmuseum-1994,ZAF,apartheidmuseum-1994,1994 Election,Apartheid Museum,https://www.apartheidmuseum.org/exhibitions/1994-election,museum,,
ZAF:trc-wiki,ZAF,trc-wiki,Truth and Reconciliation Commission (South Africa),Wikipedia,https://en.wikipedia.org/wiki/Truth_and_Reconciliation_Commission_(South_Africa),reference,,
ZAF:csvr-trc,ZAF,csvr-trc,South Africa Truth and Reconciliation Commission (1996–2002),African Transitional Justice Hub (CSVR),https://atjhub.csvr.org.za/south-africa-truth-and-reconciliation-commission-1996-2002/,academic,,
ZAF:sahistory-constitution,ZAF,sahistory-constitution,Mandela signs SA Constitution into law,South African History Online,https://www.sahistory.org.za/dated-event/mandela-signs-sa-constitution-law,reference,,
ZAF:statedept-southafrica,ZAF,statedept-southafrica,A Guide to the United States' History of Recognition: South Africa,"U.S. Department of State, Office of the Historian",https://history.state.gov/countries/south-africa,gov,,
ZMB:britannica-zambia-history,ZMB,britannica-zambia-history,History of Zambia,Encyclopaedia Britannica,https://www.britannica.com/topic/history-of-Zambia,encyclopedia,,
ZMB:britannica-zambia-external,ZMB,britannica-zambia-external,Zambia: External contacts and the slave and ivory trade,Encyclopaedia Britannica,https://www.britannica.com/place/Zambia,encyclopedia,,
ZMB:wiki-history-zambia,ZMB,wiki-history-zambia,History of Zambia,Wikipedia,https://en.wikipedia.org/wiki/History_of_Zambia,reference,,
ZMB:wiki-barotseland,ZMB,wiki-barotseland,Barotseland (the Lozi kingdom),Wikipedia,https://en.wikipedia.org/wiki/Barotseland,reference,,
ZMB:wiki-kazembe,ZMB,wiki-kazembe,Kazembe (Lunda kingdom of the Luapula),Wikipedia,https://en.wikipedia.org/wiki/Kazembe,reference,,
ZMB:wiki-northern-rhodesia,ZMB,wiki-northern-rhodesia,Northern Rhodesia,Wikipedia,https://en.wikipedia.org/wiki/Northern_Rhodesia,reference,,
ZMB:nwe-kaunda,ZMB,nwe-kaunda,Kenneth Kaunda,New World Encyclopedia,https://www.newworldencyclopedia.org/entry/Kenneth_Kaunda,encyclopedia,,
ZMB:nwe-livingstone,ZMB,nwe-livingstone,David Livingstone,New World Encyclopedia,https://www.newworldencyclopedia.org/entry/David_Livingstone,encyclopedia,,
ZMB:ebsco-livingstone,ZMB,ebsco-livingstone,Livingstone Sees the Victoria Falls,EBSCO Research Starters,https://www.ebsco.com/research-starters/history/livingstone-sees-victoria-falls,reference,,
ZMB:ebsco-federation,ZMB,ebsco-federation,Formation of the Federation of Rhodesia and Nyasaland,EBSCO Research Starters,https://www.ebsco.com/research-starters/history/formation-federation-rhodesia-and-nyasaland,reference,,
ZMB:ebsco-kaunda,ZMB,ebsco-kaunda,Kaunda Becomes Zambia's First President,EBSCO Research Starters,https://www.ebsco.com/research-starters/politics-and-government/kaunda-becomes-zambias-first-president,reference,,
ZMB:globalsecurity-kaunda,ZMB,globalsecurity-kaunda,Zambia Politics: Kaunda,GlobalSecurity.org,https://www.globalsecurity.org/military/world/africa/zm-politics-kaunda.htm,reference,,
ZMB:findevlab-default,ZMB,findevlab-default,The Road to Zambia's 2020 Sovereign Debt Default,Finance for Development Lab,https://findevlab.org/the-road-to-zambias-2020-sovereign-debt-default/,academic,,
ZMB:iss-zambia-default,ZMB,iss-zambia-default,"Zambia defaults, economically and politically",Institute for Security Studies,https://issafrica.org/iss-today/zambia-defaults-economically-and-politically,reference,,
ZMB:statedept-zambia,ZMB,statedept-zambia,A Guide to the United States' History of Recognition: Zambia,"U.S. Department of State, Office of the Historian",https://history.state.gov/countries/zambia,gov,,
ZWE:unesco-greatzim,ZWE,unesco-greatzim,Great Zimbabwe National Monument,UNESCO World Heritage Centre,https://whc.unesco.org/en/list/364/,gov,,
ZWE:unesco-khami,ZWE,unesco-khami,Khami Ruins National Monument,UNESCO World Heritage Centre,https://whc.unesco.org/en/list/365/,gov,,
ZWE:britannica-greatzim,ZWE,britannica-greatzim,Great Zimbabwe,Encyclopaedia Britannica,https://www.britannica.com/place/Great-Zimbabwe,encyclopedia,,
ZWE:wiki-greatzim,ZWE,wiki-greatzim,Great Zimbabwe,Wikipedia,https://en.wikipedia.org/wiki/Great_Zimbabwe,reference,,
ZWE:britannica-zim-history,ZWE,britannica-zim-history,Zimbabwe: History,Encyclopaedia Britannica,https://www.britannica.com/place/Zimbabwe,encyclopedia,,
ZWE:britannica-torwa,ZWE,britannica-torwa,"Torwa: historical state, Africa",Encyclopaedia Britannica,https://www.britannica.com/place/Torwa,encyclopedia,,
ZWE:wiki-mutapa,ZWE,wiki-mutapa,Mutapa Empire,Wikipedia,https://en.wikipedia.org/wiki/Mwenemutapa_Empire,reference,,
ZWE:wiki-rozvi,ZWE,wiki-rozvi,Rozvi Empire,Wikipedia,https://en.wikipedia.org/wiki/Rozvi_Empire,reference,,
ZWE:britannica-mzilikazi,ZWE,britannica-mzilikazi,Mzilikazi,Encyclopaedia Britannica,https://www.britannica.com/biography/Mzilikazi,encyclopedia,,
ZWE:britannica-lobengula,ZWE,britannica-lobengula,Lobengula,Encyclopaedia Britannica,https://www.britannica.com/biography/Lobengula,encyclopedia,,
ZWE:wiki-pioneer,ZWE,wiki-pioneer,Pioneer Column,Wikipedia,https://en.wikipedia.org/wiki/Pioneer_Column,reference,,
ZWE:wiki-history-zim,ZWE,wiki-history-zim,History of Zimbabwe,Wikipedia,https://en.wikipedia.org/wiki/History_of_Zimbabwe,reference,,
ZWE:britannica-smith,ZWE,britannica-smith,Ian Smith,Encyclopaedia Britannica,https://www.britannica.com/biography/Ian-Smith,encyclopedia,,
ZWE:britannica-mugabe,ZWE,britannica-mugabe,Robert Mugabe,Encyclopaedia Britannica,https://www.britannica.com/biography/Robert-Mugabe,encyclopedia,,
ZWE:wiki-udi,ZWE,wiki-udi,Unilateral Declaration of Independence (Rhodesia),Wikipedia,https://en.wikipedia.org/wiki/Unilateral_Declaration_of_Independence_(Rhodesia),reference,,
ZWE:wiki-bushwar,ZWE,wiki-bushwar,Rhodesian Bush War (Second Chimurenga),Wikipedia,https://en.wikipedia.org/wiki/Rhodesian_Bush_War,reference,,
ZWE:wiki-lancaster,ZWE,wiki-lancaster,Lancaster House Agreement,Wikipedia,https://en.wikipedia.org/wiki/Lancaster_House_Agreement,reference,,
ZWE:wiki-gukurahundi,ZWE,wiki-gukurahundi,Gukurahundi,Wikipedia,https://en.wikipedia.org/wiki/Gukurahundi,reference,,
ZWE:wiki-hyperinflation,ZWE,wiki-hyperinflation,Hyperinflation in Zimbabwe,Wikipedia,https://en.wikipedia.org/wiki/Hyperinflation_in_Zimbabwe,reference,,
ZWE:wikipedia-kingdom-zimbabwe,ZWE,wikipedia-kingdom-zimbabwe,Kingdom of Zimbabwe,Wikipedia,https://en.wikipedia.org/wiki/Kingdom_of_Zimbabwe,reference,,
ZWE:statedept-zimbabwe,ZWE,statedept-zimbabwe,A Guide to the United States' History of Recognition: Zimbabwe,"U.S. Department of State, Office of the Historian",https://history.state.gov/countries/zimbabwe,gov,,
